char,total_strokes,radical,meaning,category,components,all_radicals
芙,7,140.4,hibiscus,Both,"('艹', '夫')","['人', '艸', '二']"
芶,7,140.4,surname,Both,"('艹', '勾')","['勹', '厶', '艸']"
葢,12,140.9,"cover, hide, protect",Both,"('艹', '盇')","['丶', '大', '艸', '皿']"
落,12,140.9,"fall, drop; net income, surplus",Both,"('艹', '洛')","['口', '水', '艸', '夂']"
蓏,13,140.10,fruit of plant; melon,Both,"('艹', '㼌')","['艸', '瓜']"
芝,6,140.4,sesame; a purplish or brown mushroom thought to have miraculous powers; 'a divine and felicitous plant' (Karlgren),Both,"('艹', '之')","['丶', '戈', '玉', '艸']"
蓝,13,140.10,blue; indigo plant; surname,Simplified,"('艹', '监')","['丿', '丶', '丨', '皿', '一', '艸']"
蒯,13,140.10,a rush,Both,"('萠', '刂')","['月', '刀', '艸']"
蘥,20,140.17,"oats; bromes, an annual herb that can be used as pasture and feed",Both,"('艹', '龠')","['龠', '艸']"
芧,7,140.4,chestnut oak,Both,"('艹', '予')","['艸', '亅', '乙']"
蕙,15,140.12,species of fragrant orchid,Both,"('艹', '惠')","['心', '丨', '十', '日', '艸']"
蕰,15,140.12,the hippuris or mare's tail plant,Simplified,"('艹', '温')","['日', '水', '皿', '艸']"
藥,18,140.15,"drugs, pharmaceuticals, medicine",Traditional,"('艹', '樂')","['幺', '艸', '白', '木']"
荀,9,140.6,surname; ancient state; plant,Both,"('艹', '旬')","['勹', '艸', '日']"
萇,11,140.8,"star fruit, Averrhoa carambola; surname",Traditional,"('艹', '長')","['艸', '長']"
菱,11,140.8,"water-chestnut, water caltrop",Both,"('艹', '夌')","['土', '八', '艸', '夂']"
葆,12,140.9,"reserve, preserve; conceal",Both,"('艹', '保')","['人', '木', '艸', '口']"
苈,7,140.4,Draba nemorosa,Simplified,"('艹', '历')","['艸', '厂', '力']"
萤,11,140.8,"glow-worm, luminous insect",Simplified,"('艹', '虫')","['冖', '虫', '艸']"
蓆,13,140.10,"straw mat, mat",Traditional,"('艹', '席')","['广', '廾', '艸', '巾']"
萵,11,140.9,lettuce,Traditional,"('艹', '咼')","['口', '艸', '冂']"
蓁,13,140.10,"abundant, luxuriant vegetation",Both,"('艹', '秦')","['二', '八', '丨', '禾', '一', '艸']"
苒,8,140.5,"lush; successively, in order",Both,"('艹', '冉')","['土', '艸', '冂']"
蕹,16,140.13,Ipomoea aquatica used as a vegetable,Both,"('艹', '雍')","['丿', '亠', '艸', '隹']"
苽,8,140.5,"bulrush, Zizania latifolia",Unknown,"('艹', '瓜')","['艸', '瓜']"
芤,7,140.4,hollow; scallion stalk,Both,"('艹', '孔')","['子', '艸', '乙']"
莿,11,140.8,thorn,Both,"('艹', '刺')","['刀', '木', '艸', '冂']"
蕢,15,140.12,edible amaranth; straw basket,Traditional,"('艹', '貴')","['丨', '貝', '一', '艸', '口']"
薈,16,140.13,"luxuriant, flourishing, abundant",Traditional,"('艹', '會')","['人', '八', '丨', '日', '一', '艸', '口']"
薆,16,140.13,to cover; to hide; to conceal,Traditional,"('艹', '愛')","['心', '夂', '爪', '冖', '艸']"
薩,16,140.14,"transliteration of 'sat' in 'bodhisattva,' etc.",Traditional,"('艹', '隡')","['生', '厂', '艸', '阝', '立']"
萐,11,140.8,lucky plant,Both,"('艹', '疌')","['十', '聿', '艸', '止']"
莫,10,140.7,"do not, is not, can not; negative",Both,"('艹', '旲')","['日', '大', '艸']"
茚,8,140.6,indene,Both,"('艹', '印')","['一', '艸', '卩']"
菥,11,140.8,pennycress,Both,"('艹', '析')","['斤', '木', '艸']"
茎,8,140.5,"stem, stalk",Simplified,"('艹', '圣')","['艸', '工']"
葱,12,140.9,"scallions, leeks, green onions",Both,"('艹', '怱')","['勹', '丶', '艸', '心']"
藴,18,140.15,collect,Both,"('艹', '緼')","['日', '糸', '皿', '艸']"
菸,11,140.8,to fade; withered or dried leaves; (same as 烟 煙) tobacco,Both,"('艹', '於')","['人', '丶', '艸', '方']"
薘,15,140.13,"Plantago major, broadleaf plantain",Traditional,"('艹', '達')","['羊', '土', '艸', '辵']"
葊,12,140.9,cottage,Unknown,"('艹', '弇')","['人', '廾', '一', '艸', '口']"
荦,9,140.6 93.5,brindled ox; brindled in color,Simplified,"('艹', '牛')","['冖', '牛', '艸']"
葄,12,140.9,mat,Both,"('艹', '胙')","['丿', '二', '丨', '月', '一', '艸']"
荘,9,140.6,"village, hamlet; villa; surname",Unknown,"('艹', '壮')","['爿', '艸', '士']"
葳,12,140.9,"luxuriant, flourishing; used for various plants",Both,"('艹', '威')","['女', '厂', '戈', '一', '艸']"
蓧,13,140.11,bamboo basket; weeder; rake,Both,"('艹', '條')","['人', '夂', '丨', '十', '小', '艸']"
蕾,16,140.13,"buds, unopened flowers",Both,"('艹', '雷')","['田', '艸', '雨']"
蔓,14,140.11,"creeping plants, tendrils, vines",Both,"('艹', '曼')","['日', '网', '又', '艸']"
莹,10,140.7 96.5,"luster of gems; bright, lustrous",Simplified,"('艹', '玉')","['冖', '玉', '艸']"
茼,9,140.6,Chrysanthemum coronarium,Both,"('艹', '同')","['一', '口', '艸', '冂']"
藺,19,140.16,rush used in making mats; surname,Traditional,"('艹', '閵')","['隹', '艸', '門']"
蒌,12,140.9,Artemisia stelleriana,Simplified,"('艹', '娄')","['女', '艸', '米']"
苗,8,140.5,sprouts; Miao nationality,Both,"('艹', '田')","['田', '艸']"
芲,7,140.4,flower,Both,"('艹', '仑')","['人', '匕', '艸']"
萜,11,140.8,terpene,Both,"('艹', '帖')","['卜', '艸', '口', '巾']"
薿,17,140.14,flower,Both,"('艹', '疑')","['疋', '匕', '艸', '矢']"
菊,11,140.8,chrysanthemum,Both,"('艹', '匊')","['勹', '艸', '米']"
菰,11,140.8,wild rice; Zizania latifolia,Both,"('艹', '孤')","['子', '艸', '瓜']"
荻,10,140.7,"reed, Miscanthus saccariflorus",Both,"('艹', '狄')","['火', '艸', '犬']"
蒓,13,140.10,Brasenia schreberi,Traditional,"('艹', '純')","['糸', '屮', '十', '艸', '乙']"
薔,16,140.13,rose,Traditional,"('艹', '嗇')","['土', '囗', '艸', '人']"
蓠,13,140.10,Gracilaria verrucosa,Simplified,"('艹', '离')","['丿', '凵', '禸', '亠', '艸']"
菼,11,140.8,rush or sedge,Both,"('艹', '炎')","['火', '艸']"
茳,9,140.6,"Cyperus malaccensis, short-leaved Malacca galingale",Both,"('艹', '江')","['水', '艸', '工']"
苫,8,140.5,rush or straw matting,Both,"('艹', '占')","['卜', '艸', '口']"
蕩,15,140.12,"pond, pool; wash away, cleanse",Traditional,"('艹', '湯')","['水', '勹', '日', '一', '艸']"
董,12,140.9,"direct, supervise; surname",Both,"('艹', '重')","['十', '里', '艸']"
菘,11,140.8,"celery, cabbage",Both,"('艹', '松')","['厶', '艸', '木', '八']"
蕨,15,140.12,"Pteris aquilina, common bracken",Both,"('艹', '厥')","['八', '屮', '厂', '一', '欠', '艸']"
薬,16,140.13,"drugs, pharmaceuticals, medicine",Unknown,"('艹', '楽')","['艸', '白', '木', '冫']"
蘯,20,140.17,to toss about; to swing; to rock,Both,"('艹', '盪')","['水', '勹', '皿', '日', '一', '艸']"
茬,9,140.6,harvest,Both,"('艹', '在')","['丿', '土', '人', '一', '艸']"
芑,6,140.3,white millet,Both,"('艹', '己')","['己', '艸']"
苇,7,140.4,reed,Simplified,"('艹', '韦')","['韦', '艸']"
苴,8,140.5,sackcloth; female hemp plant,Both,"('艹', '且')","['月', '一', '艸']"
蔭,13,140.11,"shade, shelter; protect",Traditional,"('艹', '陰')","['人', '丶', '二', '厶', '阝', '艸']"
菁,11,140.8,flower of leek family; turnip,Both,"('艹', '靑')","['青', '艸']"
苎,7,140.4,"china grass, ramie",Simplified,"('艹', '㝉')","['宀', '一', '艸']"
苡,7,140.5,barley,Both,"('艹', '以')","['人', '丶', '艸', '乙']"
芬,7,140.4,"fragrance, aroma; perfume",Both,"('艹', '分')","['刀', '八', '艸']"
葭,12,140.9,"bulrush, reed; flute, whistle",Both,"('艹', '叚')","['又', '二', '尸', '艸']"
藊,17,140.14,a kind of bean with flat pods,Both,"('艹', '稨')","['禾', '户', '艸', '冂']"
芭,7,140.4,plantain or banana palm; fragrant,Both,"('艹', '巴')","['丨', '艸', '乙']"
莓,10,140.7,moss; edible berries,Both,"('艹', '每')","['一', '丿', '毋', '艸']"
薴,17,140.14,"China grass, ramie (Boehmeria nivea); limonene",Traditional,"('艹', '寧')","['心', '皿', '宀', '一', '艸', '亅']"
蘡,20,140.17,a wild grape,Traditional,"('艹', '嬰')","['女', '貝', '艸']"
蕸,15,140.13,water lily's leaf,Both,"('艹', '遐')","['二', '又', '尸', '艸', '辵']"
蒻,13,140.10,rushes,Both,"('艹', '弱')","['弓', '艸', '冫']"
薰,17,140.14,a medicinal herb; to cauterize,Both,"('艹', '熏')","['土', '火', '八', '丨', '十', '艸', '口']"
薺,17,140.14,water-chestnuts; caltrop,Traditional,"('艹', '齊')","['齊', '艸']"
蘤,20,140.14,"flower, blossoms",Both,"('艹', '𤾡')","['丿', '火', '爪', '白', '艸']"
薪,16,140.13,"fuel, firewood; salary",Both,"('艹', '新')","['十', '立', '小', '斤', '艸']"
蕁,15,140.12,nettle,Traditional,"('艹', '尋')","['寸', '彐', '工', '艸', '口']"
艽,5,140.2,a root; a lair,Both,"('艹', '九')","['丿', '艸']"
荽,10,140.7,coriander,Both,"('艹', '妥')","['女', '艸', '爪']"
茣,10,140.7,"mat, matting",Both,"('艹', '吴')","['一', '大', '艸', '口']"
芩,7,140.4,Phragmites japonicus,Both,"('艹', '今')","['人', '丶', '艸']"
莴,10,140.7,lettuce,Simplified,"('艹', '呙')","['冂', '人', '艸', '口']"
蕭,16,140.12,common artemisia; sighing of wind; mournful; dejected,Traditional,"('艹', '肅')","['一', '聿', '艸']"
萝,11,140.8,type of creeping plant; turnip,Both,"('艹', '罗')","['网', '艸', '夕']"
荞,9,140.6,buckwheat,Simplified,"('艹', '乔')","['大', '艸']"
茢,9,140.6,sedges; rushes,Both,"('艹', '列')","['艸', '歹', '刀']"
茱,9,140.6,dogwood,Both,"('艹', '朱')","['一', '木', '艸']"
薦,16,140.13,"offer, present; recommend",Traditional,"('艹', '廌')","['广', '火', '艸', '襾']"
藙,18,140.15,dogwood,Both,"('艹', '毅')","['勹', '艸', '立', '殳']"
茯,9,140.6,China root; Wolfiporia extensa,Both,"('艹', '伏')","['人', '艸', '犬']"
蕪,15,140.12,luxurious growth of weeds,Traditional,"('艹', '無')","['火', '艸']"
芨,6,140.4,Chinese ground orchid,Both,"('艹', '及')","['丿', '艸']"
葽,12,140.9,"type of grain, Polygala japonica",Unknown,"('艹', '要')","['女', '襾', '艸']"
茉,8,140.5,white jasmine,Both,"('艹', '末')","['一', '木', '艸']"
藐,17,140.14,"disregard, slight, disdain",Both,"('艹', '貌')","['艸', '白', '豸', '儿']"
荭,9,140.6,herb,Simplified,"('艹', '红')","['艸', '纟', '工']"
莢,10,140.7,pods of leguminous plants; pods,Traditional,"('艹', '夾')","['人', '大', '艸']"
芋,6,140.3,taro,Both,"('艹', '于')","['干', '艸', '亅']"
蕚,15,140.12,the calyx of a flower; younger brother,Both,"('艹品', '亏')","['二', '艸', '口']"
蓪,13,140.11,paper-plant; Aralia papyrifera,Both,"('艹', '通')","['艸', '用', '辵']"
蕖,14,140.12,"lotus, water-lily",Both,"('艹', '渠')","['匚', '水', '木', '艸']"
蔿,15,140.12,surname; place name,Traditional,"('艹', '爲')","['丿', '火', '艸', '爪']"
苳,8,140.5,Petasites japonicus,Both,"('艹', '冬')","['丶', '艸', '夂']"
蘗,20,140.17,"stump, sprout",Both,"('艹', '檗')","['木', '尸', '辛', '艸', '口']"
蕲,15,140.12,variety of Artemisia,Simplified,"('艹', '单斤')","['二', '八', '丨', '十', '斤', '艸', '冂']"
蒭,13,140.10,to cut grass; hay; fodder,Traditional,"('艹', '芻')","['勹', '艸']"
蕓,15,140.12,"rue, a herb used keep insects away",Traditional,"('艹', '雲')","['二', '艸', '厶', '雨']"
薏,16,140.13,seed of Job's tears; lotus seed,Both,"('艹', '意')","['心', '艸', '音']"
苜,8,140.5,clover,Both,"('艹', '目')","['目', '艸']"
蒦,13,140.10,to measure; to calculate,Both,"('艹', '隻')","['隹', '又', '艸']"
蒲,13,140.10,type of rush; vine,Both,"('艹', '浦')","['丶', '水', '用', '十', '艸']"
莟,10,140.7,a bud,Both,"('艹', '含')","['人', '丶', '艸', '口']"
莼,10,140.7,an edible water plant-brasenia,Simplified,"('艹', '纯')","['纟', '屮', '十', '艸', '乙']"
蒼,13,140.10,blue; green,Traditional,"('艹', '倉')","['人', '丶', '丨', '彐', '艸', '口']"
蕉,15,140.12,banana; plantain,Both,"('艹', '焦')","['火', '隹', '艸']"
芗,6,140.3,fragrant smell of grain; aromatic,Simplified,"('艹', '乡')","['丿', '艸']"
菲,11,140.8,"fragrant, luxuriant; the Philippines",Both,"('艹', '非')","['艸', '非']"
苦,8,140.5,"bitter; hardship, suffering",Both,"('艹', '古')","['十', '艸', '口']"
花,7,140.4,flower; blossoms,Both,"('艹', '化')","['人', '匕', '艸']"
茲,9,140.6,"now, here; this; time, year",Traditional,"('艹', '𢆶')","['幺', '艸']"
芽,7,140.4,"bud, sprout, shoot",Both,"('艹', '牙')","['艸', '牙']"
蔟,14,140.11,frame on which silkworms spin,Both,"('艹', '族')","['丿', '方', '矢', '一', '艸']"
茭,9,140.6,"Zizania latifolia, Manchurian wild rice",Both,"('艹', '交')","['丿', '亠', '八', '艸']"
蓙,13,140.10,"a mat, matting",Unknown,"('艹', '座')","['土', '广', '艸', '人']"
藓,17,140.14,"moss, lichen",Simplified,"('艹', '鲜')","['鱼', '羊', '艸']"
荒,9,140.6,"wasteland, desert; uncultivated",Both,"('艹', '巟')","['丶', '丨', '匸', '儿', '艸']"
蘓,19,140.16,"thyme; revive, resurrect; soviet",Unknown,"('艹', '禾魚')","['禾', '艸', '魚']"
萧,11,140.8,common artemisia; dejected,Simplified,"('艹', '肃')","['聿', '艸', '小']"
蘂,19,140.16,stamen or pistil,Both,"('艹', '橤')","['心', '木', '艸']"
荄,9,140.6,roots of grasses,Both,"('艹', '亥')","['人', '亠', '丨', '艸']"
蔼,14,140.11,"lush; affable, friendly",Simplified,"('艹', '谒')","['人', '讠', '勹', '曰', '艸']"
蓇,12,140.10,follicles of plants,Both,"('艹', '骨')","['骨', '艸']"
蘭,20,140.17,"orchid; elegant, graceful",Traditional,"('艹', '闌')","['門', '八', '丨', '木', '艸', '口']"
薸,17,140.14,duckweed,Both,"('艹', '漂')","['襾', '水', '艸', '示']"
薫,16,140.13,a medicinal herb; to cauterize,Unknown,"('艹', '𤋱')","['十', '里', '火', '艸']"
蓼,14,140.11,"smartweed, polygonum",Both,"('艹', '翏')","['人', '羽', '艸', '彡']"
虀,22,140.19,minced pickles; leeks; mix; salt,Both,"('艹', '韲')","['八', '丨', '亠', '韭', '艸']"
蕊,15,140.12,"unopened flowers, flower buds",Both,"('艹', '惢')","['心', '艸']"
薛,16,140.13,kind of marsh grass; feudal state,Both,"('艹', '')","['丶', '艸', '己', '辛']"
艺,4,140.1,"art; talent, ability; craft",Simplified,"('艹', '乙')","['艸', '乙']"
芀,5,140.2,clover; pea,Unknown,"('艹', '刀')","['刀', '艸']"
蕕,15,140.12,Caryopteris divaricata,Traditional,"('艹', '猶')","['艸', '八', '酉', '犬']"
葫,12,140.9,bottle-gourd,Both,"('艹', '胡')","['月', '十', '艸', '口']"
获,10,140.7,"obtain, get, receive; seize",Simplified,"('艹', '犾')","['艸', '犬']"
若,8,140.5,"if, supposing, assuming; similar",Both,"('艹', '右')","['一', '丿', '艸', '口']"
藉,17,140.14,"mat, pad; rely on; pretext",Both,"('艹', '耤')","['一', '耒', '艸', '日']"
蔣,14,140.11,surname; Hydropyrum latifolium,Traditional,"('艹', '將')","['月', '艸', '爿', '寸']"
蔀,13,140.11,screen,Both,"('艹', '部')","['艸', '立', '口', '阝']"
茠,9,140.6,to weed; to eradicate,Both,"('艹', '休')","['人', '木', '艸']"
茺,9,140.6,motherwort,Both,"('艹', '充')","['厶', '亠', '艸', '儿']"
茔,8,140.5 32.5,"grave, tomb, cemetery",Simplified,"('艹', '土')","['冖', '土', '艸']"
荅,9,140.6,answer: small bean; thick,Both,"('艹', '合')","['一', '人', '艸', '口']"
蓚,12,140.10,oxalic (used in compounds),Both,"('艹', '修')","['人', '夂', '彡', '丨', '艸']"
芒,6,140.3,Miscanthus sinensis,Both,"('艹', '亡')","['丶', '匸', '艸']"
蓣,13,140.10,yam,Simplified,"('艹', '预')","['乙', '艸', '亅', '页']"
蓿,14,140.11,"clover, lucerne",Both,"('艹', '宿')","['人', '宀', '一', '白', '艸']"
蔬,15,140.11,"vegetables, greens",Both,"('艹', '疏')","['厶', '丨', '亠', '疋', '儿', '艸']"
蘇,19,140.16,"revive, resurrect; a species of thyme; transliteration of 'Soviet'",Traditional,"('艹', '穌')","['禾', '艸', '魚']"
藹,19,140.16,"lush; affable, friendly",Traditional,"('艹', '謁')","['人', '言', '勹', '曰', '艸']"
蓌,13,140.10,pretend; crouch,Unknown,"('艹', '夎')","['土', '艸', '夂', '人']"
萼,12,140.9,the stem and calyx of a flower; a younger brother,Both,"('艹', '咢')","['二', '艸', '口']"
菉,11,140.8,the green bamboo; greenish bamboo,Both,"('艹', '录')","['水', '艸', '彐']"
茈,9,140.5,comfrey; a plant yielding a purple dye,Both,"('艹', '此')","['止', '匕', '艸']"
蔘,14,140.11,ginseng; huge,Traditional,"('艹', '參')","['厶', '人', '艸', '彡']"
蔞,14,140.11,Artemisia stelleriana,Traditional,"('艹', '婁')","['女', '十', '艸', '口']"
萚,11,140.8,falling leaves and barks,Simplified,"('艹', '择')","['二', '又', '手', '丨', '艸']"
菅,11,140.8,"coarse grass, Themedia forskalii",Both,"('艹', '官')","['宀', '己', '艸']"
茓,8,140.5,coarse mat; store grain in production silo,Both,"('艹', '穴')","['穴', '艸']"
菇,11,140.8,mushrooms,Both,"('艹', '姑')","['女', '十', '艸', '口']"
莀,10,140.7,to farm; a farmer; agriculture,Both,"('艹', '辰')","['辰', '艸']"
蒿,13,140.10,"mugwort, artemisia; give off",Both,"('艹', '高')","['艸', '高']"
蒽,13,140.10,anthracene,Both,"('艹', '恩')","['心', '囗', '大', '艸']"
蓑,13,140.10,"rain coat made of straw, coir, etc.",Simplified,"('艹', '衰')","['一', '囗', '衣', '艸']"
薅,16,140.13,to weed; to eradicate,Both,"('艹', '媷')","['女', '艸', '辰', '寸']"
菡,11,140.8,"buds, lotus buds",Both,"('艹', '函')","['凵', '艸', '亅', '冫']"
莛,9,140.7,"stalks of grasses, etc.",Both,"('艹', '廷')","['廴', '艸', '士']"
蓋,13,140.10,"cover, hide, protect",Traditional,"('艹', '盍')","['土', '艸', '皿', '厶']"
蔽,14,140.12,"cover, hide, conceal; shelter",Both,"('艹', '敝')","['冫', '艸', '攴', '巾']"
茹,9,140.6,roots; vegetables; eat; bear,Both,"('艹', '如')","['女', '艸', '口']"
荛,9,140.6,"fuel, firewood; stubble; Wikstroemia japonica",Simplified,"('艹', '尧')","['一', '艸', '儿']"
莆,10,140.7,a kind of legendary tree,Both,"('艹', '甫')","['十', '丶', '艸', '用']"
茆,8,140.5,"species of grass, water mallows",Both,"('艹', '卯')","['艸', '卩']"
莲,10,140.7,"lotus, water lily; paradise",Simplified,"('艹', '连')","['车', '艸', '辵']"
藎,17,140.14,"Arthraxon hispidus, small carpetgrass; faithfulness",Traditional,"('艹', '盡')","['火', '聿', '皿', '艸']"
莜,10,140.7,Avena nuda; a bamboo basket,Both,"('艹', '攸')","['人', '丨', '艸', '攴']"
苲,8,140.5,"hornwort, Ceratophyllum",Both,"('艹', '乍')","['丿', '二', '丨', '一', '艸']"
荠,9,140.6,water-chestnuts; caltrop,Simplified,"('艹', '齐')","['齐', '艸']"
莞,10,140.7,"smiling; a kind of aquatic herb, clubrush, Scirpus lacustris",Both,"('艹', '完')","['宀', '二', '艸', '儿']"
茂,8,140.5,"thick, lush, dense; talented",Both,"('艹', '戊')","['艸', '戈', '厂']"
莕,10,140.7,"a water plant, Nymphoides peltalum",Both,"('艹', '杏')","['木', '艸', '口']"
薜,16,140.13,"evergreen shrubs, genus Ligusticum",Both,"('艹', '辟')","['艸', '尸', '辛', '口']"
莅,10,140.7,"attend, be present; arrive at",Both,"('艹', '位')","['人', '艸', '立']"
蓽,13,140.11,species of bean; Piper longum,Traditional,"('艹', '畢')","['二', '丨', '田', '一', '艸']"
苪,8,140.5,"bright; shining, splendid",Both,"('艹', '丙')","['一', '艸', '人', '冂']"
荖,9,140.6,betel pepper,Both,"('艹', '老')","['艸', '老']"
芏,6,140.3,(茳芏) Cyperus malaccensis,Both,"('艹', '土')","['土', '艸']"
萄,11,140.8,grapes,Both,"('艹', '匋')","['勹', '艸', '缶']"
艾,5,140.2,"artemisia, mugwort",Both,"('艹', '乂')","['丿', '艸']"
苟,8,140.5,"careless, frivolous; illicit; grammatical particle: if, but, if only; surname; grass name",Both,"('艹', '句')","['勹', '艸', '口']"
薹,17,140.14,"Cyperus rotundus, nut grass",Traditional,"('艹', '臺')","['士', '冖', '至', '艸', '口']"
萦,11,140.8 120.5,"entangle, entwine, coil",Simplified,"('艹', '糸')","['冖', '糸', '艸']"
莧,10,140.7,edible greens; amaranth,Traditional,"('艹', '見')","['艸', '見']"
芘,7,140.4,Malva sylvestris,Both,"('艹', '比')","['比', '艸']"
芦,7,140.4,"rushes, reeds",Both,"('艹', '户')","['户', '艸']"
蔡,14,140.11,surname; species of tortoise,Both,"('艹', '祭')","['月', '艸', '示', '卩']"
葠,12,140.9,ginseng,Unknown,"('艹', '侵')","['人', '又', '彐', '冖', '艸']"
莩,10,140.7,membrane lining inside of reed,Both,"('艹', '孚')","['子', '艸', '爪']"
薐,16,140.13,spinach,Both,"('艹', '稜')","['土', '八', '夂', '禾', '艸']"
芳,7,140.4,fragrant; virtuous; beautiful,Both,"('艹', '方')","['艸', '方']"
芍,6,140.3,peony; water chestnuts,Both,"('艹', '勺')","['勹', '丶', '艸']"
萅,11,140.8,spring; wanton,Unknown,"('芚', '日')","['屮', '十', '日', '艸', '乙']"
菶,11,140.8,species of water plant; flower,Both,"('艹', '奉')","['二', '八', '丨', '一', '艸']"
蕺,15,140.13,"Houttuynia cordata, fish mint",Both,"('艹', '戢')","['耳', '戈', '艸', '口']"
蓰,14,140.11,to increase five-fold,Unknown,"('艹', '徙')","['止', '彳', '艸']"
薤,16,140.13,"Allium bakeri; shallots, scallion",Both,"('艹', '')","['艸', '歹', '非']"
茅,8,140.5,"reeds, rushes, grass; surname",Both,"('艹', '矛')","['矛', '艸']"
莪,10,140.7,artemisia,Both,"('艹', '我')","['艸', '戈', '手']"
藾,19,140.16,shade,Traditional,"('艹', '賴')","['刀', '木', '貝', '艸', '口']"
蓺,14,140.11,"art; talent, ability; craft",Both,"('艹', '埶')","['丿', '土', '丶', '八', '艸']"
華,10,140.8,flowery; illustrious; Chinese,Traditional,"('艹', '𠦒')","['一', '丨', '艸', '二']"
苤,8,140.5,kohl rabi,Both,"('艹', '丕')","['丿', '一', '艸', '卜']"
荝,9,140.6,medicinal poison plant,Simplified,"('艹', '则')","['刀', '贝', '艸']"
葍,12,140.9,plant,Unknown,"('艹', '畐')","['一', '田', '艸', '口']"
鿓,12,140.9,caraway,Traditional,,[]
菫,11,140.8,"celery, aconite",Both,"('菫', None)","['丨', '一', '玉', '艸', '口']"
莶,10,140.7,vine,Simplified,"('艹', '佥')","['一', '人', '艸', '小']"
葡,12,140.9,grapes,Both,"('艹', '匍')","['丶', '用', '十', '勹', '艸']"
葹,12,140.9,"kind of chrysanthemum, xanthium",Both,"('艹', '施')","['丿', '丨', '方', '一', '艸', '乙']"
苊,7,140.4,acenaphthene,Both,"('艹', '厄')","['艸', '厂', '乙']"
芃,6,140.3,luxuriant growth,Both,"('艹', '凡')","['几', '艸', '丶']"
芫,7,140.4,Daphne genkwa,Both,"('艹', '元')","['二', '艸', '儿']"
芼,7,140.4,to choose; to select; greens,Both,"('艹', '毛')","['毛', '艸']"
莻,13,140.7,late,Unknown,"('艿', '叱')","['丿', '乙', '一', '艸', '口']"
苧,8,140.5,"China grass, ramie (Boehmeria nivea)",Both,"('艹', '宁')","['宀', '一', '艸', '亅']"
苺,8,140.5,berries,Both,"('艹', '母')","['毋', '艸']"
蔂,14,140.11,"basket, hod",Both,"('艹', '累')","['艸', '田', '糸']"
菖,11,140.8,"iris, sweet flag, calamus",Both,"('艹', '昌')","['日', '艸']"
葸,12,140.9,"afraid, bashful",Both,"('艹', '思')","['心', '田', '艸']"
蘄,19,140.16,variety of Artemisia,Traditional,"('艹', '')","['二', '丨', '十', '口', '斤', '艸', '冂']"
荫,9,140.7,"shade, shelter; protect",Simplified,"('艹', '阴')","['月', '艸', '阝']"
萋,11,140.8,luxuriant foliage; crowded,Both,"('艹', '妻')","['女', '十', '聿', '艸']"
芈,7,140.3,bleat of sheep; surname,Simplified,"('卝', '㐄')","['二', '丨', '卜']"
萍,11,140.8,"duckweed; wandering, traveling",Both,"('艹', '泙')","['干', '水', '八', '艸']"
蔕,14,140.11,peduncle or stem of plants,Unknown,"('艹', '帶')","['巾', '廾', '冖', '儿', '艸']"
蔯,13,140.11,a variety of artemisia,Traditional,"('艹', '陳')","['日', '艸', '木', '阝']"
葒,12,140.9,"Polygonum orientale, prince's feather",Traditional,"('艹', '紅')","['糸', '艸', '工']"
蘨,20,140.17,luxuriant vegetation,Both,"('艹', '繇')","['缶', '糸', '艸', '爪']"
苓,8,140.5,"fungus, tuber; licorice",Both,"('艹', '令')","['人', '丶', '艸']"
蓓,13,140.10,bud,Both,"('艹', '倍')","['人', '艸', '立', '口']"
薊,16,140.13,"genus Cirsium, thistles; surname",Traditional,"('艹', '魝')","['艸', '魚', '刀']"
苕,8,140.5,rush plant,Both,"('艹', '召')","['刀', '艸', '口']"
葩,12,140.9,flowers,Both,"('艹', '皅')","['丨', '白', '艸', '乙']"
萨,11,140.8,Buddhist gods or immortals,Simplified,"('艹', '阝产')","['立', '艸', '阝', '厂']"
葚,12,140.9,mulberry fruit,Both,"('艹', '甚')","['匚', '甘', '艸', '儿']"
藏,17,140.14,"hide, conceal; hoard, store up",Both,"('艹', '臧')","['厂', '臣', '戈', '爿', '艸']"
茵,9,140.6,"a cushion, mattress; wormwood; Skimmia japon",Both,"('艹', '因')","['囗', '大', '艸']"
蓀,13,140.10,"aromatic grass; iris, flower",Traditional,"('艹', '孫')","['子', '糸', '艸']"
荡,9,140.6,"pond, pool; wash away, cleanse",Simplified,"('艹', '汤')","['水', '艸']"
菢,11,140.8,to incubate; to brood; to hatch,Both,"('艹', '抱')","['勹', '己', '艸', '手']"
蒙,13,140.10,cover; ignorant; suffer; Mongolia; hexagram ䷃,Both,"('艹', '冡')","['冖', '二', '勹', '艸']"
萹,12,140.9,grass,Both,"('艹', '扁')","['户', '艸', '冂']"
葵,12,140.9,sunflower; measure,Both,"('艹', '癸')","['一', '大', '癶', '艸']"
茍,9,140.5,"to be circumspect, cautious in one's behaviour (distinguish DKW 30790 gou3)",Both,"('卝', '句')","['勹', '卜', '口']"
蔹,14,140.11,"wild vine, Vitis pentaphylla",Simplified,"('艹', '敛')","['人', '小', '一', '艸', '攴']"
蓂,13,140.10,lucky place,Both,"('艹', '冥')","['八', '冖', '亠', '日', '艸']"
萘,11,140.8,naphthalene,Both,"('艹', '奈')","['大', '艸', '示']"
萎,11,140.8,"wither, wilt",Both,"('艹', '委')","['禾', '艸', '女']"
茖,9,140.6,"Allium victorialis, Alpine leek",Both,"('艹', '各')","['口', '艸', '夂']"
藭,18,140.15,Ligusticum chuanxiong rhizome,Traditional,"('艹', '窮')","['身', '穴', '艸', '弓']"
荙,9,140.6,Plantago major,Simplified,"('艹', '达')","['大', '艸', '辵']"
蘅,19,140.16,"a fragrant plant with a medicinal root, a type of wild ginger",Both,"('艹', '衡')","['刀', '大', '田', '艸', '行']"
茛,9,140.6,ranunculus,Both,"('艹', '艮')","['艮', '艸']"
蕘,15,140.12,"fuel, firewood; stubble",Traditional,"('艹', '堯')","['土', '一', '艸', '儿']"
蓗,13,140.10,a plant; five-fold,Both,"('艹', '徒')","['彳', '艸', '走']"
蒎,12,140.9,pinene,Both,"('艹', '派')","['匚', '水', '艸', '⺁']"
蕣,15,140.12,hibiscus,Both,"('艹', '舜')","['冖', '舛', '艸', '爪']"
苞,8,140.5,"a variety of rush; firm, enduring; to burst forth",Both,"('艹', '包')","['勹', '己', '艸']"
萊,11,140.8,"goosefoot, weed; fallow field",Traditional,"('艹', '來')","['人', '木', '艸']"
蔚,14,140.11,"luxuriant, thick; ornamental",Both,"('艹', '尉')","['艸', '尸', '寸', '示']"
薾,17,140.14,luxuriant growth of flower,Unknown,"('艹', '爾')","['八', '巾', '丨', '爻', '一', '艸']"
萩,12,140.9,scandent hop; tree,Both,"('艹', '秋')","['禾', '火', '艸']"
葖,12,140.9,"radish, turnip",Both,"('艹', '突')","['穴', '艸', '犬']"
蘆,19,140.16,"rushes, reeds",Traditional,"('艹', '盧')","['虍', '田', '艸', '皿']"
营,11,140.8,"encampment, barracks; manage",Simplified,"('艹', '吕')","['冖', '艸', '口']"
芰,7,140.4,water caltrop,Both,"('艹', '支')","['支', '艸']"
芔,9,140.3,a general term for plants,Both,"('屮', None)","['屮', '艸']"
芚,7,140.4,green sprout; foolish,Both,"('艹', '屯')","['十', '艸', '屮', '乙']"
茧,9,140.6,"cocoon; callus, blister",Simplified,"('艹', '虫')","['虫', '艸']"
蔥,14,140.11,"scallions, onions, leeks",Traditional,"('艹', '悤')","['心', '丶', '夂', '囗', '艸']"
荼,10,140.7,"thistle, sowthistle; bitter",Both,"('艹', '余')","['干', '人', '艸', '小']"
萁,11,140.8,"beakstalk, stalks of pulse",Both,"('艹', '其')","['一', '甘', '八', '艸']"
莦,10,140.7,jungle grass; lair,Both,"('艹', '肖')","['月', '艸', '小']"
蒡,13,140.10,"burdock, herb",Both,"('艹', '旁')","['八', '冖', '亠', '方', '艸']"
菪,11,140.8,henbane,Both,"('艹', '宕')","['宀', '艸', '石']"
蔗,14,140.11,sugar cane,Both,"('艹', '庶')","['广', '火', '廾', '艸']"
蕋,15,140.12,"unopened flowers, flower buds",Both,"('艹', '歮')","['止', '艸']"
葶,12,140.9,Draba nemerosa,Both,"('艹', '亭')","['冖', '亠', '口', '一', '艸', '亅']"
蓉,13,140.10,"hibiscus; Chengdu, Sichuan",Both,"('艹', '容')","['宀', '艸', '谷']"
荃,9,140.6,aromatic herb; fine cloth,Both,"('艹', '全')","['人', '玉', '艸']"
薟,16,140.13,vine,Traditional,"('艹', '僉')","['一', '人', '艸']"
草,9,140.6,"grass, straw, thatch, herbs",Both,"('艹', '早')","['日', '十', '艸']"
薯,16,140.14,"yam, tuber, potato",Both,"('艹', '署')","['日', '网', '艸', '老']"
蒺,13,140.10,furze; gorse,Both,"('艹', '疾')","['艸', '疒', '矢']"
荨,9,140.6,nettle,Simplified,"('艹', '寻')","['艸', '寸', '彐']"
苋,7,140.4,amaranth,Simplified,"('艹', '见')","['见', '艸']"
蕂,15,140.12,sesame,Both,"('艹', '勝')","['二', '八', '丨', '月', '艸', '力']"
药,9,140.6,leaf of Dahurian angelica plant; medicine,Simplified,"('艹', '约')","['勹', '丶', '艸', '纟']"
蒂,12,140.9,peduncle or stem of plants,Both,"('艹', '帝')","['八', '巾', '冖', '亠', '艸']"
蓴,14,140.11,Brasenia schreberi,Traditional,"('艹', '專')","['丨', '寸', '十', '日', '艸']"
蒈,12,140.9,carane,Both,"('艹', '皆')","['比', '白', '艸']"
菓,11,140.8,"fruits, nuts, berries",Both,"('艹', '果')","['艸', '田', '木']"
芣,7,140.4,medicinal plant,Both,"('艹', '不')","['丿', '一', '艸', '卜']"
薨,16,140.13,death of prince; swarming,Both,"('苜*', '死')","['歹', '匕', '冖', '网', '艸']"
苐,8,140.5,"sequence, number; grade, degree",Both,"('艹', '𢎨')","['丨', '弓', '艸']"
茨,9,140.6,"thatching; caltrop, Tribulus terrestris",Both,"('艹', '次')","['欠', '艸', '冫']"
荤,9,140.6,meat diet; strong smelling,Simplified,"('艹', '车')","['冖', '车', '艸']"
蔛,14,140.11,a small orchid-like plant it bears white flowers a dendrobium,Both,"('艹', '斛')","['角', '艸', '斗']"
葷,12,140.9,meat diet; strong smelling,Traditional,"('艹', '車')","['冖', '車', '艸']"
蒴,13,140.10,seed (capsule),Both,"('艹', '朔')","['八', '屮', '月', '一', '艸']"
蓄,13,140.10,"store, save, hoard, gather",Both,"('艹', '畜')","['玄', '田', '艸']"
葑,12,140.9,the rape-turnip,Both,"('艹', '封')","['土', '艸', '寸']"
萆,11,140.8,the castor-oil plant,Both,"('艹', '卑')","['二', '丶', '丨', '十', '艸', '冂']"
薽,16,140.14,a bright blue orchid that grows in south China,Both,"('艹', '甄')","['瓦', '土', '艸', '襾']"
茷,9,140.6,flutter; flower,Both,"('艹', '伐')","['人', '戈', '艸']"
蒜,13,140.10,garlic,Both,"('艹', '祘')","['艸', '示']"
蕗,16,140.12,genus Leucaena; butterbur; Petasites japonicus,Both,"('艹', '路')","['口', '艸', '夂', '⻊']"
蘋,19,140.16,apple,Traditional,"('艹', '頻')","['丿', '止', '小', '頁', '艸']"
荑,9,140.6,sprouts; tares,Both,"('艹', '夷')","['大', '艸', '弓']"
莉,10,140.7,white jasmine,Both,"('艹', '利')","['禾', '刀', '艸']"
葉,12,140.9,"leaf, petal; page of book; period",Traditional,"('艹', '枼')","['廾', '木', '艸']"
芷,7,140.4,angelica,Both,"('艹', '止')","['止', '艸']"
蔦,14,140.11,the convolvulus; parasitic plants such as mistletoe; Ribes ambiguum,Traditional,"('艹', '鳥')","['鳥', '艸']"
韮,12,179.4 140.9,"scallion, leek",Both,"('艹', '韭')","['艸', '韭']"
芟,7,140.4,"mow, cut; weed out; scythe",Both,"('艹', '殳')","['艸', '殳']"
蔷,14,140.11,rose,Simplified,"('艹', '啬')","['土', '囗', '八', '艸']"
萬,12,114.8 140.9,ten thousand; innumerable,Traditional,"('艹', '禺')","['二', '禸', '丨', '艸', '冂']"
苘,8,140.5,Indian mallow,Unknown,"('艹', '冋')","['口', '艸', '冂']"
蔑,14,140.11,"disdain, disregard; slight",Both,"('艹', '𥅛')","['丶', '厂', '戈', '网', '艸']"
蕒,15,140.12,"used in plant names such as for Sonchus brachyotus, Ixeridium dentatum",Traditional,"('艹', '買')","['貝', '网', '艸']"
苑,8,140.5,"pasture, park, garden; mansion",Both,"('艹', '夗')","['艸', '乙', '夕']"
蔉,14,140.11,earth up,Traditional,"('艹', '袞')","['亠', '八', '艸', '口']"
葈,12,140.9,Xanthium strumarium,Unknown,"('艹', '枲')","['厶', '木', '艸', '口']"
蓥,13,140.10,polish,Simplified,"('艹', '金')","['冖', '金', '艸']"
蕻,16,140.13,budding,Both,"('艹', '7?共')","['長', '一', '八', '艸']"
薗,16,140.13,"garden; park, orchard",Unknown,"('艹', '園')","['土', '囗', '艸', '口']"
苙,8,140.5,a pig-sty; a kind of medicinal plant,Both,"('艹', '立')","['艸', '立']"
蔧,14,140.11,a type of grass,Both,"('艹', '彗')","['艸', '彐']"
萱,12,140.9,"day-lily, Hemerocallis flava",Both,"('艹', '宣')","['宀', '一', '艸', '日']"
苁,7,140.4,"Cistanche deserticola, desert-broomrape",Simplified,"('艹', '从')","['人', '艸']"
苠,8,140.5,grow and ripen slowly,Both,"('艹', '民')","['一', '己', '艸']"
菌,11,140.8,"mushroom; germ, microbe",Both,"('艹', '囷')","['禾', '囗', '艸']"
菀,11,140.8,luxuriance of growth,Both,"('艹', '宛')","['宀', '艸', '乙', '夕']"
蓊,13,140.10,luxuriant vegetation; lush,Both,"('艹', '翁')","['厶', '羽', '八', '艸']"
薉,16,140.13,"dirty, unclean; immoral, obscene",Traditional,"('艹', '歲')","['止', '丿', '厂', '戈', '小', '一', '艸']"
蒇,12,140.9,"finish, complete; solve; complete",Simplified,"('艹', '戊贝')","['艸', '戈', '贝', '厂']"
蘩,20,140.17,Artemisia stelleriana,Both,"('艹', '繁')","['丿', '糸', '毋', '一', '艸', '攴']"
茝,10,140.7,(archaic) an aromatic grass,Both,"('艹', '𦣞')","['匚', '艸', '口']"
茫,9,140.6,"vast, boundless, widespread",Both,"('艹', '汒')","['水', '丶', '匸', '艸']"
蒨,13,140.10,"lush vegetation, luxuriant growth",Both,"('艹', '倩')","['人', '青', '艸']"
荸,10,140.7,water chestnut,Both,"('艹', '孛')","['冖', '十', '艸', '子']"
蘞,20,140.17,"wild vine, Vitis pentaphylla",Traditional,"('艹', '斂')","['一', '人', '艸', '攴']"
葯,12,140.9,orris root; leaf of the iris; medicine,Traditional,"('艹', '約')","['勹', '丶', '糸', '艸']"
茏,8,140.5,tall grass; water-weeds,Simplified,"('艹', '龙')","['艸', '龙']"
茗,9,140.6,tea; tea plant,Both,"('艹', '名')","['艸', '口', '夕']"
蓟,13,140.10,"genus Cirsium, thistles; surname",Simplified,"('艹', '魝*')","['鱼', '刀', '艸']"
蕐,15,140.12,"splendor, glory; China",Both,"('艹', '')","['二', '人', '丨', '一', '艸']"
蒞,13,140.10,"reach, arrive; manage",Traditional,"('艹', '涖')","['人', '艸', '水', '立']"
菟,11,140.8,dodder; creeper,Both,"('艹', '兔')","['丶', '乙', '刀', '丨', '艸', '口']"
蕡,15,140.12,"luxurious, abundant; hemp seeds",Traditional,"('艹', '賁')","['十', '艸', '貝']"
荏,9,140.6,"beans; soft, pliable; herb",Both,"('艹', '任')","['人', '艸', '士']"
菔,11,140.8,turnip,Both,"('艹', '服')","['月', '又', '艸', '卩']"
荔,9,140.6,lichee,Both,"('艹', '劦')","['艸', '力']"
藇,16,140.14,fine,Traditional,"('艹', '與')","['八', '丨', '臼', '一', '艸']"
葦,12,140.9,reed,Traditional,"('艹', '韋')","['艸', '韋']"
蒐,12,140.10,"collect, gather, assemble; seek; spring hunt; assemble for war",Traditional,"('艹', '鬼')","['鬼', '艸']"
莰,10,140.7,"bornane, camphane",Both,"('艹', '坎')","['土', '欠', '艸']"
荚,9,140.6,pods of leguminous plants; pods,Simplified,"('艹', '夹')","['人', '八', '艸', '二']"
莖,10,140.7,"stem, stalk",Traditional,"('艹', '巠')","['一', '川', '艸', '工']"
茴,9,140.6,"fennel, aniseed",Both,"('艹', '回')","['囗', '艸']"
蘿,22,140.19,type of creeping plant; turnip,Traditional,"('艹', '羅')","['隹', '糸', '网', '艸']"
茇,8,140.5,"grass, thatch",Both,"('艹', '犮')","['丿', '丶', '又', '一', '艸']"
菑,11,140.8,to weed grass; land which has been under cultivation for one year,Both,"('艹', '甾')","['川', '田', '艸']"
蔆,14,140.11,"water-chestnut, water caltrop",Unknown,"('艹', '淩')","['土', '八', '水', '夂', '艸']"
茘,9,140.6,"a scallion, small onion",Unknown,"('艹', '刕')","['刀', '艸']"
萃,11,140.8,"dense, thick, close-set; to collect together; hexagram ䷬",Both,"('艹', '卒')","['十', '亠', '艸', '人']"
蘢,19,140.16,tall grass; water-weeds,Traditional,"('艹', '龍')","['龍', '艸']"
蓫,13,140.11,dock,Both,"('艹', '逐')","['豕', '艸', '辵']"
蒔,13,140.10,"transplant; plant; dill, Anethum graveolens",Traditional,"('艹', '時')","['日', '土', '艸', '寸']"
萏,11,140.8,lotus,Both,"('艹', '臽')","['臼', '刀', '艸']"
萲,12,140.9,"the day-lily, Hemerocallis flava",Both,"('艹', '爰')","['又', '爪', '干', '艸', '亅']"
藝,18,140.15,"art; talent, ability; craft",Traditional,"('蓺', '云')","['丿', '土', '丶', '八', '二', '厶', '艸']"
芮,7,140.4,"tiny, small; water's edge",Both,"('艹', '内')","['人', '艸', '冂']"
葙,12,140.9,feather cockscomb (Celosia argentea),Both,"('艹', '相')","['目', '木', '艸']"
薖,14,140.13,"empty, hungry-looking",Traditional,"('艹', '過')","['口', '艸', '冂', '辵']"
藤,18,140.15,"rattan, cane; creeper plant",Both,"('艹', '滕')","['二', '八', '水', '丨', '月', '艸']"
菐,12,140.8,a thicket,Both,"('业', '羌')","['羊', '一', '八']"
葓,12,140.9,"Polygonum orientale, prince's feather'",Both,"('艹', '洪')","['一', '水', '八', '艸']"
荮,9,140.6,"to wrap with grass, bundle",Simplified,"('艹', '纣')","['艸', '寸', '纟']"
蒖,13,140.10,plant name,Unknown,"('艹', '真')","['八', '十', '目', '一', '艸']"
蒹,13,140.10,"reed, Phragmites communis",Both,"('艹', '兼')","['一', '八', '艸', '彐']"
莝,10,140.7,to chop straw fine for animals,Both,"('艹', '坐')","['土', '艸', '人']"
蔌,14,140.11,vegetables,Both,"('艹', '欶')","['欠', '木', '艸', '口']"
薷,17,140.14,Elshotria paltrini,Both,"('艹', '需')","['而', '艸', '雨']"
苣,7,140.5,kind of lettuce,Both,"('艹', '巨')","['匚', '艸']"
鿒,9,140.6,caraway,Simplified,,[]
塟,12,32.10 140.9,to bury,Both,"('卄', '㘸')","['土', '艸', '匕', '歹']"
荬,9,140.6,a plant name,Simplified,"('艹', '买')","['丶', '大', '艸', '乙']"
莘,10,140.7,long; numerous; wild ginger,Both,"('艹', '辛')","['艸', '辛']"
葬,12,140.9,"bury, inter",Both,"('艹', '死廾')","['艸', '匕', '歹']"
苔,8,140.5,"moss, lichen",Simplified,"('艹', '台')","['厶', '艸', '口']"
虋,29,140.25,asparagus a variety of red-stalked millet,Both,"('艹', '釁')","['八', '刀', '酉', '冖', '冂', '臼', '一', '艸', '口']"
苶,8,140.5,weary; tired,Both,"('艹', '尒')","['人', '艸', '小']"
蓯,14,140.11,"Cistanche deserticola, desert broomrape",Traditional,"('艹', '從')","['人', '彳', '艸', '止']"
莒,9,140.7,a Zhou-dynasty vassal state in modern Shandong; (archaic) taro,Both,"('艹', '呂')","['艸', '口']"
蔴,14,140.11,hemp; sesame; applied to other plants furnishing textile fibres,Both,"('艹', '麻')","['艸', '麻']"
蓬,13,140.11,type of raspberry; fairyland,Both,"('艹', '逢')","['二', '夂', '丨', '一', '艸', '辵']"
苅,7,140.4,"cut off, reap, mow; sickle",Unknown,"('艹', '刈')","['丿', '刀', '艸']"
藪,18,140.15,"marsh, swamp; wild country; clump of trees or bushes",Traditional,"('艹', '數')","['女', '十', '口', '艸', '攴']"
藦,18,140.15,edible mushrooms,Both,"('艹', '摩')","['艸', '麻', '手']"
荊,9,140.6,thorns; brambles; my wife; cane,Traditional,"('艹', '刑')","['一', '刀', '廾', '艸']"
荇,9,140.6,"a water plant, Nymphoides peltalum",Both,"('艹', '行')","['艸', '行']"
蒱,13,140.10,gambling game with dice,Both,"('艹', '捕')","['丶', '手', '用', '十', '艸']"
菹,11,140.8,salted or pickled vegetables,Both,"('艹', '沮')","['月', '一', '水', '艸']"
蕑,15,140.12,"Valeriana villosa, climbing plant",Traditional,"('艹', '閒')","['月', '艸', '門']"
藄,17,140.14,edible fern,Both,"('艹', '綦')","['八', '糸', '一', '甘', '艸']"
菂,11,140.8,lotus seeds,Both,"('艹', '的')","['勹', '丶', '白', '艸']"
蘴,21,140.18,young shoots of the rapeturnip,Unknown,"('艹', '豐')","['山', '艸', '豆']"
荩,9,140.6,a kind of weed; faithfulness,Simplified,"('艹', '尽')","['丶', '尸', '艸']"
蕞,15,140.12,"little, small, tiny; petty",Both,"('艹', '最')","['又', '曰', '艸', '耳']"
荪,9,140.6,"aromatic grass; iris, flower",Simplified,"('艹', '孙')","['子', '艸', '小']"
莙,10,140.7,species of water plant,Both,"('艹', '君')","['丨', '艸', '口', '彐']"
蒸,13,86.10 140.10,steam; evaporate,Both,"('艹', '烝')","['火', '水', '一', '艸', '乙']"
葤,12,140.9,"to wrap with grass, bundle",Traditional,"('艹', '紂')","['艸', '糸', '寸']"
蕆,15,140.12,"finish, complete; solve; complete",Traditional,"('艹', '戊貝')","['貝', '艸', '戈', '厂']"
蕴,15,140.12,"to collect, gather, store; profound",Simplified,"('艹', '缊')","['日', '艸', '皿', '纟']"
蒟,13,140.10,betel pepper; Amorphophallus konjac,Both,"('艹', '竘')","['勹', '艸', '立', '口']"
菜,11,140.8,"vegetables; dish, order; food",Both,"('艹', '采')","['木', '艸', '爪']"
莊,10,140.7,"village, hamlet; villa; surname",Traditional,"('艹', '壯')","['爿', '艸', '士']"
菠,11,140.8,spinach and similar greens,Both,"('艹', '波')","['皮', '水', '艸']"
萴,12,140.9,medicinal poison plant,Traditional,"('艹', '則')","['貝', '刀', '艸']"
芊,6,140.3,exuberant and vigorous foliage,Both,"('艹', '千')","['十', '艸']"
苯,8,140.5,benzene; luxuriant,Both,"('艹', '本')","['一', '木', '艸']"
蕝,15,140.12,handful,Traditional,"('艹', '絕')","['色', '糸', '艸']"
蘺,21,140.19,Gracilaria verrucosa,Traditional,"('艹', '離')","['凵', '禸', '丿', '隹', '亠', '艸']"
苛,8,140.5,"small, petty; harsh, rigorous",Both,"('艹', '可')","['一', '口', '艸', '亅']"
苉,7,140.4,picene,Both,"('艹', '匹')","['匚', '艸', '儿']"
藶,19,140.16,Draba nemorosa,Traditional,"('艹', '歷')","['禾', '止', '艸', '厂']"
茀,8,140.5,"overgrown with grass, weedy",Both,"('艹', '弗')","['弓', '艸']"
薢,16,140.13,woody climbing plant,Unknown,"('艹', '解')","['牛', '角', '刀', '艸']"
苏,7,140.4,"revive, resurrect; a species of thyme; transliteration of 'Soviet'",Both,"('艹', '办')","['八', '艸', '力']"
菾,11,140.8,beet,Both,"('艹', '忝')","['一', '丨', '大', '艸']"
蔲,14,140.11,nutmeg,Both,"('艹', '宼')","['二', '儿', '宀', '艸', '攴']"
莨,10,140.7,"herb, Scopolia japonica",Both,"('艹', '良')","['艮', '丶', '艸']"
萸,11,140.9,dogwood,Both,"('艹', '臾')","['臼', '人', '艸']"
芿,7,140.5,grass which has been cut and regrown; wild grass,Both,"('艹', '仍')","['丿', '艸', '人']"
荳,10,140.7,"beans, peas; bean-shaped",Both,"('艹', '豆')","['豆', '艸']"
莱,10,140.7,"goosefoot, weed; fallow field",Simplified,"('艹', '来')","['一', '八', '木', '艸']"
芾,7,140.4,flower; small; little; lush,Both,"('艹', '巿')","['十', '艸', '巾']"
茕,8,140.5,alone; without friends or relatives,Simplified,"('艹', '卂')","['冖', '十', '艸', '乙']"
苌,7,140.4,"star fruit, Averrhoa carambola; surname",Simplified,"('艹', '长')","['长', '艸']"
莵,10,140.7,dodder; creeper,Unknown,"('艹', '兎')","['丿', '丶', '乙', '丨', '艸', '口']"
茌,8,140.5,name of a district in Shandong,Both,"('艹', '仕')","['人', '艸', '士']"
菏,11,140.8,river in Shandong province,Both,"('艹', '河')","['亅', '水', '一', '艸', '口']"
荣,9,140.6 75.5,"glory, honor; flourish, prosper",Both,"('艹', '木')","['冖', '木', '艸']"
芻,10,140.4,"mow, cut grass; hay, fodder",Traditional,"('勹屮', None)","['勹', '艸']"
蘊,19,140.16,"collect, gather, store; profound; (Budd.) skandha",Traditional,"('艹', '縕')","['人', '糸', '囗', '皿', '艸']"
苹,8,140.5,artemisia; duckweed; apple,Both,"('艹', '平')","['干', '八', '艸']"
萕,11,140.8,water-chestnuts; caltrop,Unknown,"('艹', '斉')","['文', '艸', '二']"
莚,9,140.7,"bamboo mat; feast, banquet",Both,"('艹', '延')","['止', '廴', '艸']"
藻,19,140.16,"splendid, magnificent; algae",Both,"('艹', '澡')","['水', '木', '艸', '口']"
茦,9,140.6,"thorns, prickles",Unknown,"('艹', '朿')","['木', '艸', '冂']"
蓷,14,140.11,"motherwort, various plants of the genus Leonurus, such as L. sibiricus and L. artemisia",Both,"('艹', '推')","['隹', '艸', '手']"
莺,10,140.7,"oriole, green finch; Sylvia species (various)",Simplified,"('艹', '鸟')","['冖', '鸟', '艸']"
薁,15,140.13,vine,Both,"('艹', '奧')","['宀', '艸', '大', '米']"
荧,9,140.6 86.5,"shine, shimmer; shining, dazzling",Simplified,"('艹', '火')","['冖', '火', '艸']"
蔵,14,140.11,"hide, conceal; hoard, store up",Both,"('茂', '臣')","['艸', '戈', '厂', '臣']"
葺,12,140.9,"thatch; fix, repair; pile up",Both,"('艹', '咠')","['耳', '艸', '口']"
藍,17,140.14,blue; indigo plant; surname,Traditional,"('艹', '監')","['丿', '丶', '臣', '皿', '一', '艸']"
苍,7,140.4,blue; green,Simplified,"('艹', '仓')","['人', '艸', '乙']"
薑,16,140.13,ginger,Traditional,"('艹', '畺')","['一', '田', '艸', '二']"
葛,12,140.9,edible bean; surname,Both,"('艹', '曷')","['勹', '人', '曰', '艸']"
节,5,140.2,"knot, node, joint; section",Simplified,"('艹', '卩')","['丨', '艸']"
藩,18,140.15,fence; boundary; outlying border,Both,"('艹', '潘')","['水', '田', '艸', '釆']"
茞,9,140.6,fragrant plant; angelica,Unknown,"('艹', '臣')","['艸', '臣']"
茁,8,140.5,"to sprout, flourish; sprouts appearing above-ground; vigorous",Both,"('艹', '出')","['山', '艸']"
艿,5,140.2,(芋艿) taro,Both,"('艹', '乃')","['丿', '艸']"
蘚,20,140.17,"moss, lichen",Traditional,"('艹', '鮮')","['羊', '艸', '魚']"
蕃,15,140.12,foreign things,Both,"('艹', '番')","['田', '艸', '釆']"
蔺,14,140.11,rush used for making mats; surname,Simplified,"('艹', '閵')","['土', '尸', '辛', '雨', '艸', '口']"
莎,10,140.7,"kind of sedge grass, used anciently for raincoats",Both,"('艹', '沙')","['丿', '水', '艸', '小']"
蘸,22,140.19,dip (a brush); remarry,Both,"('艹', '醮')","['火', '隹', '艸', '酉']"
蔔,14,140.11,radish; other root vegetables,Traditional,"('艹', '匐')","['田', '勹', '一', '艸', '口']"
蓐,13,140.10,straw bed mat; rushes,Both,"('艹', '辱')","['艸', '辰', '寸']"
蘀,19,140.16,falling leaves and barks,Traditional,"('艹', '擇')","['土', '八', '手', '干', '网', '艸']"
茸,9,140.6,"soft, downy; buds, sprouts",Both,"('艹', '耳')","['艸', '耳']"
芪,7,140.4,celery,Both,"('艹', '氏')","['氏', '艸']"
蒉,12,140.9,edible amaranth; straw basket,Simplified,"('艹', '贵')","['丨', '贝', '一', '艸', '口']"
薧,16,140.13,dried food,Both,"('艹', '')","['歹', '匕', '冖', '亠', '艸', '口']"
蓮,13,140.11,"lotus, water lily; paradise",Traditional,"('艹', '連')","['車', '艸', '辵']"
蘧,19,140.17,Dianthus superbus,Both,"('艹', '遽')","['虍', '豕', '艸', '辵']"
茜,9,140.6,"madder, Rubia cordifolia; reeds",Both,"('艹', '西')","['襾', '艸']"
苢,8,140.5,barley; Coix agrestis,Both,"('艹', '㠯')","['己', '艸']"
范,8,140.5,surname; bee-like insect,Both,"('艹', '氾')","['水', '艸', '乙']"
芹,7,140.4,celery,Both,"('艹', '斤')","['斤', '艸']"
藁,17,140.14,"straw, hay; dry, withered",Both,"('蒿', '木')","['艸', '木', '高']"
莳,10,140.7,"transplant; plant; dill, Anethum graveolens",Simplified,"('艹', '时')","['日', '艸', '寸']"
荥,9,140.6 85.5,a county in Henan; the rising and dashing of waves,Simplified,"('艹', '水')","['冖', '艸', '水']"
菩,11,140.8,"herb, aromatic plant",Both,"('艹', '咅')","['艸', '立', '口']"
蘽,22,140.19,a creeper,Both,"('艹', '櫐')","['木', '艸', '田']"
藜,18,140.15,"Chenopodium album, pigweed",Both,"('艹', '黎')","['人', '水', '勹', '禾', '艸']"
莽,10,140.7,"thicket, underbrush; poisonous",Both,"('艹', '大廾')","['艸', '犬']"
荍,9,140.6,buckwheat; herbal medicine,Both,"('艹', '收')","['丨', '艸', '攴']"
菆,11,140.8,jungle,Both,"('艹', '取')","['又', '艸', '耳']"
菝,11,140.8,Smilax (genus),Both,"('艹', '拔')","['丿', '丶', '又', '手', '一', '艸']"
芄,6,140.3,a sedgy plant,Both,"('艹', '丸')","['丿', '丶', '艸']"
苄,7,140.4,benzyl,Both,"('艹', '卞')","['亠', '艸', '卜']"
蘘,20,140.17,a kind of wild ginger,Both,"('艹', '襄')","['二', '衣', '一', '艸', '口']"
蓦,13,140.10,"suddenly, quickly, abruptly",Simplified,"('莫', '马')","['日', '马', '大', '艸']"
藟,18,140.15,"vine, creeper; to wind",Both,"('艹', '畾')","['田', '艸']"
蕎,15,140.12,buckwheat,Traditional,"('艹', '喬')","['冂', '大', '艸', '口']"
蔸,14,140.11,counter for plants,Both,"('艹', '兜')","['白', '艸', '儿']"
芎,6,140.3,a kind of herb,Both,"('艹', '弓')","['弓', '艸']"
蘖,20,140.17,"stump, sprout",Both,"('薛', '木')","['丶', '木', '辛', '己', '艸']"
薵,17,140.14,"(simplified form of 薵) name of a variety of grass, (same as 葤) use grass to wrap things, to cover; to put a cover over something",Traditional,"('艹', '壽')","['士', '乙', '寸', '工', '一', '艸', '口']"
英,8,140.5,"petal, flower, leaf; brave, a hero; England, English",Both,"('艹', '央')","['大', '艸', '冂']"
藠,18,140.15,"Allium chinense, Chinese onion",Both,"('艹', '皛')","['白', '艸']"
蕿,16,140.13,"day-lily, Hemerocallis flava",Both,"('艹', '煖')","['火', '又', '爪', '干', '艸', '亅']"
茄,8,140.5,eggplant,Both,"('艹', '加')","['口', '艸', '力']"
藨,18,140.15,"raspberry, gooseberry",Both,"('艹', '麃')","['鹿', '火', '艸']"
薓,16,140.13,ginseng,Both,"('艹', '𣹰')","['又', '水', '巾', '彐', '冖', '艸']"
蘼,22,140.19,millet,Both,"('艹', '靡')","['艸', '麻', '非']"
菴,11,140.8,small Buddhist monastery,Both,"('艹', '奄')","['丨', '大', '日', '艸', '乙']"
葜,12,140.9,various species of the genus Smilax,Both,"('艹', '契')","['二', '刀', '丨', '大', '一', '艸']"
芥,7,140.4,mustard plant; mustard; tiny,Both,"('艹', '介')","['人', '艸']"
苾,8,140.5,"smell, fragrance, aroma",Both,"('艹', '必')","['心', '丿', '艸']"
薮,16,140.13,"marsh, swamp; wild country",Simplified,"('艹', '数')","['女', '艸', '米', '攴']"
蔾,15,140.12,kind of bramble,Both,"('艹', '棃')","['禾', '勹', '木', '艸']"
菽,11,140.8,"beans and peas, collectively",Both,"('艹', '叔')","['又', '卜', '小', '一', '艸']"
茑,8,140.5,"Convolvulus, bindweed; parasitic plants such as mistletoe; Ribes ambiguum",Simplified,"('艹', '鸟')","['鸟', '艸']"
荁,9,140.6,celery,Both,"('艹', '亘')","['日', '一', '艸']"
虆,24,140.21,entwine; basket for carrying dirt,Traditional,"('艹', '纍')","['糸', '艸', '田']"
蕳,15,140.12,agueweed,Traditional,"('艹', '間')","['日', '艸', '門']"
芯,7,140.4,pith from rush (Juncus effusus),Both,"('艹', '心')","['心', '艸']"
蒗,13,140.10,(寧蒗) Ninglong Yi Autonomous County in Yunnan,Both,"('艹', '浪')","['艮', '丶', '水', '艸']"
薀,16,140.13,the hippuris or mare's tail plant,Traditional,"('艹', '溫')","['人', '水', '囗', '皿', '艸']"
茶,9,140.6,tea,Both,"('艹', '人木')","['人', '艸', '十', '小']"
薶,17,140.14,"to bury, to stop up; dirty, filthy",Both,"('艹', '貍')","['里', '艸', '豸']"
藿,19,140.16,"Agastache rugosa, Korean mint",Both,"('艹', '霍')","['隹', '艸', '雨']"
薄,16,140.13,"thin, slight, weak; poor, stingy",Both,"('艹', '溥')","['丶', '水', '寸', '用', '十', '艸']"
芡,7,140.4,plant allied to the waterlily,Both,"('艹', '欠')","['欠', '艸']"
蘐,19,140.16,"Hemerocallis lilioasphodelus, yellow daylily",Both,"('艹', '諼')","['又', '爪', '干', '言', '艸', '亅']"
芸,7,140.4,"rue, herb used to keep insects away; to cut grass or weeds; art, talent, ability, craft, technique, performance, acting, trick, stunt",Both,"('艹', '云')","['二', '艸', '厶']"
葎,12,140.9,Humulus japonicus,Both,"('艹', '律')","['聿', '彳', '艸']"
蘷,21,140.18,one-legged monster; walrus,Both,"('艹', '夒')","['止', '八', '卜', '夂', '一', '自', '己']"
藕,18,140.15,lotus root,Both,"('艹', '耦')","['二', '耒', '禸', '丨', '艸', '冂']"
蓨,13,140.11,Emilia sonchifolia; an ancient county name,Both,"('艹', '脩')","['人', '夂', '丨', '月', '艸']"
茩,9,140.6,(薢茩) a type of rhododendron,Both,"('艹', '后')","['一', '口', '艸', '⺁']"
荷,10,140.7,"lotus, water lily; Holland",Both,"('艹', '何')","['人', '亅', '一', '艸', '口']"
萠,11,140.8,"bud, sprout",Both,"('艹', '朋')","['月', '艸']"
藘,18,140.15,madder,Traditional,"('艹', '慮')","['虍', '艸', '田', '心']"
芜,7,140.4,luxurious growth of weeds,Simplified,"('艹', '无')","['艸', '无']"
蓖,13,140.10,"castor-oil plant, Ricinus communis",Both,"('艹', '𣬉')","['丿', '囗', '丶', '艸']"
薙,16,140.13,weed; shave,Both,"('艹', '雉')","['隹', '艸', '矢']"
蕷,16,140.13,yam,Traditional,"('艹', '預')","['頁', '艸', '亅', '乙']"
薌,14,140.13,fragrant smell of grain; aromatic,Traditional,"('艹', '鄉')","['丿', '丶', '丨', '彐', '阝', '艸', '乙']"
蔇,12,140.11,luxuriant growth; extreme; to reach,Both,"('艹', '既')","['丶', '无', '丨', '彐', '艸', '乙']"
蕤,15,140.12,"drooping leaves; fringe soft, delicate",Both,"('艹', '甤')","['艸', '豕', '生']"
藚,18,140.15,water plant,Traditional,"('艹', '賣')","['貝', '网', '艸', '士']"
藷,18,140.16,"yam, tuber, potato",Traditional,"('艹', '諸')","['日', '艸', '老', '言']"
萑,11,140.8,grass used for making mats,Both,"('艹', '隹')","['隹', '艸']"
莸,10,140.7,Caryopteris divaricata,Simplified,"('艹', '犹')","['丶', '艸', '尢', '犬']"
葁,12,140.9,ginger,Both,"('艹', '姜')","['羊', '艸', '女']"
蘑,19,140.16,type of edible mushroom,Both,"('艹', '磨')","['艸', '石', '麻']"
蓍,13,140.10,"milfoil, plant used in divination",Both,"('艹', '耆')","['日', '艸', '老']"
蔻,14,140.11,"肉豆蔻 nutmeg, 豆蔻 cardamon",Both,"('艹', '寇')","['二', '儿', '宀', '艸', '攴']"
莠,10,140.7,"weeds, tares; undesirable, evil",Both,"('艹', '秀')","['禾', '丿', '艸']"
苻,8,140.5,Angelica anomala,Both,"('艹', '付')","['人', '艸', '寸']"
荐,9,140.6,"repeat, reoccur; recommend",Both,"('艹', '存')","['丿', '子', '人', '一', '艸']"
荟,9,140.6,"luxuriant, flourishing, abundant",Simplified,"('艹', '会')","['人', '艸', '厶', '二']"
苷,8,140.5,licorice,Both,"('艹', '甘')","['甘', '艸']"
蔫,14,140.11,"withered, faded, decayed; calm",Both,"('艹', '焉')","['一', '火', '艸', '止']"
荆,9,140.6 18.8,thorns; brambles; my wife; cane,Both,"('茾', '刂')","['一', '刀', '廾', '艸']"
蕈,15,140.12,"mushrooms, fungus; mildew, mold",Both,"('艹', '覃')","['日', '十', '艸', '襾']"
薇,16,140.13,"Osmunda regalis, a species of fern",Both,"('艹', '微')","['彳', '山', '一', '几', '艸', '攴']"
荜,9,140.6,species of bean; Piper longum,Simplified,"('艹', '毕')","['比', '十', '艸']"
萌,11,140.8,"bud, sprout",Both,"('艹', '明')","['日', '月', '艸']"
荵,10,140.7,various species of the genus Polemonium,Both,"('艹', '忍')","['心', '刀', '艸', '丶']"
蒋,12,140.9,surname; Hydropyrum latifolium,Simplified,"('艹', '将')","['人', '手', '十', '亠', '小', '爿', '艸']"
菎,11,140.8,beautiful jade; bamboo,Both,"('艹', '昆')","['日', '艸', '比']"
泯,8,85.5,"destroy, eliminate; perish",Both,"('氵', '民')","['一', '己', '水']"
淘,11,85.8,wash in a sieve; weed out,Both,"('氵', '匋')","['勹', '水', '缶']"
涨,10,85.7,rise in price,Simplified,"('氵', '张')","['长', '弓', '水']"
潜,15,85.12,"hide; hidden, secret, latent",Simplified,"('氵', '替')","['日', '人', '水', '二']"
渟,12,85.9,(of water) not flowing; clear,Both,"('氵', '亭')","['水', '冖', '亠', '口', '一', '亅']"
濺,18,85.15,"sprinkle, spray; spill, splash",Traditional,"('氵', '賤')","['貝', '戈', '水']"
瀉,18,85.15,"drain off, leak; flow, pour down",Traditional,"('氵', '寫')","['火', '水', '勹', '宀', '臼']"
滅,13,85.10,"extinguish; wipe out, exterminate",Traditional,"('氵', '烕')","['火', '水', '厂', '戈', '一']"
滇,13,85.10,Yunnan province,Both,"('氵', '真')","['八', '水', '十', '目', '一']"
汋,6,85.3,to pour,Both,"('氵', '勺')","['勹', '丶', '水']"
溍,13,85.10,water,Both,"('氵', '晉')","['日', '一', '八', '水']"
沖,7,85.4,"pour, infuse, steep; wash away",Traditional,"('氵', '中')","['丨', '水', '口']"
浅,8,85.6,"shallow, not deep; superficial",Both,"('氵', '𢦑')","['一', '戈', '水']"
泼,8,85.5,"pour, splash, water, sprinkle",Simplified,"('氵', '发')","['又', '丶', '丨', '水']"
濡,17,85.14,"immerse, moisten; wet, damp",Both,"('氵', '需')","['而', '水', '雨']"
沍,7,85.4,"freezing; stopped up, closed off",Both,"('氵', '互')","['一', '水', '彐']"
湛,12,85.9,"deep; profound; clear; tranquil, placid",Both,"('氵', '甚')","['匚', '甘', '水', '儿']"
漦,15,85.11,saliva; spittle; flowing downstream,Both,"('𠩺', '水')","['水', '木', '厂', '一', '攴']"
沚,7,85.4,islet in stream; small sandbar,Both,"('氵', '止')","['止', '水']"
漂,14,85.11,"float, drift; tossed about",Both,"('氵', '票')","['襾', '水', '示']"
涟,10,85.7,flowing water; ripples; weeping,Simplified,"('氵', '连')","['车', '水', '辵']"
泃,8,85.5,river in Henan,Both,"('氵', '句')","['勹', '水', '口']"
漚,14,85.11,"soak, steep; sodden, soaked; rotten; foam, froth",Traditional,"('氵', '區')","['匚', '水', '口']"
泮,8,85.5,Zhou dynasty school; disperse; fall apart,Both,"('氵', '半')","['二', '丨', '八', '水']"
澤,16,85.13,"marsh, swamp; grace, brilliance; damp, moist; fertile",Traditional,"('氵', '睪')","['土', '八', '水', '干', '网']"
泒,8,85.5,a river in Hubei province,Both,"('氵', '瓜')","['水', '瓜']"
漏,14,85.11,"leak, drip; funnel; hour glass",Both,"('氵', '屚')","['尸', '水', '雨']"
澶,16,85.13,"still water, placid, tranquil",Both,"('氵', '亶')","['水', '囗', '亠', '日', '一']"
混,11,85.8,"to mix, blend, mingle; to bumble along",Both,"('氵', '昆')","['日', '水', '比']"
滤,13,85.10,"strain out, filter",Simplified,"('氵', '虑')","['虍', '水', '心']"
洗,9,85.6,"wash, rinse; clean, purify",Both,"('氵', '先')","['牛', '水', '儿']"
湲,12,85.9,flow,Both,"('氵', '爰')","['又', '水', '爪', '干', '亅']"
源,13,85.10,"spring; source, head; surname",Both,"('氵', '原')","['水', '白', '厂', '小']"
涬,11,85.8,watery expanse,Both,"('氵', '幸')","['干', '土', '八', '水']"
汧,7,85.4,name of a river in Shangdong; marsh; float,Both,"('氵', '开')","['一', '廾', '水']"
洟,9,85.6,"snivel, mucus from nose",Both,"('氵', '夷')","['大', '水', '弓']"
濮,17,85.14,county in Henan province,Both,"('氵', '僕')","['人', '八', '水', '羊', '一']"
渎,11,85.8,"ditch, sluice, gutter, drain",Simplified,"('氵', '卖')","['丶', '水', '大', '十', '乙']"
濤,17,85.14,large waves,Traditional,"('氵', '壽')","['水', '士', '乙', '寸', '工', '一', '口']"
淵,12,85.8,"gulf, abyss, deep",Traditional,"('氵', '𣶒')","['一', '水']"
澽,16,85.13,a river in Shaanxi,Both,"('氵', '豦')","['虍', '豕', '水']"
浕,9,85.6,river in Hubei province,Simplified,"('氵', '尽')","['丶', '尸', '水']"
涒,10,85.7,meander,Both,"('氵', '君')","['丨', '水', '口', '彐']"
瀾,20,85.17,"overflowing; waves, ripples",Traditional,"('氵', '闌')","['門', '八', '水', '丨', '木', '口']"
澈,15,85.12,"thoroughly, completely",Both,"('氵', '育攵')","['水', '厶', '亠', '月', '攴']"
氾,5,85.2,"overflow, flood, inundate",Traditional,"('氵', '㔾')","['水', '乙']"
渗,11,85.8,"soak through, infiltrate",Simplified,"('氵', '参')","['厶', '水', '大', '彡']"
派,9,85.6,"school of thought, sect, branch",Both,"('氵', '辰?')","['匚', '水', '⺁']"
沆,7,85.4,a ferry; fog; flowing,Both,"('氵', '亢')","['亠', '几', '水']"
汕,6,85.3,basket for catching fish; bamboo; Swatow (Shantou),Both,"('氵', '山')","['山', '水']"
汝,6,85.3,you,Both,"('氵', '女')","['女', '水']"
滎,14,85.10,county in Henan; rising and dashing of waves,Traditional,"('炏', '水')","['冖', '火', '水']"
洏,9,85.6,tears; tearful,Both,"('氵', '而')","['而', '水']"
湓,12,85.9,a river in Jiangxi province,Both,"('氵', '盆')","['刀', '八', '水', '皿']"
漰,14,85.11,roar,Both,"('氵', '崩')","['月', '山', '水']"
潑,15,85.12,"pour, splash, water, sprinkle; violent, malignant",Traditional,"('氵', '發')","['殳', '癶', '水', '弓']"
濂,16,85.13,a waterfall; a river in Hunan,Both,"('氵', '廉')","['八', '水', '广', '彐', '一']"
瀼,20,85.17,river in Henan province; flowing,Both,"('氵', '襄')","['二', '水', '衣', '一', '口']"
滙,13,85.10,waters converging to one spot; whirling waters; to remit money,Both,"('氵', '龨')","['匚', '隹', '水']"
潺,15,85.12,sound of flowing water,Both,"('氵', '孱')","['子', '尸', '水']"
泡,8,85.5,"bubbles, suds; blister; soak",Both,"('氵', '包')","['勹', '己', '水']"
溮,13,85.10,river in Henan province,Traditional,"('氵', '師')","['丶', '水', '巾', '一', '己']"
汗,6,85.3,"perspiration, sweat",Both,"('氵', '干')","['干', '水']"
濼,18,85.15,river in Shandong province,Traditional,"('氵', '樂')","['幺', '水', '白', '木']"
浣,10,85.7,"to wash, to rinse",Both,"('氵', '完')","['宀', '二', '水', '儿']"
洚,9,85.6,a flood,Both,"('氵', '夅')","['十', '丨', '水', '夂']"
浇,9,85.6,"spray, water, sprinkle",Simplified,"('氵', '尧')","['一', '水', '儿']"
氹,5,85.1 5.4,ditch; pool,Both,"('乙', '水')","['水', '乙']"
溺,13,85.10,drown; submerge in water; indulge,Both,"('氵', '弱')","['弓', '水', '冫']"
潾,15,85.12,clear water,Both,"('氵', '粦')","['舛', '水', '米']"
汇,5,85.2,"concourse; flow together, gather",Simplified,"('氵', '匚')","['匚', '水']"
浓,9,85.6,"thick, strong, concentrated",Simplified,"('氵', '农')","['水', '巾']"
潰,15,85.12,flooding river; militarily defeat,Traditional,"('氵', '貴')","['水', '丨', '貝', '一', '口']"
沰,8,85.5,to let drop,Both,"('氵', '石')","['水', '石']"
泝,8,85.5,go upstream; trace source; formerly,Both,"('氵', '斥')","['斤', '丶', '水']"
浐,9,85.6,a river in Shaanxi,Simplified,"('氵', '产')","['水', '立', '厂']"
灌,20,85.18,"pour; water; irrigate, flood",Both,"('氵', '雚')","['隹', '艸', '水', '口']"
沉,7,85.4,"sink, submerge; addicted to",Both,"('氵', '冗')","['冖', '几', '水']"
淊,11,85.8,to immerse (in water),Both,"('氵', '臽')","['臼', '刀', '水']"
汭,7,85.4,confluence of two streams; bend,Both,"('氵', '內')","['人', '水', '冂']"
潵,15,85.12,a place in Hebei,Both,"('氵', '散')","['水', '月', '一', '艸', '攴']"
淙,11,85.8,gurgling sound of water,Both,"('氵', '宗')","['宀', '水', '示']"
瀞,17,85.16,pool in a river,Both,"('氵', '静')","['水', '刀', '彐', '青', '亅']"
漁,14,85.11,to fish; seize; pursue; surname,Traditional,"('氵', '魚')","['水', '魚']"
淹,11,85.8,"drown; cover with liquid, steep",Both,"('氵', '奄')","['水', '丨', '大', '日', '乙']"
瀣,19,85.16,sea mist; vapor,Both,"('氵', '餐')","['歹', '又', '水', '韭']"
洼,9,85.6,hollow; pit; depression; swamp,Both,"('氵', '圭')","['土', '水']"
漈,14,85.11,shore; waterside,Both,"('氵', '祭')","['月', '水', '示', '卩']"
溽,13,85.10,"moist, humid, muggy",Both,"('氵', '辱')","['水', '辰', '寸']"
灢,25,85.22,"muddy; thick, muddy water",Both,"('氵', '囊')","['二', '水', '丨', '冖', '十', '一', '口']"
渨,12,85.9,"a cove, a bay; a bend or nook in the hills; the curve of a bow",Both,"('氵', '畏')","['一', '田', '水', '乙']"
灏,21,85.18,"vast, large, grand, expansive",Simplified,"('氵', '颢')","['水', '页', '亠', '小', '日', '口']"
涼,11,85.8,"cool, cold; disheartened",Traditional,"('氵', '京')","['小', '亠', '水', '口']"
江,6,85.3,large river; the Yangzi; surname,Both,"('氵', '工')","['水', '工']"
涷,11,85.8,rainstorm,Traditional,"('氵', '東')","['日', '木', '水']"
溶,13,85.10,"to melt, dissolve; overflowing with",Both,"('氵', '容')","['宀', '水', '谷']"
汽,7,85.4,"steam, vapor, gas",Both,"('氵', '气')","['气', '水']"
況,8,85.5,"condition, situation; furthermore",Traditional,"('氵', '兄')","['水', '口', '儿']"
湞,12,85.9,river in Guangdong province,Traditional,"('氵', '貞')","['貝', '卜', '水']"
渑,11,85.8,name of a river in Shandong,Simplified,"('氵', '黾')","['黾', '水']"
温,12,85.9,lukewarm,Both,"('氵', '昷')","['日', '皿', '水']"
油,8,85.5,"oil, fat, grease, lard; paints",Both,"('氵', '由')","['二', '丨', '水', '凵']"
沺,8,85.5,turbulent,Both,"('氵', '田')","['田', '水']"
汲,6,85.4,draw water from well; imbibe,Both,"('氵', '及')","['丿', '水']"
濯,17,85.14,"wash out, rinse; cleanse",Both,"('氵', '翟')","['羽', '水', '隹']"
溷,13,85.10,"privy, latrine; turbid, dirty",Both,"('氵', '圂')","['囗', '豕', '水']"
瀘,19,85.16,river in Jiangxi province,Traditional,"('氵', '盧')","['虍', '田', '水', '皿']"
沄,7,85.4,billows,Both,"('氵', '云')","['二', '水', '厶']"
漲,14,85.11,rise in price,Traditional,"('氵', '張')","['水', '弓', '長']"
淟,11,85.8,turbid; muddy,Both,"('氵', '典')","['二', '凵', '八', '水']"
淌,11,85.8,trickle; flow down; drip,Both,"('氵', '尚')","['小', '口', '水', '冂']"
瀑,18,85.15,"waterfall, cascade; heavy rain",Both,"('氵', '暴')","['八', '水', '日', '一', '艸']"
滯,14,85.11,"block up, obstruct; stagnant",Traditional,"('氵', '帶')","['水', '巾', '廾', '冖', '儿']"
沿,8,85.5,"follow a course, go along",Both,"('氵', '㕣')","['几', '水', '口']"
溼,13,85.10,"damp, moist; dampness, moisture",Both,"('氵', '𡌥')","['土', '一', '水', '幺']"
渍,11,85.8,"soak, steep; dye; stains; sodden",Simplified,"('氵', '责')","['一', '土', '贝', '水']"
浊,9,85.6,"muddy, turbid, dirty, filthy",Simplified,"('氵', '虫')","['虫', '水']"
濶,17,85.14,"broad, ample, wide; be apart",Both,"('氵', '䦚')","['水', '門', '舌']"
泰,10,85.5,"great, exalted, superior; big; hexagram ䷊",Both,"('𡗗', '氺')","['二', '八', '水', '丨', '一']"
濧,17,85.14,to soak or be soaked; to dip; to immerse,Traditional,"('氵', '對')","['八', '水', '羊', '寸', '一']"
濔,17,85.14,many,Traditional,"('氵', '爾')","['八', '水', '巾', '丨', '爻', '一']"
鿌,12,85.9,"cool, cold; disheartened",Both,,[]
漍,14,85.11,a river,Traditional,"('氵', '國')","['水', '囗', '戈', '一', '口']"
澣,16,85.13,"cleanse, wash",Both,"('氵', '幹')","['人', '水', '干', '十', '日']"
滄,13,85.10,"blue, dark green; cold",Traditional,"('氵', '倉')","['人', '丶', '水', '丨', '彐', '口']"
溎,13,85.10,river in Guangxi province,Both,"('氵', '桂')","['土', '木', '水']"
洛,9,85.6,river in Shanxi province; city,Both,"('氵', '各')","['口', '水', '夂']"
泜,8,85.5,a river in Hebei province,Both,"('氵', '氐')","['丶', '氏', '水']"
洴,9,85.6,sound,Both,"('氵', '并')","['一', '八', '廾', '水']"
渇,11,85.8,thirsty,Unknown,"('氵', '日匂')","['日', '勹', '匕', '水']"
浃,9,85.6,"saturate, drench; damp, wet",Simplified,"('氵', '夹')","['人', '八', '水', '二']"
涜,10,85.7,"ditch, sluice, gutter, drain",Unknown,"('氵', '売')","['冖', '儿', '水', '士']"
瀏,18,85.15,clear; bright; whistling,Traditional,"('氵', '劉')","['刀', '金', '水', '卩']"
溳,13,85.10,river in Hubei,Traditional,"('氵', '員')","['貝', '水', '口']"
滔,13,85.10,"overflow; rushing water, a torrent",Both,"('氵', '舀')","['臼', '水', '爪']"
瀺,20,85.17,sound,Both,"('氵', '毚')","['丶', '水', '乙', '刀', '丨', '比', '口']"
涣,10,85.7,scatter; scattered,Simplified,"('氵', '奂')","['刀', '大', '水', '冂']"
泓,8,85.5,"clear, deep pool of water",Both,"('氵', '弘')","['厶', '弓', '水']"
溉,12,85.9,"water, irrigate, flood; wash",Both,"('氵', '既')","['丶', '水', '无', '丨', '彐', '乙']"
滗,13,85.10,drain,Simplified,"('氵', '笔')","['竹', '毛', '水']"
潀,14,85.11,gather; flow into (water); sound of waters flowing together,Both,"('氵', '眾')","['人', '网', '水']"
湌,12,85.9,to eat,Both,"('氵', '食')","['食', '水']"
洫,9,85.6,to ditch; a moat,Both,"('氵', '血')","['血', '水']"
滘,13,85.10,a branching river (used in place names),Both,"('氵', '')","['网', '水', '口', '工']"
汛,6,85.3,"high water, flood tides",Both,"('氵', '卂')","['十', '水', '乙']"
瀰,20,85.17,overflow,Traditional,"('氵', '彌')","['八', '水', '巾', '丨', '弓', '爻', '一']"
汊,6,85.3,a branching stream,Both,"('氵', '叉')","['丶', '又', '水']"
潲,15,85.12,driving rain; to sprinkle,Both,"('氵', '稍')","['禾', '月', '水', '小']"
汐,6,85.3,"night tides, evening ebb tide",Both,"('氵', '夕')","['水', '夕']"
灋,21,85.18,law,Both,"('氵', '廌去')","['土', '火', '水', '广', '厶', '襾']"
海,10,85.7,"sea, ocean; maritime",Both,"('氵', '每')","['一', '丿', '毋', '水']"
涛,10,85.7,large waves,Both,"('氵', '寿')","['二', '水', '丨', '寸', '一']"
滩,13,85.10,"bank, a sandbar, shoal; rapids",Both,"('氵', '难')","['隹', '又', '水']"
洙,9,85.6,name of a river in Shandong,Both,"('氵', '朱')","['一', '木', '水']"
瀚,19,85.16,"vast, wide, extensive",Both,"('氵', '翰')","['人', '水', '羽', '十', '日']"
沪,7,85.4,Shanghai; river near Shanghai,Both,"('氵', '户')","['户', '水']"
渋,11,85.8,"astringent; harsh; uneven, rough",Traditional,"('氵', '')","['止', '水', '冫']"
汰,7,85.4,"excessive; scour, wash out",Both,"('氵', '太')","['丶', '大', '水']"
澱,16,85.13,"sediment, dregs, precipitate",Traditional,"('氵', '殿')","['八', '水', '尸', '一', '艸', '殳']"
淯,11,85.8,name of river; old name of Baihe in Henan,Both,"('氵', '育')","['月', '厶', '亠', '水']"
治,8,85.5,"govern, regulate, administer",Both,"('氵', '台')","['厶', '水', '口']"
滻,14,85.11,a river in Shaanxi,Traditional,"('氵', '產')","['生', '水', '立', '厂']"
渣,12,85.9,"refuse, dregs, lees, sediment",Both,"('氵', '查')","['日', '一', '木', '水']"
潏,15,85.12,"reclaimed land; dike, embankment",Both,"('氵', '矞')","['八', '水', '冂', '矛', '口']"
濠,17,85.14,"moat, trench, ditch",Both,"('氵', '豪')","['水', '豕', '冖', '亠', '口']"
潢,14,85.12,"expanse of water, lake, pond",Both,"('氵', '黄')","['二', '凵', '八', '水', '丨', '一', '艸']"
漶,14,85.11,indecipherable,Both,"('氵', '患')","['心', '水', '口', '丨']"
浯,10,85.7,name of a river in Shandong,Both,"('氵', '吾')","['一', '口', '水', '力']"
滾,14,85.11,"turn, roll, rotate; boil",Traditional,"('氵', '袞')","['亠', '八', '水', '口']"
漷,13,85.11,river in Hebei province,Both,"('氵', '郭')","['子', '水', '亠', '阝', '口']"
泽,8,85.5,"marsh, swamp; grace, brilliance",Simplified,"('氵', '𠬤')","['二', '丨', '又', '水']"
潠,15,85.12,to blow out; to puff out,Both,"('氵', '巽')","['一', '艸', '八', '水']"
溁,12,85.10,"a stream, eddy; to eddy",Simplified,"('氵', '荣')","['冖', '艸', '木', '水']"
滕,15,85.10,an ancient state in Shandong province; water bursting forth,Both,"('月', '𣳾')","['二', '八', '水', '丨', '月']"
漥,14,85.11,"puddle, hollow, swamp",Both,"('氵', '窒')","['土', '穴', '水']"
淡,11,85.8,"weak, watery; insipid, tasteless",Both,"('氵', '炎')","['火', '水']"
涊,10,85.7,dirt,Both,"('氵', '忍')","['心', '刀', '水', '丶']"
洮,9,85.6,cleanse; river in Gansu province,Both,"('氵', '兆')","['冫', '水', '儿']"
澨,16,85.13,shore; river in Hubei,Both,"('氵', '筮')","['竹', '人', '水', '工']"
泞,8,85.5,"mud; miry, muddy, stagnant",Simplified,"('氵', '宁')","['宀', '一', '水', '亅']"
滀,13,85.10,a body of water,Both,"('氵', '畜')","['玄', '田', '水']"
滴,14,85.11,drip; drop of water,Both,"('氵', '啇')","['子', '八', '水', '亠', '欠']"
灘,22,85.19,"bank, a sandbar, shoal; rapids",Traditional,"('氵', '難')","['二', '人', '水', '隹', '丨', '廾', '口']"
渓,11,85.8,"mountain stream, creek",Unknown,"('氵', '爫夫')","['人', '水', '二', '爪']"
淤,11,85.8,"mud, sediment; clog up, silt up",Both,"('氵', '於')","['人', '丶', '水', '方']"
洣,9,85.6,"Mi river in Hunan, tributary of Xiangjiang",Both,"('氵', '米')","['水', '米']"
淖,11,85.8,slush; mud,Both,"('氵', '卓')","['日', '十', '卜', '水']"
滥,13,85.10,"flood, overflow; excessive",Simplified,"('氵', '监')","['丿', '丶', '水', '丨', '皿', '一']"
渝,12,85.9,change; chongqing,Both,"('氵', '兪')","['人', '水', '刀', '月', '一']"
瀒,18,85.15,"coarse, rough; astringent",Both,"('氵', '𠾂')","['人', '水', '木', '囗', '一']"
瀕,19,85.16,"approach, be on verge of; near",Traditional,"('氵', '頻')","['丿', '止', '水', '小', '頁']"
汜,6,85.3,a stream which leaves the main branch then later returns,Both,"('氵', '巳')","['己', '水']"
澹,16,85.13,"calm, quiet, tranquil",Both,"('氵', '詹')","['八', '水', '刀', '厂', '言']"
湨,12,85.9,river in Henan,Both,"('氵', '狊')","['目', '水', '犬']"
澾,15,85.13,"slippery, smooth",Traditional,"('氵', '達')","['羊', '土', '水', '辵']"
潕,15,85.12,river in Hunan,Traditional,"('氵', '無')","['火', '水']"
灤,26,85.23,river and county in Hebei province,Traditional,"('氵', '欒')","['水', '糸', '木', '言']"
氷,5,85.1,"ice, frost, icicles; cold",Both,"('水', '丶')","['丶', '水']"
瀡,17,85.16,"slippery, smooth",Both,"('氵', '隨')","['丿', '水', '阝', '工', '月', '一', '辵']"
浜,10,85.7,"creek, stream; beach, sea coast",Both,"('氵', '兵')","['斤', '一', '八', '水']"
溏,13,85.10,"pool; not hardened, semi-soft",Both,"('氵', '唐')","['广', '聿', '水', '口']"
淄,11,85.8,river in Shandong province,Both,"('氵', '甾')","['川', '田', '水']"
湍,12,85.9,"rapid water current, rapids",Both,"('氵', '耑')","['而', '山', '水']"
淋,11,85.8,"drip, soak, drench; perfectly",Both,"('氵', '林')","['木', '水']"
泛,7,85.5,"to drift, float; careless, reckless",Both,"('氵', '乏')","['丶', '戈', '玉', '水']"
漢,14,85.11,"the Chinese people, Chinese language",Traditional,"('氵', '𦰩')","['二', '人', '水', '丨', '廾', '口']"
濕,17,85.14,"wet, moist, humid, damp; an illness",Traditional,"('氵', '㬎')","['日', '幺', '火', '水']"
浆,10,85.6,any thick fluid; starch; broth,Simplified,"('~收', '水')","['爿', '水', '夕']"
汉,5,85.2,Chinese people; Chinese language,Simplified,"('氵', '又')","['又', '水']"
沨,7,85.4,pleasant sound,Simplified,"('氵', '风')","['风', '水']"
洞,9,85.6,"cave, grotto; ravine; hole",Both,"('氵', '同')","['一', '口', '水', '冂']"
泌,8,85.5,"to seep out, excrete",Both,"('氵', '必')","['心', '丿', '水']"
湿,12,85.9,"wet, moist, humid, damp; illness",Simplified,"('氵', '显')","['日', '一', '八', '水']"
浸,10,85.7,"soak, immerse, dip, percolate",Both,"('氵', '𠬶')","['冖', '又', '水', '彐']"
渾,12,85.9,"muddy, turbid; blend, merge, mix",Traditional,"('氵', '軍')","['冖', '車', '水']"
潿,15,85.12,still water,Traditional,"('氵', '圍')","['囗', '水', '韋']"
泚,9,85.6,clear; bright and brilliant; sweat,Both,"('氵', '此')","['止', '匕', '水']"
沦,7,85.4,"be lost; sink, be submerged",Simplified,"('氵', '仑')","['人', '匕', '水']"
泆,8,85.5,"licentious, libertine, dissipated",Both,"('氵', '失')","['人', '水', '二']"
汶,7,85.4,a river in Shandong province,Both,"('氵', '文')","['文', '水']"
淒,11,85.8,"bitter cold, miserable, dreary",Both,"('氵', '妻')","['女', '十', '聿', '水']"
泸,8,85.5,river in Jiangxi province,Simplified,"('氵', '卢')","['卜', '尸', '水']"
澆,15,85.12,"spray, water, sprinkle",Traditional,"('氵', '堯')","['土', '一', '水', '儿']"
濫,17,85.14,"flood, overflow; excessive",Traditional,"('氵', '監')","['丿', '丶', '水', '臣', '皿', '一']"
瀦,18,85.16,pond; a pool,Traditional,"('氵', '豬')","['日', '豕', '水', '老']"
瀽,20,85.17,splash (water); pour (liquid),Both,"('氵', '蹇')","['二', '八', '足', '水', '宀', '一']"
沢,7,85.4,"marsh, swamp; grace, brilliance",Unknown,"('氵', '尺')","['尸', '水']"
泗,8,85.5,mucous; nasal flow; sniffle; river in Shandong,Both,"('氵', '四')","['囗', '水', '儿']"
澔,15,85.12,radiance of gems,Unknown,"('氵', '皓')","['牛', '白', '水', '口']"
泊,8,85.5,anchor vessel; lie at anchor,Both,"('氵', '白')","['白', '水']"
沼,8,85.5,"lake, fishpond, swamps",Both,"('氵', '召')","['刀', '水', '口']"
涓,10,85.7,"brook, stream; select; pure",Both,"('氵', '肙')","['月', '水', '口']"
渹,12,85.9,"roar, crash",Both,"('氵', '訇')","['勹', '水', '言']"
涤,10,85.7,"wash, cleanse, purify; sweep",Simplified,"('氵', '条')","['小', '十', '水', '夂']"
沘,7,85.4,name of a river,Both,"('氵', '比')","['比', '水']"
滆,13,85.10,a lake in Jiangxu,Both,"('氵', '鬲')","['水', '鬲']"
泐,7,85.5,to write; to indite; veins in minerals,Both,"('氵', '阞')","['水', '阝', '力']"
滠,13,85.10,river in Hubei province,Simplified,"('氵', '聂')","['又', '水', '耳']"
沥,7,85.4,"trickle, drip; strain; dregs",Simplified,"('氵', '历')","['水', '厂', '力']"
澰,16,85.13,overflowing,Traditional,"('氵', '僉')","['一', '人', '水']"
浩,10,85.7,"great, numerous, vast, abundant",Both,"('氵', '告')","['牛', '水', '口']"
湯,12,85.9,"hot water; soup, gravy, broth",Traditional,"('氵', '昜')","['日', '一', '勹', '水']"
渴,12,85.9,"thirsty, parched; yearn, pine",Both,"('氵', '曷')","['勹', '人', '曰', '水']"
準,13,85.10,"rule, guideline, standard",Traditional,"('淮', '十')","['十', '隹', '水']"
溠,12,85.10,river in Hubei province,Both,"('氵', '差')","['羊', '水', '工']"
濈,15,85.13,many,Both,"('氵', '戢')","['耳', '戈', '水', '口']"
済,11,85.8,"help, aid, relieve; ferry, cross",Unknown,"('氵', '斉')","['文', '水', '二']"
沅,7,85.4,name of a river in western Hunan that flows into Dongting lake,Both,"('氵', '元')","['二', '水', '儿']"
浄,9,85.6,"pure, clean, unspoiled",Unknown,"('氵', '争')","['刀', '水', '亅', '彐']"
清,11,85.8,"clear, pure, clean; peaceful",Traditional,"('氵', '青')","['青', '水']"
瀲,20,85.17,"waves, ripples; overflow",Traditional,"('氵', '斂')","['一', '人', '水', '攴']"
渥,12,85.9,"moisten, soak; great, deep; dye; to enrich",Both,"('氵', '屋')","['水', '尸', '至']"
涘,10,85.7,river bank; water's edge,Both,"('氵', '矣')","['厶', '水', '矢']"
滺,14,85.11,flow,Both,"('氵', '悠')","['心', '人', '水', '丨', '攴']"
潣,15,85.12,"to pollute, contaminate",Traditional,"('氵', '閔')","['文', '水', '門']"
洶,9,85.6,"the rush of water; turbulent; noisy, restless",Traditional,"('氵', '匈')","['勹', '凵', '水', '丿']"
溃,12,85.9,flooding river; militarily defeat,Simplified,"('氵', '贵')","['水', '丨', '贝', '一', '口']"
涿,11,85.8,"drip, dribble, trickle",Both,"('氵', '豖')","['勹', '一', '丶', '水']"
泉,9,85.5,"spring, fountain; wealth, money",Both,"('白', '水')","['白', '水']"
涔,10,85.7,river in Shaanxi; murky torrent,Both,"('氵', '岑')","['人', '丶', '山', '水']"
液,11,85.8,"sap, juice, liquid, fluid",Both,"('氵', '夜')","['人', '丶', '水', '夂', '亠']"
溟,13,85.10,"drizzling rain; dark, obscure",Both,"('氵', '冥')","['八', '水', '冖', '亠', '日']"
浬,10,85.7,nautical mile,Both,"('氵', '里')","['里', '水']"
澐,15,85.12,billows,Traditional,"('氵', '雲')","['二', '水', '厶', '雨']"
灥,27,85.23,a group of springs,Both,"('泉', None)","['白', '水']"
滚,13,85.11,turn,Both,"('氵', '衮')","['厶', '衣', '八', '水']"
沁,7,85.4,"soak into, seep in, percolate",Both,"('氵', '心')","['心', '水']"
潨,15,85.12,gather; flow into (water); sound of waters flowing together,Both,"('氵', '衆')","['丿', '丶', '网', '水']"
浑,9,85.6,"muddy, turbid; blend, merge, mix",Simplified,"('氵', '军')","['冖', '车', '水']"
淶,11,85.8,river in Hebei province; creek,Traditional,"('氵', '來')","['人', '木', '水']"
濇,16,85.13,"astringent; harsh, rough; uneven",Traditional,"('氵', '嗇')","['土', '囗', '水', '人']"
瀬,19,85.16,swift current; rapids,Unknown,"('涑', '頁')","['頁', '木', '水', '口']"
汆,6,85.2,to parboil; hot water kettle; to boil,Both,"('入', '水')","['入', '水']"
澜,15,85.12,"overflowing; waves, ripples",Simplified,"('氵', '阑')","['门', '八', '水', '丨', '木', '口']"
淬,11,85.8,"temper; dye; soak; change, alter",Both,"('氵', '卒')","['十', '亠', '水', '人']"
浏,9,85.6,clear; bright; whistling,Simplified,"('氵', '刘')","['文', '刀', '水']"
湋,12,85.9,river in Shanxi province,Traditional,"('氵', '韋')","['水', '韋']"
灎,26,85.23,"movement of water; overflowing, billowing; wavy",Unknown,"('澧', '盍')","['土', '二', '凵', '水', '厶', '豆', '皿']"
瀟,19,85.16,"sound of beating wind and rain; light, ethereal",Traditional,"('氵', '蕭')","['一', '艸', '聿', '水']"
滝,13,85.10,onomatopoeic for the sound of falling rain; an ancient name for Wu Shui; a place in Guangdong,Unknown,"('氵', '竜')","['水', '丨', '日', '立', '乙']"
浔,9,85.6,steep bank by stream; jiujiang,Simplified,"('氵', '寻')","['水', '寸', '彐']"
渚,11,85.8,"small sand bank, islet",Both,"('氵', '者')","['日', '水', '老']"
潟,15,85.12,land impregnated with salt from the tide,Traditional,"('氵', '舄')","['臼', '火', '勹', '水']"
浪,10,85.7,"wave; wasteful, reckless",Both,"('氵', '良')","['艮', '丶', '水']"
澴,16,85.13,river in Hubei province,Both,"('氵', '睘')","['一', '网', '水', '口']"
泵,9,112.4 85.5,pump (English loan word),Both,"('石', '水')","['水', '石']"
渔,11,85.8,to fish; seize; pursue; surname,Simplified,"('氵', '鱼')","['鱼', '水']"
濘,17,85.14,"mud; miry, muddy, stagnant",Traditional,"('氵', '寜')","['心', '水', '皿', '宀', '一', '亅']"
洩,9,85.6,"leak, drip; vent or release",Both,"('氵', '曳')","['曰', '水']"
潘,15,85.12,surname; water in which rice has been rinsed; a river that flows into the Han,Both,"('氵', '番')","['田', '水', '釆']"
灩,31,85.28,"overflowing, billowing; wavy",Traditional,"('氵', '豔')","['土', '水', '厶', '豆', '皿', '山']"
湱,12,85.9,sound of water,Both,"('氵', '砉')","['二', '水', '丨', '一', '石']"
浥,10,85.7,"moist, wet, dampen",Both,"('氵', '邑')","['水', '邑']"
泪,8,85.5,"tears; weep, cry",Both,"('氵', '目')","['目', '水']"
淴,11,85.8,"to wash, bathe",Both,"('氵', '忽')","['勹', '水', '心']"
溧,13,85.10,river in Anhui and Jiangsu provinces,Both,"('氵', '栗')","['襾', '木', '水']"
溘,13,85.10,"abruptly, suddenly, unexpectedly",Both,"('氵', '盍')","['土', '水', '皿', '厶']"
洸,9,85.6,"sparkle, glitter",Both,"('氵', '光')","['一', '水', '小', '儿']"
洭,9,85.6,river in Guangdong,Both,"('氵', '匡')","['匚', '玉', '水']"
沴,8,85.5,foul and poisonous in confusion; out of harmony,Both,"('氵', '㐱')","['人', '水', '彡']"
溝,13,85.10,"ditch, drain, narrow waterway",Traditional,"('氵', '冓')","['二', '土', '水', '一', '冂']"
漾,14,85.11,"overflow; swirl, ripple; to be tossed by waves",Both,"('氵', '羕')","['羊', '丶', '水']"
測,12,85.9,"measure, estimate, conjecture",Traditional,"('氵', '則')","['貝', '刀', '水']"
湖,12,85.9,"a lake; Hubei, Hunan; bluish-green",Both,"('氵', '胡')","['月', '十', '水', '口']"
濞,17,85.14,a county in Yunnan; the sound made by turbulent water,Both,"('氵', '鼻')","['水', '鼻']"
溜,13,85.10,"slide, glide, slip; slippery",Both,"('氵', '留')","['田', '水', '卩']"
湃,12,85.9,sound of waves; turbulent,Both,"('氵', '拜')","['二', '水', '手', '丨', '一']"
泣,8,85.5,"cry, sob, weep",Both,"('氵', '立')","['水', '立']"
澂,15,85.12,clear and still water,Unknown,"('氵', '')","['水', '山', '一', '玉', '攴']"
沸,8,85.5,"boil, bubble up, gush",Both,"('氵', '弗')","['弓', '水']"
浴,10,85.7,"bathe, wash; bath",Both,"('氵', '谷')","['水', '谷']"
浼,10,85.7,"to request; to ask a favour of; to pollute, contaminate",Both,"('氵', '免')","['水', '乙', '刀', '丨', '口']"
沌,7,85.4,"chaotic, confused; turbid, murky",Both,"('氵', '屯')","['十', '水', '屮', '乙']"
沫,8,85.5,"froth, foam, bubbles, suds",Both,"('氵', '末')","['一', '木', '水']"
淞,11,85.8,name of a river in Jiangsu,Both,"('氵', '松')","['厶', '水', '木', '八']"
濁,16,85.13,"muddy, turbid, dirty, filthy",Traditional,"('氵', '蜀')","['勹', '网', '虫', '水']"
流,10,85.6,"flow, circulate, drift; class",Both,"('氵', '㐬')","['水', '厶', '丨', '亠', '儿']"
沃,7,85.4,"water, irrigate; fertile, rich",Both,"('氵', '夭')","['大', '水']"
灝,24,85.21,"vast, large, grand, expansive",Traditional,"('氵', '顥')","['水', '頁', '亠', '小', '日', '口']"
漳,14,85.11,name of a river in Henan,Both,"('氵', '章')","['日', '十', '水', '立']"
潦,15,85.12,to flood; a puddle; without care,Both,"('氵', '尞')","['八', '水', '大', '小', '日']"
演,14,85.11,"perform, put on; exercise",Both,"('氵', '寅')","['二', '凵', '八', '水', '丨', '宀', '一']"
浹,10,85.7,"saturate, drench; damp, wet",Traditional,"('氵', '夾')","['人', '大', '水']"
渺,12,85.9,"endlessly long, boundless, vast",Both,"('氵', '眇')","['丿', '目', '水', '小']"
澁,15,85.12,"astringent; harsh; uneven, rough",Both,"('氵', '歮')","['止', '水']"
溈,12,85.9,name of a river in Hunan,Traditional,"('氵', '為')","['丿', '丶', '火', '水']"
测,9,85.6,"measure, estimate, conjecture",Simplified,"('氵', '则')","['刀', '贝', '水']"
瀧,19,85.16,raining; wet; soaked; a river in Guangdong,Traditional,"('氵', '龍')","['龍', '水']"
深,11,85.8,"deep; depth; far; very, extreme",Both,"('氵', '罙')","['网', '木', '水']"
澑,15,85.12,"slide, glide, slip; slippery",Unknown,"('氵', '畱')","['一', '田', '水']"
滈,13,85.10,downpour; river in Shaanxi,Both,"('氵', '高')","['水', '高']"
洤,9,85.6,a fountain or spring,Both,"('氵', '全')","['人', '玉', '水']"
水,4,85.0,"water, liquid, lotion, juice",Both,"('水', None)",['水']
汾,7,85.4,river in Shanxi province,Both,"('氵', '分')","['刀', '八', '水']"
滿,14,85.11,"fill; full, satisfied",Traditional,"('氵', '㒼')","['入', '廾', '水', '巾']"
溪,13,85.10,"mountain stream, creek",Both,"('氵', '奚')","['幺', '大', '水', '爪']"
漆,14,85.11,"varnish, lacquer, paint",Both,"('氵', '桼')","['人', '木', '水']"
沭,8,85.5,river in Shantung,Both,"('氵', '朮')","['丶', '木', '水']"
濾,18,85.15,"strain out, filter",Traditional,"('氵', '慮')","['虍', '水', '田', '心']"
澥,16,85.13,a blocked stream; gulf,Both,"('氵', '解')","['牛', '角', '刀', '水']"
泫,8,85.5,"weep; cry; shine, glisten",Both,"('氵', '玄')","['玄', '水']"
漬,14,85.11,"soak, steep; dye; stains; sodden",Traditional,"('氵', '責')","['土', '貝', '水', '一']"
潎,14,85.12,rippling; pour,Both,"('氵', '敝')","['冫', '水', '攴', '巾']"
沓,8,85.4,"connected, joined; repeated",Both,"('水', '日')","['日', '水']"
沂,7,85.4,river in southeast Shandong,Both,"('氵', '斤')","['斤', '水']"
波,8,85.5,"waves, breakers; undulations",Both,"('氵', '皮')","['皮', '水']"
濛,16,85.14,"drizzling, misty, raining",Traditional,"('氵', '蒙')","['二', '水', '冖', '勹', '艸']"
沛,7,85.4,"abundant, full, copious; sudden",Both,"('氵', '巿')","['十', '水', '巾']"
涅,10,85.7,"blacken; black mud, slime",Both,"('氵', '圼')","['日', '土', '水']"
湅,12,85.9,boil silk,Both,"('氵', '柬')","['八', '水', '丨', '木', '口']"
汫,7,85.4,"a pit, trap; the appearance of a small, meandering stream",Both,"('氵', '井')","['二', '水']"
淠,11,85.8,name of a river in Anhui,Both,"('氵', '畀')","['一', '田', '水']"
涪,11,85.8,river in Sichuan province,Both,"('氵', '咅')","['水', '立', '口']"
灃,21,85.18,river in Shanxi province,Traditional,"('氵', '豐')","['山', '水', '豆']"
沟,7,85.4,"ditch, drain, narrow waterway",Simplified,"('氵', '勾')","['勹', '厶', '水']"
淸,11,85.8,clear,Unknown,"('氵', '靑')","['青', '水']"
淇,11,85.8,river in Henan province,Both,"('氵', '其')","['一', '甘', '八', '水']"
漵,14,85.11,river in Húnán,Traditional,"('氵', '敘')","['人', '水', '干', '小', '攴']"
泻,8,85.5,"drain off, leak; flow, pour down",Simplified,"('氵', '写')","['冖', '一', '水']"
澉,14,85.12,to wash name of a place,Both,"('氵', '敢')","['攴', '水', '耳']"
潬,15,85.12,a rapid; a sand-bank; a foreshore,Traditional,"('氵', '單')","['二', '水', '丨', '十', '口', '冂']"
汀,5,85.2,"sandbar, beach, bank, shore",Both,"('氵', '丁')","['一', '水', '亅']"
澗,15,85.12,"brook, mountain stream",Traditional,"('氵', '間')","['日', '水', '門']"
濜,17,85.14,river in Hubei province,Traditional,"('氵', '盡')","['火', '聿', '皿', '水']"
淫,11,85.8,"obscene, licentious, lewd",Both,"('氵', '㸒')","['水', '爪', '士']"
氿,5,85.2,spring,Both,"('氵', '九')","['丿', '水']"
濚,17,85.14,"a stream, eddy; to eddy",Traditional,"('氵', '榮')","['冖', '火', '木', '水']"
湮,12,85.9,"bury, sink, block up; stain",Both,"('氵', '垔')","['土', '水', '襾']"
溲,12,85.10,"urinate; soak, drench",Both,"('氵', '叟')","['臼', '丨', '水', '又']"
濆,15,85.13,river bank; river in Henan province; gush,Traditional,"('氵', '賁')","['十', '艸', '水', '貝']"
涎,9,85.7,saliva,Both,"('氵', '延')","['止', '廴', '水']"
瀸,20,85.17,"moisten, soak",Both,"('氵', '韱')","['人', '戈', '水', '韭']"
淅,11,85.8,water used wash rice; to wash rice,Both,"('氵', '析')","['斤', '木', '水']"
瀠,19,85.16,tiny stream; swirl around; eddy,Traditional,"('氵', '縈')","['冖', '火', '糸', '水']"
洋,9,85.6,"ocean, sea; foreign; western",Both,"('氵', '羊')","['羊', '水']"
涴,11,85.8,daub,Both,"('氵', '宛')","['宀', '水', '乙', '夕']"
渢,12,85.9,pleasant sound,Traditional,"('氵', '風')","['水', '風']"
涵,11,85.8,"soak, wet; tolerate, be lenient",Both,"('氵', '函')","['凵', '水', '亅', '冫']"
滍,13,85.10,place in Henan,Both,"('氵', '蚩')","['一', '水', '虫', '屮']"
滸,14,85.11,"riverbank, shore",Traditional,"('氵', '許')","['干', '水', '言']"
滓,13,85.10,"sediment, lees, dregs",Both,"('氵', '宰')","['宀', '水', '辛']"
泔,8,85.5,"water from washing rice to boil thick, as gruel",Both,"('氵', '甘')","['甘', '水']"
满,13,85.10,"fill; full, satisfied",Simplified,"('氵', '艹两')","['人', '水', '一', '艸', '冂']"
沐,7,85.4,"bathe, cleanse, wash, shampoo",Both,"('氵', '木')","['木', '水']"
潯,15,85.12,steep bank by stream; jiujiang,Traditional,"('氵', '尋')","['水', '寸', '彐', '工', '口']"
漫,14,85.11,overflow of water; spreading,Both,"('氵', '曼')","['日', '网', '又', '水']"
淆,11,85.8,"confused, in disarray, mixed up",Both,"('氵', '肴')","['月', '丿', '水', '一']"
湏,12,85.9,"wash face; erroneously borrowed for DKW 43352 'necessary, must'",Both,"('氵', '頁')","['頁', '水']"
湫,12,85.9,a small pond; a damp and narrow place,Both,"('氵', '秋')","['禾', '火', '水']"
減,12,85.9,"decrease, subtract, diminish",Traditional,"('氵', '咸')","['水', '厂', '戈', '一', '口']"
涯,11,85.8,"shore, bank, water's edge",Both,"('氵', '厓')","['土', '水', '厂']"
浚,10,85.7,dredge,Both,"('氵', '夋')","['厶', '八', '水', '夂']"
溴,13,85.10,"bromine (element 35, Br)",Both,"('氵', '臭')","['自', '水', '犬']"
潛,15,85.12,"hide; hidden, secret, latent",Traditional,"('氵', '朁')","['日', '无', '水', '丿']"
汨,7,85.4,Mi(luo) river in Hunan province where Qu Yuan drowned himself; to sink; (used erroneously for 汩),Both,"('氵', '日')","['日', '水']"
消,10,85.7,"vanish, die out; melt away",Both,"('氵', '肖')","['月', '水', '小']"
没,7,85.4,"not, have not, none; drown, sink",Both,"('氵', '殳')","['水', '殳']"
湘,12,85.9,alternate name for Hunan,Both,"('氵', '相')","['目', '木', '水']"
潝,15,85.12,agree,Both,"('氵', '翕')","['人', '水', '羽', '一', '口']"
淮,11,85.8,river in Anhui province,Both,"('氵', '隹')","['隹', '水']"
滲,14,85.11,"soak through, infiltrate",Traditional,"('氵', '參')","['厶', '人', '水', '彡']"
沱,8,85.5,"rivers, streams, waterways; flow",Both,"('氵', '它')","['宀', '匕', '水']"
滬,14,85.11,Shanghai; river near Shanghai,Traditional,"('氵', '扈')","['户', '水', '邑']"
浮,10,85.7,"to float, drift, waft; to exceed; superfluous",Both,"('氵', '孚')","['子', '水', '爪']"
滷,14,85.11,"thick gravy, sauce, broth; brine",Traditional,"('氵', '鹵')","['鹵', '水']"
渲,12,85.9,add repeated washes of color,Both,"('氵', '宣')","['宀', '一', '水', '日']"
涑,10,85.7,river in Shansi province,Both,"('氵', '束')","['木', '水', '口']"
灒,22,85.19,"to spatter, to splash, to scatter",Traditional,"('氵', '贊')","['貝', '水', '牛', '儿']"
涙,10,85.8,tears; weep,Unknown,"('氵', '戻')","['户', '大', '水']"
漩,14,85.11,"eddy, whirlpool",Both,"('氵', '旋')","['丿', '水', '疋', '方', '一']"
澷,16,85.13,water overflowing diffused; spreading,Both,"('氵', '㬅')","['日', '网', '水', '方']"
灨,27,85.24,the River Gan in Jiangxi,Unknown,"('氵', '贛')","['水', '夂', '十', '貝', '工', '日', '立']"
渌,11,85.8,strain,Simplified,"('氵', '录')","['水', '彐']"
瀅,18,85.15,"clear, pure water; lucid; glossy",Traditional,"('氵', '瑩')","['冖', '火', '玉', '水']"
潆,14,85.11,tiny stream; swirl around,Simplified,"('氵', '萦')","['冖', '艸', '糸', '水']"
漸,14,85.11,gradually; hexagram ䷴,Traditional,"('氵', '斬')","['車', '斤', '水']"
淝,11,85.8,name of an affluent of the Poyang Lake,Both,"('氵', '肥')","['月', '丨', '水', '乙']"
湉,12,85.9,gentle flow; tranquil,Both,"('氵', '恬')","['心', '水', '舌']"
激,16,85.13,"arouse, excite, incite; quickly",Both,"('氵', '敫')","['攴', '白', '水', '方']"
沤,7,85.4,"soak, steep; sodden or soaked",Simplified,"('氵', '区')","['丿', '匚', '水']"
溢,13,85.10,"overflow, brim over; full",Both,"('氵', '益')","['一', '八', '水', '皿']"
漣,13,85.11,flowing water; ripples; weeping,Traditional,"('氵', '連')","['車', '水', '辵']"
澦,16,85.13,place in Sichuan,Traditional,"('氵', '預')","['頁', '水', '亅', '乙']"
潴,14,85.12,pond; a pool,Simplified,"('氵', '猪')","['日', '水', '老', '犬']"
漕,14,85.11,transport by water; canal transportation,Both,"('氵', '曹')","['二', '凵', '水', '日', '艸']"
涖,10,85.7,river in Hebei province; creek,Both,"('氵', '位')","['人', '水', '立']"
潼,15,85.12,"high, lofty; damp",Both,"('氵', '童')","['里', '水', '立']"
濬,17,85.14,"dredge, dig; profound, deep",Both,"('氵', '睿')","['人', '八', '水', '卜', '冖', '目', '一']"
涸,11,85.8,"dried up; exhausted, tired; dry",Both,"('氵', '固')","['囗', '水', '十', '口']"
汙,6,85.3,"filthy, dirty, impure, polluted",Both,"('氵', '于')","['干', '水', '亅']"
滞,12,85.9,"block up, obstruct; stagnant",Simplified,"('氵', '带')","['水', '巾', '冖', '川', '一']"
浒,9,85.6,"riverbank, shore",Simplified,"('氵', '许')","['干', '讠', '水']"
涩,10,85.7,"astringent; harsh; uneven, rough",Simplified,"('氵', '刃?止')","['止', '刀', '水', '丶']"
洿,9,85.6,"stagnant water; impure, filthy",Both,"('氵', '夸')","['二', '大', '水']"
潤,15,85.12,"soft, moist; sleek; freshen",Traditional,"('氵', '閏')","['玉', '水', '門']"
淢,11,85.8,ditch,Both,"('氵', '或')","['一', '戈', '水', '口']"
湾,12,85.9,"bay, cove, inlet, bend of stream",Both,"('氵', '弯')","['八', '水', '丨', '弓', '亠', '亅']"
洹,9,85.6,river in Henan province,Both,"('氵', '亘')","['日', '一', '水']"
汔,6,85.3,"close, almost",Both,"('氵', '乞')","['一', '丿', '水', '乙']"
潇,14,85.11,sound of beating wind and rain,Simplified,"('氵', '萧')","['艸', '聿', '水', '小']"
涠,10,85.7,still water,Simplified,"('氵', '围')","['囗', '韦', '水']"
游,12,85.9,"to swim; float, drift; wander, roam",Simplified,"('氵', '斿')","['丿', '子', '水', '方', '一']"
漎,14,85.11,a place where small streams flow into a large one,Traditional,"('氵', '從')","['人', '彳', '水', '止']"
沲,8,85.5,float,Both,"('氵', '㐌')","['丿', '水', '丨', '一', '乙']"
淑,11,85.8,"good, pure, virtuous, charming",Both,"('氵', '叔')","['又', '卜', '水', '小', '一']"
渦,11,85.9,"swirl, whirlpool, eddy",Traditional,"('氵', '咼')","['口', '水', '冂']"
湔,12,85.9,"wash, cleanse; purge",Both,"('氵', '前')","['八', '水', '刀', '月', '一']"
渠,11,85.9 75.8,"ditch, canal, channel, gutter",Both,"('洰', '木')","['匚', '木', '水']"
潔,15,85.12,"clean, purify, pure",Traditional,"('氵', '絜')","['二', '水', '刀', '丨', '糸', '一']"
涕,10,85.7,"tear; snivel, nasal mucus",Both,"('氵', '弟')","['八', '丨', '弓', '水']"
汩,7,85.4,run swiftly,Both,"('氵', '曰')","['曰', '水']"
淚,11,85.8,"tears; weep, cry",Traditional,"('氵', '戾')","['户', '水', '犬']"
沣,7,85.4,river in Shanxi province,Simplified,"('氵', '丰')","['一', '丨', '水', '二']"
浍,9,85.6,"irrigation ditch, trench; river",Simplified,"('氵', '会')","['人', '水', '厶', '二']"
涮,11,85.8,rinse; cook or boil in juice,Both,"('氵', '刷')","['刀', '尸', '水', '巾']"
洄,9,85.6,a back-water; an eddy a whirlpool,Both,"('氵', '回')","['囗', '水']"
漭,13,85.11,vast; expansive,Both,"('氵', '莽')","['艸', '水', '犬']"
漠,13,85.11,"desert; aloof, indifferent, cool",Both,"('氵', '莫')","['日', '艸', '大', '水']"
浡,10,85.7,burst forth; rise; vigorous,Both,"('氵', '孛')","['冖', '十', '水', '子']"
湑,12,85.9,to strain spirits; river in Guangxi; abundant; bright,Both,"('氵', '胥')","['月', '疋', '水']"
湝,12,85.9,flow,Both,"('氵', '皆')","['比', '白', '水']"
溅,12,85.9,"sprinkle, spray; spill, splash",Simplified,"('氵', '贱')","['一', '戈', '贝', '水']"
沔,7,85.4,flood; overflowing,Both,"('氵', '丏')","['一', '丨', '水']"
洎,9,85.6,until; till; soup; to soak,Both,"('氵', '自')","['自', '水']"
涉,10,85.7,"ford stream, wade across",Both,"('氵', '步')","['丿', '止', '水', '小']"
瀛,19,85.16,"sea, ocean",Both,"('氵', '嬴')","['女', '丶', '水', '匸', '月', '几', '口']"
潖,15,85.12,name of a place in Guangdong,Both,"('氵', '琶')","['王', '丨', '水', '乙']"
泄,8,85.5,leak; vent; flow; reveal,Both,"('氵', '世')","['廾', '水']"
潋,14,85.11,"waves, ripples; overflow",Simplified,"('氵', '敛')","['人', '水', '小', '一', '攴']"
滏,13,85.10,river in Hebei,Both,"('氵', '釜')","['父', '金', '水']"
濊,16,85.13,"vast, expansive, deep; dirty",Traditional,"('氵', '歲')","['止', '丿', '水', '厂', '戈', '小', '一']"
淩,11,85.8,"pass over, cross, traverse",Traditional,"('氵', '夌')","['土', '八', '水', '夂']"
湄,12,85.9,"water's edge, shore, bank",Both,"('氵', '眉')","['目', '丨', '水']"
泱,8,85.5,"great, expansive; agitated",Both,"('氵', '央')","['大', '水', '冂']"
涞,10,85.7,river in Hebei province; creek,Simplified,"('氵', '来')","['一', '八', '木', '水']"
灣,25,85.22,"a bay, cove, inlet, bend of stream",Traditional,"('氵', '彎')","['糸', '水', '弓', '言']"
湩,12,85.9,"muddy, turbid; milk",Both,"('氵', '重')","['十', '里', '水']"
淦,11,85.8,river in Jiangxi province; water leaking into a boat,Both,"('氵', '金')","['金', '水']"
灕,21,85.19,short name for Guangxi province,Traditional,"('氵', '離')","['凵', '禸', '丿', '水', '隹', '亠']"
渉,11,85.8,ford stream,Unknown,"('氵', '步')","['丿', '止', '水', '小']"
溆,12,85.9,river in Húnán,Simplified,"('氵', '叙')","['人', '又', '水', '干', '小']"
渰,12,85.9,(of cloud) forming or rising,Both,"('氵', '弇')","['人', '水', '廾', '一', '口']"
潍,14,85.11,county in Shandong province,Simplified,"('氵', '维')","['隹', '水', '纟']"
澡,16,85.13,"wash, bathe",Both,"('氵', '喿')","['木', '水', '口']"
洽,9,85.6,"to blend with, be in harmony; to penetrate; to cover; a river in Shenxi",Both,"('氵', '合')","['一', '人', '水', '口']"
滂,13,85.10,torrential; voluminous,Both,"('氵', '旁')","['八', '水', '冖', '亠', '方']"
潙,15,85.12,river in Shanxi,Traditional,"('氵', '爲')","['丿', '火', '水', '爪']"
浈,9,85.6,river in Guangdong province,Simplified,"('氵', '贞')","['卜', '贝', '水']"
沮,8,85.5,"stop, prevent; defeated, dejected",Both,"('氵', '且')","['月', '一', '水']"
溥,13,85.10,"big, great, vast, wide; widespread",Both,"('氵', '尃')","['丶', '水', '寸', '用', '十']"
滹,14,85.11,the bank of a steam,Both,"('氵', '虖')","['丿', '八', '水', '虍', '一']"
瀍,18,85.15,river in Henan province,Both,"('氵', '廛')","['土', '八', '水', '广', '里']"
涧,10,85.7,"brook, mountain stream",Simplified,"('氵', '间')","['门', '水', '日']"
瀋,18,85.15,"juice; liquid; water; leak, pour",Traditional,"('氵', '審')","['宀', '田', '水', '釆']"
泑,8,85.5,"the vitreous glaze on china, porcelain, etc.",Both,"('氵', '幼')","['幺', '水', '力']"
氼,6,85.2,to sink; to drown to be given over to,Both,"('水', '人')","['人', '水']"
渕,11,85.8,"surge up, bubble up, gush forth",Unknown,"('浂', '刂')","['八', '水', '刀', '大', '一']"
渧,12,85.9,"to drop, as liquids; a drop",Both,"('氵', '帝')","['八', '水', '巾', '冖', '亠']"
滽,14,85.11,strong or thick (liquid),Both,"('氵', '庸')","['广', '聿', '水', '用']"
澧,16,85.13,river in northern Hunan province,Both,"('氵', '豊')","['二', '凵', '豆', '水']"
洌,9,85.6,clear,Both,"('氵', '列')","['刀', '水', '歹']"
溇,12,85.9,river in Hubei province,Simplified,"('氵', '娄')","['女', '水', '米']"
潸,15,85.12,weep; tears flowing,Both,"('氵', '林月')","['月', '木', '水']"
溓,13,85.10,sticky; thin rice,Both,"('氵', '兼')","['一', '八', '水', '彐']"
澝,15,85.12,"mud; miry, muddy, stagnant",Unknown,"('氵', '甯')","['宀', '用', '水', '心']"
泳,8,85.5,dive; swim,Both,"('氵', '永')","['丶', '水']"
瀔,18,85.15,river name in Henan province,Both,"('氵', '穀')","['水', '士', '冖', '禾', '一', '殳']"
滨,13,85.10,"beach, sea coast; river bank",Both,"('氵', '宾')","['斤', '八', '水', '宀', '一']"
溻,13,85.10,wet,Both,"('氵', '𦐇')","['日', '羽', '水']"
淜,11,85.8,roar of dashing waves,Both,"('氵', '朋')","['月', '水']"
漉,14,85.11,"filter, strain; wet, dripping",Both,"('氵', '鹿')","['鹿', '水']"
凼,6,17.4 85.2,ditch; pool,Both,"('凵', '水')","['凵', '水']"
溵,13,85.10,name of a place in Tianjin,Both,"('氵', '殷')","['丶', '水', '丨', '彐', '殳']"
潈,14,85.11,confluence of a small river with a large one; the sound of flowing water,Both,"('氵', '')","['勹', '网', '水']"
沇,7,85.4,flowing and engulfing; brimming,Both,"('氵', '允')","['厶', '水', '儿']"
泾,8,85.5,name of a river,Simplified,"('氵', '𢀖')","['水', '工']"
潗,15,85.12,friendly; harmonious,Both,"('氵', '集')","['隹', '木', '水']"
泖,8,85.5,still waters; river in Jiangsu,Both,"('氵', '卯')","['水', '卩']"
灔,22,85.19,"waves, billows",Unknown,"('氵', '艶')","['二', '凵', '水', '色', '豆']"
満,12,85.9,"fullness, enough; pride",Unknown,"('氵', '卄両')","['水', '山', '一', '艸', '冂']"
洱,9,85.6,a lake in Yunnan,Both,"('氵', '耳')","['水', '耳']"
浉,9,85.6,river in Henan province,Simplified,"('氵', '师')","['一', '水', '巾']"
渡,12,85.9,"cross, ferry over; ferry",Both,"('氵', '度')","['广', '又', '廾', '水']"
滫,13,85.11,water in which rice has been boiled,Both,"('氵', '脩')","['人', '水', '夂', '丨', '月']"
注,8,85.5,"concentrate, focus, direct",Both,"('氵', '主')","['丶', '玉', '水']"
淳,11,85.8,"honest, simple, unsophisticated; cyanogen; ethane dinitrile",Both,"('氵', '享')","['子', '亠', '水', '口']"
渮,11,85.9,river in Shandong province,Unknown,"('氵', '苛')","['亅', '水', '一', '艸', '口']"
瀁,17,85.15,"waves, ripples, rapids; overflow",Traditional,"('氵', '飬')","['丶', '八', '水', '羊', '艮']"
漿,15,85.11,any thick fluid; starch; broth,Traditional,"('將', '水')","['月', '水', '爿', '寸']"
澇,15,85.12,"inundate, flood; torrent",Traditional,"('氵', '勞')","['冖', '火', '水', '力']"
濵,17,85.14,"a bank, a brink. a shore, a beach",Both,"('氵', '賔')","['宀', '貝', '丨', '水']"
洇,9,85.6,"to soak paper, blot",Both,"('氵', '因')","['囗', '大', '水']"
滪,13,85.10,place in Sichuan,Simplified,"('氵', '预')","['乙', '水', '亅', '页']"
澀,17,85.14,"astringent; harsh; uneven, rough",Traditional,"('氵', '歰')","['止', '刀', '水', '丶']"
渭,12,85.9,name of a river in Shanxi,Both,"('氵', '胃')","['月', '田', '水']"
滑,12,85.10,"slip, slide; slippery, polished",Both,"('氵', '骨')","['骨', '水']"
澳,15,85.13,"inlet, bay; dock, bank",Both,"('氵', '奧')","['宀', '水', '大', '米']"
浤,10,85.7,beating of ocean; surging of water,Both,"('氵', '宏')","['丿', '水', '厶', '宀', '一']"
浦,10,85.7,"bank of river, shore; surname",Both,"('氵', '甫')","['十', '丶', '水', '用']"
汎,6,85.3,"float, drift; afloat; careless",Both,"('氵', '凡')","['几', '水', '丶']"
渤,12,85.9,swelling; (渤海) the Bohai Sea,Both,"('氵', '勃')","['子', '水', '冖', '十', '力']"
渫,12,85.9,beating of ocean; surging of water,Both,"('氵', '枼')","['廾', '木', '水']"
潮,15,85.12,"tide; moist, wet, damp; flow",Both,"('氵', '朝')","['日', '十', '月', '水']"
汞,7,85.3,"mercury (element 80, Hg)",Both,"('工', '水')","['水', '工']"
滦,13,85.10,river and county in Hebei province,Both,"('氵', '栾')","['八', '水', '丨', '木', '亠', '亅']"
濳,19,85.16,"hide, conceal, secrete; hidden",Unknown,"('氵', '㬱')","['日', '水', '牛', '儿']"
湜,12,85.9,"transparent, clear",Both,"('氵', '是')","['日', '一', '水', '止']"
泺,8,85.5,river in Shandong province,Simplified,"('氵', '乐')","['水', '小']"
溫,13,85.10,"lukewarm, warm; tepid, mild",Traditional,"('氵', '𥁕')","['囗', '水', '皿', '人']"
渊,11,85.8,"surge up, bubble up, gush forth",Both,"('氵', '儿*米')","['人', '糸', '木', '水']"
淪,11,85.8,"be lost; sink, be submerged",Traditional,"('氵', '侖')","['人', '水', '一', '艸', '冂']"
湧,12,85.9,well up; gush forth; rise,Both,"('氵', '勇')","['水', '用', '力']"
瀨,19,85.16,swift current; rapids,Traditional,"('氵', '賴')","['水', '刀', '木', '貝', '口']"
汈,5,85.2,a lake in Húběi,Both,"('氵', '刁')",['水']
沷,8,85.5,to remove evil; to cleanse; to wash away,Both,"('氵', '犮')","['丿', '丶', '又', '水', '一']"
涢,10,85.7,river in Hubei,Simplified,"('氵', '员')","['贝', '水', '口']"
氶,5,85.1,name of a river in Shandong,Both,"('乛', '水')","['水', '乙']"
济,9,85.6,"help, aid, relieve; ferry, cross",Simplified,"('氵', '齐')","['齐', '水']"
澌,15,85.12,to exhaust; to drain dry,Both,"('氵', '斯')","['八', '水', '斤', '一', '甘']"
洵,9,85.6,"true, real, truly, really",Both,"('氵', '旬')","['勹', '水', '日']"
漼,14,85.11,having the appearance of depth,Both,"('氵', '崔')","['隹', '山', '水']"
洨,9,85.6,river in Hebei province,Both,"('氵', '交')","['丿', '亠', '八', '水']"
泅,8,85.5,"swim, float, wade",Both,"('氵', '囚')","['囗', '水', '人']"
溌,12,85.9,"pour, splash, water, sprinkle",Unknown,"('氵', '発')","['癶', '水', '廾', '一', '乙']"
潭,15,85.12,"deep pool, lake; deep, profound",Both,"('氵', '覃')","['日', '十', '水', '襾']"
泭,8,85.5,a raft,Unknown,"('氵', '付')","['人', '水', '寸']"
湎,12,85.9,"flushed with drink, drunk",Both,"('氵', '面')","['水', '面']"
法,8,85.5,"law, rule, regulation, statute; France, French",Both,"('氵', '去')","['土', '水', '厶']"
淼,12,85.8,a wide expanse of water,Unknown,"('水', None)",['水']
滋,12,85.9 85.10,"grow, multiply, increase; thrive",Both,"('氵', '兹')","['幺', '一', '八', '水']"
漑,14,85.11,water,Unknown,"('氵', '旣')","['无', '匕', '白', '水']"
灞,24,85.21,river in Shanxi province,Both,"('氵', '霸')","['月', '水', '革', '雨']"
池,6,85.3,"pool, pond; moat; cistern",Both,"('氵', '也')","['丨', '水', '乙']"
澍,15,85.12,"timely rain, life-giving rain",Both,"('氵', '尌')","['十', '水', '豆', '寸']"
洊,9,85.6,flowing water,Both,"('氵', '存')","['丿', '子', '人', '水', '一']"
潅,14,85.11,"pour; water; irrigate, flood",Unknown,"('汄', '隹')","['丿', '水', '隹', '十', '一']"
決,7,85.4,"decide, determine, judge",Traditional,"('氵', '夬')","['人', '丨', '水']"
洺,9,85.6,river in Hebei province,Both,"('氵', '名')","['水', '口', '夕']"
澠,16,85.13,name of a river in Shandong,Traditional,"('氵', '黽')","['黽', '水']"
沩,7,85.4,name of a river in Hunan,Simplified,"('氵', '为')","['丶', '水', '力']"
汤,6,85.3,"hot water; soup, gravy, broth",Simplified,"('氵', '𠃓')",['水']
漪,14,85.11,ripples on water; swirling,Both,"('氵', '猗')","['亅', '水', '大', '犬', '一', '口']"
涝,10,85.7,"inundate, flood; torrent",Simplified,"('氵', '劳')","['冖', '艸', '水', '力']"
瀇,17,85.15,extensive body of water; broad and deep of water; momentum of moving water deep and wide,Traditional,"('氵', '廣')","['二', '凵', '八', '水', '广', '丨', '一', '艸']"
滟,13,85.10,"overflowing, billowing; wavy",Simplified,"('氵', '艳')","['二', '水', '色', '丨', '一']"
沙,7,85.4,"sand, gravel, pebbles; granulated",Both,"('氵', '少')","['丿', '水', '小']"
泷,8,85.5,raining; wet; soaked; a river in Guangdong,Simplified,"('氵', '龙')","['水', '龙']"
滉,13,85.10,deep,Both,"('氵', '晃')","['水', '小', '儿', '日', '一']"
濃,16,85.13,"thick, strong, concentrated",Traditional,"('氵', '農')","['二', '凵', '辰', '水']"
浞,10,85.7,"to soak, to steep in water",Both,"('氵', '足')","['水', '足']"
濉,16,85.13,a river in Anui,Both,"('氵', '睢')","['目', '隹', '水']"
沾,8,85.5,"moisten, wet, soak; touch",Simplified,"('氵', '占')","['卜', '水', '口']"
洒,9,85.6,sprinkle; scatter; pour; to wipe away; to shiver,Both,"('氵', '西')","['襾', '水']"
灑,22,85.19,"sprinkle, splash; scatter, throw",Traditional,"('氵', '麗')","['一', '鹿', '水']"
渼,12,85.9,ripples,Both,"('氵', '美')","['羊', '大', '水']"
潚,16,85.12,gay; deep,Traditional,"('氵', '肅')","['一', '聿', '水']"
渖,11,85.8,"juice; liquid; water; to leak, pour",Simplified,"('氵', '审')","['宀', '丨', '水', '日']"
漙,14,85.11,dewy,Traditional,"('氵', '專')","['水', '丨', '寸', '十', '日']"
沧,7,85.4,"blue, dark green; cold",Simplified,"('氵', '仓')","['人', '水', '乙']"
沈,7,85.4,"sink, submerge; addicted to; surname",Both,"('氵', '冘')","['水', '乙', '巾']"
沏,7,85.4,infuse,Both,"('氵', '切')","['一', '刀', '水', '乙']"
涶,11,85.8,to spit; saliva,Both,"('氵', '垂')","['十', '艸', '水', '士']"
洲,9,85.6,continent; island; islet,Both,"('氵', '州')","['川', '水', '丶']"
溱,13,85.10,river in Henan,Both,"('氵', '秦')","['二', '八', '水', '丨', '禾', '一']"
淀,11,85.8,"shallow water, swamp; swampy",Both,"('氵', '定')","['宀', '一', '水', '止']"
洧,9,85.6,name of a river in Honan,Both,"('氵', '有')","['月', '丿', '水', '一']"
涌,10,85.7,"surge up, bubble up, gush forth",Both,"('氵', '甬')","['水', '用']"
涇,10,85.7,name of a river,Traditional,"('氵', '巠')","['一', '川', '水', '工']"
澮,16,85.13,"irrigation ditch, trench; river",Traditional,"('氵', '會')","['人', '八', '水', '丨', '日', '一', '口']"
瀌,18,85.15,plenty,Both,"('氵', '麃')","['鹿', '火', '水']"
漊,14,85.11,river in Hubei province,Traditional,"('氵', '婁')","['女', '十', '水', '口']"
滊,13,85.10,a river name; a long rain,Both,"('氵', '氣')","['气', '水', '米']"
沽,8,85.5,buy and sell; inferior in quality,Both,"('氵', '古')","['十', '水', '口']"
洳,9,85.6,"damp, boggy, marshy",Both,"('氵', '如')","['女', '水', '口']"
汹,7,85.4,"turbulent; noisy, restless",Both,"('氵', '凶')","['丿', '凵', '水']"
漤,14,85.11,marinate in salt,Both,"('氵', '婪')","['女', '木', '水']"
濙,17,85.14,"to revolve; to curl in eddies, as rushing water",Traditional,"('氵', '熒')","['冖', '火', '水']"
浛,10,85.7,"place in Yingde, Guangdong province",Both,"('氵', '含')","['人', '丶', '水', '口']"
活,9,85.6,"live, exist, survive; lively",Both,"('氵', '舌')","['水', '舌']"
畓,9,102.4 85.5,rice field,Both,"('水', '田')","['田', '水']"
濒,16,85.13,"approach, be on verge of; near",Simplified,"('氵', '频')","['丿', '止', '水', '页', '小']"
濟,17,85.14,"to help, aid, relieve; to ferry, cross",Traditional,"('氵', '齊')","['齊', '水']"
漱,14,85.11,"gargle, rinse; wash, scour",Both,"('氵', '欶')","['欠', '木', '水', '口']"
添,11,85.8,"append, add to; increase",Both,"('氵', '忝')","['一', '丨', '大', '水']"
滢,13,85.10,"clear, pure water; lucid; glossy",Simplified,"('氵', '莹')","['冖', '玉', '艸', '水']"
灉,21,85.18,a river in Shandong province; a sluice,Both,"('氵', '雝')","['隹', '水', '邑', '川']"
澄,15,85.12,"purify water by allowing sediment to settle; clear, pure",Both,"('氵', '登')","['癶', '水', '豆']"
洁,9,85.6,"clean, purify, pure",Simplified,"('氵', '吉')","['水', '口', '士']"
汚,6,85.3,"filthy, dirty, impure, polluted",Both,"('氵', '亐')","['二', '水']"
津,9,85.6,ferry; saliva; ford,Both,"('氵', '聿')","['聿', '水']"
濑,16,85.13,swift current; rapids,Simplified,"('氵', '赖')","['水', '刀', '贝', '木', '口']"
濄,14,85.13,"(simplified form of 濄) (same as 渦) name of a river, to whirl, an eddy",Traditional,"('氵', '過')","['口', '水', '冂', '辵']"
潞,16,85.12,a county in Yunnan,Both,"('氵', '路')","['口', '水', '夂', '⻊']"
汪,7,85.4,"vast, extensive, deep; surname",Both,"('氵', '王')","['玉', '水']"
洪,9,85.6,"vast, immense; flood, deluge",Both,"('氵', '共')","['一', '艸', '八', '水']"
漘,14,85.11,bank,Both,"('氵', '脣')","['月', '辰', '水']"
澼,16,85.13,"bleach; wash, clean",Both,"('氵', '辟')","['水', '尸', '辛', '口']"
浙,10,85.7,Zhejiang province; river,Both,"('氵', '折')","['斤', '水', '手']"
涡,10,85.7,"swirl, whirlpool, eddy",Simplified,"('氵', '呙')","['冂', '人', '水', '口']"
泙,8,85.5,roar,Both,"('氵', '平')","['干', '八', '水']"
渐,11,85.8,gradually,Simplified,"('氵', '斩')","['斤', '车', '水']"
润,10,85.7,"soft, moist; sleek; freshen",Simplified,"('氵', '闰')","['门', '玉', '水']"
淺,11,85.8,"shallow, not deep; superficial",Traditional,"('氵', '戔')","['戈', '水']"
溯,13,85.10,"go upstream, go against current; formerly",Both,"('氵', '朔')","['八', '水', '屮', '月', '一']"
浠,10,85.7,a river in Húběi,Both,"('氵', '希')","['一', '丿', '水', '巾']"
沒,7,85.4,"not, have not, none; to drown, sink",Traditional,"('氵', '𠬛')","['丿', '又', '水']"
求,7,85.2,"seek; demand, request; beseech",Both,"('求', None)","['一', '丿', '丶', '水']"
污,6,85.3,"filthy, dirty, impure, polluted",Both,"('氵', '亏')","['二', '水']"
灄,21,85.18,river in Hubei province,Traditional,"('氵', '聶')","['水', '耳']"
澒,15,85.12,vast,Traditional,"('氵', '項')","['頁', '水', '工']"
瀝,19,85.16,"trickle, drip; strain; dregs",Traditional,"('氵', '歷')","['禾', '止', '水', '厂']"
淨,11,85.8,"pure, clean, unspoiled",Both,"('氵', '爭')","['彐', '水', '亅', '爪']"
汁,5,85.2,"juice, liquor, fluid, sap, gravy, sauce",Both,"('氵', '十')","['十', '水']"
泲,7,85.5,kind of white wine; rivers in Hebei and Shandong,Both,"('氵', '𠂔')","['丨', '水']"
湊,12,85.9,"piece together, assemble",Traditional,"('氵', '奏')","['二', '八', '水', '丨', '大', '一']"
溦,13,85.10,drizzle; (variant) valley; (variant) mold,Both,"('氵', '𢼸')","['水', '山', '一', '几', '攴']"
汴,7,85.4,name of a river in Henan; Henan,Both,"('氵', '卞')","['亠', '水', '卜']"
濿,17,85.15,cross on stepping-stones,Traditional,"('氵', '厲')","['二', '禸', '水', '丨', '厂', '艸', '冂']"
港,12,85.9,"port, harbor; small stream; bay",Both,"('氵', '巷')","['八', '水', '一', '己', '艸']"
涂,10,85.7,surname; name of certain rivers,Both,"('氵', '余')","['干', '人', '水', '小']"
湢,12,85.9,bathroom; neat; orderly,Both,"('氵', '畐')","['一', '田', '水', '口']"
河,8,85.5,river; stream; the Yellow River,Both,"('氵', '可')","['一', '口', '水', '亅']"
滌,13,85.11,"wash, cleanse, purify; sweep",Traditional,"('氵', '條')","['人', '水', '夂', '丨', '十', '小']"
湼,12,85.9,black mud; slime,Both,"('氵', '臼工')","['臼', '水', '工']"
湻,12,85.9,"pure, unmixed, genuine; honest",Both,"('氵', '亯')","['日', '亠', '水', '口']"
瀹,20,85.17,"to boil; to wash, to cleanse, to soak",Both,"('氵', '龠')","['龠', '水']"
灧,27,85.24,"overflowing, billowing; wavy",Traditional,"('灃', '色')","['色', '山', '水', '豆']"
滁,12,85.10,district in Anhui province,Both,"('氵', '除')","['人', '水', '干', '阝', '小']"
泂,8,85.5,clear and deep (of water); wide,Both,"('氵', '冋')","['口', '水', '冂']"
洑,9,85.6,"whirlpool, undercurrent",Both,"('氵', '伏')","['人', '水', '犬']"
澎,15,85.12,splatter,Both,"('氵', '彭')","['十', '水', '豆', '彡']"
泠,8,85.5,"nice and cool, mild and comfortable",Both,"('氵', '令')","['人', '丶', '水']"
瀆,18,85.15,"ditch, sluice, gutter, drain",Traditional,"('氵', '賣')","['貝', '网', '水', '士']"
濰,17,85.14,county in Shandong province,Traditional,"('氵', '維')","['隹', '糸', '水']"
灠,24,85.21,marinate in salt,Traditional,"('氵', '覽')","['丿', '丶', '水', '見', '臣', '一', '网']"
漓,13,85.10,river in Guangxi province; water dripping,Both,"('氵', '离')","['丿', '凵', '禸', '水', '亠']"
渙,12,85.9,"scatter; scattered, dispersed; hexagram ䷺",Traditional,"('氵', '奐')","['八', '水', '刀', '大', '冂']"
湣,12,85.9,"mixed, confused; pity",Both,"('氵', '昬')","['日', '一', '己', '水']"
滃,13,85.10,"swelling, rising, dispersing",Both,"('氵', '翁')","['厶', '羽', '八', '水']"
漯,14,85.11,river in northern Shandong,Both,"('氵', '累')","['水', '田', '糸']"
潁,15,85.11,river in Anhui,Traditional,"('水', '頃')","['頁', '匕', '水']"
汍,6,85.3,weep,Both,"('氵', '丸')","['丿', '丶', '水']"
濱,17,85.14,"beach, sea coast; river bank",Traditional,"('氵', '賓')","['丿', '水', '貝', '小', '宀', '一']"
濩,16,85.14,"pour down, cascade down; look",Both,"('氵', '蒦')","['艸', '隹', '又', '水']"
潷,15,85.12,drain,Traditional,"('氵', '筆')","['竹', '聿', '水']"
湟,12,85.9,river in Qinghai province,Both,"('氵', '皇')","['玉', '白', '水']"
永,5,85.1,"long, perpetual, eternal, forever",Both,"('水', '丶')",['丶']
泥,8,85.5,"mud, mire; earth, clay; plaster",Both,"('氵', '尼')","['尸', '匕', '水']"
唯,11,30.8,only; yes,Both,"('口', '隹')","['隹', '口']"
唫,11,30.8,"to hum, to intone, etc. to close, to shut",Both,"('口', '金')","['金', '口']"
听,7,30.4,"hear; understand; obey, comply",Both,"('口', '斤')","['斤', '口']"
嗧,13,30.10,gallon,Traditional,"('加', '侖')","['人', '冂', '力', '一', '艸', '口']"
咠,9,30.6,to whisper. to blame to slander,Both,"('口', '耳')","['耳', '口']"
喀,12,30.9,vomit; used in transliterations,Both,"('口', '客')","['宀', '夂', '口']"
喫,12,30.9,"eat; drink; suffer, endure, bear",Both,"('口', '契')","['二', '刀', '丨', '大', '一', '口']"
嗫,13,30.10,move lips as when speaking; hesitation,Simplified,"('口', '聂')","['耳', '又', '口']"
噗,15,30.12,burst,Both,"('口', '菐')","['羊', '一', '八', '口']"
吮,7,30.4,"suck with mouth, sip, lick",Both,"('口', '允')","['厶', '口', '儿']"
噂,15,30.12,meet,Both,"('口', '尊')","['寸', '八', '酉', '口']"
囅,22,30.19,smile,Traditional,"('單', '展')","['二', '乙', '丨', '十', '口', '尸', '一', '艸', '冂']"
嘸,15,30.12,unclear; an expletive; not,Traditional,"('口', '無')","['火', '口']"
嘧,14,30.11,pyrimidine,Both,"('口', '密')","['心', '丿', '山', '宀', '口']"
嚄,16,30.14,roar,Both,"('口', '蒦')","['隹', '又', '艸', '口']"
嘠,15,30.12,the chirping of birds loud laughter,Unknown,"('口', '戞')","['丿', '冖', '戈', '月', '一', '口']"
嚱,20,30.17,a shrill noise; alas!,Traditional,"('口', '戲')","['虍', '戈', '豆', '口']"
喭,12,30.9,condole with; coarse,Both,"('口', '彦')","['彡', '厂', '立', '口']"
名,6,30.3,"name, rank, title, position",Both,"('夕', '口')","['口', '夕']"
唏,10,30.7,weep or sob; grieve,Both,"('口', '希')","['一', '丿', '口', '巾']"
喟,12,30.9,"heave sigh, sigh",Both,"('口', '胃')","['月', '田', '口']"
吟,7,30.4,"sing, hum; recite; type of poetry",Both,"('口', '今')","['人', '丶', '口']"
喊,12,30.9,"shout, call out, yell; howl; cry",Both,"('口', '咸')","['一', '戈', '厂', '口']"
嗝,13,30.10,"cackling of fowls to gag, to vomit",Both,"('口', '鬲')","['鬲', '口']"
喾,12,30.9,emperor,Simplified,"('小', '告')","['冖', '小', '牛', '口']"
嘘,14,30.11,exhale; blow out; deep sigh; hiss; praise,Simplified,"('口', '虚')","['虍', '一', '八', '口']"
嘡,14,30.11,"onomatopoeic: clang, bang",Both,"('口', '堂')","['冖', '土', '口', '小']"
唲,11,30.8,forced laughter,Both,"('口', '兒')","['臼', '口', '儿']"
呰,9,30.5,"to slander, revile",Both,"('此', '口')","['止', '匕', '口']"
噁,15,30.12,nastiness; nauseate: sickening,Traditional,"('口', '惡')","['心', '二', '口']"
嚮,17,30.16,"guide, direct; incline to, favor",Traditional,"('鄉', '向')","['丿', '丶', '乙', '丨', '彐', '阝', '宀', '口']"
哳,10,30.7,to twitter,Both,"('口', '折')","['斤', '手', '口']"
嚣,18,30.15,be noisy; treat with contempt,Simplified,"('㗊', '页')","['口', '页']"
吆,6,30.3,"bawl, yell, shout, cry out",Both,"('口', '幺')","['幺', '口']"
唼,11,30.8,speaking evil; gobbling sound made by ducks,Both,"('口', '妾')","['女', '立', '口']"
古,5,30.2,"old, classic, ancient",Both,"('十', '口')","['十', '口']"
吶,7,30.4,"raise voice, yell out loud, shout; stammer",Traditional,"('口', '內')","['冂', '入', '口']"
嚚,18,30.15,"argumentative, talkative",Both,"('吕', '臣')","['口', '臣']"
呴,8,30.5,breathe on; yawn; roar,Both,"('口', '句')","['勹', '口']"
嚠,18,30.15,a clear sound,Traditional,"('口', '劉')","['刀', '金', '口', '卩']"
噅,15,30.12,to speak falsely or wrongly; ugly,Traditional,"('口', '為')","['丿', '火', '口', '爪']"
唸,11,30.8,"recite, read, chant",Traditional,"('口', '念')","['心', '人', '丶', '口']"
呙,7,30.4,"chat, jaw, gossip, talk; mouth",Simplified,"('口', '内')","['冂', '人', '口']"
咣,9,30.6,the sound of large door closing,Both,"('口', '光')","['小', '一', '口', '儿']"
和,8,30.5,"harmony, peace; peaceful, calm",Both,"('禾', '口')","['禾', '口']"
吱,7,30.4,"chirping, squeaking, hissing",Both,"('口', '支')","['支', '口']"
右,5,30.2,right; west; right-wing,Both,"('𠂇', '口')","['一', '丿', '口']"
嚜,18,30.15,be silent; final particle,Both,"('口', '墨')","['土', '黑', '口']"
哪,9,30.7,which? where? how?,Both,"('口', '那')","['二', '丨', '阝', '口']"
另,5,30.2,"another, separate, other",Both,"('口', '力')","['力', '口']"
嘴,16,30.12,"mouth, lips",Both,"('口', '觜')","['止', '角', '匕', '口']"
兽,11,12.9 30.8,"beast, animal; bestial",Simplified,"('八田', '𠮛')","['一', '田', '八', '口']"
吊,6,30.3,"condole, mourn, pity; hang",Both,"('口', '巾')","['口', '巾']"
呆,7,30.4,"dull; dull-minded, simple, stupid",Both,"('口', '木')","['木', '口']"
唷,11,30.8,final particle,Both,"('口', '育')","['月', '厶', '亠', '口']"
呹,8,30.5,(of animals) to eat grass,Both,"('口', '失')","['二', '人', '口']"
啚,11,30.8,"low, mean",Unknown,"('口十', '回')","['十', '囗', '口']"
嗥,13,30.10,"roar, call out, wail; bark, yelp",Both,"('口', '皋')","['十', '大', '白', '口']"
噽,17,30.14,"mound, lump; stealthily",Unknown,"('喜', '丕')","['丿', '八', '卜', '士', '一', '口']"
嚬,19,30.16,frown,Traditional,"('口', '頻')","['止', '丿', '小', '頁', '口']"
叶,5,30.2,"to harmonize, to rhyme; to unite; (borrowed for) leaf",Both,"('口', '十')","['十', '口']"
嘤,14,30.11,seek friends; also used in onomatopoetic expressions,Simplified,"('口', '婴')","['女', '口']"
吞,7,30.4,"swallow; absorb, annex, engulf",Both,"('天', '口')","['一', '大', '口']"
呖,7,30.4,used in onomatopoetic expressions,Simplified,"('口', '历')","['力', '厂', '口']"
嘰,15,30.12,sigh in disapproval; take small,Traditional,"('口', '幾')","['幺', '人', '戈', '口']"
嗾,14,30.11,"to set a dog on; incite, instigate",Both,"('口', '族')","['丿', '方', '矢', '一', '口']"
吠,7,30.4,bark,Both,"('口', '犬')","['口', '犬']"
呏,7,30.4,gallon; quart,Both,"('口', '升')","['艸', '口']"
哝,9,30.6,whisper,Simplified,"('口', '农')","['口', '巾']"
后,6,30.3,"queen, empress, sovereign; (simp. for 後) behind, rear, after",Both,"('⺁', '𠮛')","['一', '口', '⺁']"
同,6,30.3,"same, similar; together with",Both,"('冂', '𠮛')","['一', '口', '冂']"
嘩,13,30.12,rushing sound; gush forward,Traditional,"('口', '華')","['二', '丨', '一', '艸', '口']"
哲,10,30.7,"wise, sagacious; wise man, sage",Both,"('折', '口')","['斤', '手', '口']"
喝,12,30.9,"drink; shout, call out",Both,"('口', '曷')","['勹', '人', '曰', '口']"
嚕,18,30.15,"verbose, talkative; mumbling",Traditional,"('口', '魯')","['日', '魚', '口']"
嘐,14,30.11,final exclamatory particle,Both,"('口', '翏')","['人', '羽', '彡', '口']"
咉,8,30.5,"an echo, a sound to vomit, as an infant",Both,"('口', '央')","['冂', '大', '口']"
嘓,14,30.11,"gurgling sound, chattering",Traditional,"('口', '國')","['一', '囗', '戈', '口']"
嗓,13,30.10,voice; throat,Both,"('口', '桑')","['又', '木', '口']"
咈,8,30.5,oppose,Both,"('口', '弗')","['弓', '口']"
咫,9,30.6,foot measure of Zhou dynasty,Both,"('尺', '只')","['尸', '八', '口']"
啁,11,30.8,"chirp, twitter, twittering",Both,"('口', '周')","['田', '口']"
哈,9,30.6,sound of laughter,Both,"('口', '合')","['一', '人', '口']"
嚶,20,30.17,seek friends; also used in names; the call of a bird,Traditional,"('口', '嬰')","['女', '貝', '口']"
嗎,13,30.10,final interrogative particle,Traditional,"('口', '馬')","['馬', '口']"
嚎,17,30.14,"cry loudly, yell, scream",Both,"('口', '豪')","['冖', '亠', '豕', '口']"
虽,9,142.3 30.6,"although, even if",Simplified,"('口', '虫')","['虫', '口']"
嗜,13,30.10,"be fond of, have weakness for",Both,"('口', '耆')","['日', '老', '口']"
哒,9,30.6,a sound made to get a horse to move forward,Simplified,"('口', '达')","['大', '口', '辵']"
哮,10,30.7,cough; pant; roar,Both,"('口', '孝')","['子', '老', '口']"
哓,9,30.6,garrulous; disturbed; restless,Simplified,"('口', '尧')","['一', '口', '儿']"
嗌,13,30.10,"the throat; to quarrel, choke",Both,"('口', '益')","['一', '皿', '八', '口']"
号,5,30.2,"mark, sign; symbol; number",Both,"('口', '丂')","['一', '口']"
嘔,14,30.11,"to vomit; annoy, enrage",Traditional,"('口', '區')","['匚', '口']"
呤,8,30.5,purine,Both,"('口', '令')","['人', '丶', '口']"
咵,9,30.6,to revile,Both,"('口', '夸')","['二', '大', '口']"
咧,9,30.6,"stretch mouth, grimace, grin",Both,"('口', '列')","['刀', '歹', '口']"
唚,10,30.7,vomiting of animals; to use bad language,Traditional,"('口', '𠬶')","['冖', '又', '彐', '口']"
呶,8,30.5,talkative; clamour; hubbub,Both,"('口', '奴')","['女', '又', '口']"
喞,12,30.9,chirping of insects; pump,Unknown,"('口', '卽')","['匕', '白', '口', '卩']"
吻,7,30.4,kiss; the lips; coinciding,Both,"('口', '勿')","['勹', '口']"
嘉,14,30.11,excellent; joyful; auspicious,Both,"('壴', '加')","['八', '士', '口', '一', '力']"
嗒,12,30.10,absent-minded,Both,"('口', '荅')","['一', '人', '艸', '口']"
咡,9,30.6,side of mouth,Both,"('口', '耳')","['耳', '口']"
嗆,13,30.10,choke by smoke; irritates nose,Traditional,"('口', '倉')","['人', '丶', '丨', '彐', '口']"
叧,5,30.2,to cut meat off away from bones; ancient torture,Unknown,"('口', '刀')","['刀', '口']"
唠,10,30.7,"chat, jaw, gossip, talk",Simplified,"('口', '劳')","['冖', '力', '艸', '口']"
呟,8,30.5,"to mutter, grumble, murmur",Both,"('口', '玄')","['玄', '口']"
嘂,14,30.11,"cry loudly, yell, scream",Both,"('吕', '丩')","['丨', '口']"
唽,11,30.8,to twitter,Both,"('口', '析')","['斤', '木', '口']"
喚,12,30.9,"call, summon; invite; be called",Traditional,"('口', '奐')","['八', '刀', '大', '口', '冂']"
哰,10,30.7,incoherent chatter,Both,"('口', '牢')","['宀', '牛', '口']"
吥,7,30.4,"a swelling; spongy, flabby",Both,"('口', '不')","['丿', '一', '卜', '口']"
吗,6,30.3,final interrogative particle,Simplified,"('口', '马')","['马', '口']"
噚,15,30.12,fathom,Traditional,"('口', '尋')","['寸', '彐', '口', '工']"
嚥,19,30.16,"swallow, gulp",Both,"('口', '燕')","['火', '匕', '廾', '口']"
句,5,30.2,sentence,Both,"('勹', '口')","['勹', '口']"
叹,5,30.2,"sigh, admire",Simplified,"('口', '又')","['又', '口']"
喆,12,30.9,a sage; wise; sagacious,Both,"('吉', None)",['吉']
囈,21,30.19,"talk in one's sleep, somniloquy",Traditional,"('口', '藝')","['丿', '土', '丶', '八', '二', '厶', '艸', '口']"
吾,7,30.4,"i, my, our; resist, impede",Both,"('五', '口')","['一', '口', '力']"
噇,15,30.12,eating and drinking without restraint,Both,"('口', '童')","['里', '立', '口']"
哕,9,30.6,belch; vomit,Simplified,"('口', '岁')","['山', '口', '夕']"
告,7,30.4,"tell, announce, inform; accuse",Both,"('牛', '口')","['牛', '口']"
命,8,30.5,"life; destiny, fate, luck; an order, instruction",Both,"('亼', '叩')","['一', '人', '口', '卩']"
嗳,13,30.10,interjection; exclamation,Simplified,"('口', '爱')","['丿', '又', '爪', '冖', '一', '口']"
呉,7,30.4,one of warring states; surname,Both,"('吳', None)","['一', '八', '口']"
咽,9,30.6,throat; pharynx,Both,"('口', '因')","['囗', '大', '口']"
叫,5,30.2,"cry, shout; hail, greet, call",Both,"('口', '丩')","['丨', '口']"
哗,9,30.6,rushing sound; gush forward,Simplified,"('口', '华')","['十', '匕', '人', '口']"
啯,11,30.8,"gurgling sound, chattering",Simplified,"('口', '国')","['囗', '玉', '口']"
哆,9,30.6,"tremble, shiver, shudder, quiver",Both,"('口', '多')","['口', '夕']"
喩,12,30.9,metaphor,Both,"('口', '兪')","['人', '川', '月', '一', '口']"
商,11,30.8,"commerce, business, trade",Both,"('六', '冏')","['亠', '八', '口', '冂']"
喰,12,30.9,"to eat, drink",Unknown,"('口', '食')","['食', '口']"
启,7,30.4 63.3,"open; begin, commence; explain",Simplified,"('户', '口')","['户', '口']"
味,8,30.5,"taste, smell, odor; delicacy",Both,"('口', '未')","['一', '木', '口']"
噥,16,30.13,whisper,Traditional,"('口', '農')","['二', '凵', '辰', '口']"
咔,8,30.5,used in translation,Both,"('口', '卡')","['一', '卜', '口']"
喬,12,30.9,"tall, lofty; proud, stately",Traditional,"('呑', '冋')","['冂', '大', '口']"
嗛,13,30.10,pouch; hold; content,Both,"('口', '兼')","['一', '八', '彐', '口']"
啇,11,30.8,to stalk; the stem; the foot; the base,Both,"('六', '冂古')","['子', '亠', '欠', '八']"
喱,12,30.9,gramme; syllable,Both,"('口', '厘')","['里', '厂', '口']"
啜,11,30.8,"sip, suck up; sob, weep",Both,"('口', '叕')","['又', '口']"
口,3,30.0,"mouth; open end; entrance, gate",Both,"('口', None)",['口']
啵,11,30.8,phonetic,Both,"('口', '波')","['皮', '水', '口']"
咝,8,30.5,hiss; call to come; syllable,Simplified,"('口', '丝')","['一', '口']"
囔,25,30.22,"muttering, indistinct speech",Both,"('口', '囊')","['二', '丨', '冖', '十', '一', '口']"
喷,12,30.9,"spurt, blow out, puff out",Simplified,"('口', '贲')","['十', '贝', '艸', '口']"
唱,11,30.8,"sing, chant, call; ditty, song",Both,"('口', '昌')","['日', '口']"
喉,12,30.9,"throat, gullet, larynx; guttural",Both,"('口', '侯')","['人', '口', '矢']"
嚅,17,30.14,talk indistinctly and falteringly,Both,"('口', '需')","['而', '口', '雨']"
嚃,16,30.14,gobble,Both,"('口', '遝')","['网', '口', '辵']"
啮,11,30.8,"bite, gnaw",Simplified,"('口', '齿')","['齿', '口']"
叨,5,30.2,talkative; quarrelous,Both,"('口', '刀')","['刀', '口']"
嘒,14,30.11,sharp,Both,"('口', '彗')","['彐', '口']"
噦,16,30.13,belch; vomit,Traditional,"('口', '歲')","['止', '丿', '厂', '戈', '小', '一', '口']"
呸,8,30.5,expression of reprimand,Both,"('口', '丕')","['丿', '一', '卜', '口']"
嚐,17,30.14,taste,Traditional,"('口', '嘗')","['匕', '冖', '小', '日', '口']"
嗩,13,30.10,flute-like musical instrument,Traditional,"('口', '𧴪')","['小', '貝', '口']"
台,5,30.2,platform; unit; term of address,Both,"('厶', '口')","['厶', '口']"
嚵,20,30.17,gluttonous; greedy,Both,"('口', '毚')","['丶', '乙', '刀', '丨', '比', '口']"
咐,8,30.5,"instruct, order",Both,"('口', '付')","['人', '寸', '口']"
囃,21,30.18,"to play (on an instrument); to accompany; to banter, jeer",Traditional,"('口', '雜')","['人', '隹', '木', '亠', '口']"
嗊,13,30.10,used in place and other names,Traditional,"('口', '貢')","['貝', '口', '工']"
咷,9,30.6,"howl, cry loudly",Both,"('口', '兆')","['冫', '口', '儿']"
呦,8,30.5,the bleating of the deer,Both,"('口', '幼')","['幺', '力', '口']"
噺,16,30.13,"story, talk",Unknown,"('口', '新')","['十', '小', '斤', '立', '口']"
吐,6,30.3,"vomit, spew out, cough up",Both,"('口', '土')","['土', '口']"
唑,10,30.7,(chem.) azole,Both,"('口', '坐')","['土', '人', '口']"
呒,7,30.4,unclear; an expletive,Simplified,"('口', '无')","['无', '口']"
呕,7,30.4,"vomit; annoy, enrage",Simplified,"('口', '区')","['丿', '匚', '口']"
哄,9,30.6,"coax; beguile, cheat, deceive",Simplified,"('口', '共')","['一', '八', '艸', '口']"
咴,9,30.6,"neigh, whinny",Both,"('口', '灰')","['丿', '火', '一', '口']"
呌,7,30.4,to call; to summon,Both,"('口', '斗')","['斗', '口']"
吵,7,30.4,"argue, dispute; disturb, annoy",Both,"('口', '少')","['丿', '小', '口']"
喙,12,30.9,"beak, bill, snout; pant",Both,"('口', '彖')","['勹', '彐', '口']"
呎,7,30.4,foot,Both,"('口', '尺')","['尸', '口']"
哶,10,30.7,bleat,Both,"('口', '芈')","['干', '卜', '口']"
咀,8,30.5,"suck; chew, masticate",Both,"('口', '且')","['月', '一', '口']"
嗯,13,30.10,final particle,Both,"('口', '恩')","['心', '囗', '大', '口']"
司,5,30.2,"take charge of, control, manage; officer",Both,"('𠃌', '𠮛')","['一', '口']"
卟,5,25.3 30.2,a chemical compound; divination; to consider,Both,"('口', '卜')","['卜', '口']"
哽,10,30.7,choke (with grief),Both,"('口', '更')","['丿', '丨', '日', '一', '口']"
咯,9,30.6,final particle,Both,"('口', '各')","['夂', '口']"
嗔,13,30.10,"be angry at, scold, rebuke",Both,"('口', '眞')","['八', '十', '目', '一', '口']"
嗽,14,30.11,"cough, gargle, clear throat",Both,"('口', '欶')","['欠', '木', '口']"
囊,22,30.19 145.17,"bag, purse, sack; put in bag",Both,"('囊', None)","['二', '丨', '冖', '十', '一', '口']"
営,11,30.9 42.9,"encampment, barracks; manage",Unknown,"('小', '呂')","['冖', '口', '小']"
唎,10,30.7,"sound, noise; final particle",Both,"('口', '利')","['禾', '刀', '口']"
啉,11,30.8,stupid; slow,Both,"('口', '林')","['木', '口']"
噑,14,30.11,"the roar of beasts; to howl, wail",Both,"('口', '皐')","['十', '白', '口', '冫']"
唾,11,30.8 30.9,"spit, spit on; saliva",Both,"('口', '垂')","['十', '艸', '口', '士']"
噶,15,30.13,used in transliterations,Both,"('口', '葛')","['人', '勹', '曰', '艸', '口']"
嗙,13,30.10,boast,Both,"('口', '旁')","['八', '冖', '亠', '方', '口']"
吉,6,30.3,"lucky, propitious, good",Both,"('士', '口')","['口', '士']"
啟,11,66.7 30.8,open; begin,Traditional,"('启', '攵')","['户', '攴', '口']"
嗄,13,30.10,hoarse of voice,Both,"('口', '夏')","['一', '夂', '自', '口']"
唪,11,30.8,"to recite, to intone or chant",Both,"('口', '奉')","['二', '八', '丨', '一', '口']"
呇,7,30.4,star,Both,"('水', '口')","['水', '口']"
呼,8,30.5,"breathe sigh, exhale; call, shout",Both,"('口', '乎')","['一', '丿', '八', '口']"
合,6,30.3,"combine, unite, join; gather",Both,"('亼', '口')","['一', '人', '口']"
吲,7,30.4,smile at; sneer at,Both,"('口', '引')","['丨', '弓', '口']"
嘨,14,30.12,"roar, howl, scream; whistle",Unknown,"('口', '粛')","['人', '木', '糸', '聿', '口']"
吢,7,30.4,vomiting of a dog,Unknown,"('心', '口')","['心', '口']"
噤,16,30.13,"close; be silent, be unable speak",Both,"('口', '禁')","['木', '口', '示']"
吏,6,30.3,"government official, magistrate",Both,"('丈', '口')","['丿', '十', '丨', '口']"
嗵,13,30.10,used for sound,Both,"('口', '通')","['用', '口', '辵']"
嗿,14,30.11,gobble,Traditional,"('口', '貪')","['貝', '人', '丶', '口']"
呭,8,30.5,final particle expressing consent; talkative,Both,"('口', '世')","['廾', '口']"
啢,11,30.8,ounce,Traditional,"('口', '兩')","['一', '入', '口', '巾']"
嗡,13,30.10,"sound of flying bees, airplanes",Both,"('口', '翁')","['厶', '羽', '八', '口']"
啑,11,30.8,to gobble,Both,"('口', '疌')","['十', '聿', '口', '止']"
噢,15,30.13,"moan; interjection for pain, sad",Both,"('口', '奧')","['宀', '大', '米', '口']"
哤,10,30.7,jargon,Both,"('口', '尨')","['丿', '丶', '乙', '彡', '一', '口']"
囓,24,30.21,gnaw,Both,"('口', '齧')","['二', '齒', '刀', '丨', '一', '口']"
唆,10,30.7,"make mischief, incite, instigate",Both,"('口', '夋')","['厶', '夂', '八', '口']"
喻,12,30.9,"metaphor, analogy; example; like",Both,"('口', '俞')","['人', '刀', '月', '一', '口']"
嘆,14,30.11,"sigh, admire",Traditional,"('口', '𦰩')","['二', '人', '丨', '廾', '口']"
噜,15,30.12,"verbose, talkative; mumbling",Simplified,"('口', '鲁')","['鱼', '日', '口']"
噯,16,30.13,interjection; exclamation,Traditional,"('口', '愛')","['心', '夂', '爪', '冖', '口']"
喹,12,30.9,quinoxaline (chemical compound),Both,"('口', '奎')","['土', '大', '口']"
嚀,17,30.14,"enjoin, instruct; charge",Traditional,"('口', '寧')","['心', '亅', '皿', '宀', '一', '口']"
啎,11,30.8,"obstinate, disobedient, intractable",Both,"('午', '吾')","['一', '干', '口', '力']"
嗢,12,30.10,"a loud, prolonged laugh",Both,"('口', '𥁕')","['日', '皿', '口']"
嚙,18,30.15,"bite, gnaw",Traditional,"('口', '齒')","['齒', '口']"
啾,12,30.9,wailing of child; chirp,Both,"('口', '秋')","['禾', '火', '口']"
呷,8,30.5,"suck, swallow, drink",Both,"('口', '甲')","['冂', '二', '丨', '口']"
啪,11,30.8,syllable,Both,"('口', '拍')","['白', '手', '口']"
嘛,14,30.11,final exclamatory particle,Both,"('口', '麻')","['麻', '口']"
喔,12,30.9,descriptive of crying or of crowing,Both,"('口', '屋')","['尸', '至', '口']"
嚲,20,30.17,"read aloud, recite, chant; droop",Traditional,"('享', '單')","['子', '二', '丨', '十', '亠', '口', '冂']"
唢,10,30.7,flute-like musical instrument,Simplified,"('口', '?贝')","['小', '贝', '口']"
嗟,12,30.10,"sigh, alas",Both,"('口', '差')","['羊', '口', '工']"
嚴,19,30.17,"strict, rigorous, rigid; stern",Traditional,"('口', '𠪚')","['口', '攴', '厂', '耳']"
吿,7,30.4,"tell, announce, inform; accuse",Both,"('牛', '口')","['牛', '口']"
嘖,14,30.11,interjection of approval or admiration,Traditional,"('口', '責')","['土', '貝', '一', '口']"
囒,23,30.21,confused talk,Traditional,"('口', '蘭')","['八', '丨', '木', '口', '艸', '門']"
咻,9,30.6,shout,Both,"('口', '休')","['人', '木', '口']"
囑,24,30.21,"order, tell, instruct, leave word",Traditional,"('口', '屬')","['虫', '水', '尸', '勹', '网', '口']"
呑,7,30.4,swallow; absorb,Both,"('夭', '口')","['大', '口']"
嗉,13,30.10,bird's crop; wine pot,Both,"('口', '素')","['一', '土', '糸', '口']"
嘯,16,30.12,"roar, howl, scream; whistle",Traditional,"('口', '肅')","['一', '聿', '口']"
噬,16,30.13,bite; gnaw; snap at,Both,"('口', '筮')","['竹', '人', '口', '工']"
啶,11,30.8,phonetic used in pyridine and pyrimidine,Both,"('口', '定')","['宀', '一', '口', '止']"
噭,16,30.13,shout,Both,"('口', '敫')","['方', '白', '口', '攴']"
噕,15,87.11 30.12,to speak falsely or wrongly; ugly,Unknown,"('爲', '口')","['丿', '火', '口', '爪']"
响,9,30.6,"make sound, make noise; sound",Both,"('口', '向')","['宀', '口']"
吃,6,30.3,"eat; drink; suffer, endure, bear",Both,"('口', '乞')","['一', '丿', '口', '乙']"
向,6,30.3,"toward, direction, trend",Both,"('丶', '冋')","['宀', '口']"
叺,5,30.2,a straw bag; a tobacco pouch,Both,"('口', '入')","['入', '口']"
咎,8,30.5,"fault, defect; error, mistake",Both,"('处', '口')","['口', '卜', '夂']"
噍,15,30.12,chew; eat; munch,Both,"('口', '焦')","['火', '隹', '口']"
嘀,14,30.11,backbite,Both,"('口', '啇')","['子', '八', '亠', '欠', '口']"
喒,12,30.9,"a dual pronoun, I, you and me, we two",Both,"('口', '昝')","['日', '夂', '卜', '口']"
喸,12,30.9,place name,Both,"('甫', '叱')","['丶', '乙', '用', '十', '一', '口']"
嘮,15,30.12,"chat, jaw, gossip, talk",Traditional,"('口', '勞')","['冖', '火', '力', '口']"
唣,10,30.7,chatter,Both,"('口', '皂')","['一', '白', '口', '乙']"
噷,16,30.13,an exclamation,Both,"('口', '歆')","['欠', '音', '口']"
呲,9,30.5,give a talking-to,Both,"('口', '此')","['止', '匕', '口']"
噻,16,30.13,character used in translation,Both,"('口', '塞')","['二', '土', '八', '宀', '一', '口']"
叾,5,30.2,"西貢叾, a place in Hong Kong",Both,"('了', '口')","['口', '亅']"
否,7,30.4,"not, no, negative; final particle; hexagram ䷋",Both,"('不', '口')","['丿', '一', '卜', '口']"
嚼,20,30.18,"prattle, be glib",Both,"('口', '爵')","['丶', '爪', '乙', '丨', '寸', '彐', '网', '口']"
嘵,15,30.12,garrulous; disturbed; restless,Traditional,"('口', '堯')","['土', '一', '口', '儿']"
噛,15,30.12,"bite, gnaw",Unknown,"('口', '歯')","['⻭', '口']"
叽,5,30.2,sigh in disapproval; take small,Simplified,"('口', '几')","['几', '口']"
哥,10,30.7,elder brother,Both,"('可', None)","['一', '口', '亅']"
唖,10,30.7,"dumb, mute; become hoarse",Unknown,"('口', '亜')","['二', '口']"
喌,12,30.9,syllable,Both,"('口', '州')","['川', '口', '丶']"
囌,22,30.20,loquacious; nag,Traditional,"('口', '蘇')","['禾', '艸', '魚', '口']"
啡,11,30.8,morphine; coffee,Both,"('口', '非')","['非', '口']"
啭,11,30.8,"sing, chirp, warble, twitter",Simplified,"('口', '转')","['二', '车', '丨', '口']"
囂,21,30.18,be noisy; treat with contempt,Traditional,"('吕', '頁')","['頁', '口']"
哺,10,30.7,chew food; feed,Both,"('口', '甫')","['十', '丶', '用', '口']"
噓,15,30.11,"exhale; blow out; deep sigh; hiss; praise, flatter; lie",Traditional,"('口', '虛')","['丨', '㇙', '虍', '一', '口']"
唐,10,30.7,Tang dynasty; Chinese,Both,"('广肀', '口')","['广', '聿', '口']"
啈,11,30.8,"to speak harshly, command sharply",Both,"('口', '幸')","['干', '土', '八', '口']"
呂,7,30.4,surname; a musical note,Traditional,"('口', '丶口')","['囗', '丶', '口']"
喽,12,30.9,used in onomatopoetic expressions,Both,"('口', '娄')","['女', '米', '口']"
唕,10,30.7,chatter,Unknown,"('口', '皁')","['十', '白', '口']"
唶,11,30.8,"sigh, groan; loud laughter",Both,"('口', '昔')","['日', '一', '艸', '口']"
唬,11,30.8,to intimidate; to scare,Both,"('口', '虎')","['虍', '几', '口']"
吩,7,30.4,"order, command, instruct",Both,"('口', '分')","['刀', '八', '口']"
嚏,17,30.14,sneeze,Both,"('口', '疐')","['冖', '十', '疋', '田', '口']"
唰,11,30.8,"swish, rustle",Both,"('口', '刷')","['刀', '尸', '口', '巾']"
吪,7,30.4,move,Both,"('口', '化')","['人', '匕', '口']"
君,7,30.4,"sovereign, monarch, ruler, chief, prince",Both,"('尹', '口')","['丨', '彐', '口']"
唉,10,30.7,"alas, exclamation of surprise or pain",Both,"('口', '矣')","['厶', '口', '矢']"
囍,21,30.18,double happiness,Both,"('喜', None)","['一', '八', '口', '士']"
啤,11,30.8,beer,Both,"('口', '卑')","['二', '丶', '丨', '十', '口', '冂']"
喲,12,30.9,"ah, final particle",Traditional,"('口', '約')","['勹', '丶', '糸', '口']"
啷,11,30.8,a clanging or rattling sound,Both,"('口', '郎')","['丶', '乙', '丨', '彐', '阝', '口']"
呗,7,30.4,final particle of assertion,Simplified,"('口', '贝')","['贝', '口']"
噩,16,30.13,"bad, ill-omened, unlucky",Both,"('王', '㗊')","['玉', '口']"
呠,8,30.5,to spurt; to blow out; to puff out; to snort,Both,"('口', '本')","['一', '木', '口']"
哫,10,30.7,to cajole,Both,"('口', '足')","['足', '口']"
嘁,14,30.11,to be grieved; ashamed; used to imitate sounds,Both,"('口', '戚')","['卜', '厂', '戈', '小', '一', '口']"
啌,11,30.8,animal disease,Both,"('口', '空')","['穴', '口', '工']"
喃,12,30.9,"keep talking, chattering; mumble",Both,"('口', '南')","['八', '干', '十', '口', '冂']"
喘,12,30.9,"pant, gasp, breathe heavily",Both,"('口', '耑')","['而', '山', '口']"
嘏,14,30.11,"felicity, prosperity; large and strong",Both,"('古', '叚')","['二', '又', '十', '尸', '口']"
哎,8,30.6,interjection of surprise,Both,"('口', '艾')","['丿', '艸', '口']"
嗤,13,30.10,"laugh at, ridicule, sneer; snort",Both,"('口', '蚩')","['一', '虫', '屮', '口']"
哑,9,30.6,"dumb, mute; become hoarse",Simplified,"('口', '亚')","['一', '八', '口']"
唁,10,30.7,express condolence,Both,"('口', '言')","['口', '言']"
嚻,21,30.18,be noisy; treat with contempt,Both,"('吕', '頁')","['頁', '口']"
呻,8,30.5,"groan, moan; recite with intonation",Both,"('口', '申')","['日', '丨', '口']"
唵,11,30.8,used in Buddhist texts to transliterate non-Chinese sounds; to eat with the hand,Both,"('口', '奄')","['乙', '丨', '大', '日', '口']"
咤,9,30.6,"scold, bellow, shout at, roar",Both,"('口', '宅')","['宀', '一', '口', '乙']"
哴,10,30.7,crying of infants,Both,"('口', '良')","['艮', '丶', '口']"
嗪,13,30.10,character used in translation,Both,"('口', '秦')","['二', '八', '丨', '禾', '一', '口']"
呛,7,30.4,choke by smoke; irritates nose,Simplified,"('口', '仓')","['人', '口', '乙']"
咨,9,30.6,"inquire, consult, discuss; plan",Both,"('次', '口')","['欠', '口', '冫']"
哙,9,30.6,"swallow, gulp down; greedy",Simplified,"('口', '会')","['二', '人', '厶', '口']"
嚆,16,30.14,"give forth sound, make noise",Both,"('口', '蒿')","['艸', '高', '口']"
唡,10,30.7,ounce,Simplified,"('口', '两')","['冂', '一', '人', '口']"
吝,7,30.4,"stingy, miserly, parsimonious",Both,"('文', '口')","['文', '口']"
唳,11,30.8,cry of bird; cry,Both,"('口', '戾')","['户', '口', '犬']"
喋,12,30.9,"nag; chatter, babble, twitter",Both,"('口', '枼')","['木', '廾', '口']"
咅,8,30.5,to spit out,Both,"('立', '口')","['立', '口']"
咬,9,30.6,"bite, gnaw",Both,"('口', '交')","['丿', '亠', '八', '口']"
嗷,13,30.11,loud clamor; sound of wailing,Both,"('口', '敖')","['丿', '土', '口', '一', '攴']"
吴,7,30.4,name of warring state; surname,Both,"('口', '天')","['一', '大', '口']"
喧,12,30.9,"lively, noisy; clamor, talk loudly",Both,"('口', '宣')","['宀', '一', '日', '口']"
吹,7,30.4,"blow; puff; brag, boast",Both,"('口', '欠')","['欠', '口']"
器,16,30.13,"receptacle, vessel; instrument",Both,"('吕', '大')","['口', '犬']"
哞,9,30.6,moo,Both,"('口', '牟')","['牛', '厶', '口']"
嗇,13,30.10,"miserly, thrifty, stingy; stopped up, constipated",Traditional,"('夾', '回')","['土', '囗', '人']"
嘈,14,30.11,noisy,Both,"('口', '曹')","['二', '凵', '日', '艸', '口']"
叭,5,30.2,trumpet,Both,"('口', '八')","['八', '口']"
唝,10,30.7,used in place and other names,Simplified,"('口', '贡')","['贝', '口', '工']"
唟,10,30.7,place name,Unknown,"('去', '叱')","['土', '乙', '厶', '一', '口']"
嗁,13,30.10,"give forth sound, make noise",Both,"('口', '虒')","['虍', '⺁', '几', '口']"
啐,11,30.8,"to taste, to sip; to spit; the sound of sipping; to surprise",Both,"('口', '卒')","['十', '亠', '人', '口']"
駡,16,187.6 30.13,"accuse, blame, curse, scold",Traditional,"('口', '馬')","['馬', '口']"
問,11,30.8,"ask (about), inquire after",Traditional,"('門', '口')","['口', '門']"
唹,11,30.8,to smile at,Both,"('口', '於')","['人', '丶', '方', '口']"
哿,10,30.7,excellent; to commend to be able to,Both,"('加', '可')","['一', '口', '亅', '力']"
叼,5,30.2,hold in mouth,Both,"('口', '刁')",['口']
呬,8,30.5,to rest,Both,"('口', '四')","['囗', '口', '儿']"
呺,8,30.5,"voice of anger vast, spacious",Both,"('口', '号')","['一', '口']"
呵,8,30.5,scold; laughing sound; yawn,Both,"('口', '可')","['一', '亅', '口']"
哜,9,30.6,sip,Simplified,"('口', '齐')","['齐', '口']"
咖,8,30.5,coffee; a phonetic,Both,"('口', '加')","['力', '口']"
售,11,30.8,sell,Both,"('隹', '口')","['隹', '口']"
啊,10,30.8,exclamatory particle,Both,"('口', '阿')","['一', '亅', '阝', '口']"
哧,10,30.7,sound of ripping or giggling,Both,"('口', '赤')","['赤', '口']"
吕,6,30.3,surname; a musical note,Simplified,"('口', None)",['口']
呈,7,30.4,"submit, show; appear; petition",Both,"('口', '王')","['玉', '口']"
呋,7,30.4,(呋喃) furan (C₄H₄O),Both,"('口', '夫')","['二', '人', '口']"
噴,15,30.12,"spurt, blow out, puff out",Traditional,"('口', '賁')","['貝', '十', '艸', '口']"
吡,7,30.4,blame,Both,"('口', '比')","['比', '口']"
呱,8,30.5,"wail, crying of child; swear at",Both,"('口', '瓜')","['瓜', '口']"
嗖,12,30.10,whizzing sound,Both,"('口', '叟')","['臼', '丨', '口', '又']"
呧,8,30.5,to rebuke; to scold; slander,Both,"('口', '氐')","['丶', '氏', '口']"
哉,9,30.6,final exclamatory particle,Both,"('𢦏', '口')","['土', '戈', '口']"
呝,8,30.5,belch; hiccup,Unknown,"('口', '戹')","['户', '口', '乙']"
喁,12,30.9,"the mouth of a fish at the surface of the water, gasping for breath",Both,"('口', '禺')","['二', '禸', '丨', '口', '冂']"
啧,11,30.8,interjection of approval or admiration,Simplified,"('口', '责')","['一', '土', '贝', '口']"
吓,6,30.3,"scare, frighten; intimidate",Both,"('口', '下')","['一', '卜', '口']"
咮,9,30.6,a beak; to peck,Both,"('口', '朱')","['一', '木', '口']"
咿,9,30.6,descriptive of creaking; laugh,Both,"('口', '伊')","['人', '丨', '彐', '口']"
嘜,14,30.11,mark,Traditional,"('口', '麥')","['麥', '口']"
咜,8,30.5,to scold,Unknown,"('口', '它')","['宀', '匕', '口']"
吳,7,30.4,one of warring states; surname,Traditional,"('口', '夬')","['大', '口']"
哇,9,30.6,vomit; cry of an infant,Both,"('口', '圭')","['土', '口']"
嘷,15,30.12,"the roaring of wild beasts; to howl, to wail, to bawl",Both,"('口', '臯')","['十', '自', '口', '冫']"
囁,21,30.18,move lips as when speaking; hesitation,Traditional,"('口', '聶')","['耳', '口']"
單,12,30.9,"single, individual, only; lone",Traditional,"('口', '甲一')","['二', '丨', '冂', '十', '口']"
唄,10,30.7,final particle of assertion,Traditional,"('口', '貝')","['貝', '口']"
咲,9,30.6,"smile, laugh, giggle; snicker",Both,"('口', '关')","['一', '大', '八', '口']"
叮,5,30.2,exhort or enjoin repeatedly,Both,"('口', '丁')","['一', '亅', '口']"
嗍,13,30.10,to suck,Both,"('口', '朔')","['八', '屮', '月', '一', '口']"
喑,12,30.9,to be dumb; the sobbing of infants,Both,"('口', '音')","['音', '口']"
嘍,14,30.11,used in onomatopoetic expressions,Traditional,"('口', '婁')","['女', '十', '口']"
嗈,13,30.10,the call of a bird,Unknown,"('口', '邕')","['川', '邑', '口']"
喦,12,30.9,talkative,Both,"('品', '山')","['山', '口']"
哏,9,30.6,something funny,Both,"('口', '艮')","['艮', '口']"
嗸,13,30.11,(same as 嗷) noisy,Both,"('敖', '口')","['丿', '土', '口', '一', '攴']"
员,7,30.4,"member; personnel, staff member",Simplified,"('口', '贝')","['贝', '口']"
咦,9,30.6,exclamation of surprise,Both,"('口', '夷')","['大', '弓', '口']"
嘻,15,30.12,"mirthful, happy; interjection",Both,"('口', '喜')","['一', '八', '口', '士']"
啙,12,30.9,poor,Both,"('此', '吅')","['止', '匕', '口']"
嗐,13,30.10,alas!,Both,"('口', '害')","['二', '丨', '宀', '一', '口']"
嚓,17,30.14,a cracking or snapping sound,Both,"('口', '察')","['月', '示', '卩', '宀', '口']"
喪,12,30.9,mourning; mourn; funeral,Traditional,"('喪', None)","['土', '口', '乙']"
喂,12,30.9,interjection to call attention,Both,"('口', '畏')","['一', '田', '口', '乙']"
咄,8,30.5,"noise of rage, cry out in anger",Both,"('口', '出')","['山', '口']"
噞,16,30.13,the movement of a fish's mouth at the surface of the water,Traditional,"('口', '僉')","['一', '人', '口']"
啦,11,30.8,final particle of assertion,Both,"('口', '拉')","['立', '口', '手']"
咏,8,30.5,"sing song or poem, hum, chant",Both,"('口', '永')","['丶', '口']"
咢,9,30.6,sound; drumming,Both,"('口', '亏')","['二', '口']"
嗨,13,30.10,an exclamation,Both,"('口', '海')","['丿', '水', '毋', '一', '口']"
呓,7,30.4,"talk in one's sleep, somniloquy",Simplified,"('口', '艺')","['艸', '口', '乙']"
噋,15,30.12,to swallow hastily; to gobble up,Both,"('口', '敦')","['子', '亠', '攴', '口']"
噳,16,30.13,many,Both,"('口', '虞')","['虍', '一', '大', '口']"
吋,6,30.3,English inch (寸 can be either an English or Chinese inch),Both,"('口', '寸')","['寸', '口']"
嘋,14,30.11,"howl, roar",Both,"('口', '教')","['子', '老', '攴', '口']"
喣,12,30.9,to breathe upon,Both,"('呴', '灬')","['勹', '火', '口']"
叵,5,30.2,"cannot, be unable do, improbable; thereupon",Both,"('匚', '口')","['匚', '口']"
嚨,19,30.16,throat,Traditional,"('口', '龍')","['龍', '口']"
嚔,18,30.15,sneeze,Unknown,"('口', '𤴡')","['止', '厶', '冖', '十', '田', '口']"
咙,8,30.5,throat,Simplified,"('口', '龙')","['龙', '口']"
吰,7,30.4,clang,Both,"('口', '厷')","['丿', '厶', '一', '口']"
哔,9,30.6,used in transliterations,Simplified,"('口', '毕')","['比', '十', '口']"
哐,9,30.6,syllable,Both,"('口', '匡')","['匚', '玉', '口']"
嗣,13,30.10,"to connect, inherit; descendants, heirs",Both,"('口冊', '司')","['冂', '一', '艸', '口']"
哨,10,30.7,"whistle, blow whistle; chirp",Both,"('口', '肖')","['月', '小', '口']"
咥,9,30.6,sound of a cat; bite; laugh,Both,"('口', '至')","['至', '口']"
噱,16,30.13,"laugh heartily, laugh aloud",Both,"('口', '豦')","['虍', '豕', '口']"
嗶,13,30.11,used in transliterations,Traditional,"('口', '畢')","['二', '丨', '田', '一', '艸', '口']"
噙,15,30.12,hold in mouth; bite,Both,"('口', '禽')","['人', '凵', '禸', '丿', '亠', '口']"
咸,9,30.6,"together; all, completely; united; hexagram ䷞",Both,"('戌', '口')","['一', '戈', '厂', '口']"
噣,16,30.13,"a beak; to peck; to order, enjoin upon",Both,"('口', '蜀')","['勹', '网', '虫', '口']"
可,5,30.2,"may, can, -able; possibly",Both,"('口', '丁')","['一', '口', '亅']"
周,8,30.5,Zhou dynasty; circumference,Both,"('冂', '吉')","['田', '口']"
噎,15,30.12,choke; hiccup,Both,"('口', '壹')","['冖', '豆', '口', '士']"
喿,13,30.10,chirping of birds,Both,"('品', '木')","['木', '口']"
噠,15,30.13,sound made to get a horse to move forward,Traditional,"('口', '達')","['羊', '土', '口', '辵']"
呫,8,30.5,"whisper; lick, taste; petty",Both,"('口', '占')","['卜', '口']"
吭,7,30.4,throat,Both,"('口', '亢')","['亠', '几', '口']"
嘗,14,30.11,"taste; experience, experiment",Traditional,"('尚', '旨')","['匕', '冖', '小', '日', '口']"
咚,8,30.5,"onomatopoetic, a thumping sound",Both,"('口', '冬')","['夂', '口', '丶']"
咾,9,30.6,a noise; a sound,Both,"('口', '老')","['老', '口']"
哌,9,30.6,used in translation,Both,"('口', '辰?')","['⺁', '匚', '口']"
員,10,30.7,"member; personnel, staff member",Traditional,"('口', '貝')","['貝', '口']"
呜,7,30.4,"sound of crying, sobbing",Simplified,"('口', '乌')","['一', '丶', '口']"
哦,10,30.7,oh? really? is that so?,Both,"('口', '我')","['戈', '手', '口']"
噆,15,30.12,to hold in the mouth; to bite,Both,"('口', '朁')","['日', '丿', '无', '口']"
呃,7,30.4,belch; hiccup,Both,"('口', '厄')","['厂', '口', '乙']"
呡,8,30.5,the corners of the mouth the lips,Both,"('口', '民')","['一', '己', '口']"
啕,11,30.8,wail,Both,"('口', '匋')","['勹', '口', '缶']"
喜,12,30.9,"like, love, enjoy; joyful thing",Both,"('壴', '口')","['一', '八', '口', '士']"
啰,11,30.8,phonetic,Both,"('口', '罗')","['网', '口', '夕']"
哀,9,30.6,"sad, mournful, pitiful; pity",Both,"('衣', '口')","['衣', '口']"
啸,11,30.8,"roar, howl, scream; whistle",Simplified,"('口', '肃')","['小', '聿', '口']"
只,5,30.2,"only, just, simply",Both,"('口', '八')","['八', '口']"
啥,11,30.8,what?,Both,"('口', '舍')","['干', '人', '口']"
啃,11,30.8,"gnaw, chew, bite",Both,"('口', '肯')","['月', '止', '口']"
善,12,30.9,"good, virtuous, charitable, kind",Both,"('羊', '业口')","['羊', '一', '八', '口']"
唤,10,30.7,call,Simplified,"('口', '奂')","['冂', '刀', '大', '口']"
嚇,17,30.14,"scare, frighten; intimidate",Traditional,"('口', '赫')","['赤', '口']"
咼,8,30.6,"chat, jaw, gossip, talk; mouth",Traditional,"('冎', '口')","['口', '冂']"
嘬,15,30.12,to lap; to suck,Both,"('口', '最')","['又', '耳', '曰', '口']"
啣,12,30.8,"hold in mouth; harbor, cherish",Both,"('口', '卸')","['干', '卩', '口', '止']"
嚦,19,30.16,used in onomatopoetic expressions,Traditional,"('口', '歷')","['禾', '止', '厂', '口']"
噹,16,30.13,sound of bells,Traditional,"('口', '當')","['冖', '小', '田', '口']"
叱,5,30.2,"scold, shout at, bawl out",Both,"('口', '七')","['匕', '口']"
吁,6,30.3,interjection 'Alas!'; to sigh,Both,"('口', '于')","['干', '亅', '口']"
嗑,13,30.10,eat seeds; reproach; loquacious,Both,"('口', '盍')","['土', '皿', '厶', '口']"
嗦,13,30.10,suck,Both,"('口', '索')","['冖', '十', '糸', '口']"
召,5,30.2,imperial decree; summon,Both,"('刀', '口')","['刀', '口']"
喈,12,30.9,music; melody,Both,"('口', '皆')","['比', '白', '口']"
嗹,13,30.11,chatter,Traditional,"('口', '連')","['車', '口', '辵']"
喵,11,30.9,the mew of the cat,Both,"('口', '苗')","['田', '艸', '口']"
噪,16,30.13,be noisy; chirp loudly,Both,"('口', '喿')","['木', '口']"
嘲,15,30.12,"ridicule, deride, scorn, jeer at",Both,"('口', '朝')","['日', '十', '月', '口']"
含,7,30.4,hold in mouth; cherish; contain,Both,"('今', '口')","['人', '丶', '口']"
嘽,15,30.12,pant; many,Traditional,"('口', '單')","['二', '丨', '十', '口', '冂']"
夻,6,37.3 30.3,fish name,Both,"('大', '口')","['大', '口']"
嗭,13,30.10,place name,Unknown,"('直', '叱')","['乙', '十', '目', '一', '口']"
嘟,13,30.12,sound of horn tooting,Both,"('口', '都')","['日', '老', '阝', '口']"
嘌,14,30.11,"fast, speedy",Both,"('口', '票')","['襾', '口', '示']"
噐,15,30.12,"receptacle, vessel; instrument",Both,"('吕', '工')","['口', '工']"
嚭,19,30.16,"mound, lump; stealthily",Both,"('喜', '否')","['丿', '八', '卜', '士', '一', '口']"
吸,6,30.4,"inhale, suck in; absorb; attract",Both,"('口', '及')","['丿', '口']"
唇,10,30.7,lips,Both,"('辰', '口')","['辰', '口']"
哩,10,30.7,mile,Both,"('口', '里')","['里', '口']"
呣,8,30.5,interjection indicating a question or thought (um),Both,"('口', '母')","['毋', '口']"
啖,11,30.8,"eat, feed; chew, bite; entice",Both,"('口', '炎')","['火', '口']"
唈,10,30.7,to sob,Both,"('口', '邑')","['邑', '口']"
啼,12,30.9,"weep, whimper; howl, twitter",Both,"('口', '帝')","['八', '巾', '冖', '亠', '口']"
品,9,30.6,"article, product, commodity",Both,"('口', None)",['口']
噸,16,30.13,ton (metric or English),Traditional,"('口', '頓')","['乙', '屮', '十', '頁', '口']"
噘,15,30.12,pouting,Both,"('口', '厥')","['八', '屮', '厂', '一', '欠', '口']"
啴,11,30.8,pant; many,Simplified,"('口', '单')","['二', '八', '丨', '十', '口', '冂']"
嚢,18,30.15,"bag, purse, sack; put in bag",Unknown,"('衣', '')","['二', '八', '丨', '冖', '十', '一', '口']"
吧,7,30.4,emphatic final particle,Both,"('口', '巴')","['丨', '口', '乙']"
咳,9,30.6,cough,Both,"('口', '亥')","['人', '亠', '丨', '口']"
囉,22,30.19,"exclamatory final particle, nag",Traditional,"('口', '羅')","['隹', '网', '糸', '口']"
嚷,20,30.17,"shout, brawl, make uproar, cry",Both,"('口', '襄')","['一', '二', '衣', '口']"
吚,7,30.4,used to represent sound,Both,"('口', '尹')","['丨', '彐', '口']"
嗅,13,30.10,"smell, scent, sniff; olfactive",Both,"('口', '臭')","['自', '口', '犬']"
唗,10,30.7,interjection: greeting or sigh,Both,"('口', '走')","['口', '走']"
啓,11,30.8,"open; begin, commence; explain",Traditional,"('𢼄', '口')","['户', '攴', '口']"
唙,10,30.7,backbite,Unknown,"('口', '狄')","['火', '口', '犬']"
咱,9,30.6,"we, us",Both,"('口', '自')","['自', '口']"
咒,8,30.5,"curse, damn, incantation",Both,"('口', '几')","['几', '口']"
各,6,30.3,"each, individually, every, all",Both,"('夂', '口')","['口', '夂']"
啻,12,30.9,"only, merely; just like; stop at",Both,"('帝', '口')","['八', '巾', '冖', '亠', '口']"
史,5,30.2,"history, chronicle, annals",Both,"('口', '乂')","['丿', '丨', '口']"
噲,16,30.13,"swallow, gulp down; greedy",Traditional,"('口', '會')","['人', '八', '丨', '日', '一', '口']"
嗼,13,30.11,"curtain, screen, awning, tent",Both,"('口', '莫')","['日', '大', '艸', '口']"
喨,12,30.9,"wail, cry, yell; neigh",Both,"('口', '亮')","['冖', '亠', '几', '口']"
噌,15,30.12,"scold, shout at",Both,"('口', '曽')","['日', '丨', '八', '口']"
咆,8,30.5,roar,Both,"('口', '包')","['勹', '己', '口']"
喏,11,30.9,respectful reply of assent to superiors,Both,"('口', '若')","['一', '丿', '艸', '口']"
喤,12,30.9,ah; harmony,Both,"('口', '皇')","['玉', '白', '口']"
噫,16,30.13,belch; alas,Both,"('口', '意')","['心', '音', '口']"
嘿,15,30.12,"be silent, be quiet",Both,"('口', '黑')","['黑', '口']"
呪,8,30.5,"curse, damn, incantation",Both,"('口', '兄')","['口', '儿']"
啗,11,30.8,"eat, chew, bite; entice, lure",Both,"('口', '臽')","['臼', '刀', '口']"
哵,10,30.7,the cry of a bird,Both,"('口', '别')","['刀', '力', '口']"
叩,5,30.2,"knock, ask; kowtow, bow",Both,"('口', '卩')","['口', '卩']"
吼,7,30.4,"roar, shout; bark, howl",Both,"('口', '孔')","['子', '口', '乙']"
唛,10,30.7,mark,Simplified,"('口', '麦')","['麦', '口']"
吷,7,30.4,a soft sound made by blowing through the mouth,Both,"('口', '夬')","['人', '丨', '口']"
嘦,14,30.11,if only; compound form of 只要,Both,"('只', '要')","['女', '襾', '八', '口']"
嘣,14,30.11,syllable,Both,"('口', '崩')","['月', '山', '口']"
呿,8,30.5,to yawn,Both,"('口', '去')","['土', '厶', '口']"
嚳,20,30.17,mythical emperor; to inform quickly; an urgent communication,Traditional,"('𦥯', '告')","['牛', '爻', '冖', '臼', '口']"
啔,11,30.8,"to open; begin, commence; explain",Unknown,"('戶戈', '口')","['户', '戈', '口']"
嗞,12,30.10,"to consult about, to plan; to report in writing to an equal; a despatch",Both,"('口', '兹')","['幺', '一', '八', '口']"
叴,5,30.2,a three-edged spear,Both,"('九', '口')","['丿', '口']"
咋,8,30.5,"question-forming particle, why? how? what?; to bite; loud",Both,"('口', '乍')","['丿', '二', '丨', '一', '口']"
啞,11,30.8,"dumb, mute; become hoarse",Traditional,"('口', '亞')","['二', '口']"
哢,10,30.7,syllable,Both,"('口', '弄')","['玉', '廾', '口']"
吒,6,30.3,"shout, roar, bellow; scold",Traditional,"('口', '乇')","['一', '口', '乙']"
嗃,13,30.10,to flute,Both,"('口', '高')","['高', '口']"
啬,11,30.8,"miserly, thrifty; stingy",Simplified,"('亠?', '回')","['土', '囗', '八']"
噀,15,30.12,spurt out of the mouth,Both,"('口', '巽')","['一', '八', '艸', '口']"
咊,8,30.5,harmony; peace; conciliation; to be on good terms with; kindly; mild,Both,"('口', '禾')","['禾', '口']"
哭,10,30.7,"weep, cry, wail",Both,"('口', '犬')","['口', '犬']"
嘹,15,30.12,used describe clarity of voice; resonant,Both,"('口', '尞')","['八', '大', '小', '日', '口']"
囀,21,30.18,"sing, chirp, warble, twitter",Traditional,"('口', '轉')","['丨', '寸', '車', '十', '日', '口']"
呐,7,30.4,"raise voice, yell out loud, shout; stammer",Simplified,"('口', '内')","['冂', '人', '口']"
哟,9,30.6,"ah, final particle",Simplified,"('口', '约')","['勹', '丶', '纟', '口']"
喳,12,30.9,whispering,Both,"('口', '查')","['日', '一', '木', '口']"
嘎,14,30.11,"sound of laughter; bad, malevolent",Both,"('口', '戛')","['一', '戈', '自', '口']"
嗚,13,30.10,"sound of crying, sobbing",Traditional,"('口', '烏')","['一', '丶', '火', '口']"
咛,8,30.5,"enjoin, instruct; charge",Simplified,"('口', '宁')","['宀', '一', '亅', '口']"
吣,7,30.4,vomit,Simplified,"('口', '心')","['心', '口']"
嘱,15,30.12,"order, tell, instruct, leave word",Both,"('口', '属')","['冂', '尸', '虫', '口']"
咺,9,30.6,majestic,Both,"('口', '亘')","['日', '一', '口']"
喇,12,30.9,"horn, bugle; lama; final particle",Both,"('口', '剌')","['刀', '木', '口']"
噝,15,30.12,hiss; a call to come,Traditional,"('口', '絲')","['糸', '口']"
咍,8,30.5,laugh,Both,"('口', '台')","['厶', '口']"
咕,8,30.5,"mumble, mutter, murmur; rumble",Both,"('口', '古')","['十', '口']"
檥,17,75.13,(variant of 艤) to moor a boat to the bank,Traditional,"('木', '義')","['羊', '戈', '木', '手']"
栭,10,75.6,king-post,Both,"('木', '而')","['而', '木']"
栖,10,75.6,perch; roost; stay,Both,"('木', '西')","['襾', '木']"
榿,14,75.10,alder,Traditional,"('木', '豈')","['豆', '木', '山']"
栊,9,75.5,"cage, pen; set of bars",Simplified,"('木', '龙')","['木', '龙']"
楎,13,75.9,peg,Traditional,"('木', '軍')","['冖', '車', '木']"
桀,10,75.6,chicken roost; ancient emperor,Both,"('舛', '木')","['舛', '木']"
杩,7,75.3,headboard,Simplified,"('木', '马')","['马', '木']"
棍,12,75.8,"stick, cudgel; scoundrel",Both,"('木', '昆')","['日', '木', '比']"
棉,12,75.8,cotton; cotton padded,Both,"('木', '帛')","['白', '木', '巾']"
樢,15,75.11,"(simplified form) (same as 蔦) the convolvulus; a kind of creeping plant, partridge; francolin, in Japan, the pole out side of a building used to post the public notice",Traditional,"('木', '鳥')","['鳥', '木']"
檐,17,75.13,"eaves of house; brim, rim",Both,"('木', '詹')","['八', '刀', '木', '厂', '言']"
櫅,18,75.14,a kind of tree suitable for use to make axles for large carts,Traditional,"('木', '齊')","['齊', '木']"
檪,17,75.13,chestnut-leaved oak; oak,Unknown,"('木', '楽')","['白', '木', '冫']"
柒,9,75.5,number seven,Both,"('氵七', '木')","['一', '木', '水', '乙']"
来,7,75.3 1.6,"come, coming; return, returning",Simplified,"('米', '一')","['一', '木', '八']"
榼,14,75.10,wine glass,Both,"('木', '盍')","['土', '木', '厶', '皿']"
朾,6,75.2,to bump,Both,"('木', '丁')","['一', '木', '亅']"
檁,17,75.13,the bole of a tree; a cross beam; the combing round the hatches of a ship,Traditional,"('木', '稟')","['禾', '囗', '亠', '木']"
枫,8,75.4,maple tree,Simplified,"('木', '风')","['风', '木']"
杰,8,75.4,"hero; heroic, outstanding",Both,"('木', '灬')","['火', '木']"
桝,10,75.6,(variant of 枡) a measuring box,Unknown,"('木', '舛')","['舛', '木']"
槃,14,75.10,"tray; turn, rotate; search",Both,"('般', '木')","['木', '舟', '殳']"
欒,23,75.19,name of tree; a part of cornice,Traditional,"('䜌', '木')","['糸', '木', '言']"
檢,17,75.13,check; examine,Traditional,"('木', '僉')","['一', '人', '木']"
柲,9,75.5,handle,Both,"('木', '必')","['心', '丿', '木']"
橴,16,75.11,place name,Unknown,"('木', '紫')","['止', '匕', '木', '糸']"
柾,9,75.5,straight grain,Both,"('木', '正')","['一', '木', '止']"
櫚,18,75.15,palm,Traditional,"('木', '閭')","['口', '木', '門']"
槊,14,75.10,"spear, lance",Both,"('朔', '木')","['八', '木', '屮', '月', '一']"
榧,14,75.10,type of yew,Both,"('木', '匪')","['匚', '木', '非']"
楅,13,75.9,wooden board,Both,"('木', '畐')","['田', '一', '木', '口']"
楄,13,75.9,block,Both,"('木', '扁')","['户', '木', '艸', '冂']"
栫,10,75.6,fence,Both,"('木', '存')","['丿', '子', '人', '木', '一']"
槑,14,75.10,"plums, prunes",Both,"('呆', None)","['木', '口']"
模,14,75.11,"model, standard, pattern; copy",Both,"('木', '莫')","['日', '大', '木', '艸']"
枇,8,75.4,loquat,Both,"('木', '比')","['比', '木']"
杵,8,75.4,pestle; baton used beat clothes,Both,"('木', '午')","['干', '木']"
柹,8,75.5,persimmon,Both,"('木', '𠂔')","['丨', '木']"
檴,17,75.14,tree,Both,"('木', '蒦')","['隹', '又', '木', '艸']"
榕,14,75.10,banyan tree,Both,"('木', '容')","['宀', '木', '谷']"
柩,9,75.5,coffin which contains corpse,Both,"('木', '匛')","['勹', '匚', '木']"
棼,12,75.8,"beams in the roof of a house; confused, disordered",Both,"('木', '分')","['刀', '八', '木']"
架,9,75.5,"rack, stand, prop; prop up",Both,"('加', '木')","['口', '木', '力']"
樘,15,75.11,"a pillar, doorpost",Both,"('木', '堂')","['土', '木', '冖', '小', '口']"
栀,9,75.5,gardenia,Both,"('木', '卮')","['一', '木', '⺁', '乙']"
櫛,17,75.15,"comb out; weed out, eliminate",Traditional,"('木', '節')","['丶', '竹', '丨', '木', '彐', '卩', '乙']"
櫞,19,75.15,citrus,Traditional,"('木', '緣')","['勹', '木', '糸', '彐']"
檞,17,75.13,a kind of oak,Both,"('木', '解')","['牛', '角', '刀', '木']"
栉,9,75.5,"comb; comb out; weed out, eliminate",Simplified,"('木', '节')","['丨', '木', '艸']"
橾,17,75.13,the hole in the center of a wheel accommodating the axle (archaic),Both,"('木', '喿')","['木', '口']"
榴,14,75.10,pomegranate,Both,"('木', '留')","['木', '田', '卩']"
査,9,75.5,"investigate, examine, seek into",Both,"('木', '且')","['月', '一', '木']"
核,10,75.6,"seed, kernel, core, nut; atom",Simplified,"('木', '亥')","['人', '亠', '丨', '木']"
棆,12,75.8,camphor tree,Traditional,"('木', '侖')","['人', '木', '一', '艸', '冂']"
桫,11,75.7,horse chestnut,Both,"('木', '沙')","['丿', '木', '水', '小']"
柶,9,75.5,ladle,Both,"('木', '四')","['囗', '木', '儿']"
梐,11,75.7,fence,Both,"('木', '坒')","['比', '土', '木']"
槇,14,75.10,tip of a tree; fallen tree,Unknown,"('木', '眞')","['目', '匕', '木', '八']"
柴,10,75.5,"firewood, faggots, fuel",Both,"('此', '木')","['止', '匕', '木']"
梃,10,75.7,a club; a stalk; straight,Both,"('木', '廷')","['廴', '木', '士']"
檵,18,75.14,"Loropetalum chinense, Chinese fringe flower",Traditional,"('木', '㡭')","['一', '木']"
椺,13,75.9,beam of a house,Both,"('木', '保')","['人', '木', '口']"
桦,10,75.6,type of birch,Simplified,"('木', '华')","['十', '匕', '木', '人']"
樞,15,75.11,door hinge; pivot; center of power,Traditional,"('木', '區')","['匚', '木', '口']"
槟,14,75.10,"betel-nut, areca nut",Simplified,"('木', '宾')","['斤', '八', '木', '宀', '一']"
槌,13,75.10,"hammer, mallet; strike, beat",Both,"('木', '追')","['丶', '木', '己', '辵']"
梁,11,75.7,bridge; beam; rafters; surname,Both,"('氵刅', '木')","['刀', '水', '八', '木']"
検,12,75.8,check; examine,Unknown,"('木', '㑒')","['人', '八', '丨', '木', '一', '口']"
栻,10,75.6,tree,Both,"('木', '式')","['弋', '木', '工']"
枭,8,75.4,an owl ; ill-omen,Simplified,"('乌', '木')","['丶', '木']"
杻,8,75.4,"Ligustrum sinense, tree",Both,"('木', '丑')","['二', '刀', '木']"
檖,16,75.13,wild pear tree,Both,"('木', '遂')","['木', '八', '豕', '辵']"
柷,9,75.5,instrument,Both,"('木', '兄')","['木', '口', '儿']"
朱,6,75.2,"cinnabar, vermilion; surname",Both,"('丿', '未')","['一', '木']"
椁,12,75.8,outer-coffin; vault,Simplified,"('木', '享')","['子', '亠', '木', '口']"
楯,13,75.9,shield; horizontal bar,Both,"('木', '盾')","['十', '目', '木', '⺁']"
橦,16,75.12,tree,Both,"('木', '童')","['里', '木', '立']"
梢,11,75.7,pointed tip of something long like a branch; rudder,Both,"('木', '肖')","['月', '木', '小']"
榎,14,75.10,small evergreen shrub,Both,"('木', '夏')","['一', '自', '木', '夂']"
椇,12,75.8,"(枳椇) Hovenia acerba, Chinese raisin tree",Both,"('木', '具')","['一', '目', '木', '八']"
束,7,75.3,"bind, control, restrain; bale",Both,"('木', '口')","['木', '口']"
朮,5,75.1,"skill, art; method; trick, device",Traditional,"('𣎳', '丶')","['十', '丶', '儿']"
柜,8,75.5,"cabinet, cupboard; shop counter",Both,"('木', '巨')","['匚', '木']"
桠,10,75.6,the forking branch of a tree,Simplified,"('木', '亚')","['一', '木', '八']"
村,7,75.3,"village, hamlet; uncouth, vulgar",Both,"('木', '寸')","['木', '寸']"
桬,11,75.7,pear and other trees,Both,"('沙', '木')","['丿', '木', '水', '小']"
榖,14,75.10,paper mulberry,Both,"('𣪊', '木')","['士', '木', '冖', '一', '殳']"
柏,9,75.5,"cypress, cedar",Both,"('木', '白')","['白', '木']"
櫥,19,75.15,"cabinet, wardrobe, cupboard",Traditional,"('木', '廚')","['广', '木', '寸', '豆', '十']"
朳,6,75.2,tree,Both,"('木', '八')","['木', '八']"
柘,9,75.5,a thorny tree; sugarcane,Both,"('木', '石')","['木', '石']"
欝,25,75.22,"luxuriant; dense, thick; moody",Both,"('棥', '罒?寸')","['丶', '丨', '爻', '寸', '彐', '木', '网', '乙']"
櫼,21,75.17,wedge,Both,"('木', '韱')","['人', '戈', '木', '韭']"
槐,13,75.10,locust tree,Both,"('木', '鬼')","['鬼', '木']"
櫆,17,75.14,"Polaris, the north star",Both,"('木', '魁')","['鬼', '木', '斗']"
枵,9,75.5,"hollow stump of a tree; empty, thin",Both,"('木', '号')","['一', '木', '口']"
椑,12,75.8,oval,Both,"('木', '卑')","['二', '丶', '丨', '木', '十', '冂']"
柤,9,75.5,hawthorn,Both,"('木', '且')","['月', '一', '木']"
欙,25,75.21,sedan,Both,"('木', '纍')","['木', '糸', '田']"
栟,10,75.6,hemp palm,Both,"('木', '并')","['一', '八', '木', '廾']"
榭,14,75.10,"kiosk, pavilion",Both,"('木', '射')","['身', '木', '寸']"
橒,16,75.12,wood streaks,Traditional,"('木', '雲')","['二', '木', '厶', '雨']"
枪,8,75.4,"spear, lance; gun, rifle",Simplified,"('木', '仓')","['人', '木', '乙']"
橅,16,75.12,a beech tree,Traditional,"('木', '無')","['火', '木']"
棱,12,75.8,"squared timber; angle, edge",Both,"('木', '夌')","['土', '木', '八', '夂']"
棲,12,75.8,perch; roost; stay,Traditional,"('木', '妻')","['女', '十', '聿', '木']"
木,4,75.0,"tree; wood, lumber; wooden",Both,"('木', None)",['木']
欓,24,75.20,"a cross-piece, as the round of a ladder, the rail of a chair; shelves; pigeonholes",Traditional,"('木', '黨')","['木', '黑', '冖', '小', '口']"
棰,12,75.8,"a mallet, bludgeon, pestle",Both,"('木', '垂')","['十', '木', '艸', '士']"
桿,11,75.7,pole; stick; club; pole as unit,Traditional,"('木', '旱')","['日', '干', '木']"
檝,16,75.13,oar,Both,"('木', '戢')","['耳', '戈', '木', '口']"
槧,15,75.11,wooden tablet; edition,Traditional,"('斬', '木')","['車', '斤', '木']"
杝,7,75.3,tree,Both,"('木', '也')","['丨', '木', '乙']"
櫨,20,75.16,"supporting block; sumac, loquat",Traditional,"('木', '盧')","['虍', '皿', '木', '田']"
枟,8,75.4,wood streaks,Both,"('木', '云')","['二', '木', '厶']"
未,5,75.1,not yet; eighth earthly branch,Both,"('木', '一')","['一', '木']"
橤,16,75.12,stamen,Both,"('惢', '木')","['心', '木']"
杓,7,75.3,"handle of cup, ladle, spoon; name of a constellation (the handle of the Big Dipper)",Both,"('木', '勺')","['勹', '丶', '木']"
檍,17,75.13,ilex,Both,"('木', '意')","['心', '木', '音']"
欕,23,75.20,tree name,Unknown,"('木', '嚴')","['木', '厂', '耳', '攴', '口']"
榌,13,75.9,wooden ladder,Both,"('木', '飛')","['飛', '木']"
栌,9,75.5,"supporting block; sumac, loquat",Simplified,"('木', '卢')","['尸', '木', '卜']"
椫,12,75.8,coffin,Simplified,"('木', '单')","['二', '八', '丨', '木', '十', '冂']"
槳,15,75.11,"oar, paddle",Traditional,"('將', '木')","['月', '爿', '木', '寸']"
櫂,18,75.14,"oar, scull, paddle; row",Both,"('木', '翟')","['羽', '木', '隹']"
椛,11,75.8,type of birch,Both,"('木', '花')","['人', '匕', '木', '艸']"
樛,15,75.11,"bending branches, bent limbs",Both,"('木', '翏')","['人', '羽', '木', '彡']"
梽,11,75.7,place name in Hunan,Both,"('木', '志')","['心', '木', '士']"
楙,13,75.9,name of plant; lush,Both,"('木', '矛')","['矛', '木']"
棧,12,75.8,"warehouse; tavern, inn",Traditional,"('木', '戔')","['戈', '木']"
樗,15,75.11,"Ailanthus glandulosa or A. altissima, a kind of tree useless as timber",Both,"('木', '雩')","['二', '木', '雨']"
櫽,20,75.17,shape wood by use of heat; tool for shaping bent wood,Traditional,"('隱', '木')","['心', '爪', '木', '彐', '阝', '工']"
檮,18,75.14,block of wood; blockhead; stupid,Traditional,"('木', '壽')","['士', '乙', '木', '寸', '工', '一', '口']"
棊,12,75.8,chess; any game similar to chess,Both,"('其', '木')","['一', '甘', '八', '木']"
榔,12,75.9,betel-nut tree,Both,"('木', '郎')","['丶', '丨', '木', '彐', '阝', '乙']"
李,7,75.3,plum; judge; surname,Both,"('木', '子')","['子', '木']"
枹,9,75.5,drumstick,Both,"('木', '包')","['勹', '木', '己']"
杤,7,75.3,type of oak; stable,Both,"('木', '万')","['丿', '一', '木']"
檾,18,75.14,grassy plant with fibres from which cloth is made,Traditional,"('炏', '林')","['冖', '火', '木']"
栛,10,75.6,"the lichee, a fruit which grows in South China",Both,"('木', '劦')","['木', '力']"
椗,12,75.8,anchor,Both,"('木', '定')","['宀', '一', '木', '止']"
标,9,75.5,"mark, symbol, label, sign; stand the bole of a tree",Both,"('木', '示')","['木', '示']"
橆,16,75.12,"without, apart from, none; a negative",Both,"('無*', '林')",['木']
棸,12,75.8,surname,Both,"('取', '木')","['又', '木', '耳']"
槩,13,75.10,"generally, approximately",Both,"('旣', '木')","['无', '匕', '白', '木']"
櫸,20,75.17,type of elm,Traditional,"('木', '舉')","['二', '八', '丨', '木', '臼', '一']"
桛,10,75.6,"a real, hank, skein",Unknown,"('木', '𠧗')","['一', '木', '卜']"
栢,10,75.6,"cypress, cedar",Both,"('木', '百')","['一', '白', '木']"
材,7,75.3,"material, stuff; timber; talent",Both,"('木', '才')","['一', '丿', '木']"
桂,10,75.6,cassia or cinnamon,Both,"('木', '圭')","['土', '木']"
杇,7,75.3,loquat,Both,"('木', '亏')","['二', '木']"
樏,15,75.11,sedan,Both,"('木', '累')","['木', '糸', '田']"
梄,11,75.7,a soft wood; to lay in stores of firewood,Both,"('木', '酉')","['木', '酉']"
椹,13,75.9,a chopping board,Both,"('木', '甚')","['匚', '甘', '木', '儿']"
橵,16,75.12,wood placed under roof tiles,Both,"('木', '散')","['木', '月', '一', '艸', '攴']"
柑,9,75.5,"tangerine, loose-skinned orange",Both,"('木', '甘')","['甘', '木']"
榜,14,75.10,placard; list of successful exam candidates,Both,"('木', '旁')","['八', '木', '冖', '亠', '方']"
樷,16,75.12,bushy; a grove; crowded,Both,"('木', '取')","['又', '木', '耳']"
格,10,75.6,"pattern, standard, form; style",Both,"('木', '各')","['口', '木', '夂']"
栅,9,75.5,fence; palisade; grid,Both,"('木', '册')","['一', '木', '冂']"
棕,12,75.8,hemp palm; palm tree,Both,"('木', '宗')","['宀', '木', '示']"
楰,12,75.9,tree,Both,"('木', '臾')","['臼', '人', '木']"
栃,9,75.5,type of oak; stable,Both,"('木', '厉')","['丿', '一', '木', '⺁']"
欐,23,75.19,beam,Traditional,"('木', '麗')","['一', '鹿', '木']"
槾,15,75.11,paste wall with dirt,Both,"('木', '曼')","['日', '网', '又', '木']"
梂,11,75.7,acorn cup,Both,"('木', '求')","['丿', '丶', '水', '木', '一']"
椽,13,75.9,"beams, rafters, supports",Both,"('木', '彖')","['勹', '木', '彐']"
樾,16,75.12,the shade of trees,Both,"('木', '越')","['匚', '戈', '木', '走']"
樿,16,75.12,coffin,Traditional,"('木', '單')","['二', '丨', '木', '十', '口', '冂']"
榈,13,75.9,palm,Simplified,"('木', '闾')","['门', '木', '口']"
梘,11,75.7,"bamboo tube, wooden peg; spout",Traditional,"('木', '見')","['木', '見']"
桧,10,75.6,"Chinese cypress, Chinese juniper",Simplified,"('木', '会')","['人', '木', '厶', '二']"
檸,18,75.14,lemon,Traditional,"('木', '寧')","['心', '木', '皿', '宀', '一', '亅']"
様,14,75.10,"shape, form, pattern, style",Unknown,"('木', '𣴎')","['羊', '木', '水']"
栁,9,75.5,willow,Both,"('木', '夘')","['木', '卩', '夕']"
樫,15,75.11,evergreen oak,Traditional,"('木', '堅')","['土', '又', '木', '臣']"
楨,13,75.9,"hardwood; supports, posts",Traditional,"('木', '貞')","['貝', '木', '卜']"
松,8,75.4,pine tree; fir tree,Both,"('木', '公')","['厶', '木', '八']"
櫃,18,75.14,"cupboard, wardrobe, counter",Traditional,"('木', '匱')","['匚', '丨', '木', '貝', '一', '口']"
樺,14,75.12,type of birch,Traditional,"('木', '華')","['二', '丨', '木', '一', '艸']"
棓,12,75.8,"hit, strike",Both,"('木', '咅')","['木', '立', '口']"
枏,8,75.4,a variety of evergreen tree,Both,"('木', '冄')","['二', '木', '冂']"
榮,14,75.10,"glory, honor; flourish, prosper",Traditional,"('炏', '木')","['冖', '火', '木']"
檟,17,75.13,small evergreen shrub,Traditional,"('木', '賈')","['貝', '木', '襾']"
樠,15,75.11,elm; gum,Traditional,"('木', '㒼')","['入', '木', '廾', '巾']"
杯,8,75.4,"cup, glass",Both,"('木', '不')","['丿', '一', '木', '卜']"
栽,10,75.6,"to cultivate, plant; to care for plants",Both,"('𢦏', '木')","['土', '戈', '木']"
槺,15,75.11,(榔槺) cumbersome,Both,"('木', '康')","['隶', '广', '木']"
櫝,19,75.15,"cabinet, wardrobe; closet",Traditional,"('木', '賣')","['貝', '网', '木', '士']"
椭,12,75.8,"oval-shaped, elliptical, tubular",Simplified,"('木', '陏')","['丿', '木', '阝', '月', '一']"
杂,6,75.2,"mixed, blended; mix, mingle",Simplified,"('九', '朩')","['丿', '十', '小']"
槹,15,75.11,spar; well-sweep,Both,"('木', '皐')","['十', '白', '木', '冫']"
林,8,75.4,"forest, grove; surname",Both,"('木', None)",['木']
梵,11,75.7,"Buddhist, Sanskrit",Both,"('木', '凡')","['几', '木', '丶']"
樒,15,75.11,a tree whose branches are placed on Buddhist graves,Both,"('木', '密')","['心', '丿', '木', '山', '宀']"
榇,13,75.9,coffin; tung tree,Simplified,"('木', '亲')","['十', '木', '立', '小']"
枉,8,75.4,"useless, in vain; bent, crooked",Both,"('木', '王')","['玉', '木']"
杏,7,75.3,apricot; almond,Both,"('木', '口')","['木', '口']"
條,10,75.7,"clause, condition; string, stripe",Traditional,"('攸', '木')","['人', '夂', '丨', '十', '小']"
栂,9,75.5,a kind of evergreen tree,Both,"('木', '母')","['木', '毋']"
杳,8,75.4,"obscure, dark, mysterious, deep",Both,"('木', '日')","['日', '木']"
棁,11,75.7,joist; cane,Simplified,"('木', '兌')","['木', '八', '口', '儿']"
椸,13,75.9,rack,Both,"('木', '施')","['丿', '丨', '木', '方', '一', '乙']"
桎,10,75.6,"fetters, shackles, handcuffs",Both,"('木', '至')","['木', '至']"
棬,12,75.8,bowl,Both,"('木', '卷')","['二', '八', '丨', '木', '乙']"
柺,9,75.5,an old man's staff,Traditional,"('木', '另')","['力', '木', '口']"
梹,11,75.7,the areca-nut; the betel-nut,Both,"('木', '兵')","['斤', '一', '木', '八']"
枷,9,75.5,cangue scaffold,Both,"('木', '加')","['口', '木', '力']"
椈,12,75.8,cedar,Both,"('木', '匊')","['勹', '木', '米']"
柁,9,75.5,large tie-beams,Both,"('木', '它')","['宀', '匕', '木']"
株,10,75.6,numerary adjunct for trees; root,Both,"('木', '朱')","['一', '木']"
榅,13,75.9,pillar; Cryptomeria,Simplified,"('木', '昷')","['日', '木', '皿']"
棟,12,75.8,the main beams supporting a house,Traditional,"('木', '東')","['日', '木']"
桑,10,75.6,mulberry tree; surname,Both,"('叒', '木')","['又', '木']"
檣,17,75.13,"mast, yard-arm, boom",Traditional,"('木', '嗇')","['土', '囗', '木', '人']"
橡,15,75.12,chestnut oak; rubber tree; rubber,Both,"('木', '象')","['刀', '丨', '木', '勹', '口']"
橧,16,75.12,hut,Both,"('木', '曾')","['八', '丨', '木', '日', '口']"
樱,15,75.11,"cherry, cherry blossom",Simplified,"('木', '婴')","['女', '木']"
槲,15,75.11,type of oak,Both,"('木', '斛')","['角', '木', '斗']"
柊,9,75.5,holly,Both,"('木', '冬')","['丶', '木', '夂']"
条,7,75.3,"clause, condition; string, stripe",Simplified,"('夂', '木')","['小', '十', '夂']"
根,10,75.6,"root, base(d on); foundation",Both,"('木', '艮')","['艮', '木']"
械,11,75.7,"weapons; implements, instruments",Both,"('木', '戒')","['戈', '木', '艸']"
栏,9,75.5,"railing, balustrade; animal pen",Simplified,"('木', '兰')","['一', '木', '八', '二']"
棳,12,75.8,"small pillars that support the roof, those which rest on the main bean",Both,"('木', '叕')","['又', '木']"
梩,11,75.7,"a hod, a basket in which to carry earth",Both,"('木', '里')","['里', '木']"
椶,13,75.9,palm tree,Both,"('木', '㚇')","['丿', '凵', '八', '夂', '木']"
棚,12,75.8,"tent, awning; booth; shed",Both,"('木', '朋')","['月', '木']"
杸,8,75.4,to kill; a spear,Both,"('木', '殳')","['木', '殳']"
梼,11,75.7,block of wood; blockhead; stupid,Simplified,"('木', '寿')","['二', '丨', '木', '寸', '一']"
橔,16,75.12,"withered, dried-up; cloth coffin-lid cover",Both,"('木', '敦')","['子', '木', '亠', '攴', '口']"
櫫,19,75.15,"wooden peg, post or stick",Traditional,"('豬', '木')","['日', '豕', '木', '老']"
棡,12,75.8,"(simplified form of 棡) a tall tree; a large tree, (interchangeable 扛) to carry on the shoulders of two of more men",Traditional,"('木', '岡')","['八', '木', '山', '一', '冂']"
槤,14,75.11,a flail,Traditional,"('木', '連')","['車', '木', '辵']"
杅,7,75.3,tub,Both,"('木', '于')","['干', '木', '亅']"
樵,16,75.12,woodcutter; firewood; gather wood,Both,"('木', '焦')","['火', '隹', '木']"
楔,13,75.9,wedge; gatepost; foreword,Both,"('木', '契')","['二', '刀', '丨', '木', '大', '一']"
柸,9,75.5,"(same as 杯 桮) cup; unhappy, displeased, anxious, unsettled",Both,"('木', '丕')","['丿', '一', '木', '卜']"
槻,15,75.11,zelkova tree,Traditional,"('木', '規')","['人', '木', '見', '二']"
椪,12,75.8,"Machilus nanmu, variety of evergreen",Both,"('木', '並')","['一', '木', '八']"
栲,10,75.6,mangrove,Both,"('木', '考')","['一', '木', '老']"
樳,16,75.12,tall tree,Traditional,"('木', '尋')","['木', '寸', '彐', '工', '口']"
桓,10,75.6,variety of tree; surname,Both,"('木', '亘')","['日', '一', '木']"
檨,16,75.13,mango,Both,"('木', '羡')","['羊', '欠', '木', '冫']"
森,12,75.8,forest; luxuriant vegetation,Both,"('木', None)",['木']
榆,13,75.9,elm tree,Both,"('木', '俞')","['人', '刀', '木', '月', '一']"
柎,9,75.5,calyx of flower; railing raft,Both,"('木', '付')","['人', '木', '寸']"
案,10,75.6,"table, bench; legal case",Both,"('安', '木')","['宀', '木', '女']"
楊,13,75.9,"willow, poplar, aspen; surname",Traditional,"('木', '昜')","['日', '一', '勹', '木']"
榢,14,75.10,"a frame, a stand, a rack. framework or scaffold.to lay on a frame; to put up",Both,"('木', '家')","['宀', '木', '豕']"
欛,25,75.21,a handle,Both,"('木', '霸')","['月', '木', '革', '雨']"
榷,14,75.10,"footbridge; toll, levy; monopoly",Both,"('木', '隺')","['隹', '木', '巾']"
橊,16,75.12,(variant of 榴) pomegranate,Both,"('木', '畱')","['一', '木', '田']"
枴,9,75.5,cane,Traditional,"('木', '叧')","['刀', '木', '口']"
棹,12,75.8,oar; boat,Both,"('木', '卓')","['日', '十', '木', '卜']"
棨,12,75.8,tally or wooden pass,Both,"('𢼄', '木')","['户', '木', '攴']"
檬,17,75.14,type of locust tree or acacia,Both,"('木', '蒙')","['二', '木', '冖', '勹', '艸']"
朿,6,75.2,stab,Both,"('木', '冂')","['木', '冂']"
梳,11,75.7,comb; brush,Both,"('木', '㐬')","['厶', '丨', '木', '亠', '儿']"
枒,8,75.4,the coconut tree; rim,Both,"('木', '牙')","['木', '牙']"
東,8,75.4,"east, eastern, eastward",Traditional,"('木', '日')","['日', '木']"
櫱,20,75.16,"stump, sprout",Traditional,"('辥', '木')","['丶', '木', '屮', '辛', '己']"
櫓,19,75.15,"oar, scull; row",Traditional,"('木', '魯')","['日', '木', '魚']"
槔,14,75.10,"well sweep, water pulley",Both,"('木', '皋')","['大', '十', '白', '木']"
槜,14,75.10,wooden rammer or pestle,Unknown,"('木', '隽')","['丿', '隹', '木']"
橱,16,75.12,"cabinet, wardrobe, cupboard",Simplified,"('木', '厨')","['寸', '木', '厂', '豆']"
榃,13,75.9 102.8,raised path between fields,Both,"('木', '田')","['田', '木']"
椓,12,75.8,"strike, hit, beat, hammer",Both,"('木', '豖')","['勹', '一', '丶', '木']"
桜,10,75.6,"cherry, cherry blossom",Unknown,"('木', '小女')","['女', '木', '小']"
榘,13,75.9,"carpenter's square, ruler, rule",Traditional,"('矩', '木')","['匚', '木', '矢']"
杆,7,75.3,pole; shaft of spear,Both,"('木', '干')","['干', '木']"
楡,13,75.9,elm tree,Unknown,"('木', '兪')","['人', '木', '川', '月', '一']"
术,5,75.1,"art, skill, special feat; method, technique",Both,"('木', '丶')","['丶', '木']"
椵,13,75.9,"pompelmous; canque (breech, rump, buttock)",Both,"('木', '叚')","['又', '二', '尸', '木']"
櫧,19,75.16,Oak,Traditional,"('木', '諸')","['日', '木', '老', '言']"
橿,17,75.13,a kind of oak,Both,"('木', '畺')","['田', '一', '木', '二']"
櫶,20,75.16,Excentrodendron hsienmu,Traditional,"('木', '憲')",['木']
楘,13,75.9,band,Both,"('敄', '木')","['矛', '木', '攴']"
栾,10,75.6 8.8,name of tree; a part of cornice,Both,"('亦', '木')","['八', '丨', '木', '亠', '亅']"
樁,15,75.11,"stake, post; affair, matter",Traditional,"('木', '舂')","['二', '八', '丨', '木', '臼', '一']"
柙,9,75.5,"cage, pen for wild animals",Both,"('木', '甲')","['二', '丨', '木', '冂']"
欖,25,75.21,olive,Traditional,"('木', '覽')","['丿', '丶', '木', '見', '臣', '一', '网']"
杠,7,75.3,"lever, pole, crowbar; sharpen",Both,"('木', '工')","['木', '工']"
梴,10,75.7,long,Both,"('木', '延')","['止', '廴', '木']"
椧,12,75.8,gutter,Unknown,"('木', '命')","['人', '木', '卩', '一', '口']"
棂,11,75.7,carved or patterned window sills,Simplified,"('木', '灵')","['火', '木', '彐']"
榻,14,75.10,"cot, couch, bed",Both,"('木', '𦐇')","['日', '羽', '木']"
梫,11,75.7,ancient term for cassia,Both,"('木', '𠬶')","['冖', '又', '木', '彐']"
棪,12,75.8,tree,Both,"('木', '炎')","['火', '木']"
枞,8,75.4,fir tree,Simplified,"('木', '从')","['人', '木']"
柰,9,75.5,"crab-apple tree; endure, bear",Both,"('木', '示')","['木', '示']"
柣,9,75.5,sill,Both,"('木', '失')","['人', '木', '二']"
機,16,75.12,"machine; moment, chance",Traditional,"('木', '幾')","['幺', '人', '戈', '木']"
檉,17,75.13,type of willow; tamarisk,Traditional,"('木', '聖')","['口', '玉', '木', '耳']"
橢,15,75.12,"oval-shaped, elliptical, tubular",Traditional,"('木', '隋')","['丿', '木', '阝', '工', '月', '一']"
桯,11,75.7,table,Both,"('木', '呈')","['玉', '木', '口']"
栄,9,75.5,"glory, honor; flourish, prosper",Unknown,"('小', '木')","['冖', '木', '小']"
杷,8,75.4,loquat,Both,"('木', '巴')","['丨', '木', '乙']"
槭,15,75.11,maple,Both,"('木', '戚')","['卜', '木', '厂', '戈', '小', '一']"
楮,12,75.9,mulberry; paper,Both,"('木', '者')","['日', '木', '老']"
槽,15,75.11,"trough; manger; vat, tank; groove; a distillery",Both,"('木', '曹')","['二', '凵', '木', '日', '艸']"
椥,12,75.8,place in Vietnam,Both,"('木', '知')","['木', '口', '矢']"
桉,10,75.6,eucalyptus,Both,"('木', '安')","['宀', '木', '女']"
樑,15,75.11,bridge; beam,Both,"('木', '梁')","['刀', '水', '木', '八']"
樓,15,75.11,building of two or more stories,Traditional,"('木', '婁')","['女', '十', '木', '口']"
概,13,75.9,"generally, approximately",Both,"('木', '既')","['丶', '无', '丨', '木', '彐', '乙']"
權,21,75.18,"power, right, authority",Traditional,"('木', '雚')","['隹', '木', '艸', '口']"
檠,16,75.13,stand for lamp; frame for bow,Both,"('敬', '木')","['木', '口', '勹', '艸', '攴']"
档,10,75.6,"shelf; frame, crosspiece",Simplified,"('木', '当')","['小', '木', '彐']"
桊,10,75.6,a small iron ring or wooden stick worn on the nose of a bull,Both,"('龹', '木')","['二', '丨', '八', '木']"
棑,12,75.8,raft,Both,"('木', '非')","['木', '非']"
桮,11,75.7,"cup, glass, tumbler",Unknown,"('木', '否')","['丿', '卜', '木', '一', '口']"
栴,10,75.6,sandalwood,Both,"('木', '丹')","['丿', '木', '亠', '一', '冂']"
枓,8,75.4,capital,Both,"('木', '斗')","['木', '斗']"
権,15,75.11,"power, right, authority",Unknown,"('朲', '隹')","['丿', '隹', '木', '十', '一']"
梏,11,75.7,"handcuffs, manacles, fetters",Both,"('木', '告')","['牛', '木', '口']"
櫻,21,75.17,"cherry, cherry blossom",Traditional,"('木', '嬰')","['女', '貝', '木']"
棺,12,75.8,coffin,Both,"('木', '官')","['宀', '木', '己']"
梶,11,75.7,"oar, shaft",Both,"('木', '尾')","['毛', '尸', '木']"
梍,11,75.7,tree name,Both,"('木', '皂')","['一', '白', '木', '乙']"
桨,10,75.6,"oar, paddle",Simplified,"('~收', '木')","['爿', '木', '夕']"
檛,15,75.13,"a switch, whip",Traditional,"('木', '過')","['口', '木', '冂', '辵']"
枯,9,75.5,"dried out, withered, decayed",Both,"('木', '古')","['十', '木', '口']"
板,8,75.4,"plank, board; iron or tin plate",Both,"('木', '反')","['又', '木', '⺁']"
桁,10,75.6,cross-beams of roof,Both,"('木', '行')","['木', '行']"
枰,9,75.5,smooth board; chessboard; chess,Both,"('木', '平')","['干', '木', '八']"
榛,14,75.10,"hazelnut; thicket, underbrush",Both,"('木', '秦')","['二', '八', '丨', '木', '禾', '一']"
杞,7,75.3,willow; medlar tree; a small feudal state (Qi),Both,"('木', '己')","['木', '己']"
橰,16,75.12,a spar,Unknown,"('木', '臯')","['十', '自', '木', '冫']"
朽,6,75.2,"decayed, rotten; rot, decay",Both,"('木', '丂')","['一', '木']"
樝,15,75.11,a kind of hawthorne,Both,"('木', '虘')","['虍', '一', '木', '月']"
欞,28,75.24,"the lattice of a window a sill, a lintel",Traditional,"('木', '靈')","['人', '雨', '木', '工', '口']"
棃,12,75.8,a pear,Both,"('𥝢', '木')","['禾', '勹', '木']"
櫪,20,75.16,type of oak; stable,Traditional,"('木', '歷')","['禾', '止', '木', '厂']"
楚,13,75.9,name of feudal state; clear,Both,"('木', '疋')","['疋', '木']"
橘,16,75.12,"orange, tangerine",Both,"('木', '矞')","['八', '木', '冂', '矛', '口']"
桅,10,75.6,mast of ship,Both,"('木', '危')","['刀', '木', '厂', '乙']"
枱,9,75.5,"a table, desk",Both,"('木', '台')","['厶', '木', '口']"
枠,8,75.4,"a frame; a reel, spindle, spool",Unknown,"('木', '卆')","['丿', '木', '十']"
桕,10,75.6,tallow tree,Both,"('木', '臼')","['臼', '木']"
杕,7,75.3,alone,Both,"('木', '大')","['大', '木']"
楛,12,75.9,"coarse, crude; plant",Both,"('木', '苦')","['十', '木', '艸', '口']"
杶,8,75.4,varnish,Both,"('木', '屯')","['十', '木', '屮', '乙']"
桤,10,75.6,alder,Simplified,"('木', '岂')","['己', '木', '山']"
楂,13,75.9,"a raft, to hew, to fell trees",Both,"('木', '查')","['日', '一', '木']"
楹,13,75.9,"column, pillar; numerary adjunct",Both,"('木', '盈')","['丿', '又', '木', '皿']"
棻,11,75.8,kind of wood from which perfume is made,Both,"('芬', '木')","['刀', '艸', '八', '木']"
枑,8,75.4,"anciently, a wooden fence in front of a yamen",Both,"('木', '互')","['一', '木', '彐']"
栳,10,75.6,a basket,Both,"('木', '老')","['木', '老']"
桋,10,75.6,tree,Both,"('木', '夷')","['大', '木', '弓']"
榱,14,75.10,rafter,Both,"('木', '衰')","['一', '囗', '衣', '木']"
栘,10,75.6,fruit tree,Both,"('木', '多')","['木', '夕']"
梖,11,75.7,a palm-tree,Traditional,"('木', '貝')","['貝', '木']"
橇,16,75.12,a sledge for transportation,Both,"('木', '毳')","['毛', '木']"
梭,11,75.7,weaver's shuttle; go to and fro,Both,"('木', '夋')","['厶', '木', '八', '夂']"
楬,13,75.9,tablet; a signpost,Both,"('木', '曷')","['勹', '人', '曰', '木']"
枾,9,75.5,persimmon,Both,"('木', '?')","['二', '丨', '木']"
栋,9,75.5,main beams supporting house,Simplified,"('木', '东')","['一', '木', '小', '乙']"
柿,9,75.5,persimmon,Both,"('木', '市')","['亠', '木', '巾']"
枬,8,75.4,"an even-grained, yellowish, fine wood used for furniture; cedar",Both,"('木', '丹')","['亠', '木', '冂']"
楣,13,75.9,crossbeam above or under gate,Both,"('木', '眉')","['目', '丨', '木']"
梎,11,75.7,"sickle handle, branch",Both,"('木', '皀')","['白', '匕', '木']"
染,9,75.5,dye; be contagious; infect,Both,"('氿', '木')","['丿', '木', '水']"
橚,17,75.12,tall tree,Traditional,"('木', '肅')","['一', '聿', '木']"
楩,13,75.9,tree,Both,"('木', '便')","['人', '丿', '丨', '木', '日', '一']"
樸,16,75.12,"simple, honest; plain; rough",Traditional,"('木', '菐')","['人', '二', '八', '木', '一']"
槀,14,75.10,"draft, manuscript",Both,"('高', '木')","['木', '高']"
櫾,21,75.17,the pomelo,Both,"('木', '繇')","['缶', '木', '糸', '爪']"
楞,13,75.9,used for Ceylon in Buddhist texts,Both,"('木', '罒方')","['网', '木', '方']"
槍,14,75.10,"spear, lance; gun, rifle",Traditional,"('木', '倉')","['人', '丶', '丨', '木', '彐', '口']"
桟,10,75.6,"a crosspiece, cleat, frame, door bolt; shelf",Unknown,"('木', '𢦑')","['一', '戈', '木']"
榤,14,75.10,perch for fowls roost on,Both,"('木', '桀')","['舛', '木']"
棠,12,75.8,crab apple tree; wild plums,Both,"('小', '呆')","['冖', '小', '木', '口']"
样,10,75.6,"shape, form, pattern, style",Simplified,"('木', '羊')","['羊', '木']"
楪,13,75.9,small dish; window,Both,"('木', '枼')","['木', '廾']"
杲,8,75.4,bright sun; brilliant; high,Both,"('日', '木')","['日', '木']"
柚,9,75.5,"pomelo, grapefruit",Both,"('木', '由')","['二', '丨', '木', '凵']"
梠,10,75.7,a small beam supporting the rafters at the eaves,Both,"('木', '呂')","['木', '口']"
欄,21,75.17,"railing, balustrade; animal pen",Traditional,"('木', '闌')","['門', '八', '丨', '木', '口']"
橜,16,75.12,"a post, a stake; an axle",Both,"('厥', '木')","['八', '木', '屮', '厂', '一', '欠']"
槿,15,75.11,hibiscus,Both,"('木', '堇')","['丨', '木', '廾', '玉', '口']"
棙,12,75.8,obstinate; to draw the fingers across; to steer,Both,"('木', '戾')","['户', '木', '犬']"
杢,7,75.3,woodworker,Both,"('木', '工')","['木', '工']"
樣,15,75.11,"shape, form, pattern, style",Traditional,"('木', '羕')","['羊', '丶', '木']"
椊,12,75.8,to fit a handle into a socket; a plug or cork,Both,"('木', '卒')","['十', '亠', '木', '人']"
椿,13,75.9,father; a plant with white flowers,Both,"('木', '春')","['二', '八', '丨', '木', '日', '一']"
棜,12,75.8,"branch, fork; tray",Both,"('木', '於')","['人', '丶', '木', '方']"
樐,15,75.11,"a lookout turret on a city wall, movable wooden tower for archers; a scull a sweep, an oar",Both,"('木', '鹵')","['鹵', '木']"
枚,8,75.4,"stalk of shrub, trunk of tree",Both,"('木', '攵')","['木', '攴']"
槱,15,75.11,firewood for sacrifice,Both,"('梄', '灬')","['火', '木', '酉']"
析,8,75.4,split wood; break apart; divide,Both,"('木', '斤')","['斤', '木']"
梗,11,75.7,"stem of flower, branch of plant",Both,"('木', '更')","['丿', '丨', '木', '日', '一']"
柠,9,75.5,lemon,Simplified,"('木', '宁')","['宀', '一', '木', '亅']"
樽,16,75.12,"goblet; jar, jug; lush",Both,"('木', '尊')","['八', '寸', '木', '酉']"
桩,10,75.6,"stake, post; affair, matter",Simplified,"('木', '庄')","['土', '广', '木']"
極,12,75.9,"extreme, utmost, furthest, final",Traditional,"('木', '亟')","['亅', '又', '木', '一', '口']"
椄,12,75.8,to graft,Both,"('木', '妾')","['女', '木', '立']"
梻,11,75.7,a tree whose branches are placed on Buddhist graves,Unknown,"('木', '佛')","['人', '木', '弓']"
桐,10,75.6,name applied various trees,Both,"('木', '同')","['一', '口', '木', '冂']"
权,6,75.2,"power, right, authority",Both,"('木', '又')","['又', '木']"
朵,6,75.2,cluster of flowers; earlobe,Both,"('几', '木')","['几', '木']"
桹,11,75.7,palm,Both,"('木', '良')","['艮', '丶', '木']"
橼,16,75.12,citrus,Simplified,"('木', '缘')","['勹', '木', '纟', '彐']"
欏,23,75.19,the horse-chestnut,Traditional,"('木', '羅')","['隹', '木', '糸', '网']"
椲,13,75.9,"(simplified form of 椲) a kind of wood (used as a kind of material to make basin and bowl, etc.); (same as 楎) a peg for hanging things on, a clothes-horse",Traditional,"('木', '韋')","['木', '韋']"
橓,16,75.12,hibiscus; transient,Both,"('木', '舜')","['冖', '舛', '木', '爪']"
檑,17,75.13,logs rolled down to defend a city,Both,"('木', '雷')","['木', '田', '雨']"
桡,10,75.6,bent or twisted piece of wood,Simplified,"('木', '尧')","['一', '木', '儿']"
杖,7,75.3,"cane, walking stick",Both,"('木', '丈')","['丿', '十', '木']"
樕,15,75.11,shrub,Both,"('木', '欶')","['欠', '木', '口']"
樨,16,75.11,scrambled eggs,Both,"('木', '犀')","['牛', '尸', '木', '水']"
桷,11,75.7,rafter; Malus toringo,Both,"('木', '角')","['角', '木']"
槢,15,75.11,a hard wood,Both,"('木', '習')","['羽', '白', '木']"
椤,12,75.8,tree,Simplified,"('木', '罗')","['网', '木', '夕']"
棫,12,75.8,thorny shrub with yellow flowers; a kind of oak,Both,"('木', '或')","['一', '戈', '木', '口']"
枥,8,75.4,type of oak; stable,Simplified,"('木', '历')","['木', '厂', '力']"
檜,17,75.13,"Chinese cypress, Chinese juniper",Traditional,"('木', '會')","['人', '八', '丨', '木', '日', '一', '口']"
桢,10,75.6,"hardwood; supports, posts",Simplified,"('木', '贞')","['贝', '木', '卜']"
末,5,75.1,"final, last, end; insignificant",Both,"('木', '一')","['一', '木']"
椷,13,75.9,box; casket; letter; envelope,Both,"('木', '咸')","['木', '厂', '戈', '一', '口']"
橛,16,75.12,"a post, a stake; an axle",Both,"('木', '厥')","['八', '木', '屮', '厂', '一', '欠']"
楟,13,75.9,tree,Both,"('木', '亭')","['亅', '木', '冖', '亠', '一', '口']"
杭,8,75.4,cross stream; navigate,Both,"('木', '亢')","['亠', '木', '几']"
橹,16,75.12,"oar, scull; row, scull",Simplified,"('木', '鲁')","['鱼', '木', '日']"
枡,8,75.4,measuring box,Both,"('木', '升')","['木', '艸']"
槖,14,75.10,a sack; a stamping sound,Both,"('士', '䂞')","['冖', '木', '石', '士']"
橥,15,75.11,"wooden peg, post or stick",Simplified,"('猪', '木')","['日', '木', '老', '犬']"
桔,10,75.6,Chinese bellflower; well-swept; the inner fibers of corn-stalks,Both,"('木', '吉')","['木', '口', '士']"
梲,11,75.7,"joist; cane, club; king-post",Traditional,"('木', '兌')","['木', '八', '口', '儿']"
杗,7,75.3,beam,Both,"('亡', '木')","['丶', '匸', '木']"
榀,13,75.9,classifier for roof beams,Both,"('木', '品')","['木', '口']"
樋,14,75.11,tree name,Both,"('木', '通')","['木', '用', '辵']"
梊,11,75.7,squeeze out of; extract,Both,"('折', '木')","['斤', '木', '手']"
楳,13,75.9,plums; prunes; surname,Unknown,"('木', '某')","['甘', '木']"
楼,13,75.9,building of two or more stories,Both,"('木', '娄')","['女', '木', '米']"
梅,11,75.7,plums; prunes; surname,Both,"('木', '每')","['一', '丿', '木', '毋']"
槼,15,75.11,"rules, regulations, customs, law",Traditional,"('規', '木')","['人', '木', '見', '二']"
椠,12,75.8,wooden tablet; edition,Simplified,"('斩', '木')","['斤', '车', '木']"
榊,13,75.10,a sacred Shinto tree,Both,"('木', '神')","['日', '丨', '木', '示']"
枘,8,75.4,the handle of tools,Both,"('木', '內')","['人', '木', '冂']"
桼,11,75.7,"the varnish tree; lacquer, varnish, paint",Both,"('木', '汆')","['人', '木', '水']"
柯,9,75.5,"axe-handle; stalk, bough; surname",Both,"('木', '可')","['一', '口', '木', '亅']"
桶,11,75.7,"pail, bucket, tub; cask, keg",Both,"('木', '甬')","['木', '用']"
橕,16,75.12,a prop; a shore,Both,"('木', '牚')","['木', '冖', '口', '小', '牙']"
樹,16,75.12,"tree; plant; set up, establish",Traditional,"('木', '尌')","['十', '木', '寸', '豆']"
杜,7,75.3,"stop, prevent; restrict; surname",Both,"('木', '土')","['土', '木']"
枻,9,75.5,"long oar, sweep",Both,"('木', '世')","['木', '廾']"
栈,9,75.5,"warehouse; tavern, inn",Simplified,"('木', '戋')","['一', '戈', '木']"
櫜,19,75.15,quiver (case for arrows),Both,"('櫜', None)","['卜', '夂', '丨', '木', '冖', '十', '口']"
柝,9,75.5,watchman's rattle,Both,"('木', '斥')","['斤', '丶', '木']"
槪,15,75.11,generally,Both,"('木', '旣')","['白', '匕', '木', '无']"
札,5,75.1,"letter, note; correspondence",Both,"('木', '乚')","['木', '乙']"
檎,16,75.13,small red apple,Both,"('木', '禽')","['人', '凵', '禸', '丿', '木', '亠']"
树,9,75.5,"tree; plant; set up, establish",Simplified,"('木', '对')","['又', '木', '寸']"
榉,13,75.9,type of elm,Simplified,"('木', '举')","['二', '八', '丨', '木', '小', '一']"
櫺,21,75.17,carved or patterned window sills,Both,"('木', '霝')","['木', '口', '雨']"
楸,13,75.9,"Mallotus japonicus, East Asian mallotus, (J) akamegashiwa",Both,"('木', '秋')","['禾', '火', '木']"
检,11,75.7,check; examine,Simplified,"('木', '佥')","['一', '人', '木', '小']"
欑,23,75.19,gather,Traditional,"('木', '贊')","['貝', '木', '牛', '儿']"
柄,9,75.5,"handle, lever, knob; authority",Both,"('木', '丙')","['一', '木', '人', '冂']"
楷,13,75.9,model style of Chinese writing,Both,"('木', '皆')","['比', '白', '木']"
栗,10,75.6,"chestnut tree, chestnuts; surname",Both,"('覀', '木')","['襾', '木']"
栒,10,75.6,cross bar,Both,"('木', '旬')","['勹', '木', '日']"
框,10,75.6,frame; framework; door frame,Both,"('木', '匡')","['匚', '玉', '木']"
梿,11,75.7,a flail,Simplified,"('木', '连')","['车', '木', '辵']"
杣,7,75.3,"timber forest; timber, lumber; woodcutter",Both,"('木', '山')","['木', '山']"
檫,18,75.14,sassafras tzumu,Both,"('木', '察')","['月', '木', '示', '卩', '宀']"
植,12,75.8,"plant, trees, plants; grow",Both,"('木', '直')","['一', '十', '目', '木']"
椀,12,75.8,bowl; cup; dish,Both,"('木', '宛')","['宀', '木', '乙', '夕']"
柟,9,75.5,"Machilus nanmu, variety of evergreen",Unknown,"('木', '冉')","['土', '木', '冂']"
朴,6,75.2,"simple, unadorned; sincere; surname; a tree",Both,"('木', '卜')","['木', '卜']"
柮,9,75.5,"flat pieces of wood, scraps of wood",Both,"('木', '出')","['木', '山']"
槎,13,75.10,"raft; time, occasion; to hew",Both,"('木', '差')","['羊', '木', '工']"
极,7,75.3,"extreme, utmost, furthest, final",Both,"('木', '及')","['丿', '木']"
棅,12,75.8,"handle, lever, knob; authority",Both,"('木', '秉')","['禾', '木', '彐']"
枢,8,75.4,door hinge; pivot; center of power,Simplified,"('木', '区')","['丿', '匚', '木']"
橄,15,75.12,olive,Both,"('木', '敢')","['攴', '木', '耳']"
欃,21,75.17,sandalwood; comet,Both,"('木', '毚')","['丶', '乙', '刀', '丨', '木', '比', '口']"
柽,9,75.5,type of willow; tamarisk,Simplified,"('木', '圣')","['土', '又', '木']"
杼,8,75.4,shuttle of loom; narrow; long-headed; a scrub oak; thin,Both,"('木', '予')","['木', '亅', '乙']"
梡,11,75.7,tray for carrying sacrificial meat,Both,"('木', '完')","['宀', '二', '木', '儿']"
橁,16,75.12,tree,Both,"('木', '筍')","['勹', '木', '竹', '日']"
橋,16,75.12,"bridge; beam, crosspiece",Traditional,"('木', '喬')","['冂', '大', '木', '口']"
梯,11,75.7,"ladder, steps, stairs; lean",Both,"('木', '弟')","['丨', '木', '八', '弓']"
栵,10,75.6,hedge,Both,"('木', '列')","['刀', '木']"
榥,14,75.10,screen,Both,"('木', '晃')","['木', '小', '儿', '日', '一']"
栞,10,75.6,"publication, periodical; publish",Unknown,"('干', '木')","['干', '木', '亅']"
横,15,75.11,across,Simplified,"('木', '黄')","['二', '凵', '八', '丨', '木', '一', '艸']"
檀,17,75.13,"sandalwood, hardwood; surname",Both,"('木', '亶')","['木', '囗', '亠', '日', '一']"
栩,10,75.6,"species of oak; be glad, be pleased",Both,"('木', '羽')","['羽', '木']"
棖,12,75.8,"door stop, door jam; touch; a prop, post",Traditional,"('木', '長')","['木', '長']"
檼,18,75.14,ridge pole; shape wood by use of heat; tool for shaping bent wood,Both,"('木', '')","['心', '爪', '木', '彐', '工']"
標,15,75.11,"a mark, symbol, label, sign; standard",Traditional,"('木', '票')","['襾', '木', '示']"
椅,12,75.8,"chair, seat",Both,"('木', '奇')","['亅', '大', '木', '一', '口']"
枸,9,75.5,kind of aspen found in Sichuan,Both,"('木', '句')","['勹', '木', '口']"
桺,11,75.7,willow,Unknown,"('木', '丣')","['一', '木']"
槁,14,75.10,"wither; withered, rotten, dead",Both,"('木', '高')","['木', '高']"
榪,14,75.10,headboard,Traditional,"('木', '馬')","['馬', '木']"
榦,14,75.10,"tree trunk; support, prop",Traditional,"('倝', '木')","['日', '十', '木', '人']"
构,8,75.4,"frame, building, structure",Both,"('木', '勾')","['勹', '厶', '木']"
桵,11,75.7,small thorny bushes,Both,"('木', '妥')","['女', '木', '爪']"
槠,14,75.10,Oak,Simplified,"('木', '诸')","['日', '木', '老', '讠']"
橐,16,75.12,"a sack, a bag opening at both ends",Both,"('橐', None)","['丨', '木', '冖', '十', '石', '口']"
楫,13,75.9,"oar, paddle",Both,"('木', '咠')","['耳', '木', '口']"
栝,10,75.6,a builder's frame for measuring,Both,"('木', '舌')","['木', '舌']"
朶,6,75.2,cluster of flowers; earlobe,Both,"('乃', '木')","['丿', '木']"
楀,13,75.9,name of tree; surname,Both,"('木', '禹')","['虫', '木', '冂']"
梧,11,75.7,"Chinese parasol tree, Sterculia platanifolia",Both,"('木', '吾')","['一', '口', '木', '力']"
棒,12,75.8,"stick, club, truncheon; hit",Both,"('木', '奉')","['二', '八', '丨', '木', '一']"
梮,11,75.7,snowshoes,Both,"('木', '局')","['尸', '木', '口']"
桲,11,75.7,quince,Both,"('木', '孛')","['冖', '十', '木', '子']"
柬,9,75.5,"letter, invitation; choose",Both,"('柬', None)","['丨', '木', '八', '口']"
榨,14,75.10,to press or extract juices; a press to extract juices; a vegetable,Both,"('木', '窄')","['丿', '二', '丨', '木', '穴', '一']"
檗,17,75.13,a cork tree,Both,"('辟', '木')","['尸', '木', '辛', '口']"
杌,7,75.3,"the stump of a tree, hence, sterility; a square stool",Both,"('木', '兀')","['一', '木', '儿']"
椟,12,75.8,"cabinet, wardrobe; closet",Simplified,"('木', '卖')","['丶', '大', '木', '十', '乙']"
椰,12,75.9,"palm tree, coconut palm",Both,"('木', '耶')","['木', '阝', '耳']"
槛,14,75.10,"threshold, door-sill",Simplified,"('木', '监')","['丿', '丶', '丨', '木', '皿', '一']"
栔,10,75.6,"carve, engrave",Both,"('㓞', '木')","['二', '刀', '丨', '木', '一']"
枋,8,75.4,sandalwood; tree used as timber,Both,"('木', '方')","['木', '方']"
欋,22,75.18,to wave; fool; urge,Both,"('木', '瞿')","['目', '隹', '木']"
檯,18,75.14,table,Traditional,"('木', '臺')","['士', '木', '冖', '至', '口']"
桄,10,75.6,a coir-palm,Both,"('木', '光')","['一', '木', '小', '儿']"
桥,10,75.6,"bridge; beam, crosspiece",Simplified,"('木', '乔')","['大', '木']"
杙,7,75.3,a tiny wooden post; peg,Both,"('木', '弋')","['弋', '木']"
楽,13,75.9,"happy, glad; enjoyable; music",Unknown,"('冫白冫', '木')","['白', '木', '冫']"
桪,10,75.6,mythical giant tree,Simplified,"('木', '寻')","['木', '寸', '彐']"
某,9,75.5,certain thing or person,Both,"('甘', '木')","['甘', '木']"
樻,16,75.12,"cupboard, wardrobe, counter",Traditional,"('木', '貴')","['丨', '木', '貝', '一', '口']"
杴,8,75.4,shovel; trough used to carry water,Both,"('木', '欠')","['欠', '木']"
栎,9,75.5,chestnut-leaved oak; oak,Simplified,"('木', '乐')","['木', '小']"
柅,9,75.5,flourish,Both,"('木', '尼')","['匕', '尸', '木']"
橈,16,75.12,bent or twisted piece of wood; a paddle,Traditional,"('木', '堯')","['土', '一', '木', '儿']"
椮,12,75.8,leafless; fish trap,Simplified,"('木', '参')","['厶', '大', '木', '彡']"
杮,8,75.4,wood shavings,Both,"('木', '巿')","['十', '木', '巾']"
枲,9,75.5,male nettle-hemp,Both,"('厶', '呆')","['厶', '木', '口']"
栍,9,75.5,a lot; a label; a slip of bamboo engraved with signs,Unknown,"('木', '生')","['木', '生']"
杈,7,75.3,fork of a tree; a pitchfork,Both,"('木', '叉')","['丶', '又', '木']"
槕,14,75.10,"table, desk",Unknown,"('木', '桌')","['日', '木', '卜']"
榾,13,75.10,pieces of wood,Both,"('木', '骨')","['骨', '木']"
棢,12,75.8,the felloe or rim of a wheel,Both,"('木', '罔')","['丶', '八', '匸', '木', '一', '冂']"
梱,11,75.7,doorsill; doorjamb,Both,"('木', '困')","['囗', '木']"
棯,12,75.8,jujube tree,Both,"('木', '念')","['心', '人', '丶', '木']"
杪,8,75.4,"tip of twig, top of tree; twig",Both,"('木', '少')","['丿', '木', '小']"
棄,12,75.8,"reject, abandon, discard",Traditional,"('棄', None)","['厶', '木', '亠', '山', '一']"
椳,13,75.9,"the pivots, at the top and bottom of a Chinese door, on which the door turns",Both,"('木', '畏')","['一', '木', '田', '乙']"
槮,15,75.11,leafless; fish trap,Traditional,"('木', '參')","['厶', '人', '木', '彡']"
楢,13,75.9,tinder,Both,"('木', '酋')","['八', '木', '酉']"
榫,14,75.10,mortise and tenon; fit into,Both,"('木', '隼')","['十', '隹', '木']"
槨,14,75.11,outer-coffin,Traditional,"('木', '郭')","['子', '木', '亠', '阝', '口']"
棘,12,75.8,"jujube tree; thorns, brambles",Both,"('朿', None)","['木', '冂']"
檔,17,75.13,"shelf; frame, crosspiece",Traditional,"('木', '當')","['木', '冖', '田', '小', '口']"
桃,10,75.6,peach; marriage; surname,Both,"('木', '兆')","['冫', '木', '儿']"
櫬,20,75.16,coffin; tung tree,Traditional,"('木', '親')","['木', '見', '十', '小', '立']"
梆,10,75.7,watchman's rattle,Both,"('木', '邦')","['二', '丨', '木', '阝', '一']"
椴,13,75.9,"poplar, aspen",Both,"('木', '段')","['丨', '木', '殳']"
榄,13,75.9,olive,Simplified,"('木', '览')","['丿', '丶', '丨', '木', '见', '一']"
杨,7,75.3,"willow, poplar, aspen; surname",Simplified,"('木', '𠃓')",['木']
檻,18,75.14,"threshold, door-sill",Traditional,"('木', '監')","['丿', '丶', '木', '臣', '皿', '一']"
檿,18,75.14,mulberry,Traditional,"('厭', '木')","['月', '木', '厂', '犬', '日']"
柢,9,75.5,"root, base; bottom of object",Both,"('木', '氐')","['丶', '氏', '木']"
栰,10,75.6,a bamboo raft,Both,"('木', '伐')","['人', '戈', '木']"
棥,12,75.8,a railing; a fence an enclosed place,Both,"('木', '爻')","['爻', '木']"
枌,8,75.4,variety of elm with small seeds,Both,"('木', '分')","['刀', '木', '八']"
桭,11,75.7,eaves; space between two pillars,Both,"('木', '辰')","['木', '辰']"
椋,12,75.8,fruit,Both,"('木', '京')","['小', '亠', '木', '口']"
柳,9,75.5,"willow tree; pleasure; 24th lunar mansion, determinative star δ Hydrae",Both,"('木', '卯')","['木', '卩']"
業,13,75.9,"profession, business, trade",Traditional,"('业', '𦍎')","['一', '木', '八']"
欅,21,75.17,zelkova,Traditional,"('木', '擧')","['八', '手', '丨', '木', '臼', '一']"
柔,9,75.5,"soft; gentle, pliant",Both,"('矛', '木')","['矛', '木']"
桌,10,75.6,"table, desk, stand",Both,"('卜', '杲')","['日', '木', '卜']"
槥,15,75.11,coffin,Both,"('木', '彗')","['木', '彐']"
楥,13,75.9,a last for making shoes; to turn on a lathe,Both,"('木', '爰')","['又', '爪', '干', '木', '亅']"
楠,13,75.9,"name of tree, Machilus nanmu",Both,"('木', '南')","['八', '干', '木', '十', '冂']"
杧,7,75.3,mango (Mangifera indica),Both,"('木', '亡')","['丶', '匸', '木']"
棗,12,75.8,"date tree; dates, jujubes; surname",Traditional,"('朿', None)","['木', '冂']"
柞,9,75.5,oak; spinous evergreen tree; to clear away trees,Both,"('木', '乍')","['丿', '二', '丨', '木', '一']"
棣,12,75.8,"Kerria japonica, Japanese rose",Both,"('木', '隶')","['隶', '木']"
本,5,75.1,"root, origin, source; basis",Both,"('木', '一')","['一', '木']"
槚,14,75.10,small evergreen shrub,Simplified,"('木', '贾')","['襾', '贝', '木']"
椚,12,75.8,a kind of oak used for charcoal,Traditional,"('木', '門')","['木', '門']"
杀,6,75.2,"kill, slaughter, murder; hurt",Simplified,"('乂', '朩')","['丿', '十', '小']"
查,9,75.5,"investigate, examine, seek into",Both,"('木', '旦')","['日', '一', '木']"
栿,10,75.6,a beam (archaic),Both,"('木', '伏')","['人', '木', '犬']"
橫,16,75.12,"across, horizontal, lateral",Traditional,"('木', '黃')","['黃', '木']"
樟,15,75.11,camphor tree,Both,"('木', '章')","['日', '十', '木', '立']"
檇,16,75.13,wooden rammer or pestle; place,Traditional,"('木', '雋')","['隹', '丨', '木']"
棋,12,75.8,chess; any game similar to chess,Both,"('木', '其')","['一', '甘', '木', '八']"
檩,17,75.13,the bole of a tree; a cross beam; the combing round the hatches of a ship,Simplified,"('木', '禀')","['囗', '亠', '木', '示']"
楗,12,75.9,"bar of door, bolt of lock",Both,"('木', '建')","['聿', '廴', '木']"
檳,18,75.14,"betel-nut, areca nut",Traditional,"('木', '賓')","['丿', '木', '貝', '小', '宀', '一']"
樲,16,75.12,jujube,Traditional,"('木', '貳')","['二', '弋', '木', '貝']"
枧,8,75.4,"bamboo tube, wooden peg; spout",Simplified,"('木', '见')","['见', '木']"
樅,15,75.11,fir tree,Traditional,"('木', '從')","['人', '彳', '木', '止']"
梟,11,75.7,"an owl; thus, something evil",Traditional,"('鳥*', '木')","['一', '丶', '木']"
樂,15,75.11,"happy, glad; enjoyable; music",Traditional,"('幺白幺', '木')","['幺', '白', '木']"
杉,7,75.3,various species of pine and fir,Both,"('木', '彡')","['彡', '木']"
椎,12,75.8,"hammer, mallet; vertebra",Both,"('木', '隹')","['隹', '木']"
梦,11,75.7 36.8,dream; visionary; wishful,Both,"('木', '夕')","['木', '夕']"
枩,8,75.4,pine tree; fir tree,Unknown,"('木', '公')","['厶', '木', '八']"
机,6,75.2,desk; machine; moment,Both,"('木', '几')","['几', '木']"
楝,13,75.9,Melia japonica,Both,"('木', '柬')","['丨', '木', '八', '口']"
椌,12,75.8,instrument,Both,"('木', '空')","['穴', '木', '工']"
枝,8,75.4,"branches, limbs; branch off",Both,"('木', '支')","['支', '木']"
柂,9,75.5,helm,Both,"('木', '㐌')","['丿', '丨', '木', '一', '乙']"
柱,9,75.5,"pillar, post; support; lean on",Both,"('木', '主')","['丶', '玉', '木']"
楓,13,75.9,maple tree,Traditional,"('木', '風')","['木', '風']"
楦,13,75.9,a last for making shoes; to turn on a lathe,Both,"('木', '宣')","['宀', '一', '木', '日']"
棐,12,75.8,species of yew,Both,"('非', '木')","['木', '非']"
校,10,75.6,school; military field officer,Both,"('木', '交')","['丿', '亠', '木', '八']"
樯,15,75.11,"mast, yard-arm, boom",Simplified,"('木', '啬')","['土', '囗', '木', '八']"
栱,10,75.6,"large peg, stake; post, pillar",Both,"('木', '共')","['一', '艸', '木', '八']"
桚,10,75.6,"press, squeeze hard; force",Unknown,"('木', '𡿪')","['川', '木', '夕']"
槙,14,75.10,a twig; an ornamental evergreen,Traditional,"('木', '真')","['八', '木', '十', '目', '一']"
樶,16,75.12,a wooden joint,Both,"('木', '最')","['又', '曰', '木', '耳']"
櫟,19,75.15,chestnut-leaved oak; oak,Traditional,"('木', '樂')","['幺', '白', '木']"
楕,13,75.9,"oval-shaped, elliptical, tubular",Unknown,"('木', '𤯝')","['丿', '木', '工', '月', '一']"
枼,9,75.5,"a table, flat pieces of wood, a slip, a leaf",Both,"('世', '木')","['木', '廾']"
橙,16,75.12,orange,Both,"('木', '登')","['癶', '木', '豆']"
桴,11,75.7,raft; drumstick; ridge pole,Both,"('木', '孚')","['子', '木', '爪']"
櫌,19,75.15,a kind of hoe,Both,"('木', '憂')","['心', '丿', '夂', '木', '冖', '月', '一']"
梨,11,75.7,"pear; opera; cut, slash",Both,"('利', '木')","['禾', '刀', '木']"
椏,12,75.8,the forking branch of a tree,Traditional,"('木', '亞')","['二', '木']"
樊,15,75.11,a railing; a fence an enclosed place,Both,"('棥', '大')","['爻', '大', '木']"
櫳,20,75.16,"cage, pen; set of bars",Traditional,"('木', '龍')","['龍', '木']"
樚,15,75.11,"a pulley, a windlass, a wheel, a block",Both,"('木', '鹿')","['鹿', '木']"
梔,11,75.7,gardenia,Traditional,"('木', '巵')","['乙', '丨', '木', '一', '⺁']"
椒,12,75.8,"pepper, spices",Both,"('木', '叔')","['又', '卜', '木', '小', '一']"
檄,17,75.13,call arms; urgency,Both,"('木', '敫')","['白', '木', '方', '攴']"
果,8,75.4,fruit; result,Both,"('田', '木')","['田', '木']"
棵,12,75.8,numerary adjunct for trees,Both,"('木', '果')","['木', '田']"
栓,10,75.6,"wooden peg, post or stick",Both,"('木', '全')","['人', '玉', '木']"
枣,8,75.4,"date tree; dates, jujubes; surname",Simplified,"('朿', '冫')","['丶', '木', '冂']"
柵,9,75.5,fence; palisade; grid,Traditional,"('木', '冊')","['一', '木', '冂']"
櫈,18,75.14,bench; stool,Both,"('木', '凳')","['癶', '八', '木', '一', '几', '口']"
梓,11,75.7,"Chinese catalpa, Catalpa ovata",Both,"('木', '辛')","['木', '辛']"
椝,12,75.8,"rules, regulations, customs, law",Simplified,"('规', '木')","['人', '见', '木', '二']"
枕,8,75.4,pillow,Both,"('木', '冘')","['木', '乙', '巾']"
柈,9,75.5,container,Both,"('木', '半')","['二', '丨', '木', '八']"
梜,11,75.7,chopstick,Traditional,"('木', '夾')","['人', '大', '木']"
榲,14,75.10,pillar; Cryptomeria,Traditional,"('木', '𥁕')","['囗', '木', '人', '皿']"
構,14,75.10,"frame, building, structure",Traditional,"('木', '冓')","['二', '土', '木', '一', '冂']"
扳,7,64.4,pull; drag; right itself,Both,"('扌', '反')","['又', '手', '⺁']"
揹,12,64.9,carry things on one's back,Traditional,"('扌', '背')","['月', '匕', '手']"
掇,11,64.8,"collect, gather up, pick up",Both,"('扌', '叕')","['又', '手']"
挖,9,64.6,"dig, dig out, gouge out, scoop",Both,"('扌', '穵')","['穴', '手', '乙']"
扡,6,64.3,drag along,Both,"('扌', '也')","['丨', '手', '乙']"
抮,8,64.5,"to revolve, rotate",Both,"('扌', '㐱')","['人', '彡', '手']"
挠,9,64.6,"scratch; disturb, bother; submit",Simplified,"('扌', '尧')","['一', '手', '儿']"
抽,8,64.5,"draw out, pull out; sprout",Both,"('扌', '由')","['二', '丨', '手', '凵']"
挨,10,64.7,"near, close by, next to, towards, against; to wait; to lean on",Simplified,"('扌', '矣')","['厶', '手', '矢']"
攝,21,64.18,"take in, absorb; act as deputy; administer, assist",Traditional,"('扌', '聶')","['手', '耳']"
揪,12,64.9,"grasp with hand, pinch",Both,"('扌', '秋')","['禾', '火', '手']"
抹,8,64.5,"smear, apply, wipe off, erase",Both,"('扌', '末')","['一', '木', '手']"
抓,7,64.4,"scratch; clutch, seize, grab",Both,"('扌', '爪')","['手', '爪']"
撳,15,64.12,press; push,Traditional,"('扌', '欽')","['欠', '金', '手']"
拭,9,64.6,wipe away stains with cloth,Both,"('扌', '式')","['弋', '手', '工']"
撝,15,64.12,"wave, brandish; modest, humble",Traditional,"('扌', '爲')","['丿', '火', '手', '爪']"
揵,11,64.9,carry,Both,"('扌', '建')","['聿', '廴', '手']"
擲,17,64.15,"throw (down), hurl, cast, fling",Traditional,"('扌', '鄭')","['八', '手', '大', '酉', '阝']"
揔,12,64.9,"collect; overall, altogether",Both,"('扌', '怱')","['勹', '丶', '心', '手']"
抔,7,64.4,take or hold up in both hands,Both,"('扌', '不')","['丿', '一', '卜', '手']"
擷,18,64.15,"pick up, gather up; hold in lap",Traditional,"('扌', '頡')","['頁', '手', '口', '士']"
掂,11,64.8,"heft, hold or weigh in palm",Both,"('扌', '店')","['广', '卜', '手', '口']"
捉,10,64.7,"grasp, clutch; catch, seize",Both,"('扌', '足')","['足', '手']"
拢,8,64.5,"collect, bring together",Simplified,"('扌', '龙')","['龙', '手']"
攂,18,64.15,to beat a drum,Both,"('扌', '畾')","['田', '手']"
攀,19,64.15,climb; pull; hang on to,Both,"('樊', '手')","['木', '爻', '大', '手']"
搳,13,64.10,boxing; a finger-guessing game,Both,"('扌', '害')","['二', '手', '丨', '宀', '一', '口']"
报,7,64.4,"report, tell, announce",Both,"('扌', '𠬝')","['又', '手', '卩']"
摹,14,64.11,"trace, copy, duplicate; pattern",Both,"('莫', '手')","['日', '艸', '大', '手']"
揜,12,64.9,"cover up; take by force, shut",Both,"('扌', '弇')","['人', '手', '廾', '一', '口']"
抟,7,64.4,roll around with hand; model,Simplified,"('扌', '专')","['二', '丨', '手']"
擻,18,64.15,"shake, tremble, quake; flutter",Traditional,"('扌', '數')","['女', '手', '十', '口', '攴']"
擢,17,64.14,"pull up, draw up; select",Both,"('扌', '翟')","['羽', '手', '隹']"
搋,13,64.10,to thump,Both,"('扌', '虒')","['虍', '几', '手', '⺁']"
攉,19,64.16,to beckon; to urge,Both,"('扌', '霍')","['隹', '手', '雨']"
挼,10,64.7,"rub, stroke with hands; crumple",Both,"('扌', '妥')","['女', '手', '爪']"
摶,14,64.11,roll around with hand; model,Traditional,"('扌', '專')","['手', '丨', '寸', '十', '日']"
撩,15,64.12,"lift up, raise; leave, depart",Both,"('扌', '尞')","['八', '手', '大', '小', '日']"
揺,12,64.9,"wag, swing, wave; shake; scull",Both,"('扌', '爫击?')","['干', '山', '手', '爪']"
拨,8,64.5,move; dispel; distribute,Simplified,"('扌', '发')","['又', '丶', '丨', '手']"
拾,9,64.6,"pick up, collect, tidy up; accounting form of the numeral ten",Both,"('扌', '合')","['一', '人', '手', '口']"
拡,8,64.5,"expand, enlarge, stretch",Unknown,"('扌', '広')","['广', '厶', '手']"
摜,14,64.11,"throw ground; know, be familiar",Traditional,"('扌', '貫')","['囗', '十', '貝', '手']"
抴,8,64.5,to drag; to join,Both,"('扌', '世')","['廾', '手']"
扻,7,64.4,"to strike; to run against to throw, as a stone",Both,"('扌', '欠')","['欠', '手']"
擂,16,64.13,"rub, grind; grind with a mortar and pestle; triturate",Both,"('扌', '雷')","['田', '手', '雨']"
捥,11,64.8,to bend the wrist,Both,"('扌', '宛')","['宀', '手', '乙', '夕']"
挌,9,64.6,fight,Both,"('扌', '各')","['口', '手', '夂']"
挎,9,64.6,carry,Both,"('扌', '夸')","['二', '大', '手']"
摩,15,64.11,"rub, scour, grind; friction",Both,"('麻', '手')","['麻', '手']"
搶,13,64.10,"plunder, rob, take by force",Traditional,"('扌', '倉')","['人', '丶', '手', '丨', '彐', '口']"
投,7,64.4,"throw, cast, fling, pitch; jump",Both,"('扌', '殳')","['手', '殳']"
捶,11,64.8 64.9,"strike with stick, lash, beat",Both,"('扌', '垂')","['十', '艸', '手', '士']"
捗,10,64.7,make progress,Both,"('扌', '步')","['丿', '止', '手', '小']"
掠,11,64.8,"rob, ransack, plunder; pass by",Both,"('扌', '京')","['小', '亠', '手', '口']"
掖,11,64.8,"support with the arms; stick in, tuck in; fold up",Both,"('扌', '夜')","['人', '丶', '手', '夂', '亠']"
摟,14,64.11,"hug, embrace; drag, pull",Traditional,"('扌', '婁')","['女', '十', '手', '口']"
抵,8,64.5,"resist, oppose; deny; off-set",Simplified,"('扌', '氐')","['丶', '氏', '手']"
捺,11,64.8,to press down heavily with the fingers,Both,"('扌', '奈')","['大', '手', '示']"
授,11,64.8,"give to, transmit; confer",Both,"('扌', '受')","['冖', '又', '手', '爪']"
攃,17,64.15,preceding,Both,"('扌', '蔡')","['手', '示', '卩', '月', '艸']"
操,16,64.13,"conduct, run, control, manage",Both,"('扌', '喿')","['木', '手', '口']"
掾,12,64.9,a general designation of officials,Both,"('扌', '彖')","['勹', '手', '彐']"
括,9,64.6,"include, embrace, enclose",Both,"('扌', '舌')","['手', '舌']"
搁,12,64.9,"place, put, lay down; delay",Simplified,"('扌', '阁')","['门', '口', '手', '夂']"
掣,12,64.8,"drag, pull; hinder by pulling back",Both,"('制', '手')","['牛', '刀', '手', '巾']"
撰,15,64.12,"compose, write, compile",Traditional,"('扌', '巽')","['一', '艸', '八', '手']"
掴,11,64.8,"box one's ears, slap",Simplified,"('扌', '国')","['囗', '玉', '手']"
搢,13,64.10,to stick into; to shake,Both,"('扌', '晉')","['日', '一', '八', '手']"
搭,12,64.10,"join together, attach to; add to",Both,"('扌', '荅')","['人', '手', '一', '艸', '口']"
扯,7,64.4,"rip up, tear down; raise; haul",Both,"('扌', '止')","['止', '手']"
掆,11,64.8,"(a simplified form of 掆) to carry on the shoulders of two or more men, to raise",Traditional,"('扌', '岡')","['八', '手', '山', '一', '冂']"
撄,14,64.11,"oppose, offend, run counter to",Simplified,"('扌', '婴')","['女', '手']"
揾,12,64.9,wipe off; press down with knuckle,Both,"('扌', '昷')","['日', '皿', '手']"
挣,9,64.6,"strive, endeavor, struggle",Simplified,"('扌', '争')","['刀', '手', '亅', '彐']"
搠,13,64.10,to daub; to thrust,Both,"('扌', '朔')","['八', '手', '屮', '月', '一']"
撬,15,64.12,"lift, raise; pry open",Both,"('扌', '毳')","['毛', '手']"
捋,10,64.7,to pluck; to gather in the fingers; to rub; to scrape off,Both,"('扌', '寽')","['寸', '爪', '手']"
攒,19,64.16,"save, hoard",Simplified,"('扌', '赞')","['贝', '手', '牛', '儿']"
挶,10,64.7,hold in hands,Both,"('扌', '局')","['尸', '手', '口']"
搃,12,64.9,"all, general; to summarize; the chief; to manage",Both,"('扌', '总')","['心', '八', '手', '口']"
攞,22,64.19,"to split, to rend; to choose to rub, to wipe",Traditional,"('扌', '羅')","['隹', '糸', '网', '手']"
捏,10,64.7,pick with fingers; knead; mold,Both,"('扌', '圼')","['日', '土', '手']"
搅,12,64.9,"disturb, agitate, stir up",Simplified,"('扌', '觉')","['冖', '见', '手', '小']"
接,11,64.8,receive; continue; catch; connect,Both,"('扌', '妾')","['女', '立', '手']"
搤,13,64.10,seize,Both,"('扌', '益')","['一', '八', '手', '皿']"
摣,14,64.11,a handful. to pick up with the fingers. to seize,Both,"('扌', '虘')","['虍', '一', '月', '手']"
攄,18,64.15,"spread, disperse; vent, set forth",Traditional,"('扌', '慮')","['虍', '田', '心', '手']"
擀,16,64.13,roll flat,Both,"('扌', '幹')","['人', '手', '干', '十', '日']"
挚,10,64.6,"sincere, warm, cordial; surname",Simplified,"('执', '手')","['丿', '丶', '手']"
摡,12,64.11,to irrigate; to flood water flowing; to scour,Both,"('扌', '既')","['丶', '手', '无', '丨', '彐', '乙']"
攟,22,64.19,"to pick up, collect",Unknown,"('扌', '麕')","['禾', '鹿', '囗', '手']"
捜,10,64.7,"search, seek; investigate",Both,"('扌', '申又')","['日', '丨', '手', '又']"
揩,12,64.9,"rub and wipe, dust, clean",Both,"('扌', '皆')","['比', '白', '手']"
捣,10,64.7,"hull; thresh; beat, attack",Simplified,"('扌', '岛')","['丶', '山', '手']"
抬,8,64.5,"lift, carry",Both,"('扌', '台')","['厶', '手', '口']"
揠,12,64.9,"to pull up, to eradicate",Both,"('扌', '匽')","['日', '匚', '手', '女']"
攔,20,64.17,"obstruct, impede, bar, hinder",Traditional,"('扌', '闌')","['門', '八', '手', '丨', '木', '口']"
攩,23,64.20,to obstruct; shut out; shelter from; keep off; stop; resist,Traditional,"('扌', '黨')","['手', '黑', '冖', '小', '口']"
捷,11,64.8,"win, victory, triumph",Both,"('扌', '疌')","['十', '聿', '手', '止']"
抢,7,64.4,"plunder, rob, take by force",Simplified,"('扌', '仓')","['人', '手', '乙']"
擤,17,64.14,to blow the nose with fingers,Both,"('扌', '鼻')","['手', '鼻']"
摂,13,64.10,"take in, absorb; act as deputy",Unknown,"('扌', '聂?')","['手', '耳', '冫']"
掫,11,64.8,be on night watch; grasp,Both,"('扌', '取')","['又', '手', '耳']"
摸,13,64.11,gently touch with hand; caress,Both,"('扌', '莫')","['日', '艸', '大', '手']"
拧,8,64.5,"pinch; twist, wring; determined",Simplified,"('扌', '宁')","['宀', '一', '手', '亅']"
擞,16,64.13,"shake, tremble, quake; flutter",Simplified,"('扌', '数')","['女', '米', '攴', '手']"
擕,15,64.13,"to lead by the hand; take, carry",Unknown,"('扌', '雋')","['隹', '丨', '手']"
拑,8,64.5,"to clamp, tie down or pin down",Both,"('扌', '甘')","['甘', '手']"
拜,9,64.5,"do obeisance, bow, kowtow",Both,"('手', '干干')","['一', '丨', '手', '二']"
拵,9,64.6,"to make, prepare, manufacture; workmanship; an arrangement",Both,"('扌', '存')","['丿', '子', '人', '手', '一']"
撉,16,64.12,"to squat, crouch",Unknown,"('敦', '手')","['子', '手', '亠', '口', '攴']"
搐,13,64.10,"cramp, spasm, convulsion; twitch",Both,"('扌', '畜')","['玄', '田', '手']"
撵,15,64.12,"drive away, expel, oust",Simplified,"('扌', '辇')","['人', '车', '手', '二']"
掌,12,64.8,"palm of hand, sole of foot, paw",Both,"('尚', '手')","['冖', '小', '手', '口']"
抨,8,64.5,"impeach, censure; attack",Both,"('扌', '平')","['干', '八', '手']"
擿,17,64.15,"to select, to pick out from, to discard",Both,"('扌', '適')","['八', '手', '冂', '十', '亠', '口', '辵']"
撓,15,64.12,"scratch; disturb, bother; submit",Traditional,"('扌', '堯')","['土', '一', '手', '儿']"
握,12,64.9,"grasp, hold fast, take by hand",Both,"('扌', '屋')","['尸', '至', '手']"
捬,11,64.8,press down heavily with hands,Both,"('扌', '府')","['广', '人', '寸', '手']"
播,15,64.12,"sow, spread; broadcast; cast away, reject",Both,"('扌', '番')","['田', '手', '釆']"
挐,10,64.6,drag,Both,"('如', '手')","['女', '手', '口']"
挢,9,64.6,correct,Simplified,"('扌', '乔')","['大', '手']"
推,11,64.8,"push, expel; push forward",Both,"('扌', '隹')","['隹', '手']"
搙,13,64.10,to handle; to play with,Both,"('扌', '辱')","['辰', '寸', '手']"
捂,10,64.7,resist,Both,"('扌', '吾')","['一', '口', '手', '力']"
撚,15,64.12,"twirl in fingers, tease, toy with",Both,"('扌', '然')","['月', '火', '手', '犬']"
拃,8,64.5,"grope, press, span",Both,"('扌', '乍')","['丿', '二', '手', '丨', '一']"
挦,9,64.6,"pull out, pluck; take hold of",Simplified,"('扌', '寻')","['寸', '彐', '手']"
挹,10,64.7,to bale out; to decant liquids,Both,"('扌', '邑')","['邑', '手']"
搾,13,64.10,"to crush with the hand, press, squeeze, extract",Unknown,"('扌', '窄')","['丿', '二', '手', '丨', '穴', '一']"
拆,8,64.5,"to break up, split apart, rip open; to destroy",Both,"('扌', '斥')","['斤', '丶', '手']"
掼,11,64.8,"throw ground; know, be familiar",Simplified,"('扌', '贯')","['囗', '贝', '十', '手']"
攧,22,64.19,"to stumble, slip, fall down",Traditional,"('扌', '顛')","['八', '手', '十', '目', '頁', '一']"
捎,10,64.7,to select; to take; to carry,Both,"('扌', '肖')","['月', '手', '小']"
扭,7,64.4,"turn, twist, wrench; seize, grasp",Both,"('扌', '丑')","['二', '刀', '手']"
扫,6,64.3,"sweep, clear away; exterminate",Simplified,"('扌', '彐')","['手', '彐']"
摋,13,64.11,to strike with the hand,Traditional,"('扌', '殺')","['丿', '手', '十', '小', '殳']"
拄,8,64.5,lean on; post; prod; ridicule,Both,"('扌', '主')","['丶', '玉', '手']"
拊,8,64.5,slap; pat; tap; handle of a vessel,Both,"('扌', '付')","['人', '寸', '手']"
撂,14,64.11,"put down, put aside; drop",Both,"('扌', '畧')","['口', '田', '手', '夂']"
損,13,64.10,diminish; impair; injure; hexagram ䷨,Traditional,"('扌', '員')","['貝', '手', '口']"
擓,16,64.13,"to rub, to scratch",Traditional,"('扌', '匯')","['匚', '隹', '水', '手']"
护,7,64.4,"protect, guard, defend, shelter",Simplified,"('扌', '户')","['户', '手']"
擩,17,64.14,"to stain, to dye",Both,"('扌', '需')","['而', '手', '雨']"
扰,7,64.4,"disturb, annoy, agitate",Simplified,"('扌', '尤')","['丶', '手', '尢']"
搊,13,64.10,pluck,Traditional,"('扌', '芻')","['勹', '艸', '手']"
攆,18,64.15,"drive away, expel, oust",Traditional,"('扌', '輦')","['車', '人', '手', '二']"
抠,7,64.4,"raise, lift up; tight-fisted",Simplified,"('扌', '区')","['丿', '匚', '手']"
揷,12,64.9,insert,Both,"('扌', '𦥛')","['臼', '十', '手']"
摛,13,64.11,"to spread (name, news); to be known",Both,"('扌', '离')","['丿', '凵', '禸', '手', '亠']"
抖,7,64.4,"tremble, shake, rouse; give shake",Both,"('扌', '斗')","['手', '斗']"
撴,15,64.12,to jolt; to thump,Both,"('扌', '敦')","['子', '手', '亠', '口', '攴']"
挞,9,64.6,"flog, whip; chastise",Simplified,"('扌', '达')","['大', '手', '辵']"
扺,7,64.4,to strike one's palm with one's fist,Both,"('扌', '氏')","['氏', '手']"
抡,7,64.4,"swing, brandish, flourish",Simplified,"('扌', '仑')","['人', '匕', '手']"
摺,14,64.11,"fold, bend; twisted, curved",Both,"('扌', '習')","['羽', '白', '手']"
捍,10,64.7,"ward off, guard against, defend",Both,"('扌', '旱')","['日', '干', '手']"
摆,13,64.10,"put, place; display; swing, sway",Both,"('扌', '罢')","['土', '网', '厶', '手']"
撦,14,64.12,"rip up, tear down; raise; haul",Both,"('扌', '奢')","['日', '大', '手', '老']"
擐,16,64.13,to put on,Both,"('扌', '睘')","['一', '网', '手', '口']"
摦,14,64.11,wide,Both,"('扌', '瓠')","['二', '大', '瓜', '手']"
拱,9,64.6,"fold hands on breast; bow, salute",Both,"('扌', '共')","['一', '艸', '八', '手']"
掩,11,64.8,"to cover (with the hand); shut, conceal; ambush",Both,"('扌', '奄')","['手', '丨', '大', '日', '乙']"
手,4,64.0,hand,Both,"('手', None)",['手']
捕,10,64.7,"arrest, catch, seize",Both,"('扌', '甫')","['十', '丶', '用', '手']"
挛,10,64.6 8.8,tangled; entwined; crooked,Both,"('亦', '手')","['八', '手', '丨', '亠', '亅']"
掲,11,64.9,"to set (a table); to install, equip; to lay (a foundation)",Unknown,"('扌', '日匂')","['日', '勹', '匕', '手']"
扢,6,64.3,caper,Both,"('扌', '乞')","['一', '丿', '手', '乙']"
攙,20,64.17,"to give a helping hand; to support, hold up",Traditional,"('扌', '毚')","['丶', '手', '乙', '刀', '丨', '比', '口']"
扼,7,64.4,"grasp, clutch; choke, strangle",Both,"('扌', '厄')","['厂', '乙', '手']"
掦,11,64.8,to take up; to put by,Unknown,"('扌', '易')","['日', '勹', '手']"
抒,7,64.4,express; eliminate; relieve,Both,"('扌', '予')","['手', '亅', '乙']"
摳,14,64.11,"raise, lift up; tight-fisted",Traditional,"('扌', '區')","['匚', '手', '口']"
排,11,64.8,"row, rank, line",Both,"('扌', '非')","['手', '非']"
拣,8,64.5,choose; select; pick up; gather,Simplified,"('扌', '𫠣')","['一', '八', '手', '乙']"
捯,11,64.8,pull back continuously on a rope or line with both hands,Both,"('扌', '到')","['刀', '至', '手']"
擎,16,64.13,"lift up, hold up, support",Both,"('敬', '手')","['手', '口', '勹', '艸', '攴']"
抝,7,64.4,"to bend, break; to argue",Both,"('扌', '幻')","['幺', '手']"
搽,12,64.10,"smear; rub, wipe; anoint",Both,"('扌', '茶')","['人', '手', '十', '小', '艸']"
拒,7,64.5,"ward off with hand, defend",Both,"('扌', '巨')","['匚', '手']"
撇,14,64.11,"discard, abandon, throw away",Both,"('扌', '敝')","['冫', '手', '攴', '巾']"
挾,10,64.7,clasp under arm; hold to bosom,Traditional,"('扌', '夾')","['人', '大', '手']"
扮,7,64.4,dress up; dress up as,Both,"('扌', '分')","['刀', '八', '手']"
擄,16,64.13,"capture, seize",Traditional,"('扌', '虜')","['虍', '田', '手', '力']"
撈,15,64.12,"scoop out of water; dredge, fish",Traditional,"('扌', '勞')","['冖', '火', '手', '力']"
拚,8,64.5,"risk, disregard; go all out for",Both,"('扌', '弁')","['厶', '艸', '手']"
撑,15,64.12,"prop up, support; brace",Both,"('扌', '掌')","['冖', '小', '手', '口']"
搨,13,64.10,"rub, make rubbings of inscription",Both,"('扌', '𦐇')","['日', '羽', '手']"
撫,15,64.12,"pat, console, comfort; pacify",Traditional,"('扌', '無')","['火', '手']"
擽,18,64.15,"tickle; ticklish, funny",Traditional,"('扌', '樂')","['幺', '白', '木', '手']"
搓,12,64.10,to rub or roll between the hands,Both,"('扌', '差')","['羊', '手', '工']"
挷,9,64.7,to propel a boat; to beat,Both,"('扌', '邦')","['二', '手', '丨', '阝', '一']"
拮,9,64.6,"laboring hard, occupied; pursue",Both,"('扌', '吉')","['手', '口', '士']"
拍,8,64.5,"clap, tap, beat; beat or rhythm",Both,"('扌', '白')","['白', '手']"
撽,16,64.13,"to strike, attack",Both,"('扌', '敫')","['攴', '白', '手', '方']"
撣,15,64.12,to dust; a duster,Traditional,"('扌', '單')","['二', '手', '丨', '十', '口', '冂']"
挈,10,64.6,"assist, help, lead by hand",Both,"('㓞', '手')","['二', '手', '刀', '丨', '一']"
搎,13,64.10,to rub with the hand; to stroke,Traditional,"('扌', '孫')","['子', '糸', '手']"
捡,10,64.7,to pick up,Simplified,"('扌', '佥')","['一', '人', '手', '小']"
摘,14,64.11,"pluck, pick; select; specify",Both,"('扌', '啇')","['子', '八', '手', '亠', '欠']"
擧,17,64.14,"raise, lift up; recommend",Traditional,"('與', '手')","['八', '手', '丨', '臼', '一']"
搪,13,64.10,"ward off, evade; parry; block",Both,"('扌', '唐')","['广', '聿', '手', '口']"
撃,15,64.11,"strike, hit, beat; attack, fight",Unknown,"('軗', '手')","['車', '手', '殳']"
搷,13,64.10,to beat; to winnow,Both,"('扌', '真')","['八', '手', '十', '目', '一']"
揭,12,64.9,"raise, lift up; surname",Both,"('扌', '曷')","['勹', '人', '曰', '手']"
捓,9,64.7,"strive, endeavor",Both,"('扌', '邪')","['阝', '牙', '手']"
撤,15,64.12,omit; remove; withdraw,Both,"('扌', '育攵')","['手', '厶', '亠', '月', '攴']"
撟,15,64.12,correct; to bend or twist; to feign; to raise (the hand),Traditional,"('扌', '喬')","['冂', '大', '手', '口']"
擘,17,64.13,"thumb; break, tear open, rip",Both,"('辟', '手')","['尸', '辛', '口', '手']"
拿,10,64.6,"take, hold, grasp; bring; with",Both,"('合', '手')","['一', '人', '手', '口']"
揲,12,64.9,to sort out the stalks used in divination; to fold,Both,"('扌', '枼')","['廾', '木', '手']"
捩,11,64.8,"twist with hands; snap, tear",Both,"('扌', '戻')","['户', '手', '犬']"
扐,5,64.2,divine,Both,"('扌', '力')","['手', '力']"
挝,9,64.6,to beat; to strike,Simplified,"('扌', '过')","['寸', '辵', '手']"
抜,7,64.4,"uproot, pull out",Both,"('扌', '友')","['一', '丿', '又', '手']"
掱,12,64.8,pickpocket,Both,"('手', None)",['手']
搖,13,64.10,"wag, swing, wave; shake; scull",Traditional,"('扌', '䍃')","['月', '手', '缶']"
捆,10,64.7,"tie up; bind, truss up; bundle",Both,"('扌', '困')","['囗', '木', '手']"
振,10,64.7,"raise, excite, arouse action",Both,"('扌', '辰')","['辰', '手']"
摐,14,64.11,to hit (a bell or drum),Traditional,"('扌', '從')","['人', '彳', '手', '止']"
攅,18,64.15,"save, hoard",Both,"('扌', '賛')","['貝', '手', '二', '人']"
插,12,64.9,"insert, stick into; plant",Both,"('扌', '臿')","['臼', '十', '手']"
擁,16,64.13,"embrace, hug, squeeze; crowd",Traditional,"('扌', '雍')","['丿', '亠', '手', '隹']"
摴,14,64.11,"to stretch out, to unroll; comfortable, easy (same as 舒); 摴蒲 is the name of a traditional play",Both,"('扌', '雩')","['二', '手', '雨']"
挿,10,64.7,"insert, stick into; plant",Both,"('扌', '𢆍')","['日', '十', '丨', '手']"
撋,15,64.12,to rub between the hands,Traditional,"('扌', '閏')","['玉', '手', '門']"
挺,9,64.7,"to stand upright, straighten; rigid",Both,"('扌', '廷')","['廴', '手', '士']"
掉,11,64.8,"turn, move; shake, wag; drop down",Both,"('扌', '卓')","['日', '十', '卜', '手']"
掀,11,64.8,"lift, raise; stir",Both,"('扌', '欣')","['斤', '欠', '手']"
拘,8,64.5,"restrain, seize, detain",Both,"('扌', '句')","['勹', '手', '口']"
提,12,64.9,hold in hand; lift in hand,Both,"('扌', '是')","['日', '一', '手', '止']"
打,5,64.2,"strike, hit, beat; fight; attack",Both,"('扌', '丁')","['一', '手', '亅']"
捿,11,64.8,perch; roost; stay,Unknown,"('扌', '妻')","['女', '十', '聿', '手']"
掳,11,64.8,"capture, seize",Simplified,"('扌', '虏')","['虍', '手', '力']"
拖,8,64.5,"drag, tow, haul; delay, prolong",Both,"('扌', '㐌')","['丿', '手', '丨', '一', '乙']"
撥,15,64.12,"move; dispel; distribute; plectrum, play stringed instrument",Traditional,"('扌', '發')","['殳', '癶', '手', '弓']"
撏,15,64.12,"pull out, pluck; take hold of",Traditional,"('扌', '尋')","['手', '寸', '彐', '工', '口']"
掭,11,64.8,to manipulate; a pricker for a lamp-wick,Both,"('扌', '忝')","['一', '丨', '大', '手']"
拠,8,64.5,"to occupy, take possession of; a base, position",Unknown,"('扌', '処')","['几', '手', '攴']"
扩,6,64.3,"expand, enlarge, stretch",Simplified,"('扌', '广')","['广', '手']"
拔,8,64.5,"uproot, pull out",Both,"('扌', '犮')","['丿', '丶', '又', '手', '一']"
擭,16,64.14,"trap catch animals, snare; seize",Both,"('扌', '蒦')","['艸', '隹', '又', '手']"
拉,8,64.5,"pull, drag; seize, hold; lengthen",Both,"('扌', '立')","['立', '手']"
撖,14,64.12,surname,Both,"('扌', '敢')","['攴', '手', '耳']"
抆,7,64.4,"wipe, rub off",Both,"('扌', '文')","['文', '手']"
扬,6,64.3,"scatter, spread; praise",Simplified,"('扌', '𠃓')",['手']
揌,12,64.9,to shake,Both,"('扌', '思')","['心', '田', '手']"
摲,14,64.11,raze,Traditional,"('扌', '斬')","['車', '斤', '手']"
揉,12,64.9,"rub, massage; crush by hand",Both,"('扌', '柔')","['矛', '木', '手']"
擋,16,64.13,to obstruct; shut out; shelter from; keep off; stop; resist,Traditional,"('扌', '當')","['手', '冖', '田', '小', '口']"
拎,8,64.5,to haul; to lift; to take,Both,"('扌', '令')","['人', '丶', '手']"
扱,6,64.4,"collect, draw in, gather; receive",Both,"('扌', '及')","['丿', '手']"
捱,11,64.8,"put off, procrastinate; endure",Traditional,"('扌', '厓')","['土', '厂', '手']"
掮,11,64.8,to bear on the shoulders,Both,"('扌', '肩')","['月', '户', '手']"
搫,14,64.10,"to move, remove, transport",Both,"('般', '手')","['舟', '殳', '手']"
挱,10,64.7,to feel or fondle with the fingers,Both,"('扌', '沙')","['丿', '水', '手', '小']"
拙,8,64.5,"stupid, clumsy, crude; convention",Both,"('扌', '出')","['山', '手']"
擇,16,64.13,"select, choose, pick out",Traditional,"('扌', '睪')","['土', '八', '手', '干', '网']"
捞,10,64.7,"scoop out of water; dredge, fish",Simplified,"('扌', '劳')","['冖', '艸', '手', '力']"
抌,7,64.4,"to bale out water, to dip",Both,"('扌', '冘')","['手', '乙', '巾']"
摄,13,64.10,"take in, absorb; act as deputy",Simplified,"('扌', '聂')","['又', '手', '耳']"
掷,11,64.8,"throw, hurl, cast, fling",Both,"('扌', '郑')","['八', '手', '大', '阝', '一']"
控,11,64.8,"accuse, charge; control",Both,"('扌', '空')","['穴', '手', '工']"
擬,17,64.14,"draft; intend, plan, propose",Traditional,"('扌', '疑')","['疋', '匕', '手', '矢']"
摊,13,64.10,"spread out, open; apportion",Both,"('扌', '难')","['隹', '又', '手']"
擱,17,64.14,"place, put, lay down; delay",Traditional,"('扌', '閣')","['夂', '口', '門', '手']"
揶,11,64.9,"make fun of, ridicule",Both,"('扌', '耶')","['阝', '耳', '手']"
扞,6,64.3,"ward off, withstand, resist",Both,"('扌', '干')","['干', '手']"
抍,7,64.4,"to lift up; to rescue, save",Both,"('扌', '升')","['艸', '手']"
摮,14,64.11,to rattle; to shake. to smite,Both,"('敖', '手')","['丿', '土', '手', '一', '攴']"
拦,8,64.5,"obstruct, impede, bar, hinder",Simplified,"('扌', '兰')","['一', '八', '手', '二']"
撺,15,64.12,hurry; to throw; to urge,Simplified,"('扌', '窜')","['穴', '手', '口', '丨']"
披,8,64.5,wear; split; crack,Both,"('扌', '皮')","['皮', '手']"
擡,17,64.14,"carry, raise, lift",Both,"('扌', '臺')","['手', '士', '冖', '至', '口']"
撒,15,64.12,"release, cast away, let go; disperse; relax",Both,"('扌', '散')","['手', '月', '一', '艸', '攴']"
摰,15,64.11,to seize with the hand; to grasp; to advance; to break down,Both,"('埶', '手')","['丿', '土', '丶', '八', '手']"
摠,14,64.11,general,Both,"('扌', '悤')","['心', '丶', '手', '夂', '囗']"
拴,9,64.6,"bind with rope, fasten",Both,"('扌', '全')","['人', '玉', '手']"
揝,12,64.9,"to hold in the hand, to grasp; to wring",Both,"('扌', '昝')","['日', '卜', '夂', '手']"
搉,13,64.10,knock; pick out; ridicule,Both,"('扌', '隺')","['隹', '手', '巾']"
掯,11,64.8,"oppress, extort, take by force",Both,"('扌', '肯')","['月', '止', '手']"
招,8,64.5,"beckon, summon; recruit, levy",Both,"('扌', '召')","['刀', '手', '口']"
挵,10,64.7,"to play with, handle things",Both,"('扌', '弄')","['玉', '廾', '手']"
捃,10,64.7,"to pick up, collect",Both,"('扌', '君')","['丨', '手', '口', '彐']"
擪,18,64.14,"to tuck in, to put the finger into, to put in, to stow away",Traditional,"('厭', '手')","['月', '手', '厂', '犬', '日']"
摎,14,64.11,to strangle; to inquire into,Both,"('扌', '翏')","['人', '羽', '彡', '手']"
揿,12,64.9,press,Simplified,"('扌', '钦')","['钅', '欠', '手']"
撲,15,64.12,"pound, beat, strike; attack",Traditional,"('扌', '菐')","['羊', '一', '八', '手']"
拕,8,64.5,"to drag after, to drag out, from which comes:to involve, to delay, to implicate",Both,"('扌', '它')","['宀', '匕', '手']"
掊,11,64.8,to extract; injure,Both,"('扌', '咅')","['立', '口', '手']"
撢,15,64.12,to dust; a duster,Both,"('扌', '覃')","['日', '十', '手', '襾']"
承,8,64.4,"inherit, receive; succeed",Both,"('承', None)","['一', '水', '二', '乙']"
撞,15,64.12,"knock against, bump into, collide",Both,"('扌', '童')","['里', '立', '手']"
搜,12,64.9,"search, seek; investigate",Both,"('扌', '叟')","['臼', '丨', '手', '又']"
掬,11,64.8,to grasp or hold with both hands,Both,"('扌', '匊')","['勹', '米', '手']"
抻,8,64.5,pull,Both,"('扌', '申')","['日', '丨', '手']"
扑,5,64.2,"pound, beat, strike; attack",Both,"('扌', '卜')","['卜', '手']"
揕,12,64.9,"roll up the sleeves; fight bare-fisted; strike, stab",Both,"('扌', '甚')","['匚', '甘', '手', '儿']"
撾,14,64.13,to beat; to strike,Traditional,"('扌', '過')","['口', '手', '冂', '辵']"
拳,10,64.6,fist; various forms of boxing,Both,"('龹', '手')","['二', '丨', '八', '手']"
挜,9,64.6,take; hold; give forcefully,Simplified,"('扌', '亚')","['一', '八', '手']"
扤,6,64.3,to thrust; to move,Both,"('扌', '兀')","['一', '手', '儿']"
抃,7,64.4,to clap hands; to cheer,Both,"('扌', '卞')","['亠', '卜', '手']"
扨,6,64.3,pick up with fork or pincers,Both,"('扌', '刄')","['刀', '手', '丶']"
挟,9,64.6,clasp under arm; hold to bosom,Both,"('扌', '夹')","['人', '八', '手', '二']"
挂,9,64.6,"hang, suspend; suspense",Both,"('扌', '圭')","['土', '手']"
摈,13,64.10,"exclude, expel, reject; usher",Both,"('扌', '宾')","['斤', '八', '手', '宀', '一']"
搀,12,64.9,give helping hand,Simplified,"('扌', '免冫')","['丶', '手', '乙', '刀', '丨', '口']"
攘,20,64.17,"seize, take by force; repel",Both,"('扌', '襄')","['二', '手', '衣', '一', '口']"
採,11,64.8,"gather, collect; pick, select",Traditional,"('扌', '采')","['木', '手', '爪']"
拯,9,64.6,"help, save, aid; lift, raise",Both,"('扌', '丞')","['一', '水', '乙', '手']"
揮,12,64.9,direct; wipe away; squander,Traditional,"('扌', '軍')","['冖', '車', '手']"
揥,12,64.9,scratcher,Both,"('扌', '帝')","['八', '手', '巾', '冖', '亠']"
揍,12,64.9,"hit, beat; smash, break",Both,"('扌', '奏')","['二', '八', '手', '丨', '大', '一']"
掙,11,64.8,"to strive, endeavor, struggle; to earn; to pierce; to wedge in",Traditional,"('扌', '爭')","['彐', '手', '亅', '爪']"
批,7,64.4,"comment, criticize; wholesale",Both,"('扌', '比')","['比', '手']"
掛,11,64.8,"hang, suspend; suspense",Traditional,"('扌', '卦')","['土', '卜', '手']"
挲,11,64.7,to feel or fondle with the fingers,Both,"('沙', '手')","['丿', '水', '手', '小']"
扽,7,64.4,"to move, to shake",Both,"('扌', '屯')","['十', '屮', '乙', '手']"
拂,8,64.5,"shake off, brush away; dust",Both,"('扌', '弗')","['弓', '手']"
指,9,64.6,"finger, toe; point, indicate",Both,"('扌', '旨')","['日', '匕', '手']"
携,13,64.10,"lead by hand, take with; carry",Both,"('扌', '隽')","['丿', '隹', '手']"
搆,13,64.10,"pull, drag; reach; implicate",Traditional,"('扌', '冓')","['二', '土', '手', '一', '冂']"
捲,11,64.8,"curl, roll up; curly, rolled up",Traditional,"('扌', '巻')","['二', '八', '手', '丨', '乙']"
摧,14,64.11,"destroy, break, injure",Both,"('扌', '崔')","['隹', '山', '手']"
抿,8,64.5,pucker up lips in smile; press,Both,"('扌', '民')","['一', '己', '手']"
摝,14,64.11,"to move, roll, rattle, shake",Both,"('扌', '鹿')","['鹿', '手']"
挡,9,64.6,"obstruct, impede; stop; resist",Both,"('扌', '当')","['小', '手', '彐']"
捌,10,64.7,"break open, split open; an accounting version of the numeral eight",Both,"('扌', '别')","['刀', '力', '手', '口']"
攮,25,64.22,to fend off; to stab,Both,"('扌', '囊')","['二', '手', '丨', '冖', '十', '一', '口']"
擠,17,64.14,"crowd, squeeze, push against",Traditional,"('扌', '齊')","['齊', '手']"
搗,13,64.10,"hull; thresh; beat, attack",Traditional,"('扌', '島')","['一', '丶', '山', '手']"
擗,16,64.13,to beat the breast,Both,"('扌', '辟')","['尸', '辛', '口', '手']"
拇,8,64.5,thumb; big toe,Both,"('扌', '母')","['毋', '手']"
掄,11,64.8,"swing, brandish, flourish",Traditional,"('扌', '侖')","['人', '手', '一', '艸', '冂']"
擰,17,64.14,"pinch; twist, wring; determined",Traditional,"('扌', '寧')","['心', '手', '皿', '宀', '一', '亅']"
拶,9,64.6,"press, squeeze hard; force",Both,"('扌', '𡿪')","['川', '手', '夕']"
据,11,64.8,"to occupy, take possession of; a base, position",Both,"('扌', '居')","['十', '尸', '手', '口']"
擙,16,64.13,to reach,Both,"('扌', '奧')","['宀', '大', '手', '釆']"
换,10,64.7,change,Simplified,"('扌', '奂')","['刀', '大', '手', '冂']"
捘,10,64.7,push,Both,"('扌', '夋')","['厶', '八', '手', '夂']"
抗,7,64.4,"resist, oppose, defy, reject",Both,"('扌', '亢')","['亠', '几', '手']"
掃,11,64.8,"sweep, clear away; exterminate",Traditional,"('扌', '帚')","['冖', '手', '彐', '巾']"
揖,12,64.9,"salute, bow; defer to, yield",Both,"('扌', '咠')","['耳', '手', '口']"
掺,11,64.8,"mix, blend, adulterate",Simplified,"('扌', '参')","['厶', '大', '彡', '手']"
搂,12,64.9,"hug, embrace; drag, pull",Simplified,"('扌', '娄')","['女', '米', '手']"
揑,12,64.9,to fabricate; to trump up,Both,"('扌', '臼工')","['臼', '手', '工']"
掸,11,64.8,to dust; a duster,Simplified,"('扌', '单')","['二', '八', '手', '丨', '十', '冂']"
挙,10,64.6,"raise, lift up; recommend",Simplified,"('兴', '手')","['一', '八', '手', '小']"
摞,14,64.11,to pile up,Both,"('扌', '累')","['田', '糸', '手']"
攫,23,64.20,"snatch away, seize; catch with",Both,"('扌', '矍')","['目', '隹', '又', '手']"
擾,18,64.15,"disturb, annoy, agitate",Traditional,"('扌', '憂')","['心', '丿', '手', '夂', '冖', '月', '一']"
揈,12,64.9,to expel,Both,"('扌', '訇')","['勹', '手', '言']"
擴,17,64.15,"expand, enlarge, stretch",Traditional,"('扌', '廣')","['二', '凵', '八', '手', '广', '丨', '一', '艸']"
攬,24,64.21,"grasp, take hold of; monopolize",Traditional,"('扌', '覽')","['丿', '丶', '手', '見', '臣', '一', '网']"
抪,8,64.5,"to scatter, spread",Both,"('扌', '布')","['一', '丿', '手', '巾']"
揄,12,64.9,"lift, raise; praise; hang; flap",Both,"('扌', '兪')","['人', '手', '刀', '月', '一']"
撕,15,64.12,"rip, tear; buy cloth",Both,"('扌', '斯')","['八', '手', '斤', '一', '甘']"
摁,13,64.10,to press with the hand,Both,"('扌', '恩')","['心', '囗', '大', '手']"
撱,14,64.12,"to shorten, to clip; to throw away",Both,"('扌', '隋')","['丿', '手', '阝', '工', '月', '一']"
搦,13,64.10,"grasp, seize, take in hand",Both,"('扌', '弱')","['弓', '手', '冫']"
拈,8,64.5,pick up with fingers; draw lots,Both,"('扌', '占')","['卜', '手', '口']"
捔,10,64.7,"to gore, stab",Both,"('扌', '角')","['角', '手']"
捧,11,64.8,hold up in two hands,Both,"('扌', '奉')","['二', '八', '手', '丨', '一']"
拼,9,64.6,"join together, link, incorporate",Both,"('扌', '并')","['一', '八', '廾', '手']"
技,7,64.4,"skill, ability, talent, ingenuity",Both,"('扌', '支')","['支', '手']"
攜,21,64.18,"lead by hand, take with; carry",Traditional,"('扌', '巂')","['八', '手', '隹', '口', '山', '冂']"
撅,15,64.12,"protrude; snap, break; dig",Both,"('扌', '厥')","['八', '手', '屮', '厂', '一', '欠']"
捻,11,64.8,to twist or nip with the fingers,Both,"('扌', '念')","['心', '人', '丶', '手']"
擊,17,64.13,"strike, hit, beat; attack, fight",Traditional,"('𣪠', '手')","['車', '山', '手', '殳']"
摒,12,64.11,"expel, cast off; arrange",Both,"('扌', '屏')","['八', '手', '廾', '尸', '一']"
摑,14,64.11,"box one's ears, slap",Traditional,"('扌', '國')","['手', '囗', '戈', '一', '口']"
摻,14,64.11,"a delicate hand; mix, blend, adulterate",Traditional,"('扌', '參')","['厶', '人', '彡', '手']"
擺,18,64.15,"put, place; display; swing, sway",Traditional,"('扌', '罷')","['月', '厶', '网', '手']"
搥,12,64.10,"beat, pound, strike, throw; shampoo",Both,"('扌', '追')","['丶', '己', '手', '辵']"
拌,8,64.5,mix,Both,"('扌', '半')","['二', '丨', '八', '手']"
措,11,64.8,"place; collect, arrange; employ",Both,"('扌', '昔')","['日', '一', '艸', '手']"
拓,8,64.5,expand; open up; support or push,Both,"('扌', '石')","['石', '手']"
扎,4,64.1,pull up; pierce; struggle free,Both,"('扌', '乚')","['手', '乙']"
捄,10,64.7,long and curved,Both,"('扌', '求')","['丿', '丶', '水', '手', '一']"
搌,13,64.10,to wipe tears; to bind,Both,"('扌', '展')","['手', '尸', '一', '艸', '乙']"
擖,15,64.13,scrape,Both,"('扌', '葛')","['人', '手', '勹', '曰', '艸']"
摽,14,64.11,throw out; push out; strike,Both,"('扌', '票')","['襾', '手', '示']"
扒,5,64.2,scratch; dig up; crawl; crouch,Both,"('扌', '八')","['八', '手']"
抑,7,64.4,"press down, repress; curb, hinder",Both,"('扌', '卬')","['手', '卩']"
撙,15,64.12,"economize; abide by, comply with",Both,"('扌', '尊')","['寸', '八', '酉', '手']"
揣,12,64.9,put things under clothes,Both,"('扌', '耑')","['而', '山', '手']"
摔,14,64.11,"fall to the ground; stumble, trip",Both,"('扌', '率')","['幺', '手', '十', '亠', '冫']"
擜,16,64.13,to beat; to strike; to attack,Simplified,"('扌', '献')","['八', '手', '干', '犬', '十', '冂']"
挫,10,64.7,push down; chop down; grind,Both,"('扌', '坐')","['土', '手', '人']"
擵,18,64.15,"to touch, feel with the hand",Unknown,"('扌', '摩')","['麻', '手']"
擅,16,64.13,monopolize; claim; arbitrarily; to dare,Both,"('扌', '亶')","['手', '囗', '亠', '日', '一']"
把,7,64.4,"hold, take; guard; regard as",Both,"('扌', '巴')","['丨', '手', '乙']"
攪,23,64.20,"disturb, agitate, stir up",Traditional,"('扌', '覺')","['手', '爻', '見', '冖', '臼']"
拐,8,64.5,"kidnap, abduct; turn",Simplified,"('扌', '另')","['力', '手', '口']"
搏,13,64.10,seize; spring upon; strike,Both,"('扌', '尃')","['丶', '手', '寸', '用', '十']"
抄,7,64.4,"copy, confiscate, seize",Both,"('扌', '少')","['丿', '手', '小']"
擥,18,64.15,"drive away, expel, oust",Traditional,"('監', '手')","['丿', '丶', '手', '臣', '一', '网']"
攥,23,64.20,(coll.) hold; grip; grasp,Both,"('扌', '纂')","['手', '竹', '大', '糸', '目']"
搲,13,64.10,"to seize, to grasp",Both,"('扌', '窊')","['穴', '瓜', '手']"
挓,9,64.6,to open out; to expand,Both,"('扌', '宅')","['宀', '一', '手', '乙']"
摅,13,64.10,"spread, disperse; vent, set forth",Simplified,"('扌', '虑')","['虍', '心', '手']"
找,7,64.4,"search, seek, look for; find",Both,"('扌', '戈')","['戈', '手']"
拷,9,64.6,torture and interrogate; hit,Both,"('扌', '考')","['一', '手', '老']"
撷,15,64.12,"pick up, gather up; hold in lap",Simplified,"('扌', '颉')","['页', '手', '口', '士']"
拝,8,64.5,"do obeisance, bow, kowtow",Both,"('扌', '干干')","['一', '丨', '手', '二']"
按,9,64.6,"put hand on, press down with hand",Both,"('扌', '安')","['宀', '手', '女']"
掎,11,64.8,"drag aside, pull; drag one foot",Both,"('扌', '奇')","['亅', '手', '大', '一', '口']"
担,8,64.5,"carry, bear, undertake",Both,"('扌', '旦')","['日', '一', '手']"
撆,15,64.12,"to skim off, cast away",Both,"('敝', '手')","['冫', '手', '攴', '巾']"
损,10,64.7,diminish; impair; injure,Simplified,"('扌', '员')","['贝', '手', '口']"
挪,9,64.7,"move, shift on one side",Both,"('扌', '那')","['二', '丨', '阝', '手']"
揎,12,64.9,to pull up the sleeves and stretch out the arms; to strike with bare fists,Both,"('扌', '宣')","['宀', '一', '手', '日']"
搡,13,64.10,to push over or push back,Both,"('扌', '桑')","['又', '木', '手']"
扛,6,64.3,carry on shoulders; lift,Both,"('扌', '工')","['手', '工']"
攤,22,64.19,"spread out, open; apportion",Traditional,"('扌', '難')","['二', '人', '手', '隹', '丨', '廾', '口']"
执,6,64.3,hold in hand; keep; carry out,Both,"('扌', '丸')","['丿', '丶', '手']"
揚,12,64.9,"scatter, spread; praise",Traditional,"('扌', '昜')","['日', '一', '勹', '手']"
搯,13,64.10,"take out, pull out",Both,"('扌', '舀')","['臼', '手', '爪']"
扵,7,64.4,"in, on, at, by, from; than; with reference to; compared with",Both,"('扌', '仒')","['人', '丶', '手']"
掞,11,64.8,"easy, smooth; quiet; suave",Both,"('扌', '炎')","['火', '手']"
撊,15,64.12,fierce; wrathful,Traditional,"('扌', '閒')","['月', '手', '門']"
扦,6,64.3,"probe, poke, prick, pierce",Both,"('扌', '千')","['十', '手']"
捅,10,64.7,jab,Both,"('扌', '甬')","['用', '手']"
搔,12,64.10,to scratch,Both,"('扌', '蚤')","['丶', '又', '虫', '手']"
抱,8,64.5,"embrace, hold in arms, enfold",Both,"('扌', '包')","['勹', '己', '手']"
拽,9,64.6,"drag, tow; throw; twist",Both,"('扌', '曳')","['曰', '手']"
擉,16,64.13,to pierce; to break through,Both,"('扌', '蜀')","['勹', '网', '虫', '手']"
択,7,64.4,"select, choose, pick out",Unknown,"('扌', '尺')","['尸', '手']"
捨,11,64.8,"discard, give up willingly; give alms",Traditional,"('扌', '舍')","['干', '人', '手', '口']"
抰,8,64.5,"to shake (clothes, etc.)",Both,"('扌', '央')","['大', '手', '冂']"
揁,12,64.9,sound of setting up a koto,Traditional,"('扌', '貞')","['貝', '卜', '手']"
摭,14,64.11,"pick up, gather",Both,"('扌', '庶')","['广', '火', '廾', '手']"
掗,11,64.8,take; hold; give forcefully,Traditional,"('扌', '亞')","['二', '手']"
搧,13,64.10,fan; strike on face; stir up,Both,"('扌', '扇')","['户', '手', '羽']"
揳,12,64.9,wipe; estimate,Both,"('扌', '契')","['二', '手', '刀', '丨', '大', '一']"
拟,7,64.5,"draft; intend, plan, propose",Simplified,"('扌', '以')","['人', '丶', '手', '乙']"
擫,17,64.14,tuck; hold,Traditional,"('扌', '厭')","['月', '手', '厂', '犬', '日']"
搘,13,64.10,prop,Both,"('扌', '耆')","['日', '手', '老']"
搞,13,64.10,"to clear, clarify",Both,"('扌', '高')","['高', '手']"
攢,22,64.19,"save, hoard",Traditional,"('扌', '贊')","['貝', '手', '牛', '儿']"
捐,10,64.7,"contribute; give up, renounce",Both,"('扌', '肙')","['月', '手', '口']"
捭,11,64.8,to open; to spread out,Both,"('扌', '卑')","['二', '丶', '手', '丨', '十', '冂']"
掏,11,64.8,take out; pull out; clean out,Both,"('扌', '匋')","['勹', '手', '缶']"
摀,13,64.10,to cover with the hand; to hide,Traditional,"('扌', '烏')","['一', '丶', '火', '手']"
扔,5,64.2,"throw, hurl; throw away, cast",Both,"('扌', '乃')","['丿', '手']"
擣,17,64.14,"hull; thresh; beat, attack",Traditional,"('扌', '壽')","['手', '士', '乙', '寸', '工', '一', '口']"
搒,13,64.10,pole; beat,Both,"('扌', '旁')","['八', '手', '冖', '亠', '方']"
拋,8,64.5,"throw (away), abandon, reject",Traditional,"('扌', '𡯄')","['力', '手', '尢']"
搴,14,64.10,extract; seize; pluck up,Both,"('𡨄', '手')","['二', '八', '手', '宀', '一']"
換,12,64.9,"change, exchange; substitute",Traditional,"('扌', '奐')","['八', '手', '刀', '大', '冂']"
援,12,64.9,"aid, assist; lead; cite",Both,"('扌', '爰')","['干', '又', '手', '爪']"
掔,12,64.8,sturdy,Both,"('臤', '手')","['又', '手', '臣']"
择,8,64.5,"select, choose, pick out",Simplified,"('扌', '𠬤')","['二', '丨', '又', '手']"
抅,7,64.4,to collect; to join together,Both,"('扌', '勾')","['勹', '厶', '手']"
描,11,64.9,"copy, trace, sketch; depict",Both,"('扌', '苗')","['艸', '田', '手']"
掐,11,64.8,hold; gather with hand; choke,Both,"('扌', '臽')","['臼', '刀', '手']"
托,6,64.3,"to hold up with palm; to support, rely on",Both,"('扌', '乇')","['一', '手', '乙']"
挽,10,64.7,"pull; pull back, draw back",Both,"('扌', '免')","['手', '乙', '刀', '丨', '口']"
抈,7,64.4,to bend,Both,"('扌', '月')","['月', '手']"
揽,12,64.9,"grasp, take hold of; monopolize",Simplified,"('扌', '览')","['丿', '丶', '手', '丨', '见', '一']"
擦,17,64.14,"wipe, scrub, rub, scour; brush",Both,"('扌', '察')","['月', '手', '示', '卩', '宀']"
擒,15,64.13,"catch, capture, seize, arrest",Both,"('扌', '禽')","['人', '凵', '禸', '丿', '手', '亠']"
抛,7,64.4,throw (away),Both,"('扌', '𠠵')","['丿', '手', '力']"
抚,7,64.4,"pat, console, comfort; pacify",Simplified,"('扌', '无')","['无', '手']"
擃,16,64.13,"to ward off; to stab, prick",Traditional,"('扌', '農')","['二', '凵', '辰', '手']"
才,3,64.0,"talent, ability; just, only",Both,"('才', None)","['一', '丿']"
撮,15,64.12,"little bit, small amount, pinch",Both,"('扌', '最')","['又', '曰', '手', '耳']"
折,7,64.4,"break off, snap; bend",Both,"('扌', '斤')","['斤', '手']"
搬,13,64.10,"transfer, move, remove, shift",Both,"('扌', '般')","['舟', '殳', '手']"
抉,7,64.4,"choose, select; gouge, pluck out",Both,"('扌', '夬')","['人', '丨', '手']"
掻,11,64.8,scratch lightly,Both,"('扌', '𧈡')","['又', '虫', '手']"
攏,19,64.16,"collect, bring together",Traditional,"('扌', '龍')","['龍', '手']"
挑,9,64.6,a load carried on the shoulders; to carry,Both,"('扌', '兆')","['冫', '手', '儿']"
揀,12,64.9,choose; select; pick up; gather,Traditional,"('扌', '柬')","['八', '手', '丨', '木', '口']"
拗,8,64.5,"to pull, drag, break off, to pluck (a flower); bent, warped; perverse, obstinate",Both,"('扌', '幼')","['幺', '手', '力']"
拏,9,64.5,"take; bring; grasp, hold; arrest",Both,"('奴', '手')","['女', '又', '手']"
撿,16,64.13,to pick up,Traditional,"('扌', '僉')","['一', '人', '手']"
挤,9,64.6,"crowd, squeeze, push against",Simplified,"('扌', '齐')","['齐', '手']"
扠,6,64.3,pick up with fork or pincers,Both,"('扌', '叉')","['丶', '又', '手']"
拥,8,64.5,"embrace, hug, squeeze; crowd",Simplified,"('扌', '用')","['用', '手']"
掘,11,64.8,"dig, excavate; excavate cave",Both,"('扌', '屈')","['尸', '山', '手']"
押,8,64.5,"mortgage, pledge; deposit; to pawn; to arrest, detain, guard",Both,"('扌', '甲')","['二', '丨', '手', '冂']"
搕,13,64.10,to strike; to take in the hand,Both,"('扌', '盍')","['土', '皿', '厶', '手']"
摇,13,64.10,"wag, swing, wave; shake; scull",Simplified,"('扌', '䍃')","['缶', '手', '爪']"
捫,11,64.8,"stoke, pat, feel by hand, grope",Traditional,"('扌', '門')","['手', '門']"
搛,13,64.10,to pick up with chopsticks,Both,"('扌', '兼')","['一', '八', '手', '彐']"
扪,6,64.3,"stoke, pat, feel by hand, grope",Simplified,"('扌', '门')","['门', '手']"
扶,7,64.4,"support, help; protect; hold on",Both,"('扌', '夫')","['人', '手', '二']"
擯,17,64.14,"exclude, expel, reject; usher",Traditional,"('扌', '賓')","['丿', '手', '貝', '小', '宀', '一']"
扣,6,64.3,"knock, strike, rap, tap; button",Simplified,"('扌', '口')","['手', '口']"
揞,12,64.9,to cover (with the hand),Both,"('扌', '音')","['音', '手']"
揆,12,64.9,"prime minister; to guess, estimate",Both,"('扌', '癸')","['一', '大', '癶', '手']"
撐,15,64.12,"prop up, support; brace; to push off (with a pole)",Traditional,"('扌', '牚')","['手', '冖', '口', '小', '牙']"
攣,23,64.19,tangled; entwined; crooked,Traditional,"('䜌', '手')","['糸', '手', '言']"
抶,8,64.5,beat,Both,"('扌', '失')","['人', '手', '二']"
捽,11,64.8,"clutch, grasp; pull up; contradict",Both,"('扌', '卒')","['十', '亠', '手', '人']"
掽,11,64.8,collide; meet unexpectedly,Both,"('扌', '並')","['一', '八', '手']"
探,11,64.8,"find, locate; search, grope for",Both,"('扌', '罙')","['网', '木', '手']"
挥,9,64.6,direct; wipe away; squander,Simplified,"('扌', '军')","['冖', '车', '手']"
撹,15,64.12,"disturb, agitate, stir up",Unknown,"('扌', '覚')","['冖', '見', '小', '手']"
摯,15,64.11,"sincere, warm, cordial; surname",Traditional,"('執', '手')","['土', '丶', '丿', '八', '手', '干']"
揫,13,64.9,"grasp with hand, pinch",Both,"('秋', '手')","['禾', '火', '手']"
攖,20,64.17,"oppose, offend, run counter to",Traditional,"('扌', '嬰')","['女', '貝', '手']"
據,16,64.13,"to occupy, take possession of; a base",Traditional,"('扌', '豦')","['虍', '豕', '手']"
持,9,64.6,"sustain, support; hold, grasp",Both,"('扌', '寺')","['土', '寸', '手']"
擔,16,64.13,"carry, bear, undertake",Traditional,"('扌', '詹')","['八', '手', '刀', '厂', '言']"
払,5,64.2,"shake off, brush away; dust",Both,"('扌', '厶')","['厶', '手']"
捼,11,64.8,to rub; to crumple,Both,"('扌', '委')","['女', '大', '手']"
镮,18,167'.13,metal ring; measure of currency,Simplified,"('钅', '睘')","['一', '网', '钅', '口']"
釭,11,167.3,tire of wheel; band,Traditional,"('金', '工')","['金', '工']"
鏺,20,167.12,to cut with a sickle,Traditional,"('金', '發')","['癶', '殳', '金', '弓']"
鑪,24,167.16,"fireplace, stove, oven, furnace",Traditional,"('金', '盧')","['虍', '皿', '金', '田']"
铣,11,167'.6,mill,Simplified,"('钅', '先')","['牛', '钅', '儿']"
鋼,16,167.8,"steel; hard, strong, tough",Traditional,"('金', '岡')","['金', '八', '山', '一', '冂']"
锉,12,167'.7,"carpenter's file, file smooth",Simplified,"('钅', '坐')","['土', '钅', '人']"
锾,14,167'.9,"measure; money, coins",Simplified,"('钅', '爰')","['又', '干', '钅', '爪']"
鎚,17,167.10,"hammer, mallet; club",Traditional,"('金', '追')","['丶', '金', '己', '辵']"
钌,7,167'.2,"ruthenium (element 44, Ru)",Simplified,"('钅', '了')","['钅', '亅']"
钙,9,167'.4,"calcium (element 20, Ca)",Simplified,"('钅', '丐')","['一', '钅', '卜']"
銘,14,167.6,"inscribe, engrave; unforgettably",Traditional,"('金', '名')","['金', '口', '夕']"
链,12,167'.7,"chain, wire, cable; chain, shack",Simplified,"('钅', '连')","['车', '钅', '辵']"
鈄,12,167.4,a wine flagon,Traditional,"('金', '斗')","['金', '斗']"
锏,12,167'.7,kind of rapier,Simplified,"('钅', '间')","['门', '钅', '日']"
鉏,13,167.5,"hoe; eradicate, eliminate",Traditional,"('金', '且')","['月', '一', '金']"
錯,16,167.8,"error, blunder, mistake, wrong",Traditional,"('金', '昔')","['日', '一', '金', '艸']"
镒,15,167'.10,measure of weight for gold,Simplified,"('钅', '益')","['一', '钅', '八', '皿']"
鉴,13,167.5,"mirror, looking glass; reflect",Simplified,"('', '金')","['丿', '丶', '金', '丨', '一']"
铆,10,167'.5,rivet,Simplified,"('钅', '卯')","['钅', '卩']"
鍱,17,167.9,thin plates of metal,Traditional,"('金', '枼')","['廾', '金', '木']"
鍆,16,167.8,"mendelevium (element 101, Md)",Traditional,"('金', '門')","['金', '門']"
镚,16,167'.11,small coin,Simplified,"('钅', '崩')","['月', '钅', '山']"
錇,16,167.8,"berkelium (element 97, Bk)",Traditional,"('金', '咅')","['金', '立', '口']"
钧,9,167'.4,unit of measure equivalent to thirty catties,Simplified,"('钅', '匀')","['勹', '亠', '钅']"
鈆,12,167.4,lead,Traditional,"('金', '公')","['厶', '金', '八']"
鈚,12,167.4,an ancient type of arrow,Traditional,"('金', '比')","['比', '金']"
鉉,13,167.5,device for carrying a tripod,Traditional,"('金', '玄')","['玄', '金']"
锍,12,167'.7,"matte, a crude mixture of sulfides formed in smelting sulfide ores",Simplified,"('钅', '㐬')","['厶', '丨', '亠', '钅', '儿']"
鋜,15,167.7,"fetters, shackles",Traditional,"('金', '足')","['金', '足']"
錞,16,167.8,instrument,Traditional,"('金', '享')","['子', '亠', '金', '口']"
钉,7,167'.2,"nail, spike; pursue closely",Simplified,"('钅', '丁')","['一', '钅', '亅']"
鉄,13,167.5,"iron; strong, solid, firm",Both,"('金', '失')","['人', '金', '二']"
铚,11,167'.6,a sickle,Simplified,"('钅', '至')","['钅', '至']"
釦,11,167.3,"button; buckle, clasp; engrave",Traditional,"('金', '口')","['囗', '金']"
钐,8,167'.3,"samarium (element 62, Sm); to swing a sickle to cut (grass or wheat)",Simplified,"('钅', '彡')","['彡', '钅']"
钒,8,167'.3,"vanadium (element 23, V)",Simplified,"('钅', '凡')","['几', '钅', '丶']"
鎣,18,167.10,polish,Traditional,"('炏', '金')","['冖', '火', '金']"
锌,12,167'.7,"zinc (element 30, Zn)",Simplified,"('钅', '辛')","['钅', '辛']"
鎊,18,167.10,pound sterling; to scrape,Traditional,"('金', '旁')","['金', '八', '冖', '亠', '方']"
鑰,25,167.17,key; lock,Traditional,"('金', '龠')","['龠', '金']"
鏝,19,167.11,trowel,Traditional,"('金', '曼')","['日', '网', '又', '金']"
鉞,13,167.5,"broad-axe, a battle axe, halberd",Traditional,"('金', '戉')","['匚', '戈', '金']"
钳,10,167'.5,"pincers, pliers, tongs; to compress",Simplified,"('钅', '甘')","['甘', '钅']"
钂,28,167.20,an ancient weapon resembling a pitchfork,Traditional,"('金', '黨')","['金', '黑', '冖', '小', '口']"
锺,14,167'.9,"cup, glass, goblet; surname",Simplified,"('钅', '重')","['十', '里', '钅']"
镧,17,167'.12,"lanthanum (element 57, La)",Simplified,"('钅', '阑')","['门', '八', '丨', '木', '钅', '口']"
鈳,13,167.5,a small cauldron; columbium (an older name for niobium),Traditional,"('金', '可')","['一', '口', '金', '亅']"
钤,9,167'.4,"lock, latch; stamp, seal",Simplified,"('钅', '今')","['人', '丶', '钅']"
錡,16,167.8,a kind of pen; a kind of chisel,Traditional,"('金', '奇')","['亅', '金', '大', '一', '口']"
锽,14,167'.9,weapon,Simplified,"('钅', '皇')","['玉', '钅', '白']"
镐,15,167'.10,stove; bright,Simplified,"('钅', '高')","['钅', '高']"
锿,14,167'.9,"einsteinium (element 99, Es)",Simplified,"('钅', '哀')","['衣', '钅', '口']"
鏻,20,167.12,phosphonium,Traditional,"('金', '粦')","['舛', '金', '米']"
鐚,20,167.12,soft steel; ammonium,Traditional,"('金', '惡')","['心', '二', '金']"
镔,15,167'.10,high quality iron,Simplified,"('钅', '宾')","['斤', '八', '钅', '宀', '一']"
鑕,23,167.15,"chopping block, executioner's block",Traditional,"('金', '質')","['斤', '貝', '金']"
鈃,12,167.4,ancient wine vessel,Traditional,"('金', '开')","['一', '金', '廾']"
鍘,17,167.9,sickle for cutting grass or hay,Traditional,"('金', '則')","['貝', '刀', '金']"
鑴,26,167.18,"to engrave or carve, as a block for printing",Traditional,"('金', '巂')","['金', '八', '隹', '口', '山', '冂']"
锑,12,167'.7,"antimony (element 51, Sb)",Simplified,"('钅', '弟')","['丨', '钅', '弓', '八']"
钼,10,167'.5,"molybdenum (element 42, Mo)",Simplified,"('钅', '目')","['目', '钅']"
锢,13,167'.8,run metal into cracks; confine,Simplified,"('钅', '固')","['囗', '钅', '十', '口']"
鍃,16,167.8,a kind of tool,Traditional,"('金', '忽')","['勹', '金', '心']"
鑄,22,167.14,"melt, cast; coin, mint",Traditional,"('金', '壽')","['金', '士', '乙', '寸', '工', '一', '口']"
鍇,17,167.9,high quality iron,Traditional,"('金', '皆')","['比', '白', '金']"
鐆,19,167.12,a lens,Unknown,"('隊', '金')","['八', '豕', '阝', '金']"
鋊,15,167.7,a poker; brass filings; to file,Traditional,"('金', '谷')","['金', '谷']"
鐓,20,167.12,ferrule; castrate,Traditional,"('金', '敦')","['子', '金', '亠', '攴', '口']"
鑚,23,167.15,"drill, bore; pierce; diamond",Both,"('金', '賛')","['貝', '金', '人', '二']"
鏾,20,167.12,the trigger of a crossbow; crossbow,Traditional,"('金', '散')","['金', '月', '一', '艸', '攴']"
鍐,17,167.9,"a headstall, ornament on a bride",Traditional,"('金', '㚇')","['丿', '凵', '金', '八', '夂']"
銱,14,167.6,hasp and staple,Traditional,"('金', '吊')","['金', '口', '巾']"
鐤,20,167.12,huge tripod of bronze with two ears; sacrificial vessel,Traditional,"('金', '鼎')","['鼎', '金']"
镤,17,167'.12,protactinium (Pa),Simplified,"('钅', '菐')","['羊', '一', '钅', '八']"
镖,16,167'.11,"dart, spear, harpoon; escort",Simplified,"('钅', '票')","['襾', '钅', '示']"
鋤,15,167.7,hoe; eradicate,Traditional,"('金', '助')","['月', '一', '金', '力']"
鈩,12,167.4,"fireplace, stove, oven, furnace",Unknown,"('金', '戸')","['户', '金']"
钽,10,167'.5,"tantalum (element 73, Ta)",Simplified,"('钅', '旦')","['日', '一', '钅']"
錈,16,167.8,to bend iron,Traditional,"('金', '卷')","['二', '金', '八', '丨', '乙']"
鐋,20,167.12,gong,Traditional,"('金', '湯')","['金', '水', '勹', '日', '一']"
鑹,26,167.18,"pick, poker",Traditional,"('金', '竄')","['鼠', '穴', '金']"
铏,11,167'.6,sacrificial cauldron,Simplified,"('钅', '刑')","['一', '刀', '钅', '廾']"
铹,12,167'.7,"lawrencium (element 103, Lr)",Simplified,"('钅', '劳')","['冖', '钅', '艸', '力']"
锗,13,167'.8,"germanium (element 32, Ge)",Simplified,"('钅', '者')","['日', '钅', '老']"
銶,15,167.7,chisel,Traditional,"('金', '求')","['丿', '丶', '金', '水', '一']"
鐠,20,167.12,"praseodymium (element 59, Pr)",Traditional,"('金', '普')","['日', '一', '金', '八']"
鎘,18,167.10,"cadmium (element 48, Cd)",Traditional,"('金', '鬲')","['金', '鬲']"
鉿,14,167.6,"hafnium (element 72, Hf)",Traditional,"('金', '合')","['一', '人', '金', '口']"
镥,17,167'.12,"lutetium (element 71, Lu)",Simplified,"('钅', '鲁')","['鱼', '钅', '日']"
锅,12,167'.7,"cooking-pot, saucepan",Simplified,"('钅', '呙')","['冂', '人', '钅', '口']"
鋝,15,167.7,ancient unit of measure equal to 6 taels (about 300 grams),Traditional,"('金', '寽')","['金', '寸', '爪']"
铩,11,167'.6,moult,Simplified,"('钅', '杀')","['丿', '十', '钅', '小']"
鍛,17,167.9,"forge metal; temper, refine",Traditional,"('金', '段')","['丨', '金', '殳']"
锯,13,167'.8,a saw; to saw; amputate,Simplified,"('钅', '居')","['十', '钅', '尸', '口']"
鑠,23,167.15,"melt, smelt; shine",Traditional,"('金', '樂')","['幺', '白', '金', '木']"
鉶,14,167.6,sacrificial cauldron,Traditional,"('金', '刑')","['一', '刀', '金', '廾']"
钚,9,167'.4,"plutonium (element 94, Pu)",Simplified,"('钅', '不')","['丿', '一', '钅', '卜']"
釤,11,167.3,"samarium (element 62, Sm); to swing a sickle to cut (grass or wheat)",Traditional,"('金', '彡')","['彡', '金']"
鏁,19,167.11,"a lock, padlock; shackles, chains",Traditional,"('金', '巢')","['川', '金', '木', '田']"
铒,11,167'.6,"erbium (element 68, Er)",Simplified,"('钅', '耳')","['钅', '耳']"
锥,13,167'.8,"gimlet, awl, drill, auger; bore",Simplified,"('钅', '隹')","['隹', '钅']"
鎇,17,167.9,"americium (element 95, Am)",Traditional,"('金', '眉')","['目', '丨', '金']"
鋟,15,167.7,carve,Traditional,"('金', '𠬶')","['冖', '又', '金', '彐']"
鍊,17,167.9,"smelt metals, forge; refine",Traditional,"('金', '柬')","['八', '金', '丨', '木', '口']"
镨,17,167'.12,"praseodymium (element 59, Pr)",Simplified,"('钅', '普')","['日', '一', '钅', '八']"
鋘,15,167.7,sword,Traditional,"('金', '吳')","['一', '大', '金', '口']"
镫,17,167'.12,lamp; a kind of cooking vessel,Simplified,"('钅', '登')","['钅', '癶', '豆']"
铃,10,167'.5,bell,Simplified,"('钅', '令')","['人', '丶', '钅']"
鈧,12,167.4,scandium (Sc),Traditional,"('金', '亢')","['亠', '金', '几']"
镍,15,167'.10,"nickel (element 28, Ni)",Simplified,"('钅', '臬')","['钅', '木', '自']"
鋕,15,167.7,engrave,Traditional,"('金', '志')","['心', '金', '士']"
鏥,19,167.11,"rust, corrosion",Traditional,"('金', '宿')","['人', '金', '宀', '一', '白']"
铟,11,167'.6,"indium (element 49, In)",Simplified,"('钅', '因')","['囗', '钅', '大']"
锝,13,167'.8,"technetium (element 43, Tc)",Simplified,"('钅', '㝵')","['日', '一', '钅', '寸']"
锻,14,167'.9,"forge metal; temper, refine",Simplified,"('钅', '段')","['丨', '钅', '殳']"
鋏,15,167.7,"tongs, pincers; dagger; sword",Traditional,"('金', '夾')","['人', '大', '金']"
鍔,17,167.9,"high, lofty; edge of knife",Traditional,"('金', '咢')","['二', '金', '口']"
錻,16,167.8,a tin plate,Unknown,"('金', '武')","['一', '弋', '金', '止']"
鋚,15,167.7,iron; bronze decoration on bridle,Both,"('攸', '金')","['人', '丨', '金', '攴']"
鎋,18,167.10,the linch-pin of a wheel to govern or control the noise of a barrow,Traditional,"('金', '害')","['二', '金', '丨', '宀', '一', '口']"
锼,14,167'.9,to engrave (metal or wood),Simplified,"('钅', '叟')","['臼', '丨', '钅', '又']"
鈿,13,167.5,"hairpin; gold inlaid work, filigree",Traditional,"('金', '田')","['金', '田']"
錳,16,167.8,"manganese (element 25, Mn)",Traditional,"('金', '孟')","['子', '金', '皿']"
镁,14,167'.9,"magnesium (element 12, Mg)",Simplified,"('钅', '美')","['羊', '钅', '大']"
锹,14,167'.9,shovel,Simplified,"('钅', '秋')","['禾', '火', '钅']"
鐝,20,167.12,"a pick, a hoe",Traditional,"('金', '厥')","['金', '八', '屮', '厂', '一', '欠']"
鑲,25,167.17,"insert, inlay, set, mount; fill",Traditional,"('金', '襄')","['二', '金', '衣', '一', '口']"
錠,16,167.8,"spindle, slab, cake, tablet",Traditional,"('金', '定')","['宀', '一', '金', '止']"
鉬,13,167.5,"molybdenum (element 42, Mo)",Traditional,"('金', '目')","['目', '金']"
鐫,20,167.13,"engraving tool; carve, engrave",Traditional,"('金', '雋')","['隹', '丨', '金']"
銪,14,167.6,"europium (element 63, Eu)",Traditional,"('金', '有')","['月', '丿', '金', '一']"
釓,9,167.1,"gadolinium (element 64, Gd)",Traditional,"('金', '乚')","['金', '乙']"
釱,11,167.3,fetters; to fetter,Traditional,"('金', '大')","['大', '金']"
鋲,15,167.7,rivet,Traditional,"('金', '兵')","['斤', '一', '金', '八']"
钾,10,167'.5,"potassium (element 19, K)",Simplified,"('钅', '甲')","['二', '丨', '钅', '冂']"
鏢,19,167.11,"dart, spear, harpoon; escort",Traditional,"('金', '票')","['襾', '金', '示']"
釽,12,167.4,a farmer's hoeing fork,Traditional,"('金', '爪')","['金', '爪']"
钇,6,167'.1,"yttrium (element 39, Y)",Simplified,"('钅', '乙')","['钅', '乙']"
钏,8,167'.3,"bracelet, armlet",Simplified,"('钅', '川')","['川', '钅']"
锖,13,167'.8,the color of the a mineral,Simplified,"('钅', '青')","['钅', '青']"
镓,15,167'.10,"gallium (element 31, Ga)",Simplified,"('钅', '家')","['宀', '钅', '豕']"
欽,12,76.8 167.4,"respect, admire; respectful",Traditional,"('金', '欠')","['欠', '金']"
鍭,17,167.9,arrow,Traditional,"('金', '侯')","['人', '金', '矢']"
錤,16,167.8,hoe,Traditional,"('金', '其')","['一', '甘', '金', '八']"
鐄,19,167.12,bell,Traditional,"('金', '黄')","['二', '凵', '金', '八', '丨', '一', '艸']"
镗,16,167'.11,boring tool,Simplified,"('钅', '堂')","['土', '冖', '钅', '小', '口']"
錾,16,167.8,"engraving tool, chisel",Simplified,"('斩', '金')","['斤', '车', '金']"
鈍,12,167.4,"blunt, obtuse; dull; flat; dull-witted",Traditional,"('金', '屯')","['十', '金', '屮', '乙']"
针,7,167'.2,needle; pin; tack; acupuncture,Simplified,"('钅', '十')","['十', '钅']"
鏚,19,167.11,axe,Traditional,"('金', '戚')","['金', '卜', '厂', '戈', '小', '一']"
镵,22,167'.17,"spade, trowel",Simplified,"('钅', '毚')","['丶', '乙', '刀', '丨', '钅', '比', '口']"
銫,14,167.6,"caesium/cesium (element 55, Cs)",Traditional,"('金', '色')","['色', '金']"
锂,12,167'.7,"lithium (element 3, Li)",Simplified,"('钅', '里')","['里', '钅']"
鈰,13,167.5,"cerium (element 58, Ce)",Traditional,"('金', '市')","['亠', '金', '巾']"
鉑,13,167.5,platinum (Pt); thin sheet of metal,Traditional,"('金', '白')","['白', '金']"
铸,12,167'.7,"melt, cast; coin, mint",Simplified,"('钅', '寿')","['二', '丨', '寸', '钅', '一']"
锷,14,167'.9,"high, lofty; edge of knife",Simplified,"('钅', '咢')","['二', '钅', '口']"
鋮,14,167.7,person's name,Traditional,"('金', '成')","['丿', '一', '戈', '金']"
鐖,20,167.12,"hook, barb, catch, spring",Traditional,"('金', '幾')","['幺', '人', '戈', '金']"
鐶,21,167.13,metal ring; measure of currency,Traditional,"('金', '睘')","['一', '网', '金', '口']"
錟,16,167.8,long spear,Traditional,"('金', '炎')","['火', '金']"
鏗,19,167.11,"strike, beat, stroke; jingling",Traditional,"('金', '堅')","['土', '又', '金', '臣']"
釧,11,167.3,"bracelet, armlet",Traditional,"('金', '川')","['川', '金']"
鉌,13,167.5,the bells on the cart in ancient China,Traditional,"('金', '禾')","['禾', '金']"
鈌,12,167.4,"to pierce, to stab; to take",Traditional,"('金', '夬')","['人', '丨', '金']"
钷,10,167'.5,"promethium (element 61, Pm)",Simplified,"('钅', '叵')","['匚', '钅', '口']"
鋌,14,167.7,"ingots, bars of metal; hurry",Traditional,"('金', '廷')","['廴', '金', '士']"
钮,9,167'.4,"button, knob; surname",Simplified,"('钅', '丑')","['二', '刀', '钅']"
鉍,13,167.5,bismuth (Bi),Traditional,"('金', '必')","['心', '丿', '金']"
釩,11,167.3,"vanadium (element 23, V)",Traditional,"('金', '凡')","['几', '金', '丶']"
鎗,18,167.10,"rifle, small arms, hand gun",Traditional,"('金', '倉')","['人', '丶', '金', '丨', '彐', '口']"
鍸,17,167.9,"food, gruel",Traditional,"('金', '胡')","['月', '十', '金', '口']"
鍫,17,167.9,shovel,Both,"('秋', '金')","['禾', '火', '金']"
钩,9,167'.4,"hook, barb; sickle; stroke with",Simplified,"('钅', '勾')","['勹', '厶', '钅']"
銨,14,167.6,ammonium,Traditional,"('金', '安')","['宀', '金', '女']"
鐀,20,167.12,a cupboard; a press; a wardrobe shop-counter,Traditional,"('金', '貴')","['金', '丨', '貝', '一', '口']"
鎲,18,167.10,ancient weapon resembling a pitchfork,Traditional,"('金', '党')","['金', '冖', '小', '儿', '口']"
釵,11,167.3,ornamental hairpin,Traditional,"('金', '叉')","['丶', '又', '金']"
鍾,17,167.9,"cup, glass, goblet; surname",Traditional,"('金', '重')","['十', '里', '金']"
鐦,20,167.12,"californium (element 98, Cf)",Traditional,"('金', '開')","['一', '金', '廾', '門']"
鑀,21,167.13,ionium,Traditional,"('金', '愛')","['心', '金', '夂', '爪', '冖']"
鏡,19,167.11,mirror; lens; glass; glasses,Traditional,"('金', '竟')","['金', '音', '儿']"
镩,17,167'.12,"pick, poker",Simplified,"('钅', '窜')","['钅', '穴', '口', '丨']"
铕,11,167'.6,"europium (element 63, Eu)",Simplified,"('钅', '有')","['月', '丿', '钅', '一']"
鑷,26,167.18,"tweezers, forceps, pincers",Traditional,"('金', '聶')","['金', '耳']"
鋩,14,167.7,point of a sword; sharp point,Traditional,"('金', '芒')","['丶', '匸', '金', '艸']"
鑞,23,167.15,solder; tin,Traditional,"('金', '巤')","['丿', '金', '囗', '川', '冫']"
铘,11,167'.6,sword,Simplified,"('钅', '邪')","['钅', '阝', '牙']"
鉋,13,167.5,carpenter's plane,Traditional,"('金', '包')","['勹', '金', '己']"
镲,19,167'.14,cymbals,Simplified,"('钅', '察')","['月', '示', '钅', '卩', '宀']"
釜,10,167.2,"cauldron, pot, kettle",Both,"('父', '王丷')","['父', '金']"
铁,10,167'.5,"iron; strong, solid, firm",Simplified,"('钅', '失')","['人', '钅', '二']"
鎻,18,167.10,"lock, padlock; shackles, chains",Both,"('金', '𧴲')","['貝', '川', '金']"
鋥,15,167.7,polish,Traditional,"('金', '呈')","['玉', '金', '口']"
锲,14,167'.9,"sickle; cut, carve, engrave",Simplified,"('钅', '契')","['二', '刀', '丨', '大', '钅', '一']"
鋺,16,167.8,a metal bowl,Both,"('金', '宛')","['宀', '金', '乙', '夕']"
镎,15,167'.10,"(SC) neptunium (element 93, Np)",Simplified,"('钅', '拿')","['人', '手', '钅', '一', '口']"
钆,6,167'.1,"gadolinium (element 64, Gd)",Simplified,"('钅', '乚')","['钅', '乙']"
鋋,14,167.7,"short, iron-handled spear",Traditional,"('金', '延')","['止', '廴', '金']"
鑥,23,167.15,"lutetium (element 71, Lu)",Traditional,"('金', '魯')","['日', '金', '魚']"
鍺,16,167.9,"germanium (element 32, Ge); metal flashing on the axle of a cart",Traditional,"('金', '者')","['日', '金', '老']"
铱,11,167'.6,"iridium (element 77, Ir)",Simplified,"('钅', '衣')","['衣', '钅']"
铔,11,167'.6,soft steel; ammonium,Simplified,"('钅', '亚')","['一', '钅', '八']"
銚,14,167.6,large hoe; surname; a spear,Traditional,"('金', '兆')","['冫', '金', '儿']"
锦,13,167'.8,"brocade, tapestry; embroidered",Simplified,"('钅', '帛')","['钅', '白', '巾']"
锫,13,167'.8,"berkelium (element 97, Bk)",Simplified,"('钅', '咅')","['钅', '立', '口']"
釕,10,167.2,"ruthenium (element 44, Ru)",Traditional,"('金', '了')","['金', '亅']"
锤,13,167'.8,balance weight on scale; hammer,Simplified,"('钅', '垂')","['十', '钅', '艸', '士']"
鐧,20,167.12,kind of rapier,Traditional,"('金', '間')","['日', '金', '門']"
錁,16,167.8,ingot; acrobatic move,Traditional,"('金', '果')","['金', '木', '田']"
鐲,21,167.13,"bracelet, armband; small bell",Traditional,"('金', '蜀')","['勹', '虫', '网', '金']"
鎛,18,167.10,"large bell; hoe, spade",Traditional,"('金', '尃')","['丶', '金', '寸', '用', '十']"
錘,16,167.8,balance weight on scale; hammer,Traditional,"('金', '垂')","['十', '金', '艸', '士']"
鑫,24,167.16,used in names,Both,"('金', None)",['金']
鑔,22,167.14,cymbals,Traditional,"('金', '察')","['月', '金', '示', '卩', '宀']"
锚,13,167'.8,anchor,Simplified,"('钅', '苗')","['钅', '田', '艸']"
钣,9,167'.4,plate,Simplified,"('钅', '反')","['又', '钅', '⺁']"
鎤,18,167.10,sound of a bell; small bell,Traditional,"('金', '晃')","['金', '小', '儿', '日', '一']"
鈮,13,167.5,niobium (Nb),Traditional,"('金', '尼')","['匕', '尸', '金']"
錐,16,167.8,"gimlet, awl, drill, auger; bore",Traditional,"('金', '隹')","['隹', '金']"
鐯,19,167.13,to dig with a hoe; a large hoe,Traditional,"('金', '著')","['日', '金', '艸', '老']"
锔,12,167'.7,"curium (element 96, Cm)",Simplified,"('钅', '局')","['钅', '尸', '口']"
鐃,20,167.12,cymbals; hand bell; disturb,Traditional,"('金', '堯')","['土', '一', '金', '儿']"
镭,18,167'.13,"radium (element 88, Ra)",Simplified,"('钅', '雷')","['钅', '田', '雨']"
锩,13,167'.8,to bend iron,Simplified,"('钅', '卷')","['二', '八', '丨', '钅', '乙']"
锄,12,167'.7,hoe; eradicate,Simplified,"('钅', '助')","['月', '一', '钅', '力']"
锒,12,167'.7,lock,Simplified,"('钅', '良')","['艮', '丶', '钅']"
镟,16,167'.11,lathe,Simplified,"('钅', '旋')","['丿', '疋', '钅', '方', '一']"
钔,8,167'.3,mendelevium (Md),Simplified,"('钅', '门')","['门', '钅']"
鑒,22,167.14,"mirror, looking glass; reflect",Traditional,"('監', '金')","['丿', '丶', '金', '臣', '一', '网']"
銛,14,167.6,"sharp, keen-edged; a kind of hoe",Traditional,"('金', '舌')","['金', '舌']"
铙,11,167'.6,cymbals; hand bell; disturb,Simplified,"('钅', '尧')","['一', '钅', '儿']"
錆,16,167.8,the color of a mineral,Traditional,"('金', '青')","['金', '青']"
鍩,16,167.9,"nobelium (element 102, No)",Traditional,"('金', '若')","['丿', '金', '一', '艸', '口']"
鋱,15,167.7,"terbium (element 65, Tb)",Traditional,"('金', '忒')","['心', '弋', '金']"
銳,15,167.7,"sharp, keen, acute, pointed",Traditional,"('金', '兌')","['金', '八', '口', '儿']"
鋧,15,167.7,small chisel,Traditional,"('金', '見')","['金', '見']"
鈷,13,167.5,cobalt (Co),Traditional,"('金', '古')","['十', '金', '口']"
锸,14,167'.9,"spade, shovel; marking pin",Simplified,"('钅', '臿')","['臼', '十', '钅']"
鋸,16,167.8,a saw; to saw; amputate,Traditional,"('金', '居')","['十', '尸', '金', '口']"
鑤,23,167.15,carpenter's plane,Unknown,"('金', '暴')","['金', '八', '水', '日', '一', '艸']"
鈈,12,167.4,plutonium (Pu),Traditional,"('金', '不')","['丿', '一', '金', '卜']"
镑,15,167'.10,pound sterling,Simplified,"('钅', '旁')","['八', '冖', '亠', '钅', '方']"
鉢,13,167.5,earthenware basin; alms bowl (Sanskrit paatra),Traditional,"('金', '本')","['一', '金', '木']"
鎬,18,167.10,stove; bright,Traditional,"('金', '高')","['金', '高']"
鉱,13,167.5,"mine; mineral, ore",Traditional,"('金', '広')","['广', '金', '厶']"
銒,14,167.6,ancient wine vessel,Both,"('金', '幵')","['干', '金', '亅']"
鑊,21,167.14,"cauldron, large iron pot; a wok",Traditional,"('金', '蒦')","['隹', '又', '金', '艸']"
钭,9,167'.4,a wine flagon,Simplified,"('钅', '斗')","['钅', '斗']"
铻,12,167'.7,misfit; discordant; music instrument; hoe,Simplified,"('钅', '吾')","['一', '口', '钅', '力']"
銦,14,167.6,"indium (element 49, In)",Traditional,"('金', '因')","['囗', '大', '金']"
锶,14,167'.9,"strontium (element 38, Sr)",Simplified,"('钅', '思')","['心', '钅', '田']"
钪,9,167'.4,"scandium (element 21, Sc)",Simplified,"('钅', '亢')","['亠', '钅', '几']"
鋅,15,167.7,"zinc (element 30, Zn)",Traditional,"('金', '辛')","['金', '辛']"
錔,16,167.8,cap,Traditional,"('金', '沓')","['日', '金', '水']"
铠,11,167'.6,"armor, chain mail",Simplified,"('钅', '岂')","['钅', '山', '己']"
鎸,18,167.10,"engraving tool; carve, engrave",Traditional,"('金', '隽')","['丿', '隹', '金']"
钹,10,167'.5,cymbals,Simplified,"('钅', '犮')","['丿', '丶', '又', '钅', '一']"
锐,12,167'.7,"sharp, keen, acute, pointed",Simplified,"('钅', '兌')","['钅', '八', '口', '儿']"
镝,16,167'.11,"dysprosium (element 66, Dy)",Simplified,"('钅', '啇')","['子', '八', '亠', '钅', '欠']"
錫,16,167.8,"tin (element 50, Sn); bestow, confer",Traditional,"('金', '易')","['日', '勹', '金']"
鈺,13,167.5,rare treasure,Traditional,"('金', '玉')","['玉', '金']"
鍍,17,167.9,"plate, coat, gild",Traditional,"('金', '度')","['广', '又', '金', '廾']"
鈑,12,167.4,plate,Traditional,"('金', '反')","['又', '金', '⺁']"
镀,14,167'.9,"plate, coat, gild",Simplified,"('钅', '度')","['又', '广', '钅', '廾']"
鉭,13,167.5,"tantalum (element 73, Ta)",Traditional,"('金', '旦')","['日', '一', '金']"
鎒,18,167.10,to hoe; to weed,Traditional,"('金', '辱')","['金', '寸', '辰']"
鐇,20,167.12,"vanadium (element 23, V)",Traditional,"('金', '番')","['金', '田', '釆']"
鏘,19,167.11,"tinkle, clang, jingle",Traditional,"('金', '將')","['月', '爿', '金', '寸']"
鋹,16,167.8,sharp; a keen edge; sharp point,Traditional,"('金', '長')","['金', '長']"
销,12,167'.7,"melt, fuse; market, sell",Simplified,"('钅', '肖')","['月', '钅', '小']"
镜,16,167'.11,mirror; lens; glass; glasses,Simplified,"('钅', '竟')","['钅', '音', '儿']"
镞,16,167'.11,"arrowhead, barb; swift, quick",Simplified,"('钅', '族')","['丿', '钅', '方', '矢', '一']"
鑌,22,167.14,high quality iron,Traditional,"('金', '賓')","['丿', '金', '貝', '小', '宀', '一']"
鑾,27,167.19,small tinkling bell; bells hung on horse,Traditional,"('䜌', '金')","['糸', '金', '言']"
镡,17,167'.12,dagger; small sword,Simplified,"('钅', '覃')","['日', '十', '钅', '襾']"
鋑,15,167.7,"to engrave or carve, as a block for printing",Traditional,"('金', '夋')","['厶', '金', '八', '夂']"
錣,16,167.8,armor neckplates,Traditional,"('金', '叕')","['又', '金']"
鋳,15,167.7,"melt, cast; coin, mint",Unknown,"('金', '寿')","['二', '金', '丨', '寸', '一']"
鈊,12,167.4,"gadolinium (element 64, Gd)",Traditional,"('金', '心')","['心', '金']"
鏵,18,167.12,"spade, shovel, plowshare",Traditional,"('金', '華')","['二', '金', '丨', '一', '艸']"
镕,15,167'.10,"fuse, melt, smelt; mold",Simplified,"('钅', '容')","['宀', '钅', '谷']"
鎭,18,167.10,"town, market place; suppress",Both,"('金', '眞')","['目', '匕', '金', '八']"
銼,15,167.7,"carpenter's file, file smooth",Traditional,"('金', '坐')","['土', '金', '人']"
鋆,15,167.7,gold; character used in personal name,Both,"('均', '金')","['勹', '土', '亠', '金']"
鐮,21,167.13,sickle,Traditional,"('金', '廉')","['金', '八', '广', '彐', '一']"
鉅,12,167.5,"steel, iron; great",Traditional,"('金', '巨')","['匚', '金']"
錬,16,167.8,smelt metals,Traditional,"('金', '東')","['日', '金', '木']"
镱,18,167'.13,"ytterbium (element 70, Yb)",Simplified,"('钅', '意')","['心', '钅', '音']"
铌,10,167'.5,"niobium (element 41, Nb)",Simplified,"('钅', '尼')","['匕', '钅', '尸']"
铑,11,167'.6,"rhodium (element 45, Rh)",Simplified,"('钅', '老')","['钅', '老']"
锊,12,167'.7,ancient unit of measure equal to 6 taels (about 300 grams),Simplified,"('钅', '寽')","['钅', '寸', '爪']"
锁,12,167'.7,"lock, padlock; shackles, chains",Simplified,"('钅', '?贝')","['钅', '贝', '小']"
锟,13,167'.8,ancient treasured sword,Simplified,"('钅', '昆')","['日', '钅', '比']"
銍,14,167.6,a sickle,Traditional,"('金', '至')","['金', '至']"
钕,8,167'.3,"neodymium (element 60, Nd)",Simplified,"('钅', '女')","['女', '钅']"
铿,12,167'.7,"strike, beat, stroke; jingling",Simplified,"('钅', '坚')","['又', '丨', '钅', '土']"
錨,16,167.9,anchor,Traditional,"('金', '苗')","['金', '艸', '田']"
銖,14,167.6,"unit of weight, one twenty-fourth of a Chinese ounce (liang)",Traditional,"('金', '朱')","['一', '金', '木']"
镪,17,167'.12,"coins, money, wealth",Simplified,"('钅', '强')","['虫', '钅', '弓', '口']"
锭,13,167'.8,"spindle, slab, cake, tablet",Simplified,"('钅', '定')","['宀', '一', '钅', '止']"
鿏,12,167'.7,"meitnerium (element 109, Mt)",Simplified,,[]
鑿,28,167.19,"chisel; bore, pierce",Traditional,"('', '金')","['金', '八', '干', '臼', '一', '殳']"
鉻,14,167.6,"chromium (element 24, Cr)",Traditional,"('金', '各')","['口', '金', '夂']"
钲,10,167'.5,kind of gong used in ancient times by troops on the march,Simplified,"('钅', '正')","['一', '钅', '止']"
鈣,12,167.4,calcium (Ca),Traditional,"('金', '丐')","['一', '金', '卜']"
镉,15,167'.10,"cadmium (element 48, Cd)",Simplified,"('钅', '鬲')","['钅', '鬲']"
铗,11,167'.6,"tongs, pincers; dagger; sword",Simplified,"('钅', '夹')","['人', '钅', '八', '二']"
镄,14,167'.9,"fermium (element 100, Fm)",Simplified,"('钅', '费')","['贝', '钅', '弓']"
鉚,13,167.5,rivet,Traditional,"('金', '卯')","['金', '卩']"
铂,10,167'.5,platinum; thin sheet of metal,Simplified,"('钅', '白')","['钅', '白']"
鉾,14,167.6,spear,Traditional,"('金', '牟')","['牛', '厶', '金']"
銮,14,167.6,bells hung on horse; bells hung,Both,"('亦', '金')","['金', '八', '丨', '亠', '亅']"
鎪,17,167.10,to engrave (metal or wood),Traditional,"('金', '叟')","['臼', '丨', '金', '又']"
鋰,15,167.7,"lithium (element 3, Li)",Traditional,"('金', '里')","['里', '金']"
鋬,15,167.7,the part of the utensil that is held by the hand,Both,"('扳', '金')","['又', '金', '手', '⺁']"
鏃,19,167.11,"arrowhead, barb; swift, quick",Traditional,"('金', '族')","['丿', '金', '方', '矢', '一']"
铧,11,167'.6,"spade, shovel, plowshare",Simplified,"('钅', '华')","['十', '钅', '匕', '人']"
铀,10,167'.5,"uranium (element 92, U)",Simplified,"('钅', '由')","['二', '丨', '钅', '凵']"
鎰,18,167.10,"ancient of weight for gold, equal to 20 or 24 taels",Traditional,"('金', '益')","['一', '金', '八', '皿']"
鑭,25,167.17,"lanthanum (element 57, La)",Traditional,"('金', '闌')","['門', '金', '八', '丨', '木', '口']"
鏴,21,167.13,to plug a hole,Traditional,"('金', '路')","['口', '金', '夂', '⻊']"
鍪,17,167.9,an iron pan; a metal cap,Both,"('敄', '金')","['矛', '金', '攴']"
铉,10,167'.5,device for carrying a tripod,Simplified,"('钅', '玄')","['玄', '钅']"
鋭,15,167.7,sharp,Traditional,"('金', '兌')","['金', '八', '口', '儿']"
錙,16,167.8,an ancient unit of weight (one-eighth of a tael),Traditional,"('金', '甾')","['川', '金', '田']"
锰,13,167'.8,"manganese (element 25, Mn)",Simplified,"('钅', '孟')","['子', '钅', '皿']"
锕,12,167'.7,actinium (Ac),Simplified,"('钅', '阿')","['亅', '钅', '阝', '一', '口']"
镛,16,167'.11,large bell used as musical instrument,Simplified,"('钅', '庸')","['广', '聿', '钅', '用']"
铎,10,167'.5,bell; surname,Simplified,"('钅', '𠬤')","['又', '二', '丨', '钅']"
鑣,23,167.15,"bit, bridle; ride",Traditional,"('金', '麃')","['鹿', '火', '金']"
镘,16,167'.11,trowel,Simplified,"('钅', '曼')","['日', '网', '钅', '又']"
钯,9,167'.4,"palladium (element 46, Pd)",Simplified,"('钅', '巴')","['丨', '钅', '乙']"
銜,14,167.6,"bit; hold in mouth, bite; gag",Traditional,"('彳', '金')","['金', '行']"
钛,9,167'.4,"titanium (element 22, Ti)",Simplified,"('钅', '太')","['丶', '钅', '大']"
銬,14,167.6,"shackles, manacle",Traditional,"('金', '考')","['一', '金', '老']"
铮,11,167'.6,clanging sound; small gong,Simplified,"('钅', '争')","['刀', '钅', '彐', '亅']"
铰,11,167'.6,"hinge; shears, scissors",Simplified,"('钅', '交')","['丿', '亠', '钅', '八']"
铭,11,167'.6,"inscribe, engrave",Simplified,"('钅', '名')","['钅', '口', '夕']"
銧,14,167.6,point of a sword,Traditional,"('金', '光')","['一', '金', '小', '儿']"
锧,13,167'.8,"chopping block, executioner's block",Simplified,"('钅', '质')","['十', '钅', '贝', '⺁']"
鐒,20,167.12,"lawrencium (element 103, Lr)",Traditional,"('金', '勞')","['冖', '火', '金', '力']"
鉦,13,167.5,kind of gong used in ancient times by troops on the march,Traditional,"('金', '正')","['一', '金', '止']"
鍥,17,167.9,"sickle; cut, carve, engrave",Traditional,"('金', '契')","['二', '金', '刀', '丨', '大', '一']"
鎦,18,167.10,"distil; (TC) lutetium (element 71, Lu); surname",Traditional,"('金', '留')","['金', '田', '卩']"
镋,15,167'.10,ancient weapon resembling a pitchfork,Simplified,"('钅', '党')","['冖', '钅', '小', '儿', '口']"
釷,11,167.3,thorium (Th),Traditional,"('金', '土')","['土', '金']"
錦,16,167.8,"brocade, tapestry; embroidered",Traditional,"('金', '帛')","['白', '金', '巾']"
鋯,15,167.7,"zirconium (element 40, Zr)",Traditional,"('金', '告')","['牛', '金', '口']"
錚,14,167.8,clanging sound; small gong,Traditional,"('金', '爭')","['刀', '金', '彐', '亅']"
铼,12,167'.7,"rhenium (element 75, Re)",Simplified,"('钅', '来')","['一', '钅', '木', '八']"
铐,11,167'.6,"shackles, manacles",Simplified,"('钅', '考')","['一', '钅', '老']"
銾,15,167.7,"mercury (element 80, Hg)",Traditional,"('金', '汞')","['金', '水', '工']"
鐔,20,167.12,dagger; small sword,Traditional,"('金', '覃')","['日', '十', '金', '襾']"
钟,9,167'.4,clock; bell,Simplified,"('钅', '中')","['丨', '钅', '口']"
鎡,17,167.10,hoe; mattock,Traditional,"('金', '兹')","['幺', '一', '金', '八']"
鿭,10,167'.5,nihonium (element 113),Simplified,,[]
銥,14,167.6,"iridium (element 77, Ir)",Traditional,"('金', '衣')","['衣', '金']"
鎄,17,167.9,"einsteinium (element 99, Es)",Traditional,"('金', '哀')","['衣', '金', '口']"
钜,9,167'.4,"steel, iron; great",Simplified,"('钅', '巨')","['匚', '钅']"
钊,7,167'.2,"endeavor, strive; encourage; cut",Simplified,"('钅', '刂')","['刀', '钅']"
鉈,13,167.5,"a short spear; thallium (element 81, Tl)",Traditional,"('金', '它')","['宀', '匕', '金']"
鉲,13,167.5,"cadmium (element 48, Cd)",Traditional,"('金', '卡')","['一', '金', '卜']"
铡,11,167'.6,sickle for cutting grass or hay,Simplified,"('钅', '则')","['刀', '钅', '贝']"
鉤,13,167.5,"hook, barb; sickle; stroke with",Traditional,"('金', '句')","['勹', '金', '口']"
鎉,18,167.10,"thallium (element 81, Tl)",Traditional,"('金', '𦐇')","['日', '羽', '金']"
鎍,18,167.10,chain; wire,Traditional,"('金', '索')","['冖', '十', '金', '糸']"
鏌,18,167.11,sword,Traditional,"('金', '莫')","['日', '大', '金', '艸']"
鏜,19,167.11,boring tool,Traditional,"('金', '堂')","['土', '金', '冖', '小', '口']"
鏰,19,167.11,"coin, money",Traditional,"('金', '崩')","['月', '金', '山']"
鏖,19,167.11,"to fight to the end, engage in a fierce battle",Both,"('鹿', '金')","['鹿', '金']"
銩,14,167.6,"thulium (element 69, Tm)",Traditional,"('金', '丢')","['厶', '金', '士']"
鉺,14,167.6,"erbium (element 68, Er)",Traditional,"('金', '耳')","['金', '耳']"
钿,10,167'.5,"hairpin; gold inlaid work, filigree",Simplified,"('钅', '田')","['钅', '田']"
錛,16,167.8,"adz, adze",Traditional,"('金', '奔')","['十', '大', '金', '艸']"
鈦,12,167.4,titanium (Ti),Traditional,"('金', '太')","['大', '金', '丶']"
钫,9,167'.4,"francium (element 87, Fr)",Simplified,"('钅', '方')","['钅', '方']"
鐵,21,167.13,"iron (element 26, Fe); strong, solid, firm",Traditional,"('金', '𢧜')","['土', '金', '戈', '玉', '口']"
镣,17,167'.12,fetters,Simplified,"('钅', '尞')","['八', '大', '钅', '小', '日']"
钋,7,167'.2,"polonium (element 84, Po)",Simplified,"('钅', '卜')","['钅', '卜']"
鐩,20,167.13,lens,Traditional,"('金', '遂')","['金', '八', '豕', '辵']"
鐺,21,167.13,frying pan; warming vessel,Traditional,"('金', '當')","['金', '冖', '田', '小', '口']"
银,11,167'.6,"silver; cash, money, wealth",Simplified,"('钅', '艮')","['艮', '钅']"
鍜,17,167.9,"to forge, work",Traditional,"('金', '叚')","['又', '二', '尸', '金']"
釹,11,167.3,neodymium (Nd),Traditional,"('金', '女')","['女', '金']"
鎶,18,167.10,"copernicium (element 112, Cn)",Traditional,"('金', '哥')","['一', '口', '金', '亅']"
铨,11,167'.6,"weigh, measure; select officials",Simplified,"('钅', '全')","['人', '玉', '钅']"
鉛,13,167.5,"lead (element 82, Pb)",Traditional,"('金', '㕣')","['几', '金', '口']"
钡,9,167'.4,"barium (element 56, Ba)",Simplified,"('钅', '贝')","['钅', '贝']"
釪,11,167.3,an alms bowl; a small bell,Traditional,"('金', '于')","['干', '金', '亅']"
鋶,15,167.7,"matte, a crude mixture of sulfides formed in smelting sulfide ores",Traditional,"('金', '㐬')","['金', '厶', '丨', '亠', '儿']"
鎩,18,167.11,to spear,Traditional,"('金', '殺')","['丿', '金', '十', '小', '殳']"
鍋,16,167.9,"cooking-pot, saucepan",Traditional,"('金', '咼')","['口', '金', '冂']"
鏇,19,167.11,lathe,Traditional,"('金', '旋')","['丿', '金', '疋', '方', '一']"
鈇,12,167.4,an ax; a hatchet,Traditional,"('金', '夫')","['人', '金', '二']"
锡,13,167'.8,"tin, stannum; bestow, confer",Simplified,"('钅', '易')","['日', '钅', '勹']"
铋,10,167'.5,"bismuth (element 83, Bi)",Simplified,"('钅', '必')","['心', '丿', '钅']"
鏐,19,167.11,pure gold,Traditional,"('金', '翏')","['人', '羽', '金', '彡']"
钦,9,167'.4,"respect, admire; respectful",Simplified,"('钅', '欠')","['钅', '欠']"
钥,9,167'.4,key; lock,Simplified,"('钅', '月')","['月', '钅']"
铓,11,167'.6,point of sword; sharp point,Simplified,"('钅', '芒')","['丶', '钅', '艸', '匸']"
鐐,20,167.12,fetters,Traditional,"('金', '尞')","['金', '八', '大', '小', '日']"
鉥,13,167.5,needle,Traditional,"('金', '朮')","['丶', '金', '木']"
钰,10,167'.5,rare treasure,Simplified,"('钅', '玉')","['玉', '钅']"
锎,12,167'.7,"caesium/cesium (element 55, Cs)",Simplified,"('钅', '開')","['人', '刀', '钅', '雨', '月', '一', '辵']"
銁,14,167.6,a weight of thirty catties,Traditional,"('金', '旬')","['勹', '金', '日']"
铈,10,167'.5,"cerium (element 58, Ce)",Simplified,"('钅', '市*')","['亠', '钅', '巾']"
锛,13,167'.8,adze,Simplified,"('钅', '奔')","['十', '钅', '大', '艸']"
钢,9,167'.4,"steel; hard, strong, tough",Simplified,"('钅', '冈')","['丿', '钅', '冂']"
鑱,25,167.17,"spade, trowel",Traditional,"('金', '毚')","['丶', '金', '乙', '刀', '丨', '比', '口']"
鈥,12,167.4,holmium (Ho),Traditional,"('金', '火')","['火', '金']"
锣,13,167'.8,gong,Simplified,"('钅', '罗')","['网', '钅', '夕']"
钗,8,167'.3,ornamental hairpin,Simplified,"('钅', '叉')","['又', '丶', '钅']"
镂,14,167'.9,"carve, inlay, engrave, tattoo",Simplified,"('钅', '娄')","['女', '钅', '米']"
鑼,27,167.19,gong,Traditional,"('金', '羅')","['隹', '金', '糸', '网']"
鈾,13,167.5,uranium (U),Traditional,"('金', '由')","['二', '丨', '金', '凵']"
鈴,13,167.5,bell,Traditional,"('金', '令')","['人', '丶', '金']"
銣,14,167.6,"rubidium (element 37, Rb)",Traditional,"('金', '如')","['女', '金', '口']"
錏,16,167.8,soft steel; ammonium,Traditional,"('金', '亞')","['二', '金']"
鐥,20,167.12,to swing a sickle to cut (grass or wheat),Traditional,"('金', '善')","['金', '八', '羊', '一', '口']"
鍮,17,167.9,brass,Traditional,"('金', '兪')","['人', '金', '刀', '月', '一']"
铞,11,167'.6,hasp and staple,Simplified,"('钅', '吊')","['钅', '口', '巾']"
銓,14,167.6,"weigh, measure; select officials",Traditional,"('金', '全')","['人', '玉', '金']"
鉀,13,167.5,potassium (K),Traditional,"('金', '甲')","['二', '丨', '金', '冂']"
鎹,17,167.10,a clamp,Both,"('金', '送')","['金', '八', '大', '一', '辵']"
鑵,25,167.18,jar; can,Unknown,"('金', '雚')","['隹', '金', '艸', '口']"
铖,11,167'.6,person's name,Simplified,"('钅', '成')","['丿', '一', '戈', '钅']"
銭,14,167.6,"money, currency, coins",Unknown,"('金', '𢦑')","['一', '戈', '金']"
鍚,17,167.9,frontlet,Traditional,"('金', '昜')","['日', '一', '勹', '金']"
鈹,13,167.5,"a needle used in Chinese medicine; a sword, large knife; beryllium (Be)",Traditional,"('金', '皮')","['皮', '金']"
鏤,19,167.11,"carve, inlay, engrave, tattoo",Traditional,"('金', '婁')","['女', '十', '金', '口']"
銕,14,167.6,"iron; strong, solid, firm",Both,"('金', '夷')","['大', '金', '弓']"
钠,9,167'.4,"sodium, natrium; sharpen wood",Simplified,"('钅', '内')","['人', '钅', '冂']"
錮,16,167.8,run metal into cracks; confine,Traditional,"('金', '固')","['囗', '金', '十', '口']"
钓,8,167'.3,"fish; fishhook; tempt, lure",Simplified,"('钅', '勺')","['勹', '丶', '钅']"
鿔,15,167'.10,"copernicium (element 112, Cn)",Simplified,,[]
錼,16,167.8,"neptunium (element 93, Np)",Traditional,"('金', '奈')","['大', '金', '示']"
銷,15,167.7,"melt, fuse; market, sell; to pass time, finish, cancel",Traditional,"('金', '肖')","['月', '金', '小']"
銻,15,167.7,"antimony (element 51, Sb)",Traditional,"('金', '弟')","['丨', '金', '八', '弓']"
釿,12,167.4,"hew, chop, smooth",Traditional,"('金', '斤')","['斤', '金']"
锴,14,167'.9,high quality iron,Simplified,"('钅', '皆')","['比', '钅', '白']"
鈔,12,167.4,"paper money, bank notes; copy",Traditional,"('金', '少')","['丿', '金', '小']"
镶,22,167'.17,"insert, inlay, set, mount; fill",Simplified,"('钅', '襄')","['二', '衣', '钅', '一', '口']"
鉨,13,167.5,[nǐ] Nihonium (Nh); silk string; [niè] (same as 鑷) tweezers; [xǐ] (same as 鉩) a seal,Traditional,"('金', '尔')","['刀', '金', '小']"
銑,14,167.6,mill,Traditional,"('金', '先')","['牛', '金', '儿']"
铷,11,167'.6,"rubidium (element 37, Rb)",Simplified,"('钅', '如')","['女', '钅', '口']"
锞,13,167'.8,ingot; acrobatic move,Simplified,"('钅', '果')","['钅', '田', '木']"
钱,10,167'.5,"money, currency, coins",Simplified,"('钅', '戋')","['一', '戈', '钅']"
镬,18,167'.13,"cauldron, large iron pot",Simplified,"('钅', '蒦')","['又', '隹', '钅', '艸']"
镌,15,167'.10,"engraving tool; carve, engrave",Simplified,"('钅', '隽')","['丿', '隹', '钅']"
釗,10,167.2,"endeavor, strive; encourage; cut",Traditional,"('金', '刂')","['刀', '金']"
鏊,18,167.11,"a flat, iron cooking-plate for cakes",Both,"('敖', '金')","['丿', '土', '金', '一', '攴']"
镆,15,167'.10,sword,Simplified,"('钅', '莫')","['日', '钅', '大', '艸']"
鎝,17,167.10,"(TC) technetium (element 43, Tc); engrave; tilling implement",Traditional,"('金', '荅')","['人', '金', '一', '艸', '口']"
釬,11,167.3,"weld, solder",Traditional,"('金', '干')","['干', '金']"
鎳,18,167.10,"nickel (element 28, Ni)",Traditional,"('金', '臬')","['自', '金', '木']"
铤,11,167'.6,"ingots, bars of metal; hurry",Simplified,"('钅', '廷')","['钅', '廴', '士']"
鐙,20,167.12,lamp; a kind of cooking vessel,Traditional,"('金', '登')","['癶', '金', '豆']"
锃,12,167'.7,polish,Simplified,"('钅', '呈')","['玉', '钅', '口']"
鐸,21,167.13,bell; surname,Traditional,"('金', '睪')","['土', '金', '八', '干', '网']"
铊,10,167'.5,"thallium (element 81, Tl)",Simplified,"('钅', '它')","['宀', '钅', '匕']"
鎮,18,167.10,"town, market place; suppress",Traditional,"('金', '真')","['金', '八', '十', '目', '一']"
錸,16,167.8,"rhenium (element 75, Re)",Traditional,"('金', '來')","['人', '金', '木']"
钸,10,167'.5,"plutonium (element 94, Pu)",Simplified,"('钅', '布')","['一', '丿', '钅', '巾']"
鏽,21,167.12,"rust, corrode",Traditional,"('金', '肅')","['一', '聿', '金']"
針,10,167.2,needle; pin; tack; acupuncture,Traditional,"('金', '十')","['十', '金']"
鍼,17,167.9,"needle, pin, tack; prick; inject",Traditional,"('金', '咸')","['金', '厂', '戈', '一', '口']"
铛,11,167'.6,frying pan; warming vessel,Simplified,"('钅', '当')","['小', '钅', '彐']"
鐾,21,167.13,"to strop, to sharpen by rubbing against leather, stone, etc.",Both,"('辟', '金')","['尸', '金', '辛', '口']"
鍰,17,167.9,"measure; money, coins",Traditional,"('金', '爰')","['又', '金', '爪', '干', '亅']"
锵,14,167'.9,"tinkle, clang, jingle",Simplified,"('钅', '将')","['人', '手', '十', '亠', '钅', '小', '爿']"
鑛,22,167.15,"mine; mineral, ore",Traditional,"('金', '廣')","['二', '凵', '金', '八', '广', '丨', '一', '艸']"
钴,10,167'.5,cobalt; household iron,Simplified,"('钅', '古')","['十', '钅', '口']"
鏈,18,167.11,"chain, wire, cable; chain, shack",Traditional,"('金', '連')","['車', '金', '辵']"
铍,10,167'.5,"beryllium (element 4, Be)",Simplified,"('钅', '皮')","['皮', '钅']"
锬,13,167'.8,long spear,Simplified,"('钅', '炎')","['火', '钅']"
鍤,17,167.9,"spade, shovel; marking pin",Traditional,"('金', '臿')","['臼', '十', '金']"
鈬,12,167.4,bell; surname,Unknown,"('金', '尺')","['尸', '金']"
锇,12,167'.7,"osmium (element 76, Os)",Simplified,"('钅', '我')","['戈', '钅', '手']"
钞,9,167'.4,"paper money, bank notes; copy",Simplified,"('钅', '少')","['丿', '钅', '小']"
銲,15,167.7,"solder, weld; leg armor, greaves",Traditional,"('金', '旱')","['日', '干', '金']"
鍀,16,167.8,"technetium (element 43, Tc)",Traditional,"('金', '㝵')","['日', '一', '金', '寸']"
钑,8,167'.3,spear,Simplified,"('钅', '及')","['丿', '钅']"
鎐,18,167.10,family name; wine cup,Unknown,"('金', '䍃')","['缶', '金', '爪']"
鑽,27,167.19,"drill, bore; pierce; diamond",Traditional,"('金', '贊')","['貝', '金', '牛', '儿']"
釖,10,167.2,"knife, sword",Unknown,"('金', '刀')","['刀', '金']"
鈽,13,167.5,"plutonium (element 94, Pu)",Traditional,"('金', '布')","['一', '丿', '金', '巾']"
鍁,16,167.8,shovel,Traditional,"('金', '欣')","['斤', '欠', '金']"
锘,13,167'.8,nobelium (No),Simplified,"('钅', '若')","['丿', '钅', '一', '艸', '口']"
鎙,18,167.10,large spear; chess board,Traditional,"('金', '朔')","['八', '金', '屮', '月', '一']"
銀,14,167.6,"silver (element 47, Ag); cash, money, wealth",Traditional,"('金', '艮')","['艮', '金']"
鉸,14,167.6,"hinge; shears, scissors",Traditional,"('金', '交')","['丿', '亠', '金', '八']"
銹,15,167.7,"rust, corrode",Traditional,"('金', '秀')","['禾', '丿', '金']"
鐏,20,167.12,cap,Traditional,"('金', '尊')","['八', '寸', '金', '酉']"
鎂,17,167.9,"magnesium (element 12, Mg)",Traditional,"('金', '美')","['羊', '大', '金']"
钁,28,167.20,a mattock; a billhook,Traditional,"('金', '矍')","['目', '隹', '又', '金']"
锜,13,167'.8,a kind of pen; a kind of chisel,Simplified,"('钅', '奇')","['亅', '大', '钅', '一', '口']"
鎖,18,167.10,"lock, padlock; shackles, chains",Traditional,"('金', '𧴪')","['貝', '金', '小']"
鎢,18,167.10,"tungsten (element 74, W)",Traditional,"('金', '烏')","['一', '丶', '金', '火']"
鋦,15,167.7,"curium (element 96, Cm)",Traditional,"('金', '局')","['尸', '金', '口']"
镈,15,167'.10,"large bell; hoe, spade",Simplified,"('钅', '尃')","['丶', '寸', '用', '十', '钅']"
镰,18,167'.13,sickle,Simplified,"('钅', '廉')","['八', '广', '彐', '钅', '一']"
镴,20,167'.15,solder; tin,Simplified,"('钅', '巤')","['丿', '囗', '川', '钅', '冫']"
铅,10,167'.5,"lead (element 82, Pb)",Simplified,"('钅', '㕣')","['几', '钅', '口']"
鈁,12,167.4,francium (Fr),Traditional,"('金', '方')","['金', '方']"
鈎,12,167.4,"hook, barb; sickle; stroke with",Traditional,"('金', '勾')","['勹', '厶', '金']"
錒,15,167.8,"actinium (element 89, Ac)",Traditional,"('金', '阿')","['亅', '金', '阝', '一', '口']"
錩,16,167.8,vessel,Traditional,"('金', '昌')","['日', '金']"
銅,14,167.6,"copper (element 29, Cu); brass, bronze",Traditional,"('金', '同')","['一', '口', '金', '冂']"
镳,20,167'.15,"bit, bridle; ride",Simplified,"('钅', '麃')","['鹿', '火', '钅']"
镏,15,167'.10,distil; lutetium; surname,Simplified,"('钅', '留')","['钅', '田', '卩']"
鎫,18,167.10,ornament over the horse's head,Unknown,"('金', '丿?夂')","['丿', '金', '八', '夂', '宀']"
锨,13,167'.8,shovel,Simplified,"('钅', '欣')","['斤', '钅', '欠']"
鍠,17,167.9,weapon,Traditional,"('金', '皇')","['白', '玉', '金']"
鑐,22,167.14,bolt of a Chinese lock,Traditional,"('金', '需')","['而', '金', '雨']"
锪,13,167'.8,a kind of tool,Simplified,"('钅', '忽')","['勹', '钅', '心']"
鈉,12,167.4,sodium (Na); sharpen wood,Traditional,"('金', '內')","['人', '金', '冂']"
鐳,21,167.13,"radium (element 88, Ra)",Traditional,"('金', '雷')","['金', '田', '雨']"
镊,15,167'.10,"tweezers, forceps, pincers",Simplified,"('钅', '聂')","['又', '钅', '耳']"
錕,16,167.8,ancient treasured sword,Traditional,"('金', '昆')","['日', '金', '比']"
鋐,15,167.7,state in today's Hubei province,Traditional,"('金', '宏')","['丿', '金', '厶', '宀', '一']"
鏑,19,167.11,"dysprosium (element 66, Dy); the barb of an arrow; the head of a javelin",Traditional,"('金', '啇')","['子', '金', '八', '亠', '欠']"
铽,12,167'.7,"terbium (element 65, Tb)",Simplified,"('钅', '忒')","['心', '弋', '钅']"
鋗,15,167.7,a small basin; rings on a cart of carriage,Traditional,"('金', '肙')","['月', '金', '口']"
钻,10,167'.5,"drill, bore; pierce; diamond",Simplified,"('钅', '占')","['钅', '卜', '口']"
銎,14,167.6,eyehole to hang an axe by,Both,"('巩', '金')","['几', '金', '丶', '工']"
锈,12,167'.7,"rust, corrode",Simplified,"('钅', '秀')","['禾', '丿', '钅']"
鐡,20,167.12,"iron; strong, solid, firm",Unknown,"('金', '')","['土', '金', '八', '戈', '一', '口']"
鈀,12,167.4,palladium (Pd),Traditional,"('金', '巴')","['丨', '金', '乙']"
鋃,15,167.7,lock,Traditional,"('金', '良')","['艮', '丶', '金']"
錄,16,167.8,"copy, write down, record",Traditional,"('金', '彔')","['金', '水', '彐']"
釯,11,167.3,point of sword; sharp point,Unknown,"('金', '亡')","['丶', '匸', '金']"
铳,11,167'.6,"ancient weapon, blunderbuss",Simplified,"('钅', '充')","['厶', '亠', '钅', '儿']"
镃,14,167'.9,hoe; mattock,Simplified,"('钅', '兹')","['幺', '一', '钅', '八']"
锠,13,167'.8,vessel,Simplified,"('钅', '昌')","['日', '钅']"
键,13,167'.8,"door bolt, lock bolt; key",Simplified,"('钅', '建')","['聿', '钅', '廴']"
鏷,20,167.12,"protactinium (element 91, Pa)",Traditional,"('金', '菐')","['羊', '一', '金', '八']"
鎿,18,167.10,"(HK) neptunium (element 93, Np)",Traditional,"('金', '拿')","['人', '金', '手', '一', '口']"
镯,18,167'.13,"bracelet, armband; small bell",Simplified,"('钅', '蜀')","['勹', '网', '钅', '虫']"
镢,17,167'.12,hoe,Simplified,"('钅', '厥')","['八', '屮', '厂', '钅', '一', '欠']"
鍉,17,167.9,"spoon, key",Traditional,"('金', '是')","['日', '一', '金', '止']"
鎞,18,167.10,"plowshare; barb, lancet",Traditional,"('金', '𣬉')","['丿', '丶', '金', '囗', '比']"
镠,16,167'.11,pure gold,Simplified,"('钅', '翏')","['人', '羽', '钅', '彡']"
鑑,22,167.14,"mirror, looking glass; reflect",Traditional,"('金', '監')","['丿', '丶', '金', '臣', '皿', '一']"
铢,11,167'.6,"unit of weight, one twenty-fourth of a Chinese ounce (liang)",Simplified,"('钅', '朱')","['一', '钅', '木']"
鐿,21,167.13,"ytterbium (element 70, Yb)",Traditional,"('金', '意')","['心', '金', '音']"
铄,10,167'.5,"melt, smelt; shine",Simplified,"('钅', '乐')","['钅', '小']"
镅,14,167'.9,"americium (element 95, Am)",Simplified,"('钅', '眉')","['丨', '钅', '目']"
鎌,18,167.10,sickle,Traditional,"('金', '兼')","['一', '金', '八', '彐']"
釺,11,167.3,tool for boring holes,Traditional,"('金', '千')","['十', '金']"
铵,11,167'.6,ammonium,Simplified,"('钅', '安')","['宀', '钅', '女']"
镇,15,167'.10,"town, market place; suppress",Simplified,"('钅', '真')","['八', '十', '目', '钅', '一']"
铯,11,167'.6,cesium,Simplified,"('钅', '色')","['色', '钅']"
銠,14,167.6,"rhodium (element 45, Rh)",Traditional,"('金', '老')","['金', '老']"
釘,10,167.2,"nail, spike; pursue closely",Traditional,"('金', '丁')","['一', '金', '亅']"
釣,11,167.3,"fish; fishhook; tempt, lure",Traditional,"('金', '勺')","['勹', '丶', '金']"
铪,11,167'.6,"hafnium (element 72, Hf)",Simplified,"('钅', '合')","['一', '人', '钅', '口']"
错,13,167'.8,"error, blunder, mistake; wrong",Simplified,"('钅', '昔')","['日', '一', '钅', '艸']"
锓,12,167'.7,carve,Simplified,"('钅', '𠬶')","['冖', '钅', '彐', '又']"
铲,11,167'.6,"spade, shovel, trowel, scoop",Simplified,"('钅', '产')","['钅', '立', '厂']"
釡,10,167.2,"cauldron, pot, kettle",Unknown,"('八', '金')","['八', '金']"
铬,11,167'.6,"chromium (element 24, Cr)",Simplified,"('钅', '各')","['口', '钅', '夂']"
銃,14,167.6,"ancient weapon, blunderbuss",Traditional,"('金', '充')","['厶', '亠', '金', '儿']"
鏞,19,167.11,a large bell used as a musical instrument,Traditional,"('金', '庸')","['广', '聿', '金', '用']"
鎧,18,167.10,"armor, chain mail",Traditional,"('金', '豈')","['豆', '金', '山']"
鉷,14,167.6,trigger,Traditional,"('金', '共')","['一', '艸', '金', '八']"
鋪,15,167.7,"spread out, arrange; shop, store; place to sleep, bed",Traditional,"('金', '甫')","['十', '丶', '金', '用']"
钝,9,167'.4,"blunt, obtuse; dull; flat; dull-witted",Simplified,"('钅', '屯')","['十', '钅', '屮', '乙']"
钵,10,167'.5,earthenware basin; alms bowl,Simplified,"('钅', '本')","['一', '钅', '木']"
鋨,15,167.7,"an ancient name for iron; osmium (element 76, Os)",Traditional,"('金', '我')","['戈', '金', '手']"
釔,9,167.1,"yttrium (element 39, Y)",Traditional,"('金', '乙')","['金', '乙']"
錶,16,167.8,"a watch, clock",Traditional,"('金', '表')","['一', '土', '金']"
鐍,20,167.12,hasp of a lock,Traditional,"('金', '矞')","['金', '八', '冂', '矛', '口']"
鎏,18,167.10,pure gold,Both,"('流', '金')","['金', '水', '厶', '丨', '亠', '儿']"
鉕,13,167.5,"promethium (element 145, Pm)",Traditional,"('金', '叵')","['匚', '金', '口']"
钺,10,167'.5,"broad-axe, a battle axe, halberd",Simplified,"('钅', '戉')","['匚', '戈', '钅']"
铺,12,167'.7,"shop, store; place sleep, bed",Simplified,"('钅', '甫')","['十', '丶', '钅', '用']"
鏨,19,167.11,"engraving tool, chisel",Traditional,"('斬', '金')","['車', '斤', '金']"
鑈,22,167.14,straight; a seal,Traditional,"('金', '爾')","['金', '八', '巾', '丨', '爻', '一']"
釾,12,167.4,obsolete name of einsteinium (Es),Traditional,"('金', '牙')","['金', '牙']"
鏦,19,167.11,a short spear,Traditional,"('金', '從')","['人', '彳', '金', '止']"
鎵,18,167.10,"gallium (element 31, Ga)",Traditional,"('金', '家')","['宀', '金', '豕']"
鍶,17,167.9,"strontium (element 38, Sr); an iron utensil",Traditional,"('金', '思')","['心', '金', '田']"
锱,13,167'.8,an ancient unit of weight (one-eighth of a tael),Simplified,"('钅', '甾')","['川', '钅', '田']"
鍬,17,167.9,shovel,Traditional,"('金', '秋')","['禾', '火', '金']"
锆,12,167'.7,"zirconium (element 40, Zr)",Simplified,"('钅', '告')","['牛', '钅', '口']"
鍵,16,167.9,"door bolt, lock bolt; key",Traditional,"('金', '建')","['聿', '廴', '金']"
錢,16,167.8,"money, currency, coins",Traditional,"('金', '戔')","['戈', '金']"
锋,12,167'.7,"point of spear, sharp point",Simplified,"('钅', '夆')","['二', '夂', '丨', '钅', '一']"
铜,11,167'.6,"copper, brass, bronze",Simplified,"('钅', '同')","['一', '口', '钅', '冂']"
钍,8,167'.3,"thorium (element 90, Th)",Simplified,"('钅', '土')","['土', '钅']"
铴,11,167'.6,gong,Simplified,"('钅', '汤')","['钅', '水']"
鐻,21,167.13,drumstick,Traditional,"('金', '豦')","['虍', '金', '豕']"
釙,10,167.2,"polonium (element 84, Po)",Traditional,"('金', '卜')","['金', '卜']"
钖,8,167'.3,frontlet,Simplified,"('钅', '𠃓')",['钅']
鈞,12,167.4,unit of measure equivalent to thirty catties,Traditional,"('金', '匀')","['勹', '亠', '金']"
釼,11,167.3,"sword, dagger, saber",Unknown,"('金', '刄')","['刀', '金']"
鏟,19,167.11,"spade, shovel, trowel, scoop",Traditional,"('金', '産')","['生', '金', '立', '厂']"
鋣,14,167.7,sword,Traditional,"('金', '邪')","['金', '阝', '牙']"
鋈,15,167.7,silver plating,Both,"('沃', '金')","['大', '水', '金']"
鋙,15,167.7,misfit; discordant; musical instrument; hoe,Traditional,"('金', '吾')","['一', '口', '金', '力']"
铫,11,167'.6,large hoe; surname; a spear,Simplified,"('钅', '兆')","['冫', '钅', '儿']"
鐘,20,167.12,clock; bell,Traditional,"('金', '童')","['里', '金', '立']"
鎯,16,167.10,large hammer,Traditional,"('金', '郎')","['丶', '金', '丨', '彐', '阝', '乙']"
鏛,19,167.11,to polish; iron rim on a wagon wheel,Traditional,"('金', '常')","['金', '巾', '冖', '小', '口']"
铥,11,167'.6,"thulium (element 69, Tm)",Simplified,"('钅', '丢')","['厶', '钅', '士']"
鑓,21,167.14,"spear, lance, javelin",Unknown,"('金', '遣')","['金', '丨', '一', '己', '口', '辵']"
録,16,167.8,copy,Traditional,"('金', '录')","['金', '水', '彐']"
鉗,13,167.5,"pincers, pliers, tongs",Traditional,"('金', '甘')","['甘', '金']"
鋂,15,167.7,bit cup,Traditional,"('金', '每')","['一', '丿', '金', '毋']"
鈕,12,167.4,"button, knob; surname",Traditional,"('金', '丑')","['二', '刀', '金']"
鉆,13,167.5,tweezers,Both,"('金', '占')","['金', '卜', '口']"
钘,9,167'.4,ancient wine vessel,Simplified,"('钅', '开')","['一', '钅', '廾']"
鈸,13,167.5,cymbals,Traditional,"('金', '犮')","['丿', '丶', '又', '金', '一']"
鐨,20,167.12,"fermium (element 100, Fm)",Traditional,"('金', '費')","['貝', '金', '弓']"
钶,10,167'.5,columbium,Simplified,"('钅', '可')","['一', '口', '钅', '亅']"
鎔,18,167.10,"fuse, melt, smelt; mold",Traditional,"('金', '容')","['宀', '金', '谷']"
钬,9,167'.4,"holmium (element 67, Ho)",Simplified,"('钅', '火')","['火', '钅']"
铦,11,167'.6,"sharp, keen-edged; a kind of hoe",Simplified,"('钅', '舌')","['钅', '舌']"
鋇,15,167.7,"barium (element 56, Ba)",Traditional,"('金', '貝')","['貝', '金']"
鈐,12,167.4,"lock, latch; stamp, seal",Traditional,"('金', '今')","['人', '丶', '金']"
錺,15,167.8,metal jewelry,Traditional,"('金', '芳')","['金', '艸', '方']"
钨,9,167'.4,tungsten (W),Simplified,"('钅', '乌')","['一', '丶', '钅']"
钎,8,167'.3,tool for boring holes,Simplified,"('钅', '千')","['十', '钅']"
铇,10,167'.5,carpenter's plane,Simplified,"('钅', '包')","['勹', '钅', '己']"
鋒,15,167.7,"point of spear, sharp point",Traditional,"('金', '夆')","['二', '金', '夂', '丨', '一']"
镦,17,167'.12,ferrule; castrate,Simplified,"('钅', '敦')","['子', '亠', '钅', '口', '攴']"
惇,11,61.8,"be kind, cordial, sincere",Both,"('忄', '享')","['心', '子', '亠', '口']"
悭,10,61.7,"miserly, parsimonious, stingy",Simplified,"('忄', '坚')","['又', '土', '丨', '心']"
恛,9,61.6,disordered; indistinct doubtful; blurred,Both,"('忄', '回')","['心', '囗']"
愼,13,61.10,"act with care, be cautious",Unknown,"('忄', '眞')","['心', '目', '匕', '八']"
患,11,61.7,"suffer, worry about; suffering",Both,"('串', '心')","['心', '口', '丨']"
悫,11,61.7,"sincerity, honesty; modest",Simplified,"('壳', '心')","['冖', '几', '心', '士']"
惝,11,61.8,"alarmed, agitated",Both,"('忄', '尚')","['心', '小', '口', '冂']"
懴,18,61.15,"regret, repent; confess sins",Unknown,"('忄', '韯')","['心', '土', '戈', '韭']"
怛,8,61.5,"grieved, saddened; worried",Both,"('忄', '旦')","['日', '一', '心']"
愜,12,61.9,"be satisfied, be comfortable",Traditional,"('忄', '匧')","['心', '匚', '大', '人']"
忧,7,61.4,"sad, grieved; grief, melancholy",Simplified,"('忄', '尤')","['心', '丶', '尢']"
愽,13,61.10,"gamble, play games; wide, broad",Both,"('忄', '尃')","['心', '丶', '寸', '用', '十']"
悍,10,61.7,"courageous, brave; violent",Both,"('忄', '旱')","['日', '干', '心']"
忒,7,61.3,excessive; too; very-usually of objectionable things; to err; to mistake; changeable,Both,"('弋', '心')","['心', '弋']"
懶,19,61.16,"lazy, languid, listless",Traditional,"('忄', '賴')","['心', '刀', '木', '貝', '口']"
慑,13,61.10,"afraid, scared, fearful",Simplified,"('忄', '聂')","['心', '又', '耳']"
志,7,61.3,"purpose, will, determination; annals",Both,"('士', '心')","['心', '士']"
懵,18,61.16,"stupid, ignorant, dull",Both,"('忄', '瞢')","['心', '冖', '目', '网', '艸']"
忉,5,61.2,grieved; distressed in mind,Both,"('忄', '刀')","['心', '刀']"
恓,9,61.6,vexed,Both,"('忄', '西')","['心', '襾']"
愧,12,61.10,"ashamed, conscience-stricken",Both,"('忄', '鬼')","['心', '鬼']"
惴,12,61.9,"afraid, apprehensive, nervous",Both,"('忄', '耑')","['心', '而', '山']"
懅,16,61.13,bashful; ashamed,Both,"('忄', '豦')","['虍', '豕', '心']"
惑,12,61.8,"confuse, mislead, baffle; doubt",Both,"('或', '心')","['心', '一', '戈', '口']"
懼,21,61.18,"fear, be afraid of, dread",Traditional,"('忄', '瞿')","['心', '目', '隹']"
憖,16,61.12,"cautious; willing; but, moreover",Traditional,"('猌', '心')","['心', '人', '大', '犬']"
恳,10,61.6,"sincere, earnest, cordial",Simplified,"('艮', '心')","['艮', '心']"
悞,10,61.7,"impede; neglect, delay",Traditional,"('忄', '吳')","['心', '大', '口']"
惲,12,61.9,"devise, plan, deliberate; consult",Traditional,"('忄', '軍')","['冖', '車', '心']"
慈,13,61.10,"kind, charitable, benevolent",Both,"('兹', '心')","['心', '一', '八', '幺']"
恰,9,61.6,"just, exactly, precisely; proper",Both,"('忄', '合')","['一', '人', '心', '口']"
恟,9,61.6,"scared, nervous",Both,"('忄', '匈')","['勹', '凵', '心', '丿']"
愔,12,61.9,"comfortable, contented, peaceful",Both,"('忄', '音')","['心', '音']"
怨,9,61.5,"hatred, enmity, resentment",Both,"('夗', '心')","['心', '乙', '夕']"
惧,11,61.8,"fear, be afraid of, dread",Both,"('忄', '具')","['一', '目', '八', '心']"
愨,14,61.10,"sincerity, honesty; cautious",Traditional,"('𣪊', '心')","['心', '士', '冖', '一', '殳']"
愍,13,61.9,"pity, sympathize with",Both,"('敃', '心')","['心', '一', '己', '攴']"
憾,16,61.13,"to regret, remorse; dissatisfied",Both,"('忄', '感')","['心', '厂', '戈', '一', '口']"
惯,11,61.8,"habit, custom; habitually, usual",Simplified,"('忄', '贯')","['心', '囗', '贝', '十']"
惭,11,61.8,"ashamed, humiliated; shameful",Simplified,"('忄', '斩')","['斤', '车', '心']"
懷,19,61.16,"bosom, breast; carry in bosom",Traditional,"('忄', '褱')","['心', '衣', '网', '水']"
怗,8,61.5,observant; peaceful; submissive,Both,"('忄', '占')","['心', '卜', '口']"
慍,13,61.10,"angry, indignant, resentful",Traditional,"('忄', '𥁕')","['心', '囗', '皿', '人']"
悉,11,61.7,"know, learn about, comprehend",Both,"('釆', '心')","['心', '釆']"
憧,15,61.12,"irresolute, indecisive; yearn for",Both,"('忄', '童')","['心', '里', '立']"
憸,16,61.13,"to flatter; crafty, having a specious tongue",Traditional,"('忄', '僉')","['一', '人', '心']"
恶,10,61.6,"evil, wicked, bad, foul",Simplified,"('亚', '心')","['心', '一', '八']"
悟,10,61.7,"to apprehend, realize, become aware",Both,"('忄', '吾')","['心', '一', '口', '力']"
懌,16,61.13,"enjoy, be glad, be pleased",Traditional,"('忄', '睪')","['心', '土', '八', '干', '网']"
愕,12,61.9,"startled, alarmed, astonished",Both,"('忄', '咢')","['心', '二', '口']"
恭,10,61.6,"respectful, polite, reverent",Both,"('共', '㣺')","['一', '丨', '八', '艸']"
怌,8,61.5,bosom; to carry in the bosom; to cherish,Both,"('忄', '丕')","['丿', '一', '心', '卜']"
慫,15,61.11,"to alarm; to instigate, arouse, incite",Traditional,"('從', '心')","['心', '人', '彳', '止']"
怸,9,61.5,to be familiar with; a kind of medicine,Both,"('术', '心')","['心', '丶', '木']"
怩,8,61.5,"shy, timid, bashful; look ashamed",Both,"('忄', '尼')","['心', '尸', '匕']"
恂,9,61.6,"careful, sincere, honest; trust",Both,"('忄', '旬')","['勹', '心', '日']"
愦,12,61.9,"confused, troubled, muddle-headed",Simplified,"('忄', '贵')","['心', '丨', '贝', '一', '口']"
愉,12,61.9,"pleasant, delightful; please",Both,"('忄', '俞')","['心', '人', '刀', '月', '一']"
憀,14,61.11,to rely on,Both,"('忄', '翏')","['心', '人', '羽', '彡']"
怹,9,61.5,a polite version of he,Both,"('他', '心')","['心', '人', '丨', '乙']"
恁,10,61.6,"that, like this, thus, so, such",Both,"('任', '心')","['心', '人', '士']"
慓,14,61.11,nimble,Both,"('忄', '票')","['心', '襾', '示']"
懃,17,61.13,"courteous, cordial; zealous",Traditional,"('勤', '心')","['心', '丨', '廾', '口', '玉', '力']"
憰,15,61.12,"wily, time-serving; to feign, to act the hypocrite",Both,"('忄', '矞')","['心', '八', '冂', '矛', '口']"
心,4,61.0,"heart; mind, intelligence; soul; 5th lunar mansion, determinative star α Scorpii (Antares)",Both,"('心', None)",['心']
惜,11,61.8,"pity, regret, rue, begrudge",Both,"('忄', '昔')","['日', '一', '艸', '心']"
憒,15,61.12,"confused, troubled, muddle-headed",Traditional,"('忄', '貴')","['心', '丨', '貝', '一', '口']"
惟,11,61.8,"but, however, nevertheless; only",Both,"('忄', '隹')","['心', '隹']"
愀,12,61.9,"to change one's countenance, be anxious; to blush",Both,"('忄', '秋')","['禾', '火', '心']"
愃,12,61.9,relax,Both,"('忄', '宣')","['宀', '一', '心', '日']"
悌,10,61.7,"brotherly, respectful",Both,"('忄', '弟')","['心', '丨', '弓', '八']"
憐,15,61.12,"pity, sympathize",Traditional,"('忄', '粦')","['心', '舛', '米']"
愷,13,61.10,"enjoy, be contented, joyful",Traditional,"('忄', '豈')","['心', '山', '豆']"
慾,15,61.11,"lust, desire, passion; appetite",Both,"('欲', '心')","['心', '欠', '谷']"
慕,14,61.11,"long for, desire; admire",Both,"('莫', '㣺')","['日', '丨', '大', '艸']"
戀,23,61.19,"love; long for, yearn for; love",Traditional,"('䜌', '心')","['心', '糸', '言']"
惶,12,61.9,"fearful, afraid, anxious, nervous",Both,"('忄', '皇')","['心', '玉', '白']"
愈,13,61.9,"more and more, even more",Both,"('俞', '心')","['心', '人', '刀', '月', '一']"
懟,18,61.14,"hate, abhor; hatred, resentment",Traditional,"('對', '心')","['心', '八', '羊', '寸', '一']"
愡,12,61.9,"absent-minded, confused",Both,"('忄', '怱')","['勹', '丶', '心']"
懁,16,61.13,"anxious, distressed",Both,"('忄', '睘')","['心', '一', '网', '口']"
恝,10,61.6,carefree; indifferent manner; without sorrow,Both,"('㓞', '心')","['心', '二', '刀', '丨', '一']"
怊,8,61.5,"sad, disappointed",Both,"('忄', '召')","['心', '刀', '口']"
恑,9,61.6,to change; to alter; to accommodate oneself to,Both,"('忄', '危')","['心', '刀', '厂', '乙']"
懥,17,61.14,"angry, enraged, resentful; hate",Both,"('忄', '疐')","['心', '冖', '十', '疋', '田']"
懿,22,61.18,"virtuous, admirable, esteemed",Both,"('壹', '恣')","['心', '士', '豆', '冖', '冫', '欠']"
憝,16,61.12,"to dislike, to abhor, to hate",Both,"('敦', '心')","['心', '子', '亠', '口', '攴']"
憍,15,61.12,"be haughty, proud, arrogant",Traditional,"('忄', '喬')","['冂', '大', '心', '口']"
惔,11,61.8,cheerful,Both,"('忄', '炎')","['心', '火']"
恃,9,61.6,"rely on, presume on, trust to",Both,"('忄', '寺')","['心', '土', '寸']"
念,8,61.4,"think of, recall, study",Simplified,"('今', '心')","['心', '人', '丶']"
悅,10,61.7,pleased,Traditional,"('忄', '兌')","['心', '八', '口', '儿']"
忆,4,61.1,"remember, reflect upon; memory",Simplified,"('忄', '乙')","['心', '乙']"
悵,11,61.8,"disappointed, dissatisfied",Traditional,"('忄', '長')","['心', '長']"
惨,11,61.8,"sad, pitiful, wretched; cruel",Simplified,"('忄', '参')","['心', '厶', '大', '彡']"
憃,15,61.11,"foolish, stupid, dull, silly",Both,"('舂', '心')","['心', '二', '八', '丨', '臼', '一']"
忰,7,61.4,"suffer, become emaciated, haggard",Unknown,"('忄', '卆')","['心', '丿', '十']"
憂,15,61.11,"sad, grieved; grief, melancholy",Traditional,"('百', '𢖻')","['心', '丿', '夂', '冖', '月', '一']"
愎,12,61.9,"obstinate, stubborn, headstrong",Both,"('忄', '复')","['心', '丿', '夂', '日', '一']"
怳,8,61.5,"wild, mad; flurried",Both,"('忄', '兄')","['心', '口', '儿']"
惻,12,61.9,"feel anguish, feel compassion",Traditional,"('忄', '則')","['心', '貝', '刀']"
慚,14,61.11,"ashamed, humiliated; shameful",Traditional,"('忄', '斬')","['車', '斤', '心']"
悚,10,61.7,"afraid, scared, frightened",Both,"('忄', '束')","['心', '木', '口']"
慵,14,61.11,"indolent, easy-going, lazy",Both,"('忄', '庸')","['心', '广', '聿', '用']"
惘,11,61.8,"disconcerted, dejected, discouraged",Both,"('忄', '罔')","['心', '丶', '八', '匸', '一', '冂']"
悩,10,61.7,"angered, filled with hate",Unknown,"('忄', '川凶')","['心', '凵', '小', '丿']"
慪,14,61.11,annoyed,Traditional,"('忄', '區')","['心', '匚', '口']"
憩,16,61.12,"rest, take rest",Both,"('舌自', '心')","['心', '自', '舌']"
惰,12,61.9,"indolent, careless, lazy, idle",Both,"('忄', '𤯝')","['心', '丿', '工', '月', '一']"
恩,10,61.6,"kindness, mercy, charity",Both,"('因', '心')","['心', '囗', '大']"
懣,18,61.14,"be sick at heart, sorrowful, sad",Traditional,"('滿', '心')","['心', '水', '巾', '入', '廾']"
悬,11,61.7,"hang, suspend, hoist; be hung",Simplified,"('县', '心')","['月', '一', '心', '厶']"
愛,13,61.9,"love, be fond of, like",Traditional,"('爫', '𢖻')","['冖', '心', '夂', '爪']"
悾,11,61.8,"naive, guileless, simple-minded",Both,"('忄', '空')","['心', '穴', '工']"
愫,13,61.10,"guileless, sincere, honest",Both,"('忄', '素')","['心', '土', '糸', '一']"
惙,11,61.8,"sad, melancholy, grieving, mournful",Both,"('忄', '叕')","['心', '又']"
憑,16,61.12,"lean on, depend on, rely on",Traditional,"('馮', '心')","['馬', '心', '冫']"
惮,11,61.8,"dread, shrink from, shirk, fear",Simplified,"('忄', '单')","['心', '二', '八', '丨', '十', '冂']"
慳,14,61.11,"miserly, parsimonious, stingy",Traditional,"('忄', '堅')","['心', '土', '又', '臣']"
戁,23,61.19,fear,Traditional,"('難', '心')","['心', '二', '人', '隹', '丨', '廾', '口']"
惽,12,61.9,confused,Both,"('忄', '昬')","['日', '一', '己', '心']"
慬,14,61.11,brave; cautious; sad,Both,"('忄', '堇')","['心', '丨', '廾', '玉', '口']"
愐,12,61.9,bashful; to consider,Both,"('忄', '面')","['心', '面']"
怫,8,61.5,"sorry, anxious; depressed",Both,"('忄', '弗')","['心', '弓']"
忏,6,61.3,"regret, repent; confess sins",Simplified,"('忄', '千')","['心', '十']"
怀,7,61.4,"bosom, breast; carry in bosom",Both,"('忄', '不')","['丿', '一', '心', '卜']"
忙,6,61.3,"busy, pressed for time; hustling",Both,"('忄', '亡')","['心', '丶', '匸']"
恵,10,61.6,"favor, benefit, confer kindness",Both,"('𤰔', '心')","['心', '二', '凵', '丨', '十']"
虑,10,141.4 61.6,"be concerned, worry about",Simplified,"('虍', '心')","['虍', '心']"
怅,7,61.4,"disappointed, dissatisfied",Simplified,"('忄', '长')","['心', '长']"
慊,13,61.10,to resent; contended; satisfied,Both,"('忄', '兼')","['心', '一', '八', '彐']"
忩,8,61.4,"(same as 怱) hastily, in haste, hurriedly",Unknown,"('公', '心')","['心', '厶', '八']"
惠,12,61.8,"favor, benefit, confer kindness",Both,"('叀', '心')","['日', '十', '丨', '心']"
憘,15,61.12,"like, love, enjoy; joyful thing",Both,"('忄', '喜')","['心', '八', '士', '一', '口']"
感,13,61.9,"feel, perceive, emotion",Both,"('咸', '心')","['心', '厂', '戈', '一', '口']"
懍,16,61.13,"be afraid of, be awed by, be in awe",Traditional,"('忄', '稟')","['禾', '囗', '亠', '心']"
怎,9,61.5,what? why? how?,Both,"('乍', '心')","['心', '丿', '二', '丨', '一']"
怍,8,61.5,to be ashamed,Both,"('忄', '乍')","['心', '丿', '二', '丨', '一']"
想,13,61.9,"think, speculate, plan, consider",Both,"('相', '心')","['心', '目', '木']"
慴,14,61.11,"fear; terrified, fearful; fear",Traditional,"('忄', '習')","['心', '羽', '白']"
愆,13,61.9,"a fault, mistake, error, transgression",Both,"('衍', '心')","['心', '水', '行']"
慤,15,61.11,"sincerity, honesty; modest",Traditional,"('殼', '心')","['心', '士', '冖', '几', '殳']"
怜,8,61.5,"pity, sympathize",Both,"('忄', '令')","['心', '人', '丶']"
必,5,61.1,"surely, most certainly; must",Both,"('心', '丿')","['心', '丿']"
悝,10,61.7,"to laugh at to pity; afflicted, sad",Both,"('忄', '里')","['心', '里']"
忭,7,61.4,delighted; pleased,Both,"('忄', '卞')","['心', '亠', '卜']"
惏,11,61.8,avaricious; greedy cold,Both,"('忄', '林')","['心', '木']"
恻,9,61.6,"feel anguish, feel compassion",Simplified,"('忄', '则')","['心', '刀', '贝']"
恿,11,61.7,"instigate, incite; to alarm",Both,"('甬', '心')","['心', '用']"
忠,8,61.4,"loyalty, devotion, fidelity",Both,"('中', '心')","['心', '丨', '口']"
懂,15,61.13,"understand, comprehend",Both,"('忄', '董')","['心', '十', '里', '艸']"
悮,10,61.7,"impede; neglect, delay",Simplified,"('忄', '吴')","['心', '一', '大', '口']"
惷,13,61.9,wriggle; stupid; silly; fat,Both,"('春', '心')","['心', '二', '八', '丨', '日', '一']"
憮,15,61.12,"regretful, disappointed",Traditional,"('忄', '無')","['心', '火']"
悰,11,61.8,"enjoy, amuse, please; joy",Both,"('忄', '宗')","['宀', '心', '示']"
忸,7,61.4,"blush, be bashful, be ashamed",Both,"('忄', '丑')","['心', '二', '刀']"
慘,14,61.11,"sad, pitiful, wretched; cruel",Traditional,"('忄', '參')","['心', '人', '厶', '彡']"
惋,11,61.8,"regret, be sorry; alarmed",Both,"('忄', '宛')","['宀', '心', '乙', '夕']"
憺,16,61.13,peace,Both,"('忄', '詹')","['心', '八', '刀', '厂', '言']"
懆,16,61.13,"anxious, apprehensive",Both,"('忄', '喿')","['心', '木', '口']"
惹,12,61.9,"irritate, vex, offend, incite",Both,"('若', '心')","['心', '丿', '一', '艸', '口']"
悆,11,61.7,happy,Both,"('余', '心')","['干', '人', '心', '小']"
惦,11,61.8,"think of, remember, miss",Both,"('忄', '店')","['心', '广', '卜', '口']"
慇,14,61.10,"careful, anxious, attentive",Both,"('殷', '心')","['心', '丶', '丨', '彐', '殳']"
意,13,61.9,"thought, idea, opinion; think",Both,"('音', '心')","['心', '音']"
懄,16,61.13,grief,Both,"('忄', '勤')","['心', '丨', '廾', '口', '玉', '力']"
悳,12,61.8,"ethics, morality, virtue",Both,"('直', '心')","['心', '十', '目']"
忻,7,61.4,"delightful, joyful, pleasant",Both,"('忄', '斤')","['斤', '心']"
憋,15,61.12,to suppress inner feelings; hasty,Both,"('敝', '心')","['冫', '心', '攴', '巾']"
慽,14,61.11,"sorrowful, mournful; sorrow",Both,"('忄', '戚')","['心', '卜', '厂', '戈', '小', '一']"
憹,16,61.13,upset; to regret,Traditional,"('忄', '農')","['心', '二', '凵', '辰']"
怆,7,61.4,"sad, broken-hearted, disconsolate",Simplified,"('忄', '仓')","['心', '人', '乙']"
愙,13,61.9,"respectful, reverent",Both,"('客', '心')","['宀', '口', '心', '夂']"
懞,16,61.14,(variant of 蒙),Traditional,"('忄', '蒙')","['心', '二', '冖', '勹', '艸']"
忾,7,61.4,"anger, wrath, hatred, enmity",Simplified,"('忄', '气')","['心', '气']"
怚,8,61.5,"dull, stupid, suspicious",Both,"('忄', '且')","['月', '一', '心']"
忖,6,61.3,"guess, suppose, conjecture",Both,"('忄', '寸')","['心', '寸']"
恍,9,61.6,seemingly; absent-minded,Both,"('忄', '光')","['心', '一', '小', '儿']"
悼,11,61.8,"grieve, mourn, lament; grieved",Both,"('忄', '卓')","['日', '十', '卜', '心']"
懑,17,61.13,"be sick at heart, sorrowful, sad",Simplified,"('满', '心')","['心', '人', '水', '一', '艸', '冂']"
慷,14,61.11,"ardent; generous, magnanimous",Both,"('忄', '康')","['隶', '广', '心']"
悴,11,61.8,"suffer, become emaciated, haggard",Both,"('忄', '卒')","['心', '十', '亠', '人']"
懊,15,61.13,"vexed, worried, nervous; regret",Both,"('忄', '奧')","['宀', '心', '大', '米']"
悠,11,61.7,"long, far, remote, distant; leisurely",Both,"('攸', '心')","['心', '人', '丨', '攴']"
忘,7,61.3,"forget; neglect; miss, omit",Both,"('亡', '心')","['心', '丶', '匸']"
恼,9,61.6,"angered, filled with hate",Both,"('忄', '㐫')","['心', '凵', '亠', '丿']"
怄,7,61.4,annoyed,Simplified,"('忄', '区')","['心', '匚', '丿']"
恋,10,61.6 8.8,"love; long for, yearn for; love",Both,"('亦', '心')","['心', '八', '丨', '亠', '亅']"
怲,8,61.5,"be anxious, be grieved, be sad",Both,"('忄', '丙')","['心', '一', '人', '冂']"
憶,16,61.13,"remember, reflect upon; memory",Traditional,"('忄', '意')","['心', '音']"
忲,7,61.4,extravagant,Both,"('忄', '太')","['心', '丶', '大']"
恆,9,61.6,"constant, regular, persistent; hexagram ䷟",Traditional,"('忄', '亙')","['心', '一', '丶', '丿']"
愓,12,61.9,profligate,Traditional,"('忄', '昜')","['日', '一', '勹', '心']"
悲,12,61.8,"sorrow, grief; sorry, sad",Both,"('非', '心')","['心', '非']"
戄,23,61.20,to be in awe of; to fear,Both,"('忄', '矍')","['心', '目', '隹', '又']"
惫,12,61.8,"tired, weary, fatigued",Simplified,"('备', '心')","['心', '田', '夂']"
怒,9,61.5,"anger, rage, passion; angry",Both,"('奴', '心')","['女', '又', '心']"
忍,7,61.3,"endure, bear, suffer; forbear",Both,"('刃', '心')","['心', '刀', '丶']"
愪,13,61.10,"to be grieved, sad",Both,"('忄', '員')","['心', '貝', '口']"
恧,10,61.6,ashamed,Both,"('而', '心')","['心', '而']"
忱,7,61.4,"truth, sincerity; sincere",Both,"('忄', '冘')","['心', '乙', '巾']"
悊,11,61.7,wise. to know intuitively,Both,"('折', '心')","['斤', '心', '手']"
恠,9,61.6,"strange, unusual, peculiar",Both,"('忄', '在')","['心', '土', '人', '丿', '一']"
悋,10,61.7,"stingy, sparing of; closefisted",Both,"('忄', '吝')","['心', '文', '口']"
慼,15,61.11,"sorrowful, mournful; sorrow",Both,"('戚', '心')","['心', '卜', '厂', '戈', '小', '一']"
慅,12,61.10,agitated,Both,"('忄', '蚤')","['心', '丶', '又', '虫']"
恐,10,61.6,"fear; fearful, apprehensive",Both,"('巩', '心')","['心', '几', '丶', '工']"
愾,13,61.10,"anger, wrath, hatred, enmity",Traditional,"('忄', '氣')","['心', '气', '米']"
慣,14,61.11,"habit, custom; habitually, usually",Traditional,"('忄', '貫')","['心', '囗', '十', '貝']"
慆,13,61.10,"excessive, dissolute; delighted",Both,"('忄', '舀')","['臼', '心', '爪']"
惩,12,61.8,"punish, reprimand; warn",Both,"('征', '心')","['心', '一', '彳', '止']"
恬,9,61.6,"quiet, calm, tranquil, peaceful",Both,"('忄', '舌')","['心', '舌']"
愒,12,61.9,"rest, stop",Both,"('忄', '曷')","['勹', '人', '曰', '心']"
总,9,61.5,"collect; overall, altogether",Simplified,"('𠮦', '心')","['心', '八', '口']"
悃,10,61.7,"sincere, genuine, honest, loyal",Both,"('忄', '困')","['心', '囗', '木']"
怵,8,61.5,"fear, be afraid; shy, timid",Both,"('忄', '朮')","['心', '丶', '木']"
急,9,61.5,"quick, quickly; urgent, pressing",Both,"('刍', '心')","['心', '刀', '彐']"
愿,14,61.10,"sincere, honest, virtuous",Both,"('原', '心')","['心', '白', '厂', '小']"
懇,17,61.13,"sincere, earnest, cordial",Traditional,"('貇', '心')","['艮', '心', '豸']"
愰,13,61.10,clearness of mind; doubtful; uncertain,Both,"('忄', '晃')","['心', '小', '儿', '日', '一']"
恺,9,61.6,"enjoy, be contented, joyful",Simplified,"('忄', '岂')","['心', '山', '己']"
惼,12,61.9,narrow-minded,Both,"('忄', '扁')","['心', '户', '艸', '冂']"
慂,14,61.10,"urge, incite, egg-on",Both,"('涌', '心')","['心', '水', '用']"
忷,7,61.4,"(variant of 恟) scared, nervous",Unknown,"('忄', '凶')","['心', '凵', '丿']"
恢,9,61.6,"restore; big, great, immense, vast",Both,"('忄', '灰')","['心', '火', '一', '丿']"
愻,14,61.10,"to yield, accord; humble, modest",Both,"('孫', '心')","['心', '子', '糸']"
恚,10,61.6,"anger, rage",Both,"('圭', '心')","['心', '土']"
忪,7,61.4,"quiet, calm, tranquil, peaceful",Both,"('忄', '公')","['心', '厶', '八']"
慙,15,61.11,"ashamed, humiliated; shameful",Traditional,"('斬', '心')","['車', '斤', '心']"
悯,10,61.7,"pity, sympathize with, grieve for",Simplified,"('忄', '闵')","['门', '文', '心']"
恫,9,61.6,"in pain, sorrowful",Both,"('忄', '同')","['心', '一', '口', '冂']"
愢,12,61.9,hesitant; modest,Both,"('忄', '思')","['心', '田']"
忽,8,61.4,"suddenly, abruptly; neglect",Both,"('勿', '心')","['勹', '心']"
憚,15,61.12,"dread, shrink from, shirk, fear",Traditional,"('忄', '單')","['心', '二', '丨', '十', '口', '冂']"
怡,8,61.5,"harmony; pleasure, joy; be glad",Both,"('忄', '台')","['心', '厶', '口']"
忑,7,61.3,fearful; nervous; timid,Both,"('下', '心')","['心', '一', '卜']"
慟,14,61.11,"sadness, grief; mourn; be moved",Traditional,"('忄', '動')","['心', '十', '里', '力']"
愴,13,61.10,"sad, broken-hearted, disconsolate",Traditional,"('忄', '倉')","['心', '人', '丶', '丨', '彐', '口']"
懨,17,61.14,"feeble, sickly; tranquil, calm",Traditional,"('忄', '厭')","['心', '月', '厂', '犬', '日']"
懰,18,61.15,"be glad, pleased, delighted",Traditional,"('忄', '劉')","['心', '刀', '金', '卩']"
懧,17,61.14,to have wisdom; intelligent,Traditional,"('忄', '寧')","['心', '皿', '宀', '一', '亅']"
悪,11,61.7,"evil, wicked, bad, foul",Unknown,"('亜', '心')","['心', '二', '口']"
恽,9,61.6,"devise, plan, deliberate; consult",Simplified,"('忄', '军')","['冖', '车', '心']"
怿,8,61.5,"enjoy, be glad, be pleased",Simplified,"('忄', '夅')","['心', '二', '丨', '又']"
懾,21,61.18,"afraid, scared, fearful",Traditional,"('忄', '聶')","['心', '耳']"
憫,15,61.12,"pity, sympathize with, grieve for",Traditional,"('忄', '閔')","['心', '文', '門']"
恥,10,61.6,"shame, humiliation; ashamed",Traditional,"('耳', '心')","['心', '耳']"
怭,8,61.5,rude,Both,"('忄', '必')","['心', '丿']"
恉,9,61.6,"meaning, purport, drift",Both,"('忄', '旨')","['日', '匕', '心']"
懸,20,61.16,"hang, suspend, hoist; be hung",Traditional,"('縣', '心')","['心', '糸', '目', '小', '一']"
懛,17,61.14,"alarmed, scared; stupid",Both,"('忄', '臺')","['心', '士', '冖', '至', '口']"
悦,10,61.7,"pleased, contented, gratified",Simplified,"('忄', '兌')","['心', '八', '口', '儿']"
悔,10,61.7,"repent, show remorse, regret",Both,"('忄', '每')","['一', '丿', '毋', '心']"
恹,9,61.6,"feeble, sickly; tranquil, calm",Simplified,"('忄', '厌')","['心', '厂', '犬']"
懲,19,61.15,"punish, reprimand; warn",Traditional,"('徵', '心')","['心', '彳', '山', '一', '玉', '攴']"
慜,15,61.11,name of a monk in Tang dynasty,Both,"('敏', '心')","['心', '丿', '毋', '一', '攴']"
惖,12,61.8,respect; fear,Unknown,"('易', '心')","['日', '勹', '心']"
愞,12,61.9,"timid, apprehensive",Both,"('忄', '耎')","['心', '而', '大']"
戇,28,61.24,"stupid, simple, simple-minded",Traditional,"('贛', '心')","['心', '十', '貝', '工', '日', '立', '攴']"
恊,9,61.6,be united; cooperate,Both,"('忄', '劦')","['心', '力']"
慝,14,61.11,"do evil in secret; evil, vice",Both,"('匿', '心')","['心', '丿', '一', '匚', '艸', '口']"
惆,11,61.8,"distressed, regretful, sad",Both,"('忄', '周')","['心', '田', '口']"
悄,10,61.7,"silent, quiet, still; anxious",Both,"('忄', '肖')","['月', '心', '小']"
恣,10,61.6,"indulge oneself, unrestrained",Both,"('次', '心')","['心', '欠', '冫']"
戅,25,61.21,"stupid, simple, foolish",Unknown,"('贑', '心')","['心', '十', '貝', '工', '日', '立']"
恀,9,61.6,trust,Both,"('忄', '多')","['心', '夕']"
憪,15,61.12,"composed, contented",Traditional,"('忄', '閒')","['月', '心', '門']"
憭,15,61.12,clear; intelligible; severe; cold,Both,"('忄', '尞')","['心', '八', '大', '小', '日']"
悻,11,61.8,"anger, vexation; angry, indignant",Both,"('忄', '幸')","['干', '土', '八', '心']"
愬,14,61.10,accuse; sue; inform; narrate,Both,"('朔', '心')","['心', '八', '屮', '月', '一']"
慁,14,61.10,"dishonor, disobey; insult",Both,"('圂', '心')","['心', '囗', '豕']"
忼,7,61.4,"ardent; generous, magnanimous",Both,"('忄', '亢')","['心', '亠', '几']"
慺,14,61.11,"(simplified form of 慺) diligent; industrious; sedulous, to encourage; to make efforts",Traditional,"('忄', '婁')","['女', '十', '心', '口']"
忋,6,61.3,to rely on; look up to,Both,"('忄', '己')","['心', '己']"
性,8,61.5,"nature, character, sex",Both,"('忄', '生')","['心', '生']"
惓,11,61.8,"careful, sincere, candid",Both,"('忄', '卷')","['心', '二', '八', '丨', '乙']"
惚,11,61.8,"absent-minded, confused",Both,"('忄', '忽')","['勹', '心']"
懻,19,61.17,"overbearing, crafty",Both,"('忄', '冀')","['心', '八', '匕', '田', '一', '艸']"
憓,15,61.12,"benefit, favor; follow, obey",Both,"('忄', '惠')","['日', '十', '丨', '心']"
恤,9,61.6,"show pity; relieve, help",Both,"('忄', '血')","['心', '血']"
惪,12,61.8,ethics,Both,"('直', '心')","['一', '十', '目', '心']"
快,7,61.4,"rapid, quick, speedy, fast; soon",Both,"('忄', '夬')","['心', '人', '丨']"
態,14,61.10,"manner, bearing, attitude",Traditional,"('能', '心')","['月', '厶', '心']"
怦,8,61.5,"eager, ardent, impulsive; anxious",Both,"('忄', '平')","['心', '干', '八']"
懠,17,61.14,angry,Traditional,"('忄', '齊')","['心', '齊']"
慢,14,61.11,"slow(ly), leisurely, sluggish",Both,"('忄', '曼')","['日', '网', '又', '心']"
怼,9,61.5,"hate, abhor; hatred, resentment",Simplified,"('对', '心')","['心', '又', '寸']"
忓,6,61.3,concerned about,Both,"('忄', '干')","['心', '干']"
懒,16,61.13,"lazy, languid, listless",Simplified,"('忄', '赖')","['心', '刀', '贝', '木', '口']"
惎,12,61.8,"injure, harm, murder",Both,"('其', '心')","['心', '一', '甘', '八']"
憯,15,61.12,"sorrowful, sad; already, nevertheless",Both,"('忄', '朁')","['日', '无', '心', '丿']"
怓,8,61.5,confusion; a braggart,Both,"('忄', '奴')","['女', '又', '心']"
悒,10,61.7,"sorrowful, depressed, unhappy",Both,"('忄', '邑')","['心', '邑']"
慉,13,61.10,to bring up; to raise,Both,"('忄', '畜')","['心', '玄', '田']"
忐,7,61.3,timorous; nervous,Both,"('上', '心')","['心', '一', '卜']"
懐,16,61.13,"bosom, breast; carry in bosom",Unknown,"('忄', '')","['心', '亠', '衣', '网']"
憙,16,61.12,"like, love, enjoy; joyful thing",Both,"('喜', '心')","['心', '八', '士', '一', '口']"
悁,10,61.7,"irritable, nervous, impatient",Both,"('忄', '肙')","['月', '心', '口']"
慱,14,61.11,sad,Traditional,"('忄', '專')","['心', '丨', '寸', '十', '日']"
憨,15,61.12,"foolish, silly, coquettish",Both,"('敢', '心')","['心', '攴', '耳']"
愠,12,61.9,angry,Both,"('忄', '昷')","['日', '皿', '心']"
恪,9,61.6,"respectful, reverent",Both,"('忄', '各')","['心', '口', '夂']"
悐,11,61.7,"respect, regard; to stand in awe of, to be alarmed",Both,"('狄', '心')","['心', '火', '犬']"
怠,9,61.5,"idle, remiss, negligent; neglect",Both,"('台', '心')","['心', '厶', '口']"
您,11,61.7,honorific for 'you',Both,"('你', '心')","['心', '人', '刀', '小']"
情,11,61.8,"feeling, sentiment, emotion",Both,"('忄', '青')","['心', '青']"
忡,7,61.4,"a sad, uneasy countenance",Both,"('忄', '中')","['心', '丨', '口']"
愊,12,61.9,"sincere, honest; depressed",Both,"('忄', '畐')","['心', '一', '田', '口']"
恡,9,61.6,"stingy, sparing of; close-fisted",Both,"('忄', '𠫤')","['心', '厶', '一', '丿']"
懕,18,61.14,satiated; contented,Traditional,"('厭', '心')","['心', '月', '厂', '犬', '日']"
怂,8,61.4,"instigate, arouse, incite",Simplified,"('人', '心')","['心', '人']"
恔,9,61.6,"cheerful; bright, sagacious",Both,"('忄', '交')","['心', '丿', '亠', '八']"
忮,7,61.4,stubborn; perverse; aggressive,Both,"('忄', '支')","['心', '支']"
憤,15,61.12,"resent, hate; indignant",Traditional,"('忄', '賁')","['心', '十', '艸', '貝']"
恕,10,61.6,"forgive, excuse, show mercy",Both,"('如', '心')","['女', '心', '口']"
惸,12,61.9,"troubled, worried, distressed",Both,"('忄', '㝁')","['勹', '子', '心', '日']"
忤,7,61.4,"insubordinate, stubborn; wrong",Both,"('忄', '午')","['心', '干']"
恸,9,61.6,"sadness, grief; mourn; be moved",Simplified,"('忄', '动')","['心', '二', '厶', '力']"
怏,8,61.5,"discontented, dispirited, sad",Both,"('忄', '央')","['心', '大', '冂']"
懤,17,61.14,"grieved, pained",Traditional,"('忄', '壽')","['心', '士', '乙', '寸', '工', '一', '口']"
懜,16,61.14,"dull, stupid, doltish",Traditional,"('忄', '夢')","['心', '冖', '网', '艸', '夕']"
懽,20,61.18,"happy, pleased, glad, joyous",Both,"('忄', '雚')","['心', '隹', '艸', '口']"
憬,15,61.12,"rouse, awaken; become conscious",Both,"('忄', '景')","['心', '亠', '小', '日', '口']"
懋,17,61.13,"splendid, grand, majestic",Both,"('楙', '心')","['心', '矛', '木']"
応,7,61.3,"should, ought to, must",Unknown,"('广', '心')","['心', '广']"
懔,16,61.13,"be afraid of, to be in awe of",Simplified,"('忄', '禀')","['心', '囗', '亠', '示']"
怖,8,61.5,"terror, fear; frighten; terrified",Both,"('忄', '布')","['心', '丿', '一', '巾']"
憇,15,61.11,"rest, take rest",Both,"('甜', '心')","['心', '甘', '舌']"
慭,15,61.11,cautious; willing; but,Simplified,"('釆?犬', '心')","['心', '土', '玉', '儿']"
怯,8,61.5,"lacking in courage, afraid",Both,"('忄', '去')","['心', '土', '厶']"
怃,7,61.4,"regretful, disappointed",Simplified,"('忄', '无')","['心', '无']"
思,9,61.5,"think, consider, ponder; final particle",Both,"('田', '心')","['心', '田']"
惊,11,61.8,"frighten, surprise, startle",Simplified,"('忄', '京')","['心', '小', '亠', '口']"
慞,14,61.11,"terrified, alarmed",Both,"('忄', '章')","['日', '十', '心', '立']"
惄,12,61.8,long for; hungry,Both,"('叔', '心')","['心', '又', '卜', '小', '一']"
慮,15,61.11,"be concerned, worry about",Traditional,"('虍', '思')","['虍', '田', '心']"
悤,11,61.7,"agitated, restless, hurried",Both,"('囱', '心')","['心', '囗', '丶', '夂']"
悱,11,61.8,to be desirous of speaking,Both,"('忄', '非')","['心', '非']"
悶,12,61.8,"gloomy, depressed, melancholy",Traditional,"('門', '心')","['心', '門']"
悈,10,61.7,to enjoin upon; urgent,Both,"('忄', '戒')","['心', '戈', '廾']"
懮,18,61.15,"calm, leisurely; procrastinating",Both,"('忄', '憂')","['心', '丿', '夂', '冖', '月', '一']"
憎,15,61.12,"hate, detest, abhor; hatred",Both,"('忄', '曽')","['心', '八', '丨', '日', '口']"
恇,9,61.6,fear,Both,"('忄', '匡')","['心', '匚', '玉']"
憊,16,61.12,"tired, weary, fatigued",Traditional,"('備', '心')","['心', '丿', '人', '用', '一', '艸']"
忺,7,61.4,happy,Both,"('忄', '欠')","['心', '欠']"
怺,8,61.5,to endure,Unknown,"('忄', '永')","['心', '丶']"
忝,8,61.4,disgraced; ashamed; self-deprecating,Both,"('夭', '㣺')","['一', '丨', '大']"
怕,8,61.5,"to fear, be afraid of; apprehensive",Both,"('忄', '白')","['心', '白']"
懈,16,61.13,"idle, relaxed, remiss",Both,"('忄', '解')","['牛', '角', '刀', '心']"
恌,9,61.6,to worry; frivolous,Both,"('忄', '兆')","['冫', '心', '儿']"
怱,9,61.5,"hastily, in haste, hurriedly",Both,"('匆', '心')","['勹', '丶', '心']"
怞,8,61.5,to grieve; sorrowful,Both,"('忄', '由')","['心', '二', '丨', '凵']"
怾,8,61.5,mountain name,Unknown,"('忄', '只')","['心', '八', '口']"
惌,12,61.8,to bear a grudge against,Both,"('宀', '怨')","['宀', '心', '乙', '夕']"
慰,15,61.11,"comfort, console, calm",Both,"('尉', '心')","['心', '尸', '寸', '示']"
懺,20,61.17,"regret, repent; confess sins",Traditional,"('忄', '韱')","['心', '人', '戈', '韭']"
惛,11,61.8,"confused, stupid, dull, senile",Both,"('忄', '昏')","['日', '氏', '心']"
怔,8,61.5,a disease resembling neurosis,Both,"('忄', '正')","['心', '一', '止']"
惣,12,61.8,overall [questionable variant],Unknown,"('物', '心')","['牛', '勹', '心']"
悸,11,61.8,"fearful, apprehensive, perturbed",Both,"('忄', '季')","['禾', '子', '心']"
怪,8,61.5,"strange, unusual, peculiar",Both,"('忄', '圣')","['心', '土', '又']"
忿,8,61.4,"get angry; fury, exasperation",Both,"('分', '心')","['心', '刀', '八']"
怙,8,61.5,"rely on, presume on; persist in",Both,"('忄', '古')","['心', '十', '口']"
态,8,61.4,"manner, bearing, attitude",Simplified,"('太', '心')","['心', '丶', '大']"
憔,15,61.12,"be worn-out, emaciated, haggard",Both,"('忄', '焦')","['心', '火', '隹']"
悜,10,61.7,obscure,Both,"('忄', '呈')","['心', '玉', '口']"
息,10,61.6,"rest, put stop to, end, cease",Both,"('自', '心')","['心', '自']"
慧,15,61.11,"bright, intelligent; intelligence",Both,"('彗', '心')","['心', '彐']"
慎,13,61.10,"act with care, be cautious",Both,"('忄', '真')","['心', '八', '十', '目', '一']"
憲,16,61.12,"constitution, statute, law",Traditional,"('𡩜', '心')","['心', '土', '宀', '一', '网']"
悛,10,61.7,"repent, reform",Both,"('忄', '夋')","['心', '厶', '八', '夂']"
戆,25,61.21,"stupid, simple, simple-minded",Simplified,"('赣', '心')","['心', '贝', '十', '工', '日', '立', '攴']"
恨,9,61.6,"hatred, dislike; resent, hate",Both,"('忄', '艮')","['艮', '心']"
惬,11,61.8,"be satisfied, be comfortable",Simplified,"('忄', '匚夹')","['心', '人', '二', '八', '匚']"
憦,15,61.12,regret,Traditional,"('忄', '勞')","['冖', '火', '心', '力']"
恙,10,61.6,"illness, sickness; indisposition",Both,"('𦍌', '心')","['羊', '心']"
惺,12,61.9,"intelligent, clever, astute",Both,"('忄', '星')","['日', '心', '生']"
悧,10,61.7,"smooth; active; clever, sharp",Both,"('忄', '利')","['禾', '刀', '心']"
恒,9,61.6,"constant, regular, persistent",Both,"('忄', '亘')","['日', '一', '心']"
愣,12,61.9,be in a daze,Both,"('忄', '罒方')","['心', '网', '方']"
惕,11,61.8,"be cautious, careful, alert",Both,"('忄', '易')","['日', '勹', '心']"
悽,11,61.8,"sorrowful, grieved, melancholy",Traditional,"('忄', '妻')","['女', '十', '聿', '心']"
憷,16,61.13,painful; suffering; privation,Both,"('忄', '楚')","['心', '疋', '木']"
愖,12,61.9,to hesitate,Both,"('忄', '甚')","['心', '匚', '甘', '儿']"
愚,13,61.9,"stupid, doltish, foolish",Both,"('禺', '心')","['心', '二', '禸', '丨', '冂']"
慶,15,61.11,"congratulate, celebrate",Traditional,"('广?', '乛心夂')","['心', '夂', '广', '襾', '乙']"
忌,7,61.3,"jealous, envious; fear",Both,"('己', '心')","['心', '己']"
懫,18,61.15,enraged; resentful.to hate. to desist,Traditional,"('忄', '質')","['心', '貝', '斤']"
愁,13,61.9,"anxiety; to worry about, be anxious",Both,"('秋', '心')","['禾', '火', '心']"
慥,13,61.11,"sincere, earnest",Both,"('忄', '造')","['心', '牛', '口', '辵']"
慨,12,61.9,"sigh, regret; generous",Both,"('忄', '既')","['心', '丶', '无', '丨', '彐', '乙']"
應,17,61.13,"should, ought to, must",Traditional,"('䧹', '心')","['心', '广', '隹', '人']"
懦,17,61.14,"weak, timid, cowardly",Both,"('忄', '需')","['心', '而', '雨']"
愤,12,61.9,"resent, hate; indignant",Simplified,"('忄', '贲')","['心', '十', '贝', '艸']"
惱,12,61.9,"angered, filled with hate",Traditional,"('忄', '𡿺')","['心', '丿', '丶', '囗', '川']"
慄,13,61.10,"shiver, shudder, tremble; tremble",Traditional,"('忄', '栗')","['心', '襾', '木']"
悖,10,61.7,"be contradictory to, go counter",Both,"('忄', '孛')","['冖', '十', '心', '子']"
惡,12,61.8,"evil, wicked, bad, foul",Traditional,"('亞', '心')","['心', '二']"
愮,13,61.10,"distressed, agitated",Both,"('忄', '䍃')","['缶', '心', '爪']"
慌,12,61.10,"nervous, panicky, frantic",Both,"('忄', '荒')","['心', '丶', '丨', '匸', '儿', '艸']"
烦,10,86.6,"bother, vex, trouble; troublesome",Simplified,"('火', '页')","['火', '页']"
黙,15,86.11 203.4,"silent; quiet, still; dark",Both,"('里犬', '灬')","['火', '里', '犬']"
炬,8,86.5,torch,Both,"('火', '巨')","['火', '匚']"
烈,10,86.6,"fiery, violent, vehement, ardent",Both,"('列', '灬')","['火', '刀', '歹']"
燧,16,86.13,"flintstone; beacon, signal fire; torch",Both,"('火', '遂')","['火', '豕', '八', '辵']"
燗,16,86.12,"warming sake, to heat sake",Unknown,"('火', '閒')","['月', '火', '門']"
熇,14,86.10,bake,Both,"('火', '高')","['火', '高']"
熠,15,86.11,bright and sparkling,Both,"('火', '習')","['火', '羽', '白']"
熰,15,86.11,great drought; heat,Traditional,"('火', '區')","['火', '口', '匚']"
爆,19,86.15,"crackle, pop, burst, explode",Both,"('火', '暴')","['火', '八', '水', '日', '一', '艸']"
災,7,86.3,"calamity, disaster, catastrophe",Traditional,"('巛', '火')","['火', '川']"
燁,14,86.12,"bright, glorious, splendid, flame",Traditional,"('火', '華')","['火', '二', '丨', '一', '艸']"
焖,11,86.7,"simmer, cook over slow fire",Simplified,"('火', '闷')","['门', '火', '心']"
熙,14,86.10,"bright, splendid, glorious",Both,"('巸', '灬')","['匚', '火', '己', '口']"
熅,14,86.10,"smooth out, iron out",Traditional,"('火', '𥁕')","['火', '囗', '皿', '人']"
炮,9,86.5,"large gun, cannon; artillery",Both,"('火', '包')","['勹', '火', '己']"
熛,15,86.11,blaze,Both,"('火', '票')","['火', '示', '襾']"
燏,16,86.12,blaze,Both,"('火', '矞')","['火', '八', '冂', '矛', '口']"
焴,12,86.8,bright; flame,Both,"('火', '育')","['月', '火', '亠', '厶']"
烹,11,86.7,"boil, cook; quick fry, stir fry",Both,"('亨', '灬')","['火', '亠', '亅', '口']"
焵,12,86.8,to temper steel,Both,"('火', '岡')","['火', '八', '山', '一', '冂']"
灶,7,86.3,"kitchen stove, cooking stove",Both,"('火', '土')","['土', '火']"
煣,13,86.9,to use a fire to bend wood,Both,"('火', '柔')","['火', '矛', '木']"
焿,12,86.8,name of a place in northeastern Taiwan; a kind of thick soup,Unknown,"('火', '庚')","['火', '聿', '八', '广']"
烝,10,86.6,"rise, steam; many, numerous",Both,"('丞', '灬')","['一', '火', '水', '乙']"
爛,21,86.17,"rotten, spoiled, decayed",Traditional,"('火', '闌')","['門', '火', '八', '丨', '木', '口']"
焼,12,86.8,burn; bake; heat; roast,Unknown,"('火', '尭')","['火', '十', '儿', '一', '艸']"
炼,9,86.5,"smelt, refine; distill, condense",Simplified,"('火', '𫠣')","['一', '火', '八', '乙']"
烏,10,86.6,"crow, rook, raven; black, dark",Traditional,"('烏', None)","['一', '丶', '火']"
燻,18,86.14,"smoke, fog, vapor; smoke, cure",Both,"('火', '熏')","['土', '火', '八', '丨', '十', '口']"
煮,12,86.8,cook,Both,"('者', '灬')","['日', '火', '老']"
熺,16,86.12,"dim light, glimmer; warm",Both,"('火', '喜')","['火', '八', '士', '一', '口']"
炜,8,86.4,brilliant red; glowing,Simplified,"('火', '韦')","['火', '韦']"
爥,25,86.21,"simmer, cook over slow fire",Traditional,"('火', '屬')","['火', '虫', '水', '尸', '勹', '网']"
爖,20,86.16,fire,Traditional,"('火', '龍')","['火', '龍']"
烟,10,86.6,"smoke, soot; opium; tobacco, cigarettes",Both,"('火', '因')","['火', '囗', '大']"
燬,17,86.13,"burn down; blaze, fire",Traditional,"('火', '毀')","['臼', '火', '殳', '工']"
熵,15,86.11,entropy,Both,"('火', '商')","['火', '八', '冂', '亠', '口']"
無,12,86.8,"negative, no, not; lack, have no",Traditional,"('無', None)",['火']
煦,13,86.9,"kind, gentle, gracious, genial",Both,"('昫', '灬')","['日', '火', '勹', '口']"
烓,10,86.6,stove,Both,"('火', '圭')","['土', '火']"
燹,18,86.14,fire; wild fires,Both,"('豕', '火')","['火', '豕']"
燒,16,86.12,burn; bake; heat; roast,Traditional,"('火', '堯')","['一', '火', '土', '儿']"
煺,13,86.9,to scald meat in order to remove hair or feathers,Unknown,"('火', '退')","['艮', '火', '辵']"
熟,15,86.11,well-cooked; ripe; familiar with,Both,"('孰', '灬')","['丿', '子', '丶', '火', '亠', '口']"
熸,16,86.12,put out,Both,"('火', '朁')","['日', '火', '无', '丿']"
爗,18,86.16,"bright, glorious, splendid; a flame",Traditional,"('火', '曅')","['火', '二', '丨', '日', '一', '艸']"
煕,14,86.9,"bright, splendid, glorious",Unknown,"('巸*', '灬')","['火', '丨', '厂', '匚', '己']"
爝,21,86.18,torch; to light,Both,"('火', '爵')","['火', '丶', '爪', '丨', '寸', '彐', '网', '乙']"
烂,9,86.5,"rotten, spoiled, decayed",Simplified,"('火', '兰')","['一', '火', '八', '二']"
煅,13,86.9,forge metal; perfect one's skill,Both,"('火', '段')","['火', '丨', '殳']"
燷,17,86.13,disappointed,Both,"('火', '禀')","['火', '亠', '囗', '示']"
熓,14,86.10,"to bank a fire; to smother, put out",Traditional,"('火', '烏')","['一', '火', '丶']"
熒,14,86.10,"shine, shimmer; shining, dazzling",Traditional,"('炏', '火')","['冖', '火']"
烕,10,86.6,to destroy; to exterminate to extinguish,Both,"('戌', '火')","['一', '火', '戈', '厂']"
炭,9,86.5,charcoal; coal; carbon,Both,"('山', '灰')","['丿', '火', '山', '一']"
烬,10,86.6,"cinders, ashes, embers; remnants",Both,"('火', '尽')","['火', '丶', '尸']"
焄,11,86.7,rising flames or fumes; aroma,Both,"('君', '灬')","['火', '丨', '彐', '口']"
煊,13,86.9,warm,Both,"('火', '宣')","['宀', '火', '日', '一']"
烽,11,86.7,signal fire; signal tower,Both,"('火', '夆')","['火', '二', '夂', '丨', '一']"
煴,13,86.9,"sultriness, stuffiness",Simplified,"('火', '昷')","['日', '火', '皿']"
焜,12,86.8,"fire, flames; bright, shining",Both,"('火', '昆')","['日', '火', '比']"
煇,13,86.9,"weld, solder",Traditional,"('火', '軍')","['冖', '火', '車']"
燥,17,86.13,"dry, parched, arid; quick-tempered",Both,"('火', '喿')","['火', '木', '口']"
灾,7,86.3,"calamity, disaster, catastrophe",Both,"('宀', '火')","['宀', '火']"
烨,10,86.6,"bright, glorious, splendid, flame",Simplified,"('火', '华')","['火', '匕', '十', '人']"
焙,12,86.8,dry over slow fire; bake; roast,Both,"('火', '咅')","['火', '立', '口']"
燮,17,86.13,"harmonize, blend; adjust",Both,"('火言火', '又')","['火', '又', '言']"
灵,7,86.3 58.4,"spirit, soul; spiritual world",Simplified,"('彐', '火')","['火', '彐']"
燎,16,86.12,"to burn, set afire; to illuminate; a signal lamp",Both,"('火', '尞')","['火', '八', '大', '小', '日']"
热,10,86.6,hot; heat; fever; restless; zeal,Both,"('执', '灬')","['丿', '丶', '火', '手']"
烺,11,86.7,(said of fire) bright,Both,"('火', '良')","['艮', '火', '丶']"
焦,12,86.8,"burned, scorched; anxious, vexed",Both,"('隹', '灬')","['火', '隹']"
燦,17,86.13,"vivid, illuminating; bright",Traditional,"('火', '粲')","['歹', '火', '又', '米']"
煆,13,86.9,"raging fire; to forge, work",Both,"('火', '叚')","['又', '火', '尸', '二']"
烖,10,86.6,"calamities from Heaven, as floods, famines, pestilence, etc.; misery",Both,"('𢦏', '火')","['土', '火', '戈']"
焯,12,86.8,boil vegetables for a very short time; scald,Both,"('火', '卓')","['日', '火', '卜', '十']"
熔,14,86.10,"melt, smelt, fuse; mold",Both,"('火', '容')","['宀', '火', '谷']"
燊,16,86.12,luxuriant,Both,"('焱', '木')","['火', '木']"
燵,16,86.13,a foot-warmer,Traditional,"('火', '達')","['土', '火', '羊', '辵']"
燴,17,86.13,"ragout, cook, braise",Traditional,"('火', '會')","['火', '人', '八', '丨', '日', '一', '口']"
焐,11,86.7,to warm something cold by touching it with something hot,Both,"('火', '吾')","['一', '火', '口', '力']"
熲,15,86.11,bright,Traditional,"('火', '頃')","['頁', '火', '匕']"
秌,9,115.4 86.5,"(same as 秋) autumn, fall; year",Both,"('火', '禾')","['禾', '火']"
炔,8,86.4,"an alkyne (e.g., acetylene)",Both,"('火', '夬')","['火', '丨', '人']"
照,13,86.9,"shine, illumine, reflect",Both,"('昭', '灬')","['日', '火', '刀', '口']"
燼,18,86.14,"cinders, ashes, embers; remnants",Traditional,"('火', '盡')","['火', '聿', '皿']"
炽,9,86.5,"burning-hot, intense; to burn, blaze; splendid, illustrious",Simplified,"('火', '只')","['火', '八', '口']"
畑,9,102.4 86.5,dry (as opposed to rice) field; used in Japanese names,Both,"('火', '田')","['火', '田']"
煞,13,86.9,"malignant deity; baleful, noxious; strike dead",Both,"('刍攵', '灬')","['火', '刀', '攴', '彐']"
煒,13,86.9,brilliant red; glowing,Traditional,"('火', '韋')","['火', '韋']"
烱,11,86.7,"bright, brilliant, clear; hot",Both,"('火', '冏')","['火', '口', '八', '冂']"
灼,7,86.3,burn; broil; cauterize; bright,Both,"('火', '勺')","['勹', '火', '丶']"
烫,10,86.6,"scald, heat; wash; iron clothes",Simplified,"('汤', '火')","['火', '水']"
勲,15,19.13 86.11,meritorious deed; merits; rank,Traditional,"('動', '灬')","['十', '里', '火', '力']"
烴,11,86.7,hydrocarbon,Traditional,"('火', '巠')","['一', '火', '川', '工']"
炕,8,86.4,the brick-bed in northern China,Both,"('火', '亢')","['火', '亠', '几']"
炰,9,86.5,"roast, broil; bake",Both,"('包', '灬')","['勹', '火', '己']"
燜,16,86.12,"simmer, cook over slow fire",Traditional,"('火', '悶')","['心', '火', '門']"
煉,13,86.9,"smelt, refine; distill, condense",Traditional,"('火', '東')","['火', '八', '丨', '木', '口']"
烤,10,86.6,"bake, roast, toast, cook",Both,"('火', '考')","['一', '火', '老']"
炘,8,86.4,"brilliant, shining, bright",Both,"('火', '斤')","['斤', '火']"
烜,10,86.6,light of the sun; to dry in the sun,Both,"('火', '亘')","['一', '火', '日']"
烉,10,86.6,"shining, brilliant, lustrous",Unknown,"('负*', '火')","['火', '刀', '八', '冂']"
爨,30,86.25,"oven, cooking stove; cook",Both,"('臼同', '𤍾')","['火', '大', '木', '冖', '冂', '臼', '一', '口']"
炙,8,86.4,"roast, broil; toast; cauterize",Both,"('月', '火')","['月', '火']"
炀,7,86.3,roast; scorch; melt; flame,Simplified,"('火', '𠃓')",['火']
焠,12,86.8,temper; burn,Unknown,"('火', '卒')","['火', '亠', '十', '人']"
熀,14,86.10,the blaze of fire; dazzling,Both,"('火', '晃')","['火', '小', '儿', '日', '一']"
爔,20,86.16,"sunlight, sunshine; early dawn",Unknown,"('火', '羲')","['火', '羊', '戈', '禾', '一']"
炖,8,86.4,heat with fire; stew,Simplified,"('火', '屯')","['屮', '火', '十', '乙']"
焘,11,86.7,"shine, illuminate; cover, envelope",Simplified,"('寿', '灬')","['火', '二', '丨', '寸', '一']"
煜,13,86.9,"bright, shining, brilliant",Both,"('火', '昱')","['日', '火', '立']"
炱,9,86.5,soot,Both,"('台', '火')","['厶', '火', '口']"
烁,9,86.5,"shine, glitter, sparkle",Simplified,"('火', '乐')","['火', '小']"
炊,8,86.4,cook; meal,Both,"('火', '欠')","['火', '欠']"
燖,16,86.12,reheat food,Traditional,"('火', '尋')","['火', '寸', '彐', '工', '口']"
煗,13,86.9,warm,Unknown,"('火', '耎')","['火', '而', '大']"
煸,13,86.9,to stir-fry before broiling or stewing,Both,"('火', '扁')","['火', '户', '艸', '冂']"
火,4,86.0,"fire, flame; burn; anger, rage",Both,"('火', None)",['火']
爇,18,86.15,burn,Traditional,"('艹', '熱')","['丿', '土', '丶', '八', '火', '艸']"
焞,12,86.8,dim,Both,"('火', '享')","['火', '亠', '口', '子']"
焔,11,86.8,"flame, blaze; glowing, blazing",Unknown,"('火', '2旧')","['勹', '火', '丨', '日']"
燚,16,86.12,used in people's names,Both,"('火', None)",['火']
熬,14,86.11,"cook down, to boil; endure",Both,"('敖', '灬')","['丿', '火', '土', '一', '攴']"
爟,21,86.18,fire,Both,"('火', '雚')","['火', '隹', '艸', '口']"
熱,15,86.11,hot; heat; fever; restless; zeal,Traditional,"('埶', '灬')","['丿', '土', '丶', '八', '火']"
灭,5,86.1,"extinguish; wipe out, exterminate",Simplified,"('一', '火')","['一', '火']"
煌,13,86.9,"bright, shining, luminous",Both,"('火', '皇')","['火', '玉', '白']"
燭,17,86.13,"candle, taper; to shine, illuminate",Traditional,"('火', '蜀')","['勹', '火', '网', '虫']"
炷,9,86.5,"candle wick, lamp wick; stick of incense",Both,"('火', '主')","['火', '丶', '玉']"
爚,21,86.17,bright; fiery,Both,"('火', '龠')","['火', '龠']"
炝,8,86.4,stir-fry or boil in water or oil then cook with a sauce,Simplified,"('火', '仓')","['火', '人', '乙']"
灯,6,86.2,"lantern, lamp",Both,"('火', '丁')","['一', '火', '亅']"
燾,18,86.14,"shine, illuminate; cover, envelope",Traditional,"('壽', '灬')","['火', '士', '乙', '寸', '工', '一', '口']"
煼,14,86.10,"to fry, sauté",Traditional,"('火', '芻')","['勹', '火', '艸']"
熳,15,86.11,confused,Both,"('火', '曼')","['日', '火', '网', '又']"
炳,9,86.5,"bright, luminous; glorious",Both,"('火', '丙')","['一', '火', '人', '冂']"
熏,14,86.10,"smoke, fog, vapor; smoke, cure",Both,"('', '灬')","['土', '火', '八', '丨', '十', '口']"
煬,13,86.9,roast; scorch; melt; flame,Traditional,"('火', '昜')","['日', '火', '勹', '一']"
烋,10,86.6,boast,Both,"('休', '灬')","['人', '火', '木']"
熨,15,86.11,"iron, press",Both,"('尉', '火')","['火', '尸', '寸', '示']"
營,16,86.13,"encampment, barracks; manage",Traditional,"('炏', '呂')","['冖', '火', '口']"
煳,13,86.9,"be burned, to char (in cooking)",Both,"('火', '胡')","['月', '火', '十', '口']"
炧,9,86.5,ashes,Unknown,"('火', '㐌')","['丿', '火', '丨', '一', '乙']"
煥,13,86.9,"shining, brilliant, lustrous",Traditional,"('火', '奐')","['火', '八', '刀', '大', '冂']"
焕,11,86.7,shining,Simplified,"('火', '奂')","['火', '刀', '大', '冂']"
熥,14,86.11,heat up by steaming,Both,"('火', '通')","['火', '用', '辵']"
灿,7,86.3,"vivid, illuminating; bright",Simplified,"('火', '山')","['火', '山']"
焮,12,86.8,"heat, radiate heat; broil; cauterize",Both,"('火', '欣')","['斤', '火', '欠']"
煍,13,86.9,to color by smoke,Both,"('火', '秋')","['禾', '火']"
煟,13,86.9,bright room,Both,"('火', '胃')","['月', '火', '田']"
烧,10,86.6,burn; bake; heat; roast,Simplified,"('火', '尧')","['一', '火', '儿']"
炻,9,86.5,a kind of china,Both,"('火', '石')","['火', '石']"
炁,8,86.4,"breath, air, steam, gas. weather. used in Taoist charms",Both,"('旡', '灬')","['火', '无']"
炅,8,86.4,brilliance,Both,"('日', '火')","['日', '火']"
焉,11,86.7,"thereupon, then; how? why? where?",Both,"('正', '𤆛')","['一', '火', '止']"
爊,19,86.15,"to stew, cook",Both,"('火', '麃')","['火', '鹿']"
燋,16,86.12,"scorch, burn, scald; torch",Both,"('火', '焦')","['火', '隹']"
燡,17,86.13,bright,Traditional,"('火', '睪')","['土', '火', '八', '干', '网']"
燀,16,86.12,to make a fire; blaze,Traditional,"('火', '單')","['二', '火', '丨', '十', '口', '冂']"
熉,14,86.10,yellow color,Traditional,"('火', '員')","['貝', '火', '口']"
煖,13,86.9,"warm, genial",Both,"('火', '爰')","['火', '又', '爪', '干', '亅']"
焚,12,86.8,burn,Both,"('木', '火')","['火', '木']"
燐,16,86.12,"phosphorus (element 15, P)",Both,"('火', '粦')","['火', '舛', '米']"
爓,20,86.16,"flame; brilliant, blazing",Traditional,"('火', '閻')","['臼', '火', '刀', '門']"
烷,11,86.7,alkane,Both,"('火', '完')","['宀', '火', '二', '儿']"
灴,7,86.3,"to bake, to roast; to dry at a fire",Both,"('火', '工')","['火', '工']"
焭,12,86.8,"orphan; alone, desolate",Unknown,"('炏', '几')","['冖', '火', '几']"
燕,16,86.12,"swallow (bird); comfort, enjoy",Both,"('廿北口', '灬')","['火', '匕', '廾', '口']"
然,12,86.8,"yes, certainly; pledge, promise",Both,"('肰', '灬')","['月', '火', '犬']"
爐,20,86.16,"fireplace, stove, oven, furnace",Traditional,"('火', '盧')","['虍', '火', '田', '皿']"
煠,13,86.9,to fry in fat or oil. to scald,Both,"('火', '枼')","['火', '木', '廾']"
燈,16,86.12,"lantern, lamp",Traditional,"('火', '登')","['火', '癶', '豆']"
熻,16,86.12,to heat; to roast; to burn,Both,"('火', '翕')","['火', '人', '羽', '一', '口']"
灰,6,86.2,"ashes; dust; lime, mortar",Both,"('厂', '火')","['丿', '火', '一']"
煙,13,86.9,"smoke, soot; opium; tobacco, cigarettes",Traditional,"('火', '垔')","['土', '火', '襾']"
熾,16,86.12,"burning-hot, intense; to burn, blaze; splendid, illustrious",Traditional,"('火', '戠')","['火', '戈', '音']"
燉,16,86.12,heat with fire; stew,Traditional,"('火', '敦')","['火', '子', '亠', '口', '攴']"
煑,12,86.9,cook,Both,"('者', '火')","['日', '火', '老']"
烩,10,86.6,"ragout, cook, braise",Both,"('火', '会')","['厶', '火', '人', '二']"
炫,9,86.5,"shine, glitter; show off, flaunt",Both,"('火', '玄')","['火', '玄']"
煽,14,86.10,"stir up, incite, agitate, provoke",Both,"('火', '扇')","['火', '户', '羽']"
燣,17,86.13,disappointed,Both,"('火', '稟')","['禾', '火', '亠', '囗']"
燺,18,86.14,the dry at the fire to roast,Both,"('火', '槀')","['火', '木', '高']"
熊,14,86.10,a bear; brilliant; bright; surname,Both,"('能', '灬')","['月', '厶', '火']"
煎,13,86.9,fry in fat or oil; boil in water,Both,"('前', '灬')","['火', '八', '刀', '月', '一']"
煨,13,86.9,"to stew, simmer",Both,"('火', '畏')","['一', '火', '田', '乙']"
煤,13,86.9,"coal, coke, charcoal, carbon",Both,"('火', '某')","['火', '甘', '木']"
熯,15,86.11,by fire,Both,"('火', '𦰩')","['二', '火', '人', '丨', '廾', '口']"
焌,11,86.7,to light,Both,"('火', '夋')","['火', '八', '厶', '夂']"
烀,9,86.5,simmer,Both,"('火', '乎')","['丿', '火', '八', '一']"
焻,12,86.8,breath,Both,"('火', '昌')","['日', '火']"
焰,12,86.8,"flame, blaze; glowing, blazing",Both,"('火', '臽')","['臼', '火', '刀']"
燙,16,86.12,"scald, heat; wash; iron clothes",Traditional,"('湯', '火')","['火', '水', '勹', '日', '一']"
燃,16,86.12,"burn; light fire, ignite",Both,"('火', '然')","['月', '火', '犬']"
炯,9,86.5,"bright, brilliant, clear; hot",Both,"('火', '冋')","['火', '口', '冂']"
焱,12,86.8,flames,Both,"('火', None)",['火']
煩,13,86.9,"bother, vex, trouble; troublesome",Traditional,"('火', '頁')","['頁', '火']"
炉,8,86.4,"fireplace, stove, oven, furnace",Both,"('火', '戸')","['火', '户']"
烊,10,86.6,to smelt; to melt,Both,"('火', '羊')","['羊', '火']"
点,9,86.5,"dot, speck, spot; point, degree",Both,"('占', '灬')","['火', '卜', '口']"
熄,14,86.10,"put out, extinguish, quash",Both,"('火', '息')","['心', '火', '自']"
燄,16,86.12,"flame; blazing, brilliant",Both,"('臽', '炎')","['臼', '火', '刀']"
熹,16,86.12,"dim light, glimmer; warm, bright",Both,"('喜', '灬')","['火', '八', '士', '一', '口']"
焊,11,86.7,"weld, solder",Both,"('火', '旱')","['日', '火', '干']"
熘,14,86.10,to steam,Both,"('火', '留')","['火', '田', '卩']"
煏,13,86.9,dry by fire; iron,Both,"('火', '畐')","['一', '火', '田', '口']"
烔,10,86.6,heat,Both,"('火', '同')","['一', '火', '口', '冂']"
炒,8,86.4,"fry, saute, roast, boil, cook",Both,"('火', '少')","['丿', '火', '小']"
為,9,86.5,"do, handle, govern, act; be",Traditional,"('為', None)","['丿', '丶', '火']"
煢,13,86.9,alone; no friends or relatives,Traditional,"('炏', '卂')","['冖', '十', '火', '乙']"
煻,14,86.10,to warm; to toast,Both,"('火', '唐')","['火', '聿', '广', '口']"
罴,14,122.9 86.10,"brown bear, Ursus arctos",Simplified,"('罢', '灬')","['土', '网', '火', '厶']"
烙,10,86.6,"brand, burn; branding iron",Both,"('火', '各')","['火', '口', '夂']"
煃,13,86.9,"remove, get rid of; scatter",Both,"('火', '奎')","['土', '火', '大']"
灸,7,86.3,cauterize with moxa; moxibustion,Both,"('久', '火')","['勹', '火']"
烯,11,86.7,alkene,Both,"('火', '希')","['丿', '火', '一', '巾']"
煚,12,86.9,fire,Both,"('昛', '火')","['日', '匚', '火']"
煝,13,86.9,twisted paper for lighting cigarettes,Both,"('火', '眉')","['火', '丨', '目']"
熖,14,86.10,"(same as 燄) flame; blazing, brilliant",Unknown,"('火', '舀')","['臼', '火', '爪']"
炤,9,86.5,"illumine, light up; reflect",Both,"('火', '召')","['火', '刀', '口']"
烃,9,86.5,hydrocarbon,Simplified,"('火', '𢀖')","['火', '工']"
燔,16,86.12,to roast; to burn,Both,"('火', '番')","['火', '田', '釆']"
煲,13,86.9,to heat; to boil a saucepan,Both,"('保', '火')","['火', '木', '人', '口']"
灺,7,86.3,candle-end,Both,"('火', '也')","['火', '丨', '乙']"
燿,18,86.14,"shine, dazzle; brilliant, radiant",Both,"('火', '翟')","['火', '羽', '隹']"
爍,19,86.15,"shine, glitter, sparkle",Traditional,"('火', '樂')","['幺', '火', '白', '木']"
燠,16,86.13,warm; warmth,Both,"('火', '奧')","['宀', '火', '大', '米']"
烘,10,86.6,"bake, roast; dry by fire",Both,"('火', '共')","['一', '火', '八', '艸']"
熗,14,86.10,stir-fry or boil in water or oil then cook with a sauce,Traditional,"('火', '倉')","['火', '丶', '人', '丨', '彐', '口']"
炸,9,86.5,to fry in oil; to scald; to explode,Both,"('火', '乍')","['丿', '火', '二', '丨', '一']"
熈,14,86.10,"bright, splendid, glorious",Both,"('', '灬')","['丿', '火', '己', '臣']"
烛,10,86.6,"candle, taper; shine, illuminate",Both,"('火', '虫')","['火', '虫']"
炎,8,86.4,"flame, blaze; hot",Both,"('火', None)",['火']
俑,9,9.7,wooden figure buried with dead,Both,"('亻', '甬')","['人', '用']"
債,13,9.11,"debt, loan, liabilities",Traditional,"('亻', '責')","['土', '貝', '人', '一']"
側,11,9.9,"side; incline, slant, lean",Traditional,"('亻', '則')","['貝', '刀', '人']"
儕,16,9.14,"a company, companion; together",Traditional,"('亻', '齊')","['人', '齊']"
侠,8,9.6,chivalrous person; knight-errant,Both,"('亻', '夹')","['人', '八', '二']"
俅,9,9.7,ornamental cap,Both,"('亻', '求')","['丿', '人', '丶', '水', '一']"
仰,6,9.4,"raise the head to look; look up to, rely on, admire",Both,"('亻', '卬')","['人', '卩']"
僅,13,9.11,"only, merely, solely, just",Traditional,"('亻', '堇')","['人', '丨', '廾', '玉', '口']"
傳,13,9.11,"summon; propagate, transmit",Traditional,"('亻', '專')","['人', '丨', '寸', '十', '日']"
佚,7,9.5,indulge in pleasures; flee,Both,"('亻', '失')","['人', '二']"
偷,11,9.9,"to steal, burglar, thief",Both,"('亻', '俞')","['一', '人', '刀', '月']"
儈,15,9.13,"go-between, broker, proxy",Traditional,"('亻', '會')","['人', '八', '丨', '日', '一', '口']"
倫,10,9.8,normal human relationships,Traditional,"('亻', '侖')","['一', '人', '艸', '冂']"
偊,11,9.9,to walk alone; self-reliant,Both,"('亻', '禹')","['人', '虫', '冂']"
伱,7,9.5,"thou, you",Both,"('亻', '尒')","['人', '小']"
倦,10,9.8,"be tired of, weary",Both,"('亻', '卷')","['二', '人', '八', '丨', '乙']"
佐,7,9.5,"assist, aid, second; subordinate",Both,"('亻', '左')","['丿', '人', '一', '工']"
伐,6,9.4,"cut down, subjugate, attack",Both,"('亻', '戈')","['人', '戈']"
偽,11,9.9,"false, counterfeit, bogus",Traditional,"('亻', '為')","['丿', '丶', '火', '人']"
佼,8,9.6,"beautiful, handsome, good-looking",Both,"('亻', '交')","['丿', '人', '亠', '八']"
傌,12,9.10,"to curse, to revile, to abuse; to scold",Traditional,"('亻', '馬')","['馬', '人']"
优,6,9.4,"superior, excellent; actor",Both,"('亻', '尤')","['人', '丶', '尢']"
促,9,9.7,"urge, press, hurry; close",Both,"('亻', '足')","['人', '足']"
侫,8,9.6,flattery; glib,Both,"('亻', '妄')","['女', '人', '丶', '匸']"
侭,8,9.6,"complete, utmost",Simplified,"('亻', '尽')","['人', '丶', '尸']"
伯,7,9.5,older brother; father's elder brother; senior male 'sire'; feudal rank 'count',Both,"('亻', '白')","['人', '白']"
偌,10,9.9,"thus, so, like, such",Both,"('亻', '若')","['丿', '人', '一', '艸', '口']"
僞,14,9.12,"false, counterfeit, bogus",Traditional,"('亻', '爲')","['丿', '火', '人', '爪']"
仅,4,9.2,"only, merely, solely, just",Both,"('亻', '又')","['人', '又']"
仸,6,9.4,"bent, distorted, crooked; feeble",Both,"('亻', '夭')","['人', '大']"
介,4,9.2,"forerunner, herald, harbinger; to lie between; sea shell; to wear armor",Both,"('人', '儿*')",['人']
倖,10,9.8,"lucky, fortunate; dote on, spoil",Both,"('亻', '幸')","['干', '土', '八', '人']"
僎,14,9.12,collect,Both,"('亻', '巽')","['一', '艸', '八', '人']"
依,8,9.6,"rely on, be set in; consent, obey a wish",Both,"('亻', '衣')","['人', '衣']"
伭,7,9.5,"dark, somber; deep, profound",Both,"('亻', '玄')","['玄', '人']"
倔,10,9.8,"stubborn, obstinate, intransigent; firm",Both,"('亻', '屈')","['人', '尸', '山']"
住,7,9.5,"reside, live at, dwell, lodge; stop",Both,"('亻', '主')","['人', '丶', '玉']"
俴,10,9.8,thin,Traditional,"('亻', '戔')","['人', '戈']"
傺,13,9.11,to hinder; to detain,Both,"('亻', '祭')","['月', '人', '示', '卩']"
伀,6,9.4,excited,Both,"('亻', '公')","['厶', '八', '人']"
儻,22,9.20,"if, supposing, in case",Traditional,"('亻', '黨')","['人', '黑', '冖', '小', '口']"
偰,11,9.9,"an ancestor of the Shāng emperors, said to be one of Shùn’s ministers",Both,"('亻', '契')","['二', '人', '刀', '丨', '大', '一']"
來,8,9.6,"come, coming; return, returning",Traditional,"('木', '从')","['人', '木']"
偝,11,9.9,not facing; desert,Both,"('亻', '背')","['月', '人', '匕']"
俄,9,9.7,"sudden(ly), soon; Russian",Both,"('亻', '我')","['人', '戈', '手']"
侚,8,9.6,fast,Both,"('亻', '旬')","['勹', '人', '日']"
侢,8,9.6,load,Unknown,"('亻', '再')","['土', '一', '人', '冂']"
俊,9,9.7,"talented, capable; handsome",Simplified,"('亻', '夋')","['厶', '八', '人', '夂']"
傯,13,9.11,urgent,Traditional,"('亻', '悤')","['心', '人', '丶', '夂', '囗']"
俓,9,9.7,straight; pass,Traditional,"('亻', '巠')","['一', '川', '人', '工']"
僊,14,9.11,"Taoist super-being, transcendent, immortal",Both,"('亻', '䙴')","['人', '大', '己', '襾']"
侷,9,9.7,"narrow, cramped, confined",Traditional,"('亻', '局')","['人', '尸', '口']"
佀,7,9.5,resemble,Unknown,"('亻', '㠯')","['人', '己']"
佰,8,9.6,hundred,Both,"('亻', '百')","['一', '白', '人']"
僮,14,9.12,"page, boy servant",Both,"('亻', '童')","['人', '里', '立']"
仟,5,9.3,one thousand; leader of one thousand men,Both,"('亻', '千')","['十', '人']"
儤,17,9.15,on duty,Both,"('亻', '暴')","['人', '八', '水', '日', '一', '艸']"
倮,10,9.8,"bare, naked, uncovered",Both,"('亻', '果')","['人', '田', '木']"
伊,6,9.4,"third person pronoun; he, she, this, that",Both,"('亻', '尹')","['人', '丨', '彐']"
仳,6,9.4,"separate, part company",Both,"('亻', '比')","['比', '人']"
企,6,9.4,plan a project; stand on tiptoe,Both,"('人', '止')","['人', '止']"
偯,11,9.9,sob,Both,"('亻', '哀')","['人', '衣', '口']"
佧,7,9.5,old name for the Wǎ (佤) ethnic group of Yúnnán and Myanmar,Both,"('亻', '卡')","['一', '卜', '人']"
伤,6,9.4,"wound, injury; fall ill from",Both,"('𠆧', '力')","['一', '丿', '人', '力']"
伮,7,9.5,to make a great effort,Unknown,"('亻', '奴')","['女', '人', '又']"
供,8,9.6,"supply, provide for; offer in worship",Both,"('亻', '共')","['一', '艸', '八', '人']"
偖,10,9.9,"rip up, tear down; raise; haul",Both,"('亻', '者')","['日', '人', '老']"
今,4,9.2,"now, today, modern era",Both,"('亼', '㇇')","['人', '丶']"
倾,10,9.8,"upset, pour out, overflow",Simplified,"('亻', '顷')","['人', '匕', '页']"
俟,9,9.7,"wait for, wait until, as soon as",Both,"('亻', '矣')","['厶', '人', '矢']"
偐,11,9.9,"false, counterfeit, spurious",Both,"('亻', '彦')","['彡', '立', '厂', '人']"
仡,5,9.3,strong; valiant,Both,"('亻', '乞')","['一', '丿', '人', '乙']"
侘,8,9.6,"disappointed, forlorn",Both,"('亻', '宅')","['宀', '一', '人', '乙']"
偁,11,9.9,state,Both,"('亻', '爯')","['土', '人', '冂', '爪']"
傴,13,9.11,humpback; stoop,Traditional,"('亻', '區')","['匚', '人', '口']"
侗,8,9.6,"big; ignorant; rude, rustic",Both,"('亻', '同')","['一', '口', '人', '冂']"
佌,8,9.5,small,Both,"('亻', '此')","['止', '匕', '人']"
你,7,9.5,"you, second person pronoun",Both,"('亻', '尔')","['人', '刀', '小']"
佇,7,9.5,wait; look towards; turn one's back on,Traditional,"('亻', '宁')","['宀', '一', '人', '亅']"
侉,8,9.6,to speak with an accent; big and clumsy,Both,"('亻', '夸')","['二', '大', '人']"
倩,10,9.8,"beautiful, lovely; son-in-law",Both,"('亻', '靑')","['人', '青']"
佥,7,9.5,"all, together, unanimous",Simplified,"('亼', '小一')","['一', '人', '小']"
倆,10,9.8,"clever, skilled; two, pair",Traditional,"('亻', '兩')","['一', '入', '人', '巾']"
倢,10,9.8,"beautiful, handsome; woman",Both,"('亻', '疌')","['十', '聿', '人', '止']"
俺,10,9.8,"personal pronoun, I",Both,"('亻', '奄')","['人', '丨', '大', '日', '乙']"
優,17,9.15,"superior, excellent; actor",Traditional,"('亻', '憂')","['心', '丿', '人', '夂', '冖', '月', '一']"
俵,10,9.8,"divide, distribute",Both,"('亻', '表')","['土', '人', '一']"
伻,7,9.5,"messenger, emissary; send emissary",Both,"('亻', '平')","['干', '八', '人']"
傩,12,9.10,rich,Simplified,"('亻', '难')","['人', '隹', '又']"
佛,7,9.5,Buddha; of Buddhism; merciful person; Buddhist image; the dead (Japanese),Simplified,"('亻', '弗')","['人', '弓']"
俦,9,9.7,"companion, mate, colleague",Both,"('亻', '寿')","['二', '人', '丨', '寸', '一']"
偬,11,9.9,urgent,Both,"('亻', '怱')","['勹', '人', '丶', '心']"
儀,15,9.13,"ceremony, rites gifts; admire",Traditional,"('亻', '義')","['羊', '人', '戈', '手']"
仵,6,9.4,similar,Both,"('亻', '午')","['干', '人']"
伈,6,9.4,"nervous, fearful",Both,"('亻', '心')","['心', '人']"
以,4,9.3,"by means of; thereby, therefore; consider as; in order to",Both,"('厶', '人')","['人', '丶', '乙']"
俏,9,9.7,"like, similar; resemble; pretty",Both,"('亻', '肖')","['月', '人', '小']"
僩,14,9.12,courageous; martial; dignified,Traditional,"('亻', '閒')","['月', '人', '門']"
佞,7,9.5,flattery; glib,Both,"('仁', '女')","['女', '二', '人']"
倽,10,9.8,what; which; who; why,Both,"('亻', '舍')","['干', '人', '口']"
伉,6,9.4,"compare, match; pair; spouse",Both,"('亻', '亢')","['人', '亠', '几']"
傣,12,9.10,the Dai minority living in South China,Both,"('亻', '泰')","['人', '二', '八', '水', '丨', '一']"
佭,8,9.6,unsubmissive; obstreperous,Both,"('亻', '夅')","['十', '丨', '人', '夂']"
侣,8,9.6,companion; associate with,Simplified,"('亻', '吕')","['人', '口']"
停,11,9.9,"stop, suspend, delay; suitable",Both,"('亻', '亭')","['人', '冖', '亠', '口', '一', '亅']"
個,10,9.8,"numerary adjunct, piece; single",Traditional,"('亻', '固')","['囗', '十', '口', '人']"
侊,8,9.6,big,Both,"('亻', '光')","['一', '人', '小', '儿']"
偾,11,9.9,"ruin, cause fail; overthrown",Simplified,"('亻', '贲')","['十', '艸', '贝', '人']"
仚,5,9.3,to fly,Both,"('人', '山')","['人', '山']"
债,10,9.8,"debt, loan, liabilities",Simplified,"('亻', '责')","['土', '人', '贝', '一']"
侄,8,9.6,nephew,Unknown,"('亻', '至')","['人', '至']"
倍,10,9.8,"times, fold, multiple times",Both,"('亻', '咅')","['人', '立', '口']"
傏,12,9.10,"to ward off; to parry; to keep out, as wind, rain, or cold",Both,"('亻', '唐')","['广', '聿', '人', '口']"
侇,8,9.6,"a class, a category a corpse",Both,"('亻', '夷')","['人', '大', '弓']"
儘,16,9.14,utmost,Traditional,"('亻', '盡')","['人', '聿', '皿', '火']"
伏,6,9.4,"crouch, crawl, lie hidden, conceal",Both,"('亻', '犬')","['人', '犬']"
儇,15,9.13,"clever, nimble",Both,"('亻', '睘')","['一', '网', '人', '口']"
信,9,9.7,"trust, believe; letter",Both,"('亻', '言')","['人', '言']"
僇,13,9.11,humiliate; treat with contempt,Both,"('亻', '翏')","['人', '羽', '彡']"
侬,8,9.6,I; you; family name,Simplified,"('亻', '农')","['人', '巾']"
伫,6,9.4,look towards; turn one's back on,Simplified,"('亻', '㝉')","['宀', '一', '人']"
僿,15,9.13,"small, minute; lacking sincerity",Both,"('亻', '塞')","['二', '土', '人', '八', '宀', '一']"
做,11,9.9,"work, make; act",Both,"('亻', '故')","['十', '攴', '人', '口']"
伙,6,9.4,"companion, colleague; utensils",Both,"('亻', '火')","['火', '人']"
佔,7,9.5,"occupy by force, usurp; possess",Both,"('亻', '占')","['人', '卜', '口']"
仫,5,9.3,tribe,Both,"('亻', '么')","['丿', '厶', '人']"
侪,8,9.6,"a company, companion; together",Simplified,"('亻', '齐')","['人', '齐']"
儼,21,9.20,"grave, respectful, majestic",Traditional,"('亻', '嚴')","['人', '厂', '耳', '攴', '口']"
仭,5,9.3,ancient unit of measure (8 feet); 'fathom',Unknown,"('亻', '刄')","['人', '刀']"
俸,10,9.8,"wages, salary, official emolument",Both,"('亻', '奉')","['人', '二', '八', '丨', '一']"
伾,7,9.5,mighty,Both,"('亻', '丕')","['丿', '一', '卜', '人']"
伛,6,9.4,humpback; stoop,Simplified,"('亻', '区')","['丿', '匚', '人']"
僽,15,9.13,"haggard; sallow, pallid",Both,"('亻', '愁')","['禾', '火', '心', '人']"
使,8,9.6,"cause, send on a mission, order; envoy, messenger, ambassador",Both,"('亻', '吏')","['丿', '人', '丨', '十', '口']"
億,15,9.13,hundred million; many,Traditional,"('亻', '意')","['心', '人', '音']"
从,4,9.2,"from, by, since, whence, through",Both,"('人', None)",['人']
偉,11,9.9,"great, robust; extraordinary",Traditional,"('亻', '韋')","['人', '韋']"
備,12,9.10,"prepare, ready, perfect",Traditional,"('亻', '萹?')","['丿', '人', '用', '一', '艸']"
倈,10,9.8,to induce to come; to encourage,Traditional,"('亻', '來')","['人', '木']"
但,7,9.5,"only; but, however, yet, still",Both,"('亻', '旦')","['日', '一', '人']"
佶,8,9.6,"strong, robust; exact, correct",Both,"('亻', '吉')","['人', '口', '士']"
仲,6,9.4,"middle brother; go between, mediator; surname",Both,"('亻', '中')","['人', '丨', '口']"
儺,21,9.19,rich,Traditional,"('亻', '難')","['二', '人', '隹', '丨', '廾', '口']"
价,6,9.4,"price, value",Both,"('亻', '介')",['人']
儉,15,9.13,"temperate, frugal, economical",Traditional,"('亻', '僉')","['一', '人']"
儔,16,9.14,"companion, mate, colleague",Traditional,"('亻', '壽')","['人', '士', '乙', '寸', '工', '一', '口']"
俗,9,9.7,"social customs; vulgar, unrefined",Both,"('亻', '谷')","['人', '谷']"
傷,13,9.11,"wound, injury; fall ill from",Traditional,"('亻', '𥏫*')","['丿', '人', '日', '勹', '一']"
儩,17,9.15,complete,Traditional,"('亻', '賜')","['日', '貝', '勹', '人']"
僄,13,9.11,light; airy,Both,"('亻', '票')","['人', '示', '襾']"
俣,9,9.7,big,Simplified,"('亻', '吴')","['一', '大', '人', '口']"
仂,4,9.2,surplus or excess; remainder,Both,"('亻', '力')","['人', '力']"
偺,11,9.9,"(same as 咱) we, us",Both,"('亻', '昝')","['日', '人', '卜', '夂']"
伎,6,9.4,"talent, skill, ability",Both,"('亻', '支')","['人', '支']"
伃,6,9.4,handsome,Both,"('亻', '予')","['人', '亅', '乙']"
佃,7,9.5,tenant farmer; be a tenant farmer,Both,"('亻', '田')","['人', '田']"
傖,12,9.10,"vulgar person, country man",Traditional,"('亻', '倉')","['人', '丶', '丨', '彐', '口']"
倌,10,9.8,"assistant in wine shop, groom",Both,"('亻', '官')","['宀', '人', '己']"
侧,8,9.6,"side; incline, slant, lean",Simplified,"('亻', '则')","['人', '刀', '贝']"
俠,9,9.7,chivalrous person; knight-errant,Traditional,"('亻', '夾')","['人', '大']"
僈,13,9.11,"negligent, remiss",Both,"('亻', '曼')","['日', '人', '网', '又']"
倚,10,9.8,"rely on, depend on; lean heavily",Both,"('亻', '奇')","['人', '亅', '大', '一', '口']"
偃,11,9.9,"cease, lay off, lay down",Both,"('亻', '匽')","['日', '匚', '人', '女']"
侑,8,9.6,"help, assist, repay kindness",Both,"('亻', '有')","['月', '人', '一', '丿']"
僕,14,9.12,"slave, servant, I",Traditional,"('亻', '菐')","['羊', '一', '八', '人']"
位,7,9.5,"throne; position, post; rank, status; seat",Both,"('亻', '立')","['人', '立']"
仍,4,9.2,"yet, still, as ever; again; keep -ing, continuing",Both,"('亻', '乃')","['丿', '人']"
仨,5,9.3,(coll.) three (cannot be followed by a measure word),Both,"('亻', '三')","['一', '人', '二']"
偏,11,9.9,inclined one side; slanting,Both,"('亻', '扁')","['人', '户', '艸', '冂']"
俩,9,9.7,"two, pair",Simplified,"('亻', '两')","['一', '人', '冂']"
伝,6,9.4,"summon; propagate, transmit",Both,"('亻', '云')","['二', '厶', '人']"
什,4,9.2,"file of ten soldiers; mixed, miscellaneous",Both,"('亻', '十')","['十', '人']"
僡,14,9.12,"favor, benefit, confer kindness",Unknown,"('亻', '惠')","['心', '人', '丨', '十', '日']"
伹,7,9.5,"dull, slow, unskillful",Both,"('亻', '且')","['月', '一', '人']"
仐,4,9.2,"(non-standard Japanese variant of 傘) umbrella, parasol, parachute",Unknown,"('人', '十')","['人', '十']"
僖,14,9.12,"joy, gladness, delight; surname",Both,"('亻', '喜')","['人', '八', '士', '一', '口']"
仁,4,9.2,"humaneness, benevolence, kindness",Both,"('亻', '二')","['二', '人']"
代,5,9.3,"replace, replacement (of person or generation); era, generation",Both,"('亻', '弋')","['人', '弋']"
倏,10,9.8,"hastily, suddenly, abruptly",Both,"('攸', '犬')","['人', '丨', '攴', '犬']"
儁,14,9.13,"outstanding, fine; superior; talented, capable; handsome",Traditional,"('亻', '雋')","['人', '隹', '丨']"
侯,9,9.7,"marquis, lord; target in archery",Both,"('亻', '2矢')","['人', '矢']"
僭,14,9.12,"assume, usurp",Both,"('亻', '朁')","['日', '人', '无', '丿']"
仔,5,9.3,"small thing, child; young animal",Both,"('亻', '子')","['子', '人']"
佟,7,9.5,a name,Both,"('亻', '冬')","['人', '丶', '夂']"
傮,13,9.11,"finish, to go around",Unknown,"('亻', '曹')","['二', '凵', '人', '日', '艸']"
儒,16,9.14,Confucian scholar,Both,"('亻', '需')","['而', '人', '雨']"
余,7,9.5,"I, my, me; surname; surplus",Both,"('亼', '朩')","['干', '人', '小']"
伧,6,9.4,"vulgar person, country man",Simplified,"('亻', '仓')","['人', '乙']"
俯,10,9.8,"bow down, face down, look down",Both,"('亻', '府')","['广', '寸', '人']"
佹,8,9.6,depend upon; support; go against; (variant deceive),Both,"('亻', '危')","['人', '刀', '厂', '乙']"
仿,6,9.4,"imitate, copy; as if",Both,"('亻', '方')","['人', '方']"
令,5,9.3,"command, order; 'commandant', magistrate; allow, cause",Both,"('亼', '龴')","['人', '丶']"
侎,8,9.6,"to soothe, to pacify; to settle, to establish",Both,"('亻', '米')","['人', '米']"
俱,10,9.8,"all, together; accompany",Both,"('亻', '具')","['一', '目', '八', '人']"
倨,10,9.8,"arrogant, haughty, rude",Both,"('亻', '居')","['十', '尸', '人', '口']"
伸,7,9.5,"extend, stretch out, open up; trust",Both,"('亻', '申')","['日', '人', '丨']"
伥,6,9.4,ghost of one devoured by tiger,Simplified,"('亻', '长')","['人', '长']"
傁,11,9.10,old man,Both,"('亻', '叟')","['臼', '人', '丨', '又']"
伺,7,9.5,"serve, wait upon, attend; examine",Both,"('亻', '司')","['一', '人', '口']"
儷,21,9.19,"spouse, couple, pair",Traditional,"('亻', '麗')","['一', '鹿', '人']"
伽,7,9.5,"transcription of Sanskrit 'gha' in Buddhist texts ('samgha', etc.); nursing; attending; entertainer (Japanese); temple; in Chinese this character is not used alone",Both,"('亻', '加')","['人', '口', '力']"
儌,15,9.13,"lucky, fortunate",Both,"('亻', '敫')","['人', '攴', '白', '方']"
值,10,9.8,price,Both,"('亻', '直')","['一', '十', '目', '人']"
佷,8,9.6,to act contrary to,Both,"('亻', '艮')","['艮', '人']"
偨,12,9.9,uneven,Both,"('亻', '柴')","['止', '匕', '木', '人']"
俜,9,9.7,to trust to; send a message,Both,"('亻', '甹')","['二', '人', '凵', '丨', '一']"
储,12,9.10,"save money, store, reserve; heir",Simplified,"('亻', '诸')","['日', '人', '讠', '老']"
僻,15,9.13,"out-of-the-way, remote; unorthodox",Both,"('亻', '辟')","['人', '尸', '辛', '口']"
俳,10,9.8,actor; vaudeville show; insincere,Both,"('亻', '非')","['人', '非']"
僤,14,9.12,sincere,Traditional,"('亻', '單')","['二', '人', '丨', '十', '口', '冂']"
偫,11,9.9,wait for; lay in,Both,"('亻', '待')","['土', '彳', '寸', '人']"
僜,14,9.12,Dèng ethnic group of Tibet,Both,"('亻', '登')","['人', '癶', '豆']"
偓,11,9.9,to fuss,Both,"('亻', '屋')","['人', '尸', '至']"
件,6,9.4,numerary adjunct for article; matter,Both,"('亻', '牛')","['牛', '人']"
僶,15,9.13,forcefully,Traditional,"('亻', '黽')","['人', '黽']"
仗,5,9.3,"rely upon; protector; fight; war, weaponry",Both,"('亻', '丈')","['丿', '十', '人']"
僚,14,9.12,"companion, colleague; officials; bureaucracy; a pretty face",Both,"('亻', '尞')","['人', '八', '大', '小', '日']"
仆,4,9.2,"fall forward; lie prostrate, prone; servant",Both,"('亻', '卜')","['人', '卜']"
俤,9,9.7,"(same as 面影 in Japanese), visage, face; trace, shadow; memory",Both,"('亻', '弟')","['人', '丨', '弓', '八']"
偑,11,9.9,"(simplified form of 偑) name of a place, last name",Traditional,"('亻', '風')","['人', '風']"
償,17,9.15,"repay, recompense; restitution",Traditional,"('亻', '賞')","['人', '冖', '貝', '小', '口']"
佪,8,9.6,hesitate,Both,"('亻', '回')","['人', '囗']"
俥,9,9.7,"rickshaw, cart, vehicle; name of piece in Chinese chess",Traditional,"('亻', '車')","['車', '人']"
伡,6,9.4,"rickshaw, cart, vehicle; name of piece in Chinese chess",Simplified,"('亻', '车')","['人', '车']"
偟,11,9.9,agitated; alarmed,Both,"('亻', '皇')","['人', '玉', '白']"
倳,10,9.8,"to stick in, to stab; to erect",Both,"('亻', '事')","['人', '丨', '十', '口', '聿', '亅']"
傻,13,9.11,"foolish, silly, stupid; an imbecile",Both,"('亻', '&lt;夓')","['人', '丶', '丿', '八', '夂', '囗']"
僧,14,9.12,"Buddhist priest, monk; san of Sanskrit sangha",Both,"('亻', '曽')","['人', '八', '丨', '日', '口']"
儍,15,9.13,"foolish, silly, an imbecile",Both,"('亻', '凵?八夊')","['凵', '人', '丿', '八', '夂', '冫']"
僱,14,9.12,"employ, hire",Both,"('亻', '雇')","['人', '户', '隹']"
候,10,9.8,wait; expect; visit; greet,Both,"('亻', '侯')","['人', '丨', '矢']"
伜,6,9.4,"deputy, vice-",Unknown,"('亻', '卆')","['丿', '十', '人']"
佗,7,9.5,"other, he; surname; a load",Both,"('亻', '它')","['宀', '人', '匕']"
保,9,9.7,"protect, safeguard, defend, care",Both,"('亻', '呆')","['人', '木', '口']"
倝,10,9.8,sunrise; dawn,Both,"('𠦝', '人')","['日', '十', '人']"
倞,10,9.8,far,Both,"('亻', '京')","['小', '亠', '人', '口']"
侐,8,9.6,quiet,Both,"('亻', '血')","['人', '血']"
侩,8,9.6,"go-between, broker, proxy",Both,"('亻', '会')","['人', '厶', '二']"
伲,7,9.5,we (Shanghai dialect),Both,"('亻', '尼')","['人', '尸', '匕']"
份,6,9.4,"portion, part; duty",Both,"('亻', '分')","['人', '刀']"
傼,13,9.11,surname,Both,"('亻', '𦰩')","['二', '人', '丨', '廾', '口']"
傽,13,9.11,terror-stricken,Both,"('亻', '章')","['日', '十', '立', '人']"
僨,14,9.12,"ruin, cause fail; overthrown",Traditional,"('亻', '賁')","['十', '艸', '人', '貝']"
倣,10,9.8,imitate,Both,"('亻', '放')","['女', '人', '方']"
佝,7,9.5,rickets,Both,"('亻', '句')","['勹', '人', '口']"
何,7,9.5,"what, why, where, which, how",Both,"('亻', '可')","['一', '口', '人', '亅']"
僝,14,9.12,to revile; to abuse,Both,"('亻', '孱')","['人', '尸', '子']"
俶,10,9.8,"start, begin; beginning; arrange",Both,"('亻', '叔')","['人', '又', '卜', '小', '一']"
俐,9,9.7,"smooth; active; clever, sharp",Both,"('亻', '利')","['禾', '人', '刀']"
儶,20,9.18,"valiant, brave; eminent",Both,"('亻', '巂')","['人', '八', '隹', '口', '山', '冂']"
倒,10,9.8,fall over; lie down; take turns,Both,"('亻', '到')","['人', '刀', '至']"
傘,12,9.10,"umbrella, parasol, parachute",Traditional,"('人', '仌十仌')","['人', '十']"
俁,9,9.7,big,Traditional,"('亻', '吳')","['人', '大', '口']"
傒,12,9.10,personal name; servant,Both,"('亻', '奚')","['幺', '人', '大', '爪']"
伣,6,9.4,like,Simplified,"('亻', '见')","['人', '见']"
倴,10,9.8,a place in Héběi,Both,"('亻', '奔')","['十', '艸', '大', '人']"
倥,10,9.8,"boorish, ignorant; urgent, pressing",Both,"('亻', '空')","['人', '穴', '工']"
假,11,9.9,"falsehood, deception; vacation",Both,"('亻', '叚')","['又', '二', '尸', '人']"
仏,4,9.2,Buddha,Unknown,"('亻', '厶')","['厶', '人']"
佴,8,9.6,"a second, an assistant",Both,"('亻', '耳')","['人', '耳']"
偭,11,9.9,transgress,Both,"('亻', '面')","['人', '面']"
倜,10,9.8,raise high; unrestrained,Both,"('亻', '周')","['人', '田', '口']"
偒,11,9.9,"pond, pool; wash away, cleanse",Both,"('亻', '昜')","['日', '一', '勹', '人']"
修,9,9.8,study; repair; cultivate,Simplified,"('攸', '彡')","['彡', '丨', '人', '攴']"
俨,9,9.7,"grave, respectful, majestic",Simplified,"('亻', '严')","['一', '八', '厂', '人']"
僾,15,9.13,like,Traditional,"('亻', '愛')","['心', '人', '夂', '爪', '冖']"
僣,14,9.12,"assume, usurp",Both,"('亻', '替')","['日', '人', '二']"
侵,9,9.7,"invade, encroach upon, raid",Both,"('亻', '𠬶')","['冖', '人', '又', '彐']"
仓,4,9.2,granary; berth; sea,Simplified,"('人', '㔾')","['人', '乙']"
俚,9,9.7,"rustic, vulgar, unpolished; mean",Both,"('亻', '里')","['人', '里']"
伢,6,9.4,child,Both,"('亻', '牙')","['人', '牙']"
僛,14,9.12,tipsy reel,Both,"('亻', '欺')","['人', '八', '一', '甘', '欠']"
佽,8,9.6,aid; help,Both,"('亻', '次')","['人', '欠', '冫']"
僦,14,9.12,to heir; to rent,Both,"('亻', '就')","['人', '丶', '亠', '小', '尢', '口']"
儊,15,9.13,rough and rugged,Both,"('亻', '楚')","['人', '疋', '木']"
亿,3,9.1,hundred million; many,Simplified,"('亻', '乙')","['人', '乙']"
偶,11,9.9,"accidentally, coincidently; an idol",Both,"('亻', '禺')","['二', '禸', '人', '丨', '冂']"
僉,13,9.11,"all, together, unanimous",Traditional,"('亼', '兄兄')","['一', '人']"
仉,4,9.2,surname of the mother of Mencius,Both,"('亻', '几')","['人', '几']"
儂,15,9.13,I; you; family name,Traditional,"('亻', '農')","['二', '凵', '辰', '人']"
仙,5,9.3,"Taoist super-being, transcendent, immortal",Both,"('亻', '山')","['人', '山']"
偈,11,9.9,brave; martial; hasty; scudding,Both,"('亻', '曷')","['勹', '人', '曰']"
仃,4,9.2,"lonely, solitary",Both,"('亻', '丁')","['一', '人', '亅']"
儲,17,9.16,"to save money, store, reserve; an heir",Traditional,"('亻', '諸')","['日', '人', '老', '言']"
佯,8,9.6,"pretend, feign; false, deceitful",Both,"('亻', '羊')","['羊', '人']"
亾,3,9.1,"death, destroyed; lose, perish",Both,"('𠃊', '人')",['人']
儸,21,9.19,"bandit, daredevil",Traditional,"('亻', '羅')","['人', '隹', '网', '糸']"
侀,8,9.6,form,Both,"('亻', '刑')","['一', '刀', '廾', '人']"
僬,14,9.12,clever; alert in mind pigmies,Both,"('亻', '焦')","['人', '隹', '火']"
倸,10,9.8,"notice, pay attention to",Unknown,"('亻', '采')","['人', '木', '爪']"
佺,8,9.6,fairy,Both,"('亻', '全')","['人', '玉']"
估,7,9.5,"merchant; estimate, guess, presume",Both,"('亻', '古')","['十', '人', '口']"
仪,5,9.3,"ceremony, rites gifts; admire",Both,"('亻', '义')","['丿', '人', '丶']"
像,13,9.12,"a picture, image, figure; to resemble",Both,"('亻', '象')","['人', '刀', '丨', '勹', '口']"
侅,8,9.6,to give; prepared for included in; embraced in,Both,"('亻', '亥')","['人', '亠', '丨']"
任,6,9.4,"trust to, rely on, appoint; to bear, duty, office; allow",Both,"('亻', '壬')","['人', '士']"
傍,12,9.10,"by side of, beside, near, close",Both,"('亻', '旁')","['人', '八', '冖', '亠', '方']"
仑,4,9.2,"logical reasons, logical order",Simplified,"('人', '匕')","['人', '匕']"
们,5,9.3,adjunct pronoun indicate plural,Simplified,"('亻', '门')","['门', '人']"
們,10,9.8,adjunct pronoun indicate plural,Traditional,"('亻', '門')","['人', '門']"
仮,6,9.4,"falsehood, deception; vacation",Both,"('亻', '反')","['人', '又', '⺁']"
僵,15,9.13,"stiff and motionless, stock still",Simplified,"('亻', '畺')","['一', '田', '人', '二']"
倘,10,9.8,"if, supposing, in event of",Both,"('亻', '尚')","['小', '人', '口', '冂']"
偄,11,9.9,weak,Both,"('亻', '耎')","['而', '大', '人']"
例,8,9.6,"precedent, example; regulation",Both,"('亻', '列')","['人', '刀', '歹']"
儗,16,9.14,"compare with, draw analogy with",Traditional,"('亻', '疑')","['人', '疋', '匕', '矢']"
仄,4,9.2,"slanting, oblique; oblique tones",Both,"('厂', '人')","['人', '厂']"
低,7,9.5,"low; to lower, hang, bend, bow",Both,"('亻', '氐')","['人', '丶', '氏']"
众,6,9.4,"multitude, crowd; masses, public",Both,"('人', None)",['人']
僑,14,9.12,"sojourn, lodge",Traditional,"('亻', '喬')","['冂', '人', '大', '口']"
伦,6,9.4,normal human relationships,Simplified,"('亻', '仑')","['人', '匕']"
伍,6,9.4,"five, company of five; troops",Both,"('亻', '五')","['一', '人', '力']"
倬,10,9.8,"noticeable, large; clear, distinct",Both,"('亻', '卓')","['日', '十', '卜', '人']"
伷,7,9.5,descendent,Both,"('亻', '由')","['二', '丨', '人', '凵']"
儆,14,9.13,warn; warning,Both,"('亻', '敬')","['人', '口', '勹', '艸', '攴']"
俘,9,9.7,prisoner of war; take as prisoner,Both,"('亻', '孚')","['子', '人', '爪']"
併,8,9.6,"combine, annex",Traditional,"('亻', '并')","['一', '八', '廾', '人']"
侦,8,9.6,"spy, reconnoiter; detective",Simplified,"('亻', '贞')","['人', '贝', '卜']"
侶,9,9.7,companion; associate with,Traditional,"('亻', '呂')","['丿', '人', '口']"
価,8,9.6,"price, value",Unknown,"('亻', '覀')","['人', '襾']"
傈,12,9.10,tribe,Both,"('亻', '栗')","['人', '木', '襾']"
俭,9,9.7,"temperate, frugal, economical",Simplified,"('亻', '佥')","['一', '人', '小']"
偿,11,9.9,"repay, recompense; restitution",Simplified,"('亻', '尝')","['二', '人', '厶', '冖', '小']"
侔,8,9.6,equal,Both,"('亻', '牟')","['牛', '厶', '人']"
儎,15,9.13,"carry, contain, load",Both,"('亻', '載')","['車', '土', '戈', '人']"
儹,21,9.19,"to accumulate, to hoard, to store up",Traditional,"('亻', '贊')","['貝', '人', '牛', '儿']"
侴,9,9.7,surname,Both,"('亼', '丑刂')","['一', '人', '刀', '二']"
侁,8,9.6,crowd,Both,"('亻', '先')","['牛', '人', '儿']"
偸,11,9.9,to steal,Both,"('亻', '兪')","['一', '人', '川', '月']"
伶,7,9.5,"lonely, solitary; actor",Both,"('亻', '令')","['人', '丶']"
儋,15,9.13,a small jar; to bear a burden; a load of two,Both,"('亻', '詹')","['人', '八', '刀', '厂', '言']"
佉,7,9.5,surname; name of a divine being; transliteration of Sanskrit 'kh',Both,"('亻', '去')","['土', '厶', '人']"
侜,8,9.6,lies,Both,"('亻', '舟')","['人', '舟']"
催,13,9.11,"press, urge",Both,"('亻', '崔')","['人', '隹', '山']"
亼,3,9.1,to assemble. to gather together,Both,"('人', '一')","['一', '人']"
付,5,9.3,"give, deliver, pay, hand over; entrust",Both,"('亻', '寸')","['人', '寸']"
儚,15,9.14,"(same as 果敢 in Japanese), fleeting, momentary, ephemeral; vain, empty; fickle",Both,"('亻', '夢')","['人', '冖', '网', '艸', '夕']"
儜,16,9.14,weak; wearied; in distress,Traditional,"('亻', '寧')","['心', '人', '皿', '宀', '一', '亅']"
儛,16,9.14,"to skip about, to dance for joy",Both,"('亻', '舞')","['舛', '人']"
僥,14,9.12,"be lucky; by chance, by luck",Traditional,"('亻', '堯')","['土', '一', '人', '儿']"
佻,8,9.6,frivolous; unsteady; delay,Both,"('亻', '兆')","['冫', '人', '儿']"
偘,11,9.9,ancient family name,Unknown,"('亻', '品')","['人', '口']"
侃,8,9.6,upright and strong; amiable,Both,"('亻', '口川')","['人', '丨', '口', '儿']"
倅,10,9.8,"deputy, vice-",Both,"('亻', '卒')","['十', '亠', '人']"
儵,18,9.17,"hastily, suddenly, abruptly",Both,"('攸', '黑')","['人', '丨', '黑', '夂']"
偩,11,9.9,follow,Traditional,"('亻', '負')","['貝', '刀', '人']"
伴,7,9.5,"companion, comrade, partner; accompany",Both,"('亻', '半')","['二', '丨', '八', '人']"
仕,5,9.3,official; serve government,Both,"('亻', '士')","['人', '士']"
侹,8,9.7,straight,Both,"('亻', '廷')","['人', '廴', '士']"
佸,8,9.6,meet,Both,"('亻', '舌')","['人', '舌']"
侏,8,9.6,"small, little, tiny, dwarf",Both,"('亻', '朱')","['一', '木', '人']"
傾,13,9.11,"upset, pour out, overflow",Traditional,"('亻', '頃')","['頁', '人', '匕']"
儓,16,9.14,servant,Both,"('亻', '臺')","['人', '士', '冖', '至', '口']"
傭,13,9.11,"hire, employ, charter; servant",Traditional,"('亻', '庸')","['广', '聿', '用', '人']"
僳,14,9.12,minority name,Both,"('亻', '粟')","['人', '米', '襾']"
僯,14,9.12,ashamed,Both,"('亻', '粦')","['舛', '米', '人']"
僂,13,9.11,humpback; surname,Traditional,"('亻', '婁')","['女', '十', '人', '口']"
俈,9,9.7,to inform quickly; an urgent communication,Both,"('亻', '告')","['牛', '人', '口']"
儾,24,9.22,"slow, dull; irresolute",Both,"('亻', '囊')","['二', '人', '丨', '冖', '十', '一', '口']"
俲,10,9.8,"(same as 傚) imitate, mimic",Unknown,"('亻', '効')","['丿', '人', '八', '亠', '力']"
傚,12,9.10,"imitate, mimic",Unknown,"('亻', '效')","['丿', '人', '八', '夂', '亠']"
價,15,9.13,"price, value",Traditional,"('亻', '賈')","['貝', '人', '襾']"
俎,9,9.7,chopping board or block; painted,Both,"('仌', '且')","['月', '一', '人']"
伪,6,9.4,"false, counterfeit, bogus",Simplified,"('亻', '为')","['人', '丶', '力']"
偎,11,9.9,"cling to, cuddle, embrace, fondle",Both,"('亻', '畏')","['一', '田', '人', '乙']"
儡,17,9.15,"puppet, dummy",Both,"('亻', '畾')","['人', '田']"
侈,8,9.6,"luxurious, extravagant",Both,"('亻', '多')","['人', '夕']"
傫,13,9.11,"tired, exhausted; surname",Both,"('亻', '累')","['人', '田', '糸']"
传,6,9.4,"summon; propagate, transmit",Simplified,"('亻', '专')","['二', '丨', '人']"
儦,17,9.15,milling,Both,"('亻', '麃')","['鹿', '火', '人']"
偻,11,9.9,humpback; surname,Both,"('亻', '娄')","['女', '人', '米']"
会,6,9.4,"assemble, meet together; meeting",Both,"('亼', '𠫔')","['人', '厶', '二']"
侍,8,9.6,"serve, attend upon; attendant, servant; samurai",Both,"('亻', '寺')","['土', '寸', '人']"
儱,18,9.16,rude; barbarous,Traditional,"('亻', '龍')","['人', '龍']"
健,10,9.9,"strong, robust, healthy; strength",Both,"('亻', '建')","['人', '聿', '廴']"
他,5,9.3,"other, another; he, she, it",Both,"('亻', '也')","['人', '丨', '乙']"
伟,6,9.4,"great, robust; extraordinary",Simplified,"('亻', '韦')","['人', '韦']"
作,7,9.5,"make; work; compose, write; act, perform",Both,"('亻', '乍')","['丿', '人', '二', '丨', '一']"
佾,8,9.6,a row or file of dancers,Both,"('亻', '䏌')","['月', '人', '八']"
傑,12,9.10,"hero; outstanding, remarkable",Traditional,"('亻', '桀')","['舛', '木', '人']"
侥,8,9.6,"be lucky; by chance, by luck",Simplified,"('亻', '尧')","['一', '人', '儿']"
係,9,9.7,"bind, tie up; involve, relation",Traditional,"('亻', '系')","['人', '糸']"
体,7,9.5,"body; group, class, body, unit; inferior",Both,"('亻', '本')","['一', '木', '人']"
便,9,9.7,"convenience, ease; expedient",Both,"('亻', '更')","['人', '丿', '丨', '日', '一']"
俛,9,9.7,"make effort, endeavor; to lower the head",Unknown,"('亻', '免')","['人', '乙', '刀', '丨', '口']"
儃,15,9.13,"manner, air; easy-going; to turn around; lame; unable to get on",Both,"('亻', '亶')","['人', '囗', '亠', '日', '一']"
倹,10,9.8,"temperate, frugal, economical",Unknown,"('亻', '㑒')","['人', '八', '丨', '一', '口']"
俻,10,9.8,to prepare; to provide; to put in order; to complete perfection; completeness,Both,"('亻', '备')","['人', '田', '夂']"
傀,11,9.10,"great, gigantic; puppet",Both,"('亻', '鬼')","['人', '鬼']"
倃,10,9.8,"damage, destroy",Both,"('亻', '咎')","['人', '口', '卜', '夂']"
儭,18,9.16,to assist; to give alms,Both,"('亻', '親')","['人', '見', '十', '小', '立']"
傕,12,9.10,used in old names,Both,"('亻', '隺')","['人', '隹', '巾']"
偕,11,9.9,together; be in order,Both,"('亻', '皆')","['比', '人', '白']"
佳,8,9.6,"good, auspicious; beautiful; delightful",Both,"('亻', '圭')","['土', '人']"
佑,7,9.5,"help, protect, bless",Both,"('亻', '右')","['丿', '人', '一', '口']"
倡,10,9.8,"guide, leader; lead, introduce",Both,"('亻', '昌')","['日', '人']"
人,2,9.0,man; people; mankind; someone else,Both,"('人', None)",['人']
佡,7,9.5,"make effort, endeavor",Both,"('亻', '仚')","['人', '山']"
仞,5,9.3,ancient unit of measure (8 feet); 'fathom',Both,"('亻', '刃')","['人', '刀', '丶']"
仇,4,9.2,"enemy, hate, hatred, enmity",Both,"('亻', '九')","['丿', '人']"
仛,5,9.3,"young girl; strange, different",Both,"('亻', '乇')","['一', '人', '乙']"
似,6,9.5,"resemble, similar to; as if, seem",Both,"('亻', '以')","['人', '丶', '乙']"
侨,8,9.6,"sojourn, lodge",Simplified,"('亻', '乔')","['人', '大']"
倶,10,9.8,all,Unknown,"('亻', '具')","['一', '目', '八', '人']"
侻,9,9.7,"to run away, escape",Both,"('亻', '兌')","['人', '八', '口', '儿']"
俫,9,9.7,to induce to come; to encourage,Simplified,"('亻', '来')","['一', '八', '木', '人']"
儽,23,9.21,"lazy; tired out, worn fatigued",Traditional,"('亻', '纍')","['人', '糸', '田']"
偢,11,9.9,to stare at,Both,"('亻', '秋')","['禾', '火', '人']"
休,6,9.4,"rest, stop; retire; do not!",Both,"('亻', '木')","['人', '木']"
仾,6,9.4,"to hang or bow the head, to droop, to lower; low, beneath",Both,"('亻', '互')","['一', '人', '彐']"
俙,9,9.7,"to pretend, appear as if",Both,"('亻', '希')","['丿', '人', '一', '巾']"
偵,11,9.9,"spy, reconnoiter; detective",Traditional,"('亻', '貞')","['貝', '卜', '人']"
働,13,9.11,labor; work,Traditional,"('亻', '動')","['十', '里', '人', '力']"
侂,8,9.6,"to commission, to entrust to, to depute; to request, to ask",Both,"('亻', '㡯')","['一', '广', '人', '乙']"
僰,14,9.12,ancient aboriginal tribe,Both,"('朿', '人')","['人', '木', '冂']"
借,10,9.8,borrow; lend; make pretext of,Both,"('亻', '昔')","['日', '一', '艸', '人']"
傥,12,9.10,"if, supposing, in case",Simplified,"('亻', '党')","['人', '冖', '小', '儿', '口']"
倭,10,9.8,"dwarf; dwarfish, short",Both,"('亻', '委')","['禾', '人', '女']"
傞,11,9.10,unsteady,Both,"('亻', '差')","['羊', '人', '工']"
傜,12,9.10,a minority tribe,Both,"('亻', '䍃')","['缶', '人', '爪']"
偹,11,9.9,"prepare, ready, perfect",Both,"('攸', '田')","['人', '丨', '田', '夂']"
佋,7,9.5,"continue, carry on; hand down; to join",Both,"('亻', '召')","['人', '刀', '口']"
倂,10,9.8,combine,Both,"('亻', '幷')","['干', '人']"
俪,9,9.7,"spouse, couple, pair",Simplified,"('亻', '丽')","['一', '人']"
傲,12,9.11,"proud, haughty, overbearing",Both,"('亻', '敖')","['丿', '土', '人', '一', '攴']"
伋,5,9.4,deceptive,Both,"('亻', '及')","['丿', '人']"
佩,8,9.6,"belt ornament, pendant; wear at waist, tie to the belt; respect",Both,"('亻', '凧')","['一', '几', '人', '巾']"
俞,9,9.7,"surname; consent, approve",Both,"('亼', '刖')","['一', '人', '刀', '月']"
倉,10,9.8,granary; berth; sea,Traditional,"('食', '囗')","['人', '丶', '丨', '彐', '口']"
佤,6,9.5,"the Va (Wa) nationality, living in Yunnan",Both,"('亻', '瓦')","['瓦', '人']"
倀,10,9.8,"bewildered; rash, wildly",Traditional,"('亻', '長')","['人', '長']"
偲,11,9.9,talented; urgent,Both,"('亻', '思')","['心', '人', '田']"
伕,6,9.4,common laborer,Both,"('亻', '夫')","['人', '二']"
倐,10,9.8,hastily; suddenly,Both,"('攸', '火')","['火', '丨', '人', '夂']"
傔,12,9.10,servant,Both,"('亻', '兼')","['一', '八', '人', '彐']"
俔,9,9.7,like,Traditional,"('亻', '見')","['人', '見']"
値,10,9.8,"price, cost, worth",Both,"('亻', '直')","['十', '目', '人']"
儅,15,9.13,stop,Traditional,"('亻', '當')","['人', '冖', '田', '小', '口']"
倻,10,9.9,phonetic used in Korean place names,Both,"('亻', '耶')","['人', '阝', '耳']"
佈,7,9.5,"spread, publicize, announce",Traditional,"('亻', '布')","['丿', '人', '一', '巾']"
侖,8,9.6,"logical reasons, logical order",Traditional,"('亼', '𠕁')","['一', '人', '艸', '冂']"
傧,12,9.10,entertain guests,Simplified,"('亻', '宾')","['人', '斤', '八', '宀', '一']"
偪,11,9.9,"compel, pressure, force; bother",Both,"('亻', '畐')","['一', '田', '人', '口']"
儳,19,9.17,obstinate; stupid; uneven; mix,Both,"('亻', '毚')","['人', '丶', '乙', '刀', '丨', '比', '口']"
佣,7,9.5,commission fee,Both,"('亻', '用')","['人', '用']"
傎,12,9.10,topple,Both,"('亻', '真')","['人', '八', '十', '目', '一']"
佘,7,9.5,surname,Both,"('人', '示')","['人', '示']"
侮,9,9.7,"insult, ridicule, disgrace",Both,"('亻', '每')","['一', '丿', '毋', '人']"
儐,16,9.14,entertain guests,Traditional,"('亻', '賓')","['丿', '人', '貝', '小', '宀', '一']"
倲,10,9.8,"(simplified form) rude; barbarous, stupid; dull, last name",Traditional,"('亻', '東')","['日', '人', '木']"
仝,5,9.3,"together, same; surname",Both,"('人', '工')","['人', '工']"
傢,12,9.10,"stubborn, obstinate, intransigent",Traditional,"('亻', '家')","['宀', '人', '豕']"
倪,10,9.8,"feeble, tiny, young and weak",Both,"('亻', '兒')","['臼', '人', '儿']"
傅,12,9.10,"tutor, teacher; assist; surname",Both,"('亻', '尃')","['人', '丶', '寸', '用', '十']"
伞,6,9.4,"umbrella, parasol, parachute",Simplified,"('人', '丷十')","['人', '八', '十']"
僃,12,9.11,prepared,Unknown,"('亻', '䓒')","['勹', '人', '艸', '用']"
仼,6,9.4,"trust to, rely on, appoint; to bear, duty, office; allow",Both,"('亻', '王')","['人', '玉']"
壌,16,32.13,"soil, loam, earth; rich",Both,"('土', '㐮')","['土', '二', '八', '亠', '一']"
堽,13,32.10,mound; used in place names,Both,"('土', '罡')","['一', '土', '网', '止']"
壒,16,32.14,dust,Traditional,"('土', '蓋')","['土', '艸', '皿', '厶']"
堮,12,32.9,a boundary; a border,Both,"('土', '咢')","['土', '口', '二']"
墍,14,32.11,"paint, decorate",Unknown,"('旣', '土')","['土', '匕', '白', '无']"
坪,8,32.5,level ground; Japanese measure,Both,"('土', '平')","['干', '土', '八']"
堅,11,32.8,"hard, strong, firm; resolute",Traditional,"('臤', '土')","['土', '又', '臣']"
墒,14,32.11,"wet, cultivated land",Both,"('土', '商')","['土', '八', '冂', '亠', '口']"
坛,7,32.4,"altar; arena, examination hall",Both,"('土', '云')","['土', '厶', '二']"
壠,19,32.16,"mound, grave; ridge in field",Traditional,"('土', '龍')","['土', '龍']"
壕,17,32.14,"trench, ditch, channel, moat",Both,"('土', '豪')","['土', '豕', '冖', '亠', '口']"
塋,13,32.10,"grave, tomb, cemetery",Traditional,"('炏', '土')","['冖', '土', '火']"
堋,11,32.8,bury,Both,"('土', '朋')","['月', '土']"
坴,8,32.5,a clod of earth; land,Both,"('圥', '土')","['土', '八']"
報,12,32.9,"report, tell, announce",Traditional,"('幸', '𠬝')","['土', '又', '八', '干', '卩']"
堨,12,32.9,daub,Both,"('土', '曷')","['勹', '土', '曰', '人']"
垝,9,32.6,"dilapidated, ruined",Both,"('土', '危')","['土', '刀', '厂', '乙']"
塕,13,32.10,a gust of wind,Both,"('土', '翁')","['土', '羽', '八', '厶']"
土,3,32.0,"soil, earth; items made of earth",Both,"('土', None)",['土']
埤,11,32.8,"add, increase, attach; low fence",Both,"('土', '卑')","['二', '土', '丶', '丨', '十', '冂']"
墚,14,32.11,mountain range,Both,"('土', '梁')","['土', '八', '水', '刀', '木']"
垇,8,32.5,used in place names,Unknown,"('土', '凹')","['土', '凵']"
塁,12,32.9 102.7,"rampart, military wall",Unknown,"('界?', '土')","['土', '田', '冫']"
坯,8,32.5,"dam, embankment; weir",Both,"('土', '丕')","['一', '土', '卜', '丿']"
場,12,32.9,"open space, field, market",Traditional,"('土', '昜')","['日', '土', '勹', '一']"
壁,16,32.13,"partition wall; walls of a house; 14th lunar mansion, determinative star γ Pegasi (Algenib)",Both,"('辟', '土')","['土', '尸', '辛', '口']"
埚,10,32.7,crucible,Simplified,"('土', '呙')","['冂', '土', '人', '口']"
埯,11,32.8,cover with earth; a pit; a hole,Simplified,"('土', '奄')","['土', '丨', '大', '日', '乙']"
壟,19,32.16,"grave, mound; ridge in field",Traditional,"('龍', '土')","['土', '龍']"
墼,16,32.13,unfired brick,Both,"('𣪠', '土')","['車', '土', '山', '殳']"
坰,8,32.5,wilds,Both,"('土', '冋')","['土', '口', '冂']"
培,11,32.8,bank up with dirt; cultivate,Both,"('土', '咅')","['土', '立', '口']"
坞,7,32.4,"entrenchment, bank, low wall",Simplified,"('土', '乌')","['一', '土', '丶']"
壊,16,32.13,"bad, spoil(ed), ruin, destroy",Unknown,"('土', '十皿衣')","['土', '衣', '网', '十']"
垃,8,32.5,"garbage, refuse, waste",Both,"('土', '立')","['土', '立']"
圣,5,32.2 29.3,"holy, sacred",Simplified,"('又', '土')","['土', '又']"
埃,10,32.7,"fine dust, dirt",Both,"('土', '矣')","['土', '厶', '矢']"
块,7,32.4,"piece, lump; dollar",Both,"('土', '夬')","['土', '丨', '人']"
壐,17,32.14,the Imperial signet; the great seal,Traditional,"('爾', '土')","['土', '八', '巾', '丨', '爻', '一']"
墀,15,32.11,porch; courtyard; steps leading,Both,"('土', '犀')","['牛', '土', '尸', '水']"
垤,9,32.6,"ant-hill, small mound; hill",Both,"('土', '至')","['土', '至']"
塅,12,32.9,"a large flat area, usually used in place names",Both,"('土', '段')","['土', '丨', '殳']"
圻,7,32.4,"border, boundary",Both,"('土', '斤')","['斤', '土']"
坒,7,32.4,to compare; to match; to equal,Both,"('比', '土')","['比', '土']"
壎,17,32.14,instrument,Both,"('土', '熏')","['土', '火', '八', '丨', '十', '口']"
垠,9,32.6,"boundary, bank of stream or river",Both,"('土', '艮')","['艮', '土']"
堡,12,32.9,"fort, fortress; town, village",Both,"('保', '土')","['土', '木', '人', '口']"
壄,16,32.13,"open country, field; wilderness",Unknown,"('楙', '土')","['土', '矛', '木']"
墩,15,32.12,"heap, mound, block of stone",Both,"('土', '敦')","['土', '子', '亠', '口', '攴']"
坣,8,32.5,"hall, government office; (simplified form of 壆) stiff, hard clay; crack in a jar",Unknown,"('小', '土')","['冖', '土', '小']"
塔,12,32.10,"tower, spire, tall building",Both,"('土', '荅')","['土', '人', '一', '艸', '口']"
垩,9,32.6,"holy, sacred, sage; simplification of 堊 chalk; daub with chalk",Simplified,"('亚', '土')","['土', '一', '八']"
埄,10,32.7,whirling of dust in the wind,Both,"('土', '夆')","['土', '二', '夂', '丨', '一']"
圯,6,32.3,"bridge, bank",Both,"('土', '巳')","['土', '己']"
塊,12,32.10,"piece, lump; dollar",Traditional,"('土', '鬼')","['土', '鬼']"
塍,13,32.10,"a raised path between fields, a dike",Both,"('月', '关土')","['二', '土', '八', '丨', '月']"
增,15,32.12,"increase, add to, augment",Both,"('土', '曾')","['土', '八', '丨', '日', '口']"
堍,11,32.8,the flat ground at either end of a bridge,Both,"('土', '兔')","['土', '丶', '乙', '刀', '丨', '口']"
堕,11,32.9,"fall, sink, let fall; degenerate",Both,"('陏', '土')","['土', '丿', '阝', '月', '一']"
堤,12,32.9,dike,Both,"('土', '是')","['日', '土', '一', '止']"
垚,9,32.6,"mound, roundish mass",Both,"('土', None)",['土']
坝,7,32.4,embankment; dam,Simplified,"('土', '贝')","['土', '贝']"
埓,10,32.7,"enclosure, dike, embankment",Unknown,"('土', '寽')","['土', '寸', '爪']"
塑,13,32.10,"model in clay, sculpt; plastics",Both,"('朔', '土')","['土', '八', '屮', '月', '一']"
地,6,32.3,"earth; soil, ground; region",Both,"('土', '也')","['土', '丨', '乙']"
堖,12,32.9,"small, head shaped hill, used in place names",Traditional,"('土', '𡿺')","['丿', '土', '丶', '囗', '川']"
坵,8,32.5,"earthenware, earthenware vessel",Both,"('土', '丘')","['斤', '土', '一']"
塾,14,32.11,village school; private tutorage,Both,"('孰', '土')","['丿', '子', '丶', '土', '亠', '口']"
埜,11,32.8,"open country, field; wilderness",Both,"('木', '土')","['土', '木']"
塤,13,32.10,instrument,Traditional,"('土', '員')","['貝', '土', '口']"
堃,11,32.8,compliance; obedience; female,Both,"('方', '土')",['土']
堰,12,32.9,"dam; embankment, dike, bank",Both,"('土', '匽')","['日', '土', '女', '匚']"
坂,7,32.4,"hillside, inconvenient places",Both,"('土', '反')","['土', '又', '⺁']"
垗,9,32.6,sacrifice,Both,"('土', '兆')","['冫', '土', '儿']"
塭,12,32.10,fish farm,Both,"('土', '𥁕')","['日', '土', '皿']"
壋,16,32.13,a dike used to divert water in a rice paddy or field for irrigation,Traditional,"('土', '當')","['土', '冖', '田', '小', '口']"
堄,11,32.8,parapet,Both,"('土', '兒')","['臼', '土', '儿']"
垈,8,32.5,used in place names; Japanese -nuta; Korean -dae,Both,"('代', '土')","['土', '弋', '人']"
墪,15,32.12,"a heap, tumulus, beacon mound",Unknown,"('敦', '土')","['土', '子', '亠', '口', '攴']"
墈,14,32.11,cliff,Both,"('土', '勘')","['土', '儿', '匚', '甘', '力']"
坮,8,32.5,platform; unit; term of address,Both,"('土', '台')","['土', '厶', '口']"
境,14,32.11,"boundary, frontier; area, region",Both,"('土', '竟')","['土', '音', '儿']"
埏,9,32.7,"a boundary, a limit",Both,"('土', '延')","['土', '廴', '止']"
壑,17,32.14,"bed of torrent, narrow ravine",Both,"('㕡', '土')","['土', '又', '卜', '谷', '一', '冂']"
坨,8,32.5,"a lump, heap",Both,"('土', '它')","['宀', '土', '匕']"
塈,12,32.9,"paint, decorate",Both,"('既', '土')","['土', '丶', '无', '丨', '彐', '乙']"
玍,5,96.1 32.2,ill tempered; naughty,Both,"('丿', '王')","['丿', '玉']"
垧,9,32.6,variable unit of land measure,Both,"('土', '向')","['宀', '土', '口']"
圾,6,32.4,"garbage, rubbish; shaking; danger",Both,"('土', '及')","['丿', '土']"
场,6,32.3,"open space, field, market",Simplified,"('土', '𠃓')",['土']
埳,11,32.8,"a pit, a hole, a snare, a danger; a crisis; a mortar",Both,"('土', '臽')","['臼', '土', '刀']"
壇,16,32.13,"altar; arena, examination hall",Traditional,"('土', '亶')","['土', '囗', '亠', '日', '一']"
塞,13,32.10,"stop up, block, seal, cork; pass, frontier; fortress",Both,"('宀', '基')","['二', '土', '八', '宀', '一']"
垫,9,32.6,"advance money, pay for another",Simplified,"('执', '土')","['土', '丿', '丶', '手']"
埵,11,32.8,hardened dirt or clay; cluster,Both,"('土', '垂')","['土', '艸', '十', '士']"
在,6,32.3,"be at, in, on; consist in, rest",Both,"('才', '土')","['丿', '土', '人', '一']"
坐,7,32.4,"sit; seat; ride, travel by",Both,"('人', '土')","['土', '人']"
坭,8,32.5,"mud, mire; to paste, to plaster",Both,"('土', '尼')","['土', '尸', '匕']"
塘,13,32.10,"pond; tank; dike, embankment",Both,"('土', '唐')","['土', '聿', '广', '口']"
埌,10,32.7,waste,Both,"('土', '良')","['艮', '土', '丶']"
塒,13,32.10,roost,Traditional,"('土', '時')","['日', '土', '寸']"
堆,11,32.8,"heap, pile, crowd; pile up",Both,"('土', '隹')","['土', '隹']"
垭,9,32.6,character used in place names,Simplified,"('土', '亚')","['一', '土', '八']"
圩,6,32.3,"dike, embankment",Both,"('土', '于')","['干', '土', '亅']"
塓,13,32.10,plaster,Both,"('土', '冥')","['土', '八', '冖', '亠', '日']"
墨,15,203.3 32.12,ink; writing,Both,"('黑', '土')","['土', '黑']"
墶,15,32.12,(圪墶) a pimple; a mound,Traditional,"('土', '達')","['羊', '土', '辵']"
堦,12,32.9,"stairs; a flight of steps; a degree, a class, a rank or step",Both,"('土', '皆')","['比', '土', '白']"
埕,10,32.7,"a large, pear-shaped earthenware jar",Both,"('土', '呈')","['土', '玉', '口']"
垜,9,32.6,heap; buttress; battlements,Both,"('土', '朶')","['丿', '土', '木']"
墐,14,32.11,"to build with soil, plaster over with mud",Both,"('土', '堇')","['土', '丨', '廾', '玉', '口']"
堑,11,32.8,"moat, trench, pit, cavity",Simplified,"('斩', '土')","['斤', '土', '车']"
圬,6,32.3,plaster over with layer of mud,Both,"('土', '亏')","['土', '二']"
垸,10,32.7,"a dyke, embankment",Both,"('土', '完')","['宀', '土', '二', '儿']"
墬,14,32.12,"to fall, sink",Unknown,"('䧘', '土')","['勹', '土', '阝', '彐']"
坱,8,32.5,dust,Both,"('土', '央')","['土', '大', '冂']"
域,11,32.8,"district, region, boundary; land",Both,"('土', '或')","['一', '土', '戈', '口']"
埠,11,32.8,port city,Both,"('土', '阜')","['阜', '土']"
堈,11,32.8,"earthen jug, crock, cistern",Traditional,"('土', '岡')","['土', '八', '山', '一', '冂']"
墮,14,32.12,"fall, sink, let fall; degenerate",Traditional,"('隋', '土')","['土', '丿', '阝', '工', '月', '一']"
塵,14,32.11,"dust, dirt, ashes, cinders",Traditional,"('鹿', '土')","['土', '鹿']"
堯,12,32.9,a legendary ancient emperor-sage,Traditional,"('垚', '兀')","['土', '一', '儿']"
塨,13,32.10,used in personal names,Both,"('土', '恭')","['土', '八', '丨', '一', '艸']"
壜,19,32.16,earthen jar or jug,Both,"('土', '曇')","['土', '二', '厶', '雨', '日']"
垣,9,32.6,low wall,Both,"('土', '亘')","['一', '土', '日']"
坑,7,32.4,"pit, hole; bury, trap; harry",Both,"('土', '亢')","['土', '亠', '几']"
堶,12,32.9,throw heavy weights,Both,"('土', '𤯝')","['土', '丿', '工', '月', '一']"
壍,17,32.14,moat around a city. a channel,Traditional,"('漸', '土')","['車', '土', '斤', '水']"
垆,8,32.5,"black clods of earth; shop, hut",Simplified,"('土', '卢')","['土', '尸', '卜']"
墓,13,32.11,"grave, tomb",Both,"('莫', '土')","['日', '土', '大', '艸']"
坼,8,32.5,"split, tear, open",Both,"('土', '斥')","['斤', '土', '丶']"
埇,10,32.7,name of bridge,Both,"('土', '甬')","['土', '用']"
増,14,32.11,increase,Both,"('土', '曽')","['日', '土', '田', '八']"
堝,11,32.9,crucible,Traditional,"('土', '咼')","['土', '口', '冂']"
堊,11,32.8,white earth; to daub with white mud,Traditional,"('亞', '土')","['土', '二']"
埰,11,32.8,fief,Traditional,"('土', '采')","['土', '木', '爪']"
坍,7,32.4,collapse; landslide,Both,"('土', '丹')","['土', '亠', '冂']"
壈,16,32.13,disappointed,Traditional,"('土', '稟')","['禾', '土', '亠', '囗']"
埗,10,32.7,"(same as 埠) a wharf, dock, jetty; a trading center, port; place name (for example, 深水埗 in Hong Kong)",Both,"('土', '步')","['丿', '土', '小', '止']"
塩,13,32.10,salt,Both,"('土', '𥁓')","['丿', '土', '皿', '一', '口']"
埶,11,32.8,art,Both,"('坴', '丸')","['丿', '土', '丶', '八']"
坋,7,32.4,"dust, earth; a bank of earth; to dig; to bring together",Both,"('土', '分')","['土', '刀', '八']"
壚,19,32.16,"black clods of earth; shop, hut",Traditional,"('土', '盧')","['虍', '土', '田', '皿']"
坻,8,32.5,"an islet, a rock in a river; an embankment; to stop",Both,"('土', '氐')","['土', '丶', '氏']"
堌,11,32.8,"dam, dike; used in place names",Both,"('土', '固')","['土', '囗', '十', '口']"
塲,14,32.11,"open space, field, market",Both,"('土', '𥏫*')","['丿', '土', '勹', '日', '一']"
垒,9,32.6 28.7,"rampart, military wall",Simplified,"('厽', '土')","['土', '厶']"
塄,12,32.9,elevated bank in field,Both,"('土', '罒方')","['土', '网', '方']"
堙,12,32.9,"bury; dam, block up",Both,"('土', '垔')","['土', '襾']"
墤,15,32.12,"to fall in ruins, to collapse, to overthrow; decayed, ruined, lost",Both,"('土', '貴')","['土', '丨', '貝', '一', '口']"
堺,12,32.9,person's name,Unknown,"('土', '界')","['土', '田', '八']"
塃,12,32.10,mined ore,Both,"('土', '荒')","['土', '丶', '匸', '丨', '儿', '艸']"
壓,17,32.14,press; oppress; crush; pressure,Traditional,"('厭', '土')","['月', '土', '厂', '犬', '日']"
壅,16,32.13,to obstruct,Both,"('雍', '土')","['土', '丿', '亠', '隹']"
堀,11,32.8,"cave, hole",Both,"('土', '屈')","['土', '尸', '山']"
垵,9,32.6,cover with earth; a pit; a hole,Traditional,"('土', '安')","['宀', '土', '女']"
址,7,32.4,"site, location, land for house",Both,"('土', '止')","['土', '止']"
堠,12,32.9,"battlements, battlemented walls",Both,"('土', '侯')","['土', '人', '矢']"
墉,14,32.11,wall; fortified wall; small wall,Both,"('土', '庸')","['土', '用', '聿', '广']"
埂,10,32.7,ditches for irrigation; hole,Both,"('土', '更')","['土', '丿', '丨', '日', '一']"
堉,11,32.8,"ground, fertile land",Both,"('土', '育')","['月', '土', '亠', '厶']"
塿,14,32.11,small mound,Traditional,"('土', '婁')","['女', '土', '十', '口']"
墰,15,32.12,an earthenware jar; a jug,Both,"('土', '覃')","['日', '土', '十', '襾']"
坚,7,32.4,"hard, strong, firm; resolute",Simplified,"('収', '土')","['又', '土', '丨']"
塙,13,32.10,truly,Both,"('土', '高')","['土', '高']"
墱,15,32.12,"stone steps, stairs up a platform",Both,"('土', '登')","['土', '癶', '豆']"
墝,15,32.12,stony,Traditional,"('土', '堯')","['一', '土', '儿']"
垂,8,32.5 33.5,"let down; suspend, hand; down",Both,"('垂', None)","['十', '艸', '士']"
塚,13,32.10,"cemetery; tomb, burial mound",Both,"('土', '冡')","['土', '丶', '冖', '勹', '一']"
填,13,32.10,"fill in, fill up; make good",Both,"('土', '真')","['土', '八', '目', '十', '一']"
塹,14,32.11,"moat, trench, pit, cavity",Traditional,"('斬', '土')","['車', '土', '斤']"
埘,10,32.7,roost,Simplified,"('土', '时')","['日', '土', '寸']"
埻,11,32.8,"bull's-eye, target",Both,"('土', '享')","['土', '亠', '口', '子']"
坿,8,32.5,mound; used in place names,Unknown,"('土', '付')","['土', '寸', '人']"
墦,15,32.12,tomb,Both,"('土', '番')","['土', '田', '釆']"
坦,8,32.5,"flat, smooth; self-possessed",Both,"('土', '旦')","['日', '土', '一']"
壩,24,32.21,embankment; dam,Traditional,"('土', '霸')","['月', '土', '革', '雨']"
圥,5,32.2,mushroom,Unknown,"('土', '儿')","['土', '儿']"
塽,14,32.11,plateau,Both,"('土', '爽')","['土', '爻', '大']"
埝,11,32.8,"bank, dike; protuberance from",Both,"('土', '念')","['心', '土', '丶', '人']"
壆,16,32.13,"stiff, hard clay or rocky strata; crack in a jar",Both,"('𦥯', '土')","['臼', '土', '爻', '冖']"
坫,8,32.5,a stand on which to replace goblets after drinking,Both,"('土', '占')","['土', '卜', '口']"
圹,6,32.3,"tomb, grave: prairie; open wilderness",Simplified,"('土', '广')","['土', '广']"
埈,10,32.7,"high, steep, towering; stern",Both,"('土', '夋')","['土', '八', '厶', '夂']"
垟,9,32.6,a cultivated field; used in place names,Both,"('土', '羊')","['羊', '土']"
坳,8,32.5,"a hollow in the ground, a cavity, depression; undulating, depressed",Both,"('土', '幼')","['幺', '土', '力']"
墖,14,32.11,"pagoda, dagoba, tower",Both,"('土', '畣')","['土', '人', '田', '一', '口']"
埙,10,32.7,instrument,Simplified,"('土', '员')","['土', '贝', '口']"
埭,11,32.8,"a dam, a jock; inclined plane on a canal, where boats can be hauled up or down",Both,"('土', '隶')","['隶', '土']"
堳,12,32.9,land allotment feudal noble; alta,Both,"('土', '眉')","['土', '丨', '目']"
埴,11,32.8,soil with large clay content,Both,"('土', '直')","['一', '土', '目', '十']"
埧,11,32.8,dam,Both,"('土', '具')","['一', '土', '目', '八']"
塬,13,32.10,plateau,Both,"('土', '原')","['土', '白', '厂', '小']"
埦,11,32.8,a bowl,Unknown,"('土', '宛')","['宀', '土', '乙', '夕']"
墾,16,32.13,"cultivate, reclaim, to farm land",Traditional,"('貇', '土')","['艮', '土', '豸']"
坡,8,32.5,"slope, bank, hillside",Both,"('土', '皮')","['土', '皮']"
塏,13,32.10,high and dry place,Traditional,"('土', '豈')","['土', '山', '豆']"
壖,17,32.14,open space along water,Both,"('土', '需')","['土', '而', '雨']"
堭,12,32.9,a dry moat outside a city wall; a dry ditch,Both,"('土', '皇')","['土', '玉', '白']"
坎,7,32.4,"pit, hole; snare, trap; crisis; trigram ☵; hexagram ䷜",Both,"('土', '欠')","['土', '欠']"
壘,18,32.15,"rampart, military wall",Traditional,"('畾', '土')","['土', '田']"
堂,11,32.8,hall; government office,Both,"('尚', '土')","['冖', '土', '口', '小']"
垯,9,32.6,(圪墶) a pimple; a mound,Simplified,"('土', '达')","['土', '大', '辵']"
垞,9,32.6,small mound; place name; hillock,Both,"('土', '宅')","['宀', '土', '一', '乙']"
垡,9,32.6,plow soil; place name,Both,"('伐', '土')","['土', '戈', '人']"
圪,6,32.3,(圪墶) a pimple; a mound,Both,"('土', '乞')","['丿', '土', '一', '乙']"
坷,8,32.5,"clod of earth, lump of soil",Both,"('土', '可')","['一', '土', '口', '亅']"
垍,9,32.6,firm ground,Both,"('土', '自')","['土', '自']"
垻,10,32.7,an embankment; a slope over which boat pass,Traditional,"('土', '貝')","['土', '貝']"
堘,12,32.9,a raised path between field which acts as a dyke,Both,"('土', '关土')","['土', '丨', '八', '二']"
垮,9,32.6,"be defeated, fail, collapse",Both,"('土', '夸')","['土', '大', '二']"
坆,7,32.4,"a grave, tomb",Both,"('土', '攵')","['土', '攴']"
塀,12,32.9,"wall, fence",Unknown,"('土', '屏')","['土', '八', '廾', '尸', '一']"
埀,10,32.7,"let down; suspend, hand; down",Unknown,"('垂', None)","['土', '十', '匕']"
塗,13,32.10,"smear, daub, apply, spread; paint",Traditional,"('涂', '土')","['人', '土', '水', '干', '小']"
堇,11,32.8,yellow loam; clay; season; few,Both,"('堇', None)","['玉', '丨', '廾', '口']"
圮,6,32.3,"destroyed, ruined; to subvert to injure",Both,"('土', '己')","['土', '己']"
墄,14,32.11,the steps of a stairway,Both,"('土', '戚')","['土', '卜', '厂', '戈', '小', '一']"
埋,10,32.7,"bury, secrete, conceal",Both,"('土', '里')","['土', '里']"
塐,13,32.10,"model in clay, sculpt; plastics",Both,"('土', '素')","['一', '土', '糸']"
坏,7,32.4,"rotten, spoilt, bad, broken down",Both,"('土', '不')","['一', '土', '卜', '丿']"
圳,6,32.3,"furrow in field, small drainage ditch",Both,"('土', '川')","['土', '川']"
墅,14,32.11,"villa, country house",Both,"('野', '土')","['土', '里', '亅', '乙']"
壤,20,32.17,"soil, loam, earth; rich",Both,"('土', '襄')","['土', '二', '衣', '一', '口']"
坊,7,32.4,"neighborhood, urban subdivision; (J) priest's residence; (Buddhist) priest; boy",Both,"('土', '方')","['土', '方']"
堧,12,32.9,adjoin,Both,"('土', '耎')","['土', '而', '大']"
基,11,32.8,"foundation, base",Both,"('其', '土')","['土', '一', '甘', '八']"
均,7,32.4,"equal, even, fair; all, also",Both,"('土', '匀')","['勹', '土', '亠']"
垅,8,32.5,"mound, grave; ridge in field",Simplified,"('土', '龙')","['土', '龙']"
塱,13,32.10,place name in Guangdong province,Both,"('朗', '土')","['土', '丶', '丨', '彐', '月', '乙']"
圦,5,32.2,"(kokuji) water gate, spout",Both,"('土', '入')","['土', '入']"
墻,16,32.13,wall,Traditional,"('土', '嗇')","['土', '囗', '人']"
塡,13,32.10,"fill in, fill up; make good",Both,"('土', '眞')","['土', '目', '匕', '八']"
圭,6,32.3,jade pointed at top,Both,"('土', None)",['土']
尘,6,42.3 32.3,"dust, dirt, ashes, cinders",Simplified,"('小', '土')","['土', '小']"
垲,9,32.6,high and dry place,Simplified,"('土', '岂')","['土', '山', '己']"
埒,10,32.7,"enclosure, dike, embankment",Both,"('土', '寽')","['土', '寸', '爪']"
圧,5,32.2,(same as 壓) to press; to oppress; to crush; pressure,Unknown,"('厂', '土')","['土', '厂']"
埆,10,32.7,stony,Both,"('土', '角')","['土', '角']"
墊,14,32.11,"advance money, pay for another",Traditional,"('執', '土')","['土', '丶', '丿', '八', '干']"
墜,14,32.12,"fall down, drop, sink, go to ruin",Traditional,"('隊', '土')","['土', '八', '豕', '阝']"
塝,13,32.10,"flat bank, plateau",Both,"('土', '旁')","['土', '八', '冖', '亠', '方']"
垔,9,32.6,to restrain; to dam a stream and change its direction; a mound,Both,"('覀', '土')","['土', '襾']"
坟,7,32.4,"grave, mound; bulge; bulging",Simplified,"('土', '文')","['土', '文']"
垓,9,32.6,"border, boundary, frontier",Both,"('土', '亥')","['土', '亠', '丨', '人']"
壙,17,32.15,"tomb, grave: prairie; open wilderness",Traditional,"('土', '廣')","['土', '二', '凵', '八', '广', '丨', '一', '艸']"
塌,13,32.10,"fall in ruins, collapse",Both,"('土', '𦐇')","['日', '土', '羽']"
型,9,32.6,"pattern, model, type; law; mold",Both,"('刑', '土')","['土', '一', '刀', '廾']"
坠,7,32.4,"fall down, drop, sink, go to ruin",Simplified,"('队', '土')","['土', '人', '阝']"
執,11,32.8,hold in hand; keep; carry out,Traditional,"('幸', '丸')","['土', '丶', '丿', '八', '干']"
坜,7,32.4,"a hole, pit",Simplified,"('土', '历')","['土', '厂', '力']"
壞,19,32.16,"bad, spoil(ed), ruin, destroy",Traditional,"('土', '褱')","['土', '衣', '网', '水']"
壢,19,32.16,"a hole, pit",Traditional,"('土', '歷')","['禾', '土', '厂', '止']"
墙,14,32.11,wall,Simplified,"('土', '啬')","['土', '囗', '八']"
坌,7,32.4,"dust, earth; a bank of earth; to dig; to bring together",Both,"('分', '土')","['土', '刀', '八']"
壝,18,32.16,"a mound, embankment; the earthen altar to the god of the soil",Traditional,"('土', '遺')","['土', '丨', '貝', '一', '口', '辵']"
垄,8,32.5,"grave, mound; ridge in field",Simplified,"('龙', '土')","['土', '龙']"
堞,12,32.9,plate,Both,"('土', '枼')","['土', '木', '廾']"
坤,8,32.5,"earth; feminine, female; trigram ☷; hexagram ䷁",Both,"('土', '申')","['日', '土', '丨']"
壔,17,32.14,"a mound, a tumulus",Traditional,"('土', '壽')","['土', '士', '乙', '寸', '工', '一', '口']"
堪,12,32.9,"adequately capable of, worthy of",Both,"('土', '甚')","['土', '甘', '匚', '儿']"
堎,11,32.8,"a place in Xīnjiàn county, Jiāngxī",Both,"('土', '夌')","['土', '八', '夂']"
堵,11,32.9,"wall; stop, prevent; stop up",Both,"('土', '者')","['日', '土', '老']"
墠,15,32.12,"smooth, hard spot made level for sacrificial altar",Traditional,"('土', '單')","['二', '土', '丨', '十', '口', '冂']"
埡,11,32.8,character used in place names,Traditional,"('土', '亞')","['土', '二']"
圢,5,32.2,paths between fields,Both,"('土', '丁')","['一', '土', '亅']"
塢,13,32.10,"entrenchment, bank, low wall",Traditional,"('土', '烏')","['一', '土', '丶', '火']"
垛,9,32.6,"heap, pile; pile up, heap up",Both,"('土', '朵')","['土', '几', '木']"
垢,9,32.6,"dirt, filth, stains; dirty",Both,"('土', '后')","['一', '土', '口', '⺁']"
埽,11,32.8,"broom; to sweep, clear away",Both,"('土', '帚')","['冖', '土', '彐', '巾']"
垦,9,32.6,"cultivate, reclaim, to farm land",Simplified,"('艮', '土')","['艮', '土']"
垴,9,32.6,"small, head shaped hill, used in place names",Simplified,"('土', '㐫')","['丿', '土', '亠', '凵']"
垕,9,32.6,used in place names,Both,"('后', '土')","['土', '一', '口', '⺁']"
塜,13,32.10,"dusty, dirt",Both,"('土', '冡')","['冖', '土', '勹', '二']"
墡,15,32.12,chalk,Both,"('土', '善')","['土', '八', '羊', '一', '口']"
埔,10,32.7,"plain, arena; port, market",Both,"('土', '甫')","['土', '用', '十', '丶']"
埸,11,32.8,a border; a limit; a dike; a frontier; a boundary,Both,"('土', '易')","['日', '土', '勹']"
堲,10,32.9,hate,Both,"('即', '土')","['土', '丶', '丨', '彐', '卩', '乙']"
埼,11,32.8,headland,Both,"('土', '奇')","['土', '亅', '大', '一', '口']"
垱,9,32.6,a dike used to divert water in a rice paddy or field for irrigation,Simplified,"('土', '当')","['小', '土', '彐']"
堿,12,32.9,salty,Both,"('土', '咸')","['土', '厂', '戈', '一', '口']"
墟,14,32.12,high mound; hilly countryside; wasteland,Both,"('土', '虚')","['虍', '土', '八', '一']"
塼,14,32.11,brick,Traditional,"('土', '專')","['土', '丨', '寸', '十', '日']"
城,9,32.6,"castle; city, town; municipality",Both,"('土', '成')","['一', '土', '戈', '丿']"
墫,15,32.12,cup,Both,"('土', '尊')","['土', '寸', '八', '酉']"
垌,9,32.6,a field; used in place names,Both,"('土', '同')","['一', '土', '口', '冂']"
墳,15,32.12,"grave, mound; bulge; bulging",Traditional,"('土', '賁')","['土', '艸', '十', '貝']"
坩,8,32.5,"earthenware, earthenware vessel",Both,"('土', '甘')","['土', '甘']"
墁,14,32.11,to plaster; to pave,Both,"('土', '曼')","['日', '土', '网', '又']"
墺,15,32.13,four walls,Both,"('土', '奧')","['宀', '土', '大', '米']"
缄,12,120'.9,"seal, close; bind; letter",Simplified,"('纟', '咸')","['厂', '戈', '一', '纟', '口']"
统,9,120'.6,"govern, command, control; unite",Simplified,"('纟', '充')","['厶', '亠', '纟', '儿']"
缝,13,120'.10,"sew, mend",Simplified,"('纟', '逢')","['二', '夂', '丨', '一', '纟', '辵']"
緪,15,120.9,a rope,Traditional,"('糹', '恆')","['心', '丿', '丶', '糸', '一']"
绤,10,120'.7,cloth,Simplified,"('纟', '谷')","['纟', '谷']"
綏,13,120.7,"soothe, appease, pacify; carriage harness",Traditional,"('糹', '妥')","['女', '糸', '爪']"
紡,10,120.4,"spin, reel, weave; reeled pongee",Traditional,"('糹', '方')","['糸', '方']"
繲,19,120.13,"to work as a tailor, and do washing-for a living",Traditional,"('糹', '解')","['牛', '角', '刀', '糸']"
纓,23,120.17,"a chin strap, tassel; to annoy, bother",Traditional,"('糹', '嬰')","['女', '貝', '糸']"
绻,11,120'.8,"affectionate, solicitous",Simplified,"('纟', '卷')","['二', '八', '丨', '纟', '乙']"
縹,17,120.11,light blue silk; dim; misty,Traditional,"('糹', '票')","['襾', '糸', '示']"
絖,12,120.6,fine silks; floss,Traditional,"('糹', '光')","['一', '糸', '小', '儿']"
練,15,120.9,"practice, drill, exercise, train",Traditional,"('糹', '東')","['八', '丨', '木', '糸', '口']"
絕,12,120.6,"cut, sever, break off, terminate",Traditional,"('糸', '力巴')","['刀', '丨', '糸', '乙']"
纺,7,120'.4,"spin, reel, weave; reeled pongee",Simplified,"('纟', '方')","['纟', '方']"
絺,13,120.7,fine linen; fine hemp fiber,Traditional,"('糹', '希')","['一', '丿', '糸', '巾']"
绡,10,120'.7,raw silk fabric,Simplified,"('纟', '肖')","['月', '纟', '小']"
綝,14,120.8,"to stop; adjusted, in order",Traditional,"('糹', '林')","['糸', '木']"
編,15,120.9,"knit, weave; arrange; compile",Traditional,"('糹', '扁')","['户', '糸', '艸', '冂']"
綦,14,120.8,dark grey. variegated. superlative,Both,"('其', '糸')","['一', '甘', '八', '糸']"
缵,19,120'.16,"continue, carry on, succeed",Simplified,"('纟', '赞')","['贝', '纟', '牛', '儿']"
绹,11,120'.8,"to braid, twist; twisted or braided",Simplified,"('纟', '匋')","['勹', '纟', '缶']"
織,18,120.12,"weave, knit; organize, unite",Traditional,"('糸', '戠')","['戈', '糸', '音']"
緋,14,120.8,"scarlet, dark red, crimson; purple",Traditional,"('糹', '非')","['糸', '非']"
綂,13,120.7,"govern, command, control; unite",Both,"('糸', '𠑽')","['亠', '糸', '口', '儿']"
纱,7,120'.4,"gauze, thin silk; yarn, thread",Simplified,"('纟', '少')","['丿', '纟', '小']"
经,8,120'.5,classic works; pass through,Simplified,"('纟', '𢀖')","['纟', '工']"
締,15,120.9,"tie, join, connect; connection",Traditional,"('糹', '帝')","['八', '巾', '糸', '冖', '亠']"
紅,9,120.3,"red, vermillion; blush, flush",Traditional,"('糹', '工')","['糸', '工']"
素,10,120.4,white (silk); plain; vegetarian; formerly; normally,Both,"('龶', '糸')","['一', '土', '糸']"
绶,11,120'.8,silk ribbon attached as a seal,Simplified,"('纟', '受')","['冖', '又', '纟', '爪']"
繪,19,120.13,"draw, sketch, paint",Traditional,"('糹', '會')","['人', '八', '丨', '糸', '日', '一', '口']"
繍,17,120.11,embroider; embroidery; ornament,Unknown,"('糹', '粛')","['人', '聿', '木', '糸']"
缅,12,120'.9,"distant, remote; think of",Simplified,"('纟', '面')","['纟', '面']"
紐,10,120.4,"knot; button; handle, knob; tie",Traditional,"('糹', '丑')","['二', '刀', '糸']"
緙,15,120.9,the woof of a woven item,Traditional,"('糹', '革')","['糸', '革']"
绥,10,120'.7,"soothe, appease, pacify",Simplified,"('纟', '妥')","['女', '纟', '爪']"
絻,13,120.7,mourning,Traditional,"('糹', '免')","['乙', '刀', '丨', '糸', '口']"
绦,10,120'.7,"silk cord, ribbon",Simplified,"('纟', '条')","['小', '十', '纟', '夂']"
缋,12,120'.9,"draw, sketch, paint",Simplified,"('纟', '贵')","['丨', '贝', '一', '纟', '口']"
紈,9,120.3,"white silk, fine silk; gauze",Traditional,"('糹', '丸')","['丿', '丶', '糸']"
緄,14,120.8,cord; woven belt; hem; hemming,Traditional,"('糹', '昆')","['日', '糸', '比']"
绯,11,120'.8,"scarlet, dark red, crimson; purple",Simplified,"('纟', '非')","['纟', '非']"
繿,20,120.14,(same as 襤) clothes without hem; ragged garments; sloppily dressed,Traditional,"('糹', '監')","['丿', '丶', '糸', '臣', '皿', '一']"
缫,14,120'.11,"draw, reel",Simplified,"('纟', '巢')","['木', '田', '纟', '川']"
缩,14,120'.11,"contract, draw in, reduce",Simplified,"('纟', '宿')","['人', '宀', '一', '白', '纟']"
繁,17,120.11,"complicated, complex, difficult",Both,"('敏', '糸')","['丿', '糸', '毋', '一', '攴']"
缊,12,120'.9,"tangled hemp, raveled silk; vague, confused",Simplified,"('纟', '昷')","['日', '皿', '纟']"
纾,7,120'.4,"loosen, relax, relieve; extricate",Simplified,"('纟', '予')","['纟', '亅', '乙']"
縁,15,120.9,hem,Both,"('糸', '彖')","['勹', '糸', '彐']"
缙,13,120'.10,red silk,Simplified,"('纟', '晋')","['日', '一', '八', '纟']"
缡,13,120'.10,a bridal veil; to tie; to bind,Simplified,"('纟', '离')","['丿', '凵', '禸', '亠', '纟']"
绐,8,120'.5,"cheat, fool, pretend",Simplified,"('纟', '台')","['厶', '纟', '口']"
絮,12,120.6,"waste cotton, raw silk or cotton",Both,"('如', '糸')","['女', '糸', '口']"
缱,16,120'.13,"attached to, inseparable; entangled",Simplified,"('纟', '遣')","['丨', '一', '己', '纟', '口', '辵']"
缐,12,120'.9,"thread, line, wire; clue",Simplified,"('纟', '泉')","['水', '白', '纟']"
绗,9,120'.6,baste,Simplified,"('纟', '行')","['纟', '行']"
緬,15,120.9,"distant, remote; think of",Traditional,"('糹', '面')","['糸', '面']"
繞,18,120.12,entwine; wind around; surround,Traditional,"('糹', '堯')","['土', '一', '糸', '儿']"
绎,8,120'.5,to unravel or unreel silk; to interpret,Simplified,"('纟', '𠬤')","['二', '丨', '又', '纟']"
繴,19,120.13,a kind of fishing-net,Both,"('辟', '糸')","['尸', '糸', '辛', '口']"
纎,21,120.15,"fine, delicate; minute; graceful",Both,"('糹', '韯')","['土', '戈', '糸', '韭']"
絡,12,120.6,"enmesh, wrap around; web, net",Traditional,"('糹', '各')","['口', '糸', '夂']"
紃,9,120.3,a cord,Traditional,"('糹', '川')","['川', '糸']"
索,10,120.4,"large rope, cable; rules, laws; to demand, to exact; to search, inquire; isolated",Both,"('十', '糸')","['冖', '十', '糸']"
緫,15,120.9,"collect; overall, altogether",Traditional,"('糹', '怱')","['勹', '丶', '糸', '心']"
缆,12,120'.9,"hawser, heavy-duty rope, cable",Simplified,"('纟', '览')","['丿', '丶', '丨', '见', '一', '纟']"
繄,17,120.11,"be; particle; sigh, alas",Both,"('殹', '糸')","['匚', '糸', '殳', '矢']"
絝,12,120.6,trousers; breeches leggings; drawers,Traditional,"('糹', '夸')","['二', '大', '糸']"
缪,14,120'.11,"wind around, bind; prepare",Simplified,"('纟', '翏')","['人', '羽', '彡', '纟']"
繢,18,120.12,"draw, sketch, paint",Traditional,"('糹', '貴')","['丨', '糸', '貝', '一', '口']"
經,13,120.7,classic works; pass through,Traditional,"('糹', '巠')","['一', '川', '糸', '工']"
紥,10,120.4,"tie, fasten, bind",Both,"('扎', '糸')","['糸', '手', '乙']"
絶,12,120.6,cut,Traditional,"('糹', '色')","['色', '糸']"
縫,16,120.11,"sew, mend",Traditional,"('糸', '逢')","['二', '夂', '丨', '糸', '一', '辵']"
緱,15,120.9,cord binding on hilt of sword,Traditional,"('糹', '侯')","['人', '糸', '矢']"
綪,14,120.8,dark red,Traditional,"('糹', '青')","['青', '糸']"
綄,13,120.7,to hate; crimson; to thread,Traditional,"('糹', '完')","['宀', '二', '糸', '儿']"
緶,15,120.9,"hem; plait, braid, queue",Traditional,"('糹', '便')","['人', '丿', '丨', '糸', '日', '一']"
絞,12,120.6,"twist, wring; intertwine; winch",Traditional,"('糹', '交')","['丿', '亠', '八', '糸']"
綹,14,120.8,"skein; tuft, lock; wrinkle",Traditional,"('糹', '咎')","['口', '糸', '卜', '夂']"
綫,14,120.8,"line, thread, wire; clue",Traditional,"('糹', '戔')","['戈', '糸']"
綱,14,120.8,"heavy rope, hawser; main points",Traditional,"('糹', '岡')","['八', '糸', '山', '一', '冂']"
細,11,120.5,"fine, tiny; slender, thin",Traditional,"('糹', '田')","['田', '糸']"
約,9,120.3,"treaty, agreement, covenant",Traditional,"('糹', '勺')","['勹', '丶', '糸']"
纼,7,120'.4,a rope for leading cattle or horse,Simplified,"('纟', '引')","['丨', '弓', '纟']"
缌,12,120'.9,coarse cotton cloth used for mourning,Simplified,"('纟', '思')","['心', '田', '纟']"
繋,17,120.13,"attach, connect, unite, fasten",Unknown,"('軗', '糸')","['車', '糸', '殳']"
組,11,120.5,"class; section, department",Traditional,"('糹', '且')","['月', '一', '糸']"
组,8,120'.5,"class; section, department",Simplified,"('纟', '且')","['月', '一', '纟']"
絛,12,120.7,"silk braid, sash",Traditional,"('攸', '糸')","['人', '丨', '糸', '夂']"
縐,16,120.10,"crepe, crape, wrinkles, creases",Traditional,"('糹', '芻')","['勹', '糸', '艸']"
縉,16,120.10,red silk,Traditional,"('糹', '晉')","['日', '一', '糸', '八']"
緜,15,120.9,"cotton wad; wool; soft, downy",Both,"('白巾', '系')","['白', '糸', '巾']"
缯,15,120'.12,silk fabrics; surname,Simplified,"('纟', '曾')","['八', '丨', '日', '纟', '口']"
练,8,120'.5,"to practice, drill, exercise, train",Simplified,"('纟', '𫠣')","['一', '八', '纟', '乙']"
緒,14,120.8,end of thread; thread,Traditional,"('糹', '者')","['日', '糸', '老']"
綞,14,120.8,a kind of thin silk,Traditional,"('糹', '垂')","['十', '糸', '艸', '士']"
縋,15,120.10,climb down rope; hang by rope,Traditional,"('糹', '追')","['丶', '糸', '己', '辵']"
縄,15,120.9,"rope, string, cord; control",Unknown,"('糸', '𤰶')","['丨', '糸', '田', '日', '乙']"
繰,19,120.13,to reel silk from cocoons,Traditional,"('糹', '喿')","['木', '糸', '口']"
紊,10,120.4,"confused, disorder",Both,"('文', '糸')","['文', '糸']"
絢,12,120.6,"variegated, adorned; brilliant",Traditional,"('糹', '旬')","['勹', '糸', '日']"
繭,18,120.13,"cocoon; callus, blister",Traditional,"('艹巾', '糸虫')","['虫', '丨', '糸', '艸', '冂']"
繆,17,120.11,"wind around, bind; prepare",Traditional,"('糹', '翏')","['人', '羽', '糸', '彡']"
絸,13,120.7,"cocoon; callus, blister",Traditional,"('糹', '見')","['糸', '見']"
繃,17,120.11,"bind, draw firmly, strap",Traditional,"('糹', '崩')","['月', '山', '糸']"
縶,17,120.11,"confine, tie up; imprison, shackle",Traditional,"('執', '糸')","['土', '丶', '丿', '八', '干', '糸']"
縒,15,120.10,to twist,Traditional,"('糹', '差')","['羊', '糸', '工']"
绅,8,120'.5,"girdle; tie, bind; gentry",Simplified,"('纟', '申')","['日', '丨', '纟']"
納,10,120.4,"admit, take, receive, accept",Traditional,"('糹', '内')","['人', '糸', '冂']"
緞,15,120.9,satin,Traditional,"('糹', '段')","['丨', '糸', '殳']"
紟,10,120.4,a sash; to tie,Traditional,"('糹', '今')","['人', '丶', '糸']"
緁,14,120.8,"to join, to splice, to braid",Traditional,"('糹', '疌')","['十', '聿', '糸', '止']"
綴,14,120.8,"patch together, link, connect",Traditional,"('糹', '叕')","['又', '糸']"
绚,9,120'.6,"variegated, adorned; brilliant",Simplified,"('纟', '旬')","['勹', '纟', '日']"
繾,19,120.14,"attached to, inseparable; entangled",Traditional,"('糹', '遣')","['丨', '糸', '一', '己', '口', '辵']"
縴,17,120.11,tow line,Traditional,"('糹', '牽')","['冖', '玄', '牛', '糸']"
緍,14,120.8,(variant of 緡) a fishing-line; cord; string of coins; a paper or straw string,Traditional,"('糹', '昏')","['日', '氏', '糸']"
綈,13,120.7,"coarse pongee, kind of heavy silk",Traditional,"('糹', '弟')","['八', '丨', '弓', '糸']"
紙,10,120.4,paper,Traditional,"('糹', '氏')","['氏', '糸']"
緹,15,120.9,"reddish color, red, brown",Traditional,"('糹', '是')","['日', '一', '糸', '止']"
紺,11,120.5,dark blue or reddish color,Traditional,"('糹', '甘')","['甘', '糸']"
绠,10,120'.7,well rope,Simplified,"('纟', '更')","['丿', '丨', '日', '一', '纟']"
绱,11,120'.8,the piece of leather used for soles on Chinese shoes; a patch,Simplified,"('纟', '尚')","['小', '口', '纟', '冂']"
纪,6,120'.3,"record, annal, historical account",Simplified,"('纟', '己')","['己', '纟']"
縑,16,120.10,fine silk,Traditional,"('糹', '兼')","['一', '八', '糸', '彐']"
纨,6,120'.3,"white silk, fine silk; gauze",Simplified,"('纟', '丸')","['丿', '丶', '纟']"
缉,12,120'.9,to sew in close stitches,Simplified,"('纟', '咠')","['耳', '纟', '口']"
縈,16,120.10,"entangle, entwine, coil",Traditional,"('炏', '糸')","['冖', '火', '糸']"
継,13,120.7,"continue, maintain, carry on",Unknown,"('糸', '乚米')","['糸', '米']"
纛,25,120.19,"a banner, a streamer",Both,"('毒', '縣')","['土', '糸', '目', '毋', '小', '一']"
線,15,120.9,"thread, line, wire; clue",Traditional,"('糹', '泉')","['糸', '白', '水']"
繖,18,120.12,"umbrella, parasol, parachute",Traditional,"('糹', '散')","['糸', '月', '一', '艸', '攴']"
缠,13,120'.10,"wrap, wind around; tie, bind",Simplified,"('纟', '㢆')","['广', '里', '纟']"
繀,17,120.11,reeling device on spinning wheel,Traditional,"('糹', '崔')","['隹', '山', '糸']"
紮,11,120.5,"tie, fasten, bind",Both,"('札', '糸')","['木', '糸', '乙']"
絿,13,120.7,urgent,Traditional,"('糹', '求')","['丿', '丶', '水', '糸', '一']"
緑,14,120.8,green; chlorine,Traditional,"('糹', '录')","['糸', '水', '彐']"
纠,5,120'.2,"investigate, inspect",Simplified,"('纟', '丩')","['丨', '纟']"
绕,9,120'.6,entwine; wind around; surround,Simplified,"('纟', '尧')","['一', '纟', '儿']"
紉,9,120.3,"thread needle, sew stitch, string",Traditional,"('糹', '刃')","['刀', '糸', '丶']"
綰,14,120.8,"to string together, to bind up",Traditional,"('糹', '官')","['宀', '糸', '己']"
绵,11,120'.8,"cotton wad; wool; soft, downy",Simplified,"('纟', '帛')","['白', '纟', '巾']"
缔,12,120'.9,"tie, join, connect; connection",Simplified,"('纟', '帝')","['八', '巾', '冖', '亠', '纟']"
缜,13,120'.10,"detailed, fine; closely woven",Simplified,"('纟', '真')","['八', '十', '目', '一', '纟']"
繊,17,120.11,"fine, delicate; minute; graceful",Unknown,"('糸', '十戈业')","['土', '八', '糸', '戈', '一']"
纥,6,120'.3,"inferior silk; tassel, fringe",Simplified,"('纟', '乞')","['一', '丿', '纟', '乙']"
縰,17,120.11,band for the hair,Traditional,"('糹', '徙')","['止', '彳', '糸']"
縞,16,120.10,white raw silk,Traditional,"('糹', '高')","['糸', '高']"
絚,12,120.6,a rope,Traditional,"('糹', '亙')","['丿', '一', '丶', '糸']"
縢,16,120.10,"bind, tie up, restrain; cord",Both,"('月', '絭')","['二', '八', '丨', '糸', '月']"
綉,13,120.7,embroider; embroidery; ornament,Traditional,"('糹', '秀')","['禾', '丿', '糸']"
綻,14,120.8,"ripped seam, rend, crack",Traditional,"('糹', '定')","['宀', '一', '糸', '止']"
给,9,120'.6,"give; by, for",Simplified,"('纟', '合')","['一', '人', '纟', '口']"
絽,12,120.7,a silk gauze,Traditional,"('糹', '呂')","['糸', '口']"
糾,8,120.2,"investigate, inspect",Traditional,"('糹', '丩')","['丨', '糸']"
纰,7,120'.4,spoiled silk; hem of dress; mista,Simplified,"('纟', '比')","['比', '纟']"
繦,18,120.13,string of copper coins; swaddling,Both,"('糹', '强')","['虫', '弓', '糸', '口']"
網,14,120.8,"net, web; network",Traditional,"('糹', '罔')","['丶', '八', '匸', '糸', '一', '冂']"
緖,15,120.9,"end of thread; thread, clue",Both,"('糸', '者')","['白', '糸', '老']"
紖,10,120.4,a rope for leading cattle or horse,Traditional,"('糹', '引')","['丨', '弓', '糸']"
緣,15,120.9,"hem, margin; reason, cause; karma, fate",Traditional,"('糹', '彖')","['勹', '糸', '彐']"
绿,11,120'.8,green; chlorine,Simplified,"('纟', '录')","['水', '纟', '彐']"
絪,12,120.6,matting; coverlet; cloudy,Traditional,"('糹', '因')","['囗', '大', '糸']"
綮,14,120.8,embroidered banner,Both,"('𢼄', '糸')","['户', '糸', '攴']"
红,6,120'.3,"red, vermillion; blush, flush",Simplified,"('纟', '工')","['纟', '工']"
綅,13,120.7,thread,Traditional,"('糸', '𠬶')","['冖', '又', '糸', '彐']"
綆,13,120.7,well rope,Traditional,"('糹', '更')","['丿', '丨', '糸', '日', '一']"
缟,13,120'.10,white raw silk,Simplified,"('纟', '高')","['纟', '高']"
縇,15,120.9,decoration,Unknown,"('糹', '宣')","['宀', '一', '糸', '日']"
紳,11,120.5,"girdle; tie, bind; gentry",Traditional,"('糹', '申')","['日', '丨', '糸']"
緘,15,120.9,"seal, close; bind; letter",Traditional,"('糹', '咸')","['糸', '厂', '戈', '一', '口']"
繽,20,120.14,"flourishing, thriving, abundant",Traditional,"('糹', '賓')","['丿', '糸', '貝', '小', '宀', '一']"
繤,17,120.12,edit,Unknown,"('莫', '糸')","['目', '艸', '大', '糸']"
綽,14,120.8,"graceful, delicate; spacious",Traditional,"('糹', '卓')","['日', '十', '糸', '卜']"
縳,17,120.11,wrap,Traditional,"('糹', '專')","['丨', '糸', '寸', '十', '日']"
紩,11,120.5,to sew,Traditional,"('糹', '失')","['人', '糸', '二']"
综,11,120'.8,arrange threads for weaving,Simplified,"('纟', '宗')","['宀', '纟', '示']"
綖,12,120.7,the hanging flap in the front of a hat,Traditional,"('糹', '延')","['止', '廴', '糸']"
绽,11,120'.8,"ripped seam, rend, crack",Simplified,"('纟', '定')","['宀', '一', '纟', '止']"
縕,16,120.10,"tangled hemp, raveled silk; vague, confused",Traditional,"('糸', '𥁕')","['囗', '糸', '皿', '人']"
繫,19,120.13,"attach, connect, unite, fasten",Traditional,"('𣪠', '糸')","['車', '山', '糸', '殳']"
縆,15,120.9,a rope,Both,"('糹', '恒')","['日', '一', '糸', '心']"
繩,19,120.13,"rope, string, cord; measure, restrain",Traditional,"('糹', '黽')","['黽', '糸']"
紂,9,120.3,royal name; saddle crupper,Traditional,"('糹', '寸')","['糸', '寸']"
績,17,120.11,spin; achievements,Traditional,"('糹', '責')","['土', '貝', '糸', '一']"
紘,10,120.4,"string; vast, expansive",Traditional,"('糹', '厷')","['丿', '厶', '糸', '一']"
纕,23,120.17,belt,Traditional,"('糹', '襄')","['二', '糸', '衣', '一', '口']"
缮,15,120'.12,"repair, mend; rewrite, transcribe",Simplified,"('纟', '善')","['八', '羊', '一', '纟', '口']"
纖,23,120.17,"fine, delicate; minute; graceful",Traditional,"('糹', '韱')","['人', '戈', '糸', '韭']"
纇,21,120.15,"knot; blemish, flaw, wicked",Traditional,"('絭', '頁')","['頁', '糸', '米']"
續,21,120.15,"continue, carry on; succeed",Traditional,"('糹', '賣')","['貝', '网', '糸', '士']"
繅,17,120.11,"draw, reel silk from cocoons; elegant compositions",Traditional,"('糹', '巢')","['川', '糸', '田', '木']"
纍,21,120.15,"bind, wind about; link, join",Traditional,"('畾', '糸')","['糸', '田']"
繑,18,120.12,to wind (as a spring),Traditional,"('糹', '喬')","['冂', '大', '糸', '口']"
纡,6,120'.3,"bend, turn, twist; distort",Simplified,"('纟', '于')","['干', '纟', '亅']"
绑,9,120'.6,"bind, tie, fasten",Simplified,"('纟', '邦')","['二', '丨', '阝', '一', '纟']"
緩,15,120.9,"slow, leisurely; to postpone, delay",Traditional,"('糸', '爰')","['又', '爪', '干', '糸', '亅']"
縗,16,120.10,sackcloth worn on breast during,Traditional,"('糹', '衰')","['一', '囗', '衣', '糸']"
縛,16,120.10,to tie,Traditional,"('糹', '尃')","['丶', '糸', '寸', '用', '十']"
緡,15,120.9,a fishing-line; cord; string of coins; a paper or straw string,Traditional,"('糹', '昬')","['日', '一', '糸', '己']"
縊,16,120.10,"hang, strangle",Traditional,"('糹', '益')","['一', '八', '糸', '皿']"
缨,14,120'.11,"a chin strap; tassel; to annoy, bother",Simplified,"('纟', '婴')","['女', '纟']"
缓,12,120'.9,"slow, leisurely; to postpone, delay",Simplified,"('纟', '爰')","['干', '又', '纟', '爪']"
线,8,120'.5,"line, thread, wire; clue",Simplified,"('纟', '戋')","['一', '戈', '纟']"
緇,14,120.8,black silk,Traditional,"('糹', '甾')","['川', '田', '糸']"
繇,17,120.11,"reason, cause",Both,"('䍃', '系')","['缶', '糸', '爪']"
缤,13,120'.10,"flourishing, thriving, abundant",Simplified,"('纟', '宾')","['斤', '八', '宀', '一', '纟']"
絜,12,120.6,"a marking line; ascertain, assess; measure",Both,"('㓞', '糸')","['二', '刀', '丨', '糸', '一']"
縣,16,120.10,"county, district, subdivision",Traditional,"('県', '系')","['一', '目', '糸', '小']"
紛,10,120.4,"in disorder, scattered, tangled",Traditional,"('糹', '分')","['刀', '八', '糸']"
绁,8,120'.5,"to contract, draw in, reduce, shorten",Simplified,"('纟', '世')","['廾', '纟']"
綜,14,120.8,arrange threads for weaving,Traditional,"('糹', '宗')","['宀', '糸', '示']"
紽,11,120.5,a strand of silk,Traditional,"('糹', '它')","['宀', '匕', '糸']"
纈,21,120.15,patterned silk; tie knot,Traditional,"('糹', '頡')","['頁', '糸', '口', '士']"
繐,18,120.12,fine cloth,Traditional,"('糹', '惠')","['心', '丨', '糸', '十', '日']"
续,11,120'.8,"continue, carry on; succeed",Simplified,"('纟', '卖')","['丶', '大', '十', '纟', '乙']"
绋,8,120'.5,large rope; rope attached to bier,Simplified,"('纟', '弗')","['弓', '纟']"
纷,7,120'.4,"in disorder, scattered, tangled",Simplified,"('纟', '分')","['刀', '八', '纟']"
緗,15,120.9,light-yellow color,Traditional,"('糹', '相')","['目', '木', '糸']"
缕,12,120'.9,"thread; detailed, precise",Simplified,"('纟', '娄')","['女', '米', '纟']"
繸,18,120.13,hem or border of a garment; tassel,Traditional,"('糹', '遂')","['八', '豕', '糸', '辵']"
系,7,120.1,"system; line, link, connection",Both,"('丿', '糸')",['糸']
緎,14,120.8,seam,Traditional,"('糹', '或')","['一', '戈', '糸', '口']"
缧,14,120'.11,a chain or rope used bind criminals,Simplified,"('纟', '累')","['糸', '田', '纟']"
纩,6,120'.3,cotton; silk,Simplified,"('纟', '广')","['广', '纟']"
絨,12,120.6,"silk, cotton, or woolen fabric",Traditional,"('糹', '戎')","['一', '丿', '戈', '糸']"
纔,23,120.17,"talent, ability; just, only",Traditional,"('糹', '毚')","['丶', '乙', '刀', '丨', '糸', '比', '口']"
缒,12,120'.9,climb down rope; hang by rope,Simplified,"('纟', '追')","['丶', '己', '纟', '辵']"
绀,8,120'.5,dark blue or reddish color,Simplified,"('纟', '甘')","['甘', '纟']"
绳,11,120'.8,"rope, string, cord; control",Simplified,"('纟', '黾')","['黾', '纟']"
紀,9,120.3,"record, annal, historical account",Traditional,"('糹', '己')","['己', '糸']"
綀,13,120.7,a kind of sackcloth,Traditional,"('糹', '束')","['木', '糸', '口']"
级,6,120'.3,"level, rank, class; grade",Simplified,"('纟', '及')","['丿', '纟']"
繠,18,120.12,hang,Both,"('惢', '糸')","['心', '糸']"
紲,11,120.5,bridle; halter,Traditional,"('糹', '世')","['糸', '廾']"
縮,17,120.11,"contract, draw in, reduce",Traditional,"('糹', '宿')","['人', '糸', '宀', '一', '白']"
綐,13,120.7,a kind of fine silk fabric,Traditional,"('糹', '兌')","['糸', '八', '口', '儿']"
绊,8,120'.5,"loop, catch; fetter, shackle",Simplified,"('纟', '半')","['二', '丨', '八', '纟']"
繈,17,120.12,string of copper coins; swaddling clothes,Traditional,"('糹', '強')","['厶', '糸', '弓', '虫']"
繙,18,120.12,"to interpret; to flap, flutter in the wind",Traditional,"('糹', '番')","['田', '糸', '釆']"
织,8,120'.5,"weave, knit; organize, unite",Simplified,"('纟', '只')","['八', '纟', '口']"
绫,11,120'.8,"thin silk, damask silk",Simplified,"('纟', '夌')","['土', '八', '纟', '夂']"
綢,14,120.8,"silk cloth, satin damask",Traditional,"('糹', '周')","['田', '糸', '口']"
繕,18,120.12,"repair, mend; rewrite, transcribe",Traditional,"('糹', '善')","['八', '羊', '糸', '一', '口']"
繻,20,120.14,fine silk gauze; torn piece of silk,Traditional,"('糹', '需')","['而', '糸', '雨']"
紜,10,120.4,"confused, in disorder; numerous",Traditional,"('糹', '云')","['二', '糸', '厶']"
绂,8,120'.5,ribbon or cord used attach ornaments,Simplified,"('纟', '犮')","['丿', '丶', '又', '一', '纟']"
綑,13,120.7,"coil, roll, bundle, tie up",Both,"('糹', '困')","['囗', '木', '糸']"
绢,10,120'.7,kind of thick stiff silk,Simplified,"('纟', '肙')","['月', '纟', '口']"
絣,12,120.6,to baste for sewing; to connect,Traditional,"('糹', '并')","['一', '八', '廾', '糸']"
緤,15,120.9,cord,Traditional,"('糹', '枼')","['廾', '木', '糸']"
纒,22,120.16,"wrap, wind around; tie, bind",Unknown,"('糸', '㕓')","['土', '火', '广', '糸', '里']"
缛,13,120'.10,"decorative, adorned, elegant",Simplified,"('纟', '辱')","['寸', '辰', '纟']"
紾,11,120.5,turns or twist; a switch,Traditional,"('糹', '㐱')","['人', '糸', '彡']"
緵,15,120.9,net,Traditional,"('糸', '㚇')","['丿', '凵', '八', '夂', '糸']"
繹,19,120.13,"to unravel or unreel silk; to interpret, explain",Traditional,"('糹', '睪')","['土', '八', '干', '糸', '网']"
绝,9,120'.6,"to cut, sever, break off, terminate",Simplified,"('纟', '色')","['色', '纟']"
総,14,120.8,"collect; overall, altogether",Traditional,"('糹', '忩')","['心', '厶', '八', '糸']"
緲,15,120.9,"indistinct, dim; minute; distant",Traditional,"('糹', '眇')","['丿', '目', '糸', '小']"
紑,10,120.4,fresh,Traditional,"('糹', '不')","['丿', '一', '糸', '卜']"
纫,6,120'.3,"thread needle, sew stitch, string",Simplified,"('纟', '刃')","['刀', '纟', '丶']"
缞,13,120'.10,sackcloth worn on breast during,Simplified,"('纟', '衰')","['一', '囗', '衣', '纟']"
糺,7,120.1,to collaborate; to band together,Traditional,"('糸', '乚')","['糸', '乙']"
繒,18,120.12,silk fabrics; surname,Traditional,"('糹', '曾')","['八', '丨', '糸', '日', '口']"
縚,16,120.10,band,Traditional,"('糹', '舀')","['臼', '糸', '爪']"
繨,18,120.13,a knot (of a rope),Traditional,"('糹', '達')","['羊', '土', '糸', '辵']"
縟,16,120.10,"decorative, adorned, elegant",Traditional,"('糹', '辱')","['糸', '辰', '寸']"
緊,14,120.8,"tense, tight, taut; firm, secure",Traditional,"('臤', '糸')","['又', '糸', '臣']"
缎,12,120'.9,satin,Simplified,"('纟', '段')","['丨', '纟', '殳']"
缂,12,120'.9,the woof of a woven item,Simplified,"('纟', '革')","['纟', '革']"
綳,14,120.8,a cloth to carry an infant on the back; to tie; to bind,Traditional,"('糹', '朋')","['月', '糸']"
縡,16,120.10,"matter, affair",Traditional,"('糹', '宰')","['宀', '糸', '辛']"
绖,9,120'.6,white hempen cloth worn by mourners,Simplified,"('纟', '至')","['至', '纟']"
终,8,120'.5,"end; finally, in the end",Simplified,"('纟', '冬')","['丶', '纟', '夂']"
絳,12,120.6,deep red; river in Shanxi province,Traditional,"('糸', '夅')","['十', '丨', '糸', '夂']"
纳,7,120'.4,"admit, take, receive, accept",Simplified,"('纟', '内')","['人', '纟', '冂']"
绉,8,120'.5,"crepe, crape, wrinkles, creases",Simplified,"('纟', '刍')","['刀', '纟', '彐']"
纆,21,120.15,cord,Traditional,"('糹', '墨')","['土', '黑', '糸']"
綿,14,120.8,"cotton wad; wool; soft, downy",Traditional,"('糹', '帛')","['白', '糸', '巾']"
绩,11,120'.8,spin; achievements,Simplified,"('纟', '责')","['一', '土', '贝', '纟']"
纚,25,120.19,long; dangling; kerchief; rope,Traditional,"('糹', '麗')","['一', '鹿', '糸']"
紫,12,120.5,"purple, violet; amethyst; surname",Both,"('此', '糸')","['止', '匕', '糸']"
紞,10,120.4,a fringe,Traditional,"('糹', '冘')","['糸', '乙', '巾']"
緃,14,120.8,"perpendicular, erect",Both,"('糸', '从止')","['人', '糸', '止']"
缏,12,120'.9,"hem; plait, braid, queue",Simplified,"('纟', '便')","['人', '丿', '丨', '日', '一', '纟']"
纴,7,120'.4,"weave, lay warp",Simplified,"('纟', '壬')","['纟', '士']"
縓,16,120.10,orange or reddish-yellow silk,Traditional,"('糹', '原')","['糸', '白', '厂', '小']"
缍,11,120'.9,a kind of thin silk,Simplified,"('纟', '垂')","['十', '艸', '纟', '士']"
繯,19,120.13,"noose; death by hanging; tie, bind",Traditional,"('糹', '睘')","['一', '网', '糸', '口']"
絆,11,120.5,"loop, catch; fetter, shackle",Traditional,"('糹', '半')","['二', '丨', '糸', '八']"
縻,17,120.11,"halter for ox; tie up, harness",Both,"('麻', '糸')","['糸', '麻']"
紋,10,120.4,"line, streak, stripe; wrinkle",Traditional,"('糹', '文')","['文', '糸']"
绣,10,120'.7,embroider; embroidery; ornament,Simplified,"('纟', '秀')","['禾', '丿', '纟']"
绺,11,120'.8,"skein; tuft, lock; wrinkle",Simplified,"('纟', '咎')","['卜', '口', '纟', '夂']"
绍,8,120'.5,"continue, carry on; join",Simplified,"('纟', '召')","['刀', '纟', '口']"
繮,19,120.13,"reins, bridle",Traditional,"('糸', '畺')","['田', '一', '糸', '二']"
纤,6,120'.3,"fine, delicate; minute; graceful",Simplified,"('纟', '千')","['十', '纟']"
縭,16,120.11,a bridal veil; to tie; to bind,Traditional,"('糹', '离')","['丿', '凵', '禸', '糸', '亠']"
紵,11,120.5,ramie; sack cloth,Traditional,"('糹', '宁')","['宀', '一', '糸', '亅']"
绾,11,120'.8,"to string together, to bind up",Simplified,"('纟', '官')","['宀', '己', '纟']"
缦,14,120'.11,"plain silk; simple, plain",Simplified,"('纟', '曼')","['日', '网', '又', '纟']"
绒,9,120'.6,"silk, cotton, or woolen fabric",Simplified,"('纟', '戎')","['一', '丿', '戈', '纟']"
缁,11,120'.8,black silk,Simplified,"('纟', '甾')","['川', '田', '纟']"
縍,16,120.10,to bind (shoes),Traditional,"('糹', '旁')","['八', '糸', '冖', '亠', '方']"
縦,16,120.10,"indulge in, give free reign to",Unknown,"('糹', '従')","['止', '八', '彳', '糸', '一']"
終,11,120.5,"end; finally, in the end",Traditional,"('糹', '冬')","['丶', '糸', '夂']"
緻,16,120.9,"delicate, fine; dense",Traditional,"('糹', '致')","['糸', '至', '攴']"
绷,11,120'.8,"bind, draw firmly, strap",Simplified,"('纟', '朋')","['月', '纟']"
绲,11,120'.8,cord; woven belt; hem; hemming,Simplified,"('纟', '昆')","['日', '比', '纟']"
絹,13,120.7,kind of thick stiff silk,Traditional,"('糹', '肙')","['月', '糸', '口']"
辮,20,160.13 120.14,"braid; pigtail, plait, queue",Traditional,"('辡', '糸')","['糸', '辛']"
綁,12,120.7,"bind, tie, fasten",Traditional,"('糹', '邦')","['二', '丨', '糸', '阝', '一']"
緯,15,120.9,woof; parallels of latitude,Traditional,"('糹', '韋')","['糸', '韋']"
缗,12,120'.9,fishing-line; cord; string of coi,Simplified,"('纟', '昬')","['日', '一', '己', '纟']"
紬,11,120.5,kind of thin silk,Traditional,"('糹', '由')","['二', '丨', '糸', '凵']"
紓,10,120.4,"loosen, relax, relieve; extricate",Traditional,"('糹', '予')","['糸', '亅', '乙']"
绌,8,120'.5,"sew, stitch; insufficient",Simplified,"('纟', '出')","['山', '纟']"
綾,14,120.8,"thin silk, damask silk",Traditional,"('糹', '夌')","['土', '八', '糸', '夂']"
綯,14,120.8,"to braid, twist; twisted or braided",Traditional,"('糹', '匋')","['勹', '糸', '缶']"
続,13,120.7,"continue, carry on; succeed",Unknown,"('糹', '売')","['冖', '儿', '糸', '士']"
繂,17,120.11,to let down slowly,Traditional,"('糹', '率')","['幺', '糸', '十', '亠', '冫']"
绘,9,120'.6,"draw, sketch, paint",Simplified,"('纟', '会')","['厶', '人', '纟', '二']"
紧,10,120.4,"tense, tight, taut; firm, secure",Simplified,"('収', '糸')","['又', '丨', '糸']"
絁,11,120.5,"rough, indelicate silk",Traditional,"('糹', '㐌')","['丿', '丨', '糸', '一', '乙']"
縺,16,120.11,"to tangle, knot, kink, get twisted; to get complicated",Traditional,"('糹', '連')","['車', '糸', '辵']"
纲,7,120'.4,"heavy rope, hawser; main points",Simplified,"('纟', '冈')","['丿', '纟', '冂']"
维,11,120'.8,"maintain, preserve, safeguard",Simplified,"('纟', '隹')","['隹', '纟']"
絍,12,120.6,to lay the warp; to weave,Traditional,"('糹', '任')","['人', '糸', '士']"
緔,14,120.8,the piece of leather used for soles on Chinese shoes; a patch,Traditional,"('糹', '尚')","['小', '口', '糸', '冂']"
綣,14,120.8,"affectionate, solicitous",Traditional,"('糹', '卷')","['二', '八', '丨', '糸', '乙']"
紝,10,120.4,"weave, lay warp",Traditional,"('糹', '王')","['糸', '士']"
紕,10,120.4,spoiled silk; hem of dress,Traditional,"('糹', '比')","['比', '糸']"
紱,11,120.5,ribbon or cord used attach ornaments,Traditional,"('糹', '犮')","['丿', '丶', '又', '糸', '一']"
絎,12,120.6,baste,Traditional,"('糹', '行')","['糸', '行']"
纽,7,120'.4,"knot; button; handle, knob; tie",Simplified,"('纟', '丑')","['二', '刀', '纟']"
絀,11,120.5,"sew, stitch; insufficient",Traditional,"('糹', '出')","['糸', '山']"
绔,9,120'.6,trousers,Simplified,"('纟', '夸')","['二', '大', '纟']"
纶,7,120'.3,green silk thread or tassel,Simplified,"('纟', '仑')","['人', '匕', '纟']"
纂,20,120.14,"edit, compile; topknot, chignon",Both,"('算', '糸')","['竹', '目', '大', '糸']"
缲,16,120'.13,to reel,Simplified,"('纟', '喿')","['木', '纟', '口']"
纯,7,120'.4,"pure, clean, simple",Simplified,"('纟', '屯')","['屮', '十', '纟', '乙']"
緅,14,120.8,silk of purplish color,Traditional,"('糹', '取')","['又', '糸', '耳']"
綵,14,120.8,varicolored silk; variegated,Traditional,"('糹', '采')","['木', '糸', '爪']"
纻,7,120'.4,ramie; sack cloth,Simplified,"('纟', '㝉')","['宀', '一', '纟']"
縲,17,120.11,a chain or rope used bind criminals,Traditional,"('糹', '累')","['田', '糸']"
绮,11,120'.8,"fine thin silk; elegant, beautiful",Simplified,"('纟', '奇')","['亅', '大', '一', '纟', '口']"
絅,11,120.5,"unlined garment, dust coat",Traditional,"('糹', '冋')","['口', '糸', '冂']"
缘,12,120'.9,"hem, margin; reason, cause; fate",Simplified,"('纟', '彖')","['勹', '纟', '彐']"
纁,20,120.14,"light red, pink",Traditional,"('糹', '熏')","['土', '火', '八', '丨', '糸', '十', '口']"
綌,13,120.7,coarse hempen cloth,Traditional,"('糹', '谷')","['糸', '谷']"
絥,12,120.6,to harness a horse a board in front of a carriage for the driver to lean on,Traditional,"('糹', '伏')","['人', '糸', '犬']"
纣,6,120'.3,name of an emperor; saddle part,Simplified,"('纟', '寸')","['寸', '纟']"
絓,12,120.6,obstructed; hindered,Traditional,"('糹', '圭')","['土', '糸']"
絃,11,120.5,string on musical instrument,Traditional,"('糹', '玄')","['玄', '糸']"
維,14,120.8,"maintain, preserve, safeguard",Traditional,"('糹', '隹')","['隹', '糸']"
缃,12,120'.9,light-yellow color,Simplified,"('纟', '相')","['目', '木', '纟']"
累,11,120.5,"tired; implicate, involve; bother",Both,"('田', '糸')","['田', '糸']"
緼,15,120.9,"(variant of 縕) tangled hemp, raveled silk; vague, confused",Both,"('糹', '昷')","['日', '皿', '糸']"
缚,13,120'.10,to tie,Simplified,"('纟', '尃')","['丶', '用', '寸', '十', '纟']"
總,17,120.11,"collect; overall, altogether",Traditional,"('糹', '悤')","['心', '丶', '夂', '糸', '囗']"
絵,12,120.6,"draw, sketch, paint",Unknown,"('糹', '会')","['人', '糸', '厶', '二']"
繚,18,120.12,"wind round, rap around, bind",Traditional,"('糸', '尞')","['八', '大', '糸', '小', '日']"
纏,21,120.15,"wrap, wind around; tie, bind",Traditional,"('糹', '廛')","['土', '八', '广', '糸', '里']"
紼,11,120.5,large rope; rope attached to bier,Traditional,"('糹', '弗')","['弓', '糸']"
约,6,120'.3,"treaty, agreement, covenant",Simplified,"('纟', '勺')","['勹', '丶', '纟']"
绪,11,120'.8,"end of thread; thread, clue",Simplified,"('纟', '者')","['日', '纟', '老']"
纮,7,120'.4,"string; vast, expansive",Simplified,"('纟', '厷')","['丿', '厶', '纟', '一']"
緉,14,120.8,a pair; an ancient unit for counting shoes,Traditional,"('糹', '兩')","['一', '糸', '入', '巾']"
绨,10,120'.7,"coarse pongee, kind of heavy silk",Simplified,"('纟', '弟')","['八', '丨', '弓', '纟']"
緌,14,120.8,tassels hanging from hat,Traditional,"('糹', '委')","['禾', '糸', '女']"
綺,14,120.8,"fine thin silk; elegant, beautiful",Traditional,"('糹', '奇')","['亅', '大', '糸', '一', '口']"
缰,16,120'.13,"reins, bridle",Simplified,"('纟', '畺')","['一', '田', '纟', '二']"
绛,9,120'.6,deep red; river in Shanxi province,Simplified,"('纟', '夅')","['十', '丨', '纟', '夂']"
縯,17,120.11,long,Traditional,"('糹', '寅')","['二', '凵', '八', '丨', '糸', '宀', '一']"
纬,7,120'.4,woof; parallels of latitude,Simplified,"('纟', '韦')","['韦', '纟']"
繳,19,120.13,"deliver, submit; hand over",Traditional,"('糹', '敫')","['攴', '白', '糸', '方']"
紇,9,120.3,"inferior silk; tassel, fringe",Traditional,"('糹', '乞')","['一', '丿', '糸', '乙']"
缢,13,120'.10,"hang, strangle",Simplified,"('纟', '益')","['一', '八', '纟', '皿']"
縿,17,120.11,streamer,Traditional,"('糹', '參')","['厶', '人', '糸', '彡']"
綬,14,120.8,silk ribbon attached as a seal,Traditional,"('糹', '受')","['冖', '又', '糸', '爪']"
綎,12,120.7,silk braided cord,Traditional,"('糹', '廷')","['廴', '糸', '士']"
緺,14,120.9,"anciently, a blue-green ribbon attached as a seal",Traditional,"('糹', '咼')","['口', '糸', '冂']"
继,10,120'.7,"continue, maintain, carry on",Simplified,"('纟', '乚米')","['米', '纟']"
缈,12,120'.9,"indistinct, dim; minute; distant",Simplified,"('纟', '眇')","['丿', '目', '纟', '小']"
绰,11,120'.8,"graceful, delicate; spacious",Simplified,"('纟', '卓')","['日', '十', '卜', '纟']"
緰,15,120.9,net,Traditional,"('糹', '俞')","['人', '刀', '糸', '月', '一']"
绞,9,120'.6,"twist, wring; intertwine; winch",Simplified,"('纟', '交')","['丿', '亠', '八', '纟']"
纹,7,120'.4,"line, streak, stripe; wrinkle",Simplified,"('纟', '文')","['文', '纟']"
繡,19,120.12,embroider; embroidery; ornament,Traditional,"('糹', '肅')","['一', '聿', '糸']"
缀,11,120'.8,"patch together, link, connect",Simplified,"('纟', '叕')","['又', '纟']"
縧,16,120.10,"silk cord, ribbon",Traditional,"('糹', '條')","['人', '夂', '丨', '糸', '十', '小']"
純,10,120.4,"pure, clean, simple",Traditional,"('糹', '屯')","['十', '糸', '屮', '乙']"
纸,7,120'.4,paper,Simplified,"('纟', '氏')","['氏', '纟']"
缥,14,120'.11,light blue silk; dim; misty,Simplified,"('纟', '票')","['襾', '纟', '示']"
绸,11,120'.8,"silk cloth, satin damask",Simplified,"('纟', '周')","['田', '纟', '口']"
結,12,120.6,"knot, tie; join, connect",Traditional,"('糹', '吉')","['糸', '口', '士']"
细,8,120'.5,"fine, tiny; slender, thin",Simplified,"('纟', '田')","['田', '纟']"
絲,12,120.6,silk; fine thread; wire; strings,Traditional,"('糹', None)",['糸']
縂,15,120.9,"collect; overall, altogether",Both,"('糹', '总')","['心', '糸', '八', '口']"
縠,16,120.10,crepe,Both,"('𣪊', '糸')","['冖', '糸', '殳', '士']"
級,9,120.4,"level, rank, class; grade",Traditional,"('糹', '及')","['丿', '糸']"
綍,13,120.7,rope,Traditional,"('糹', '孛')","['冖', '十', '糸', '子']"
給,12,120.6,"give; by, for",Traditional,"('糹', '合')","['一', '人', '糸', '口']"
纑,22,120.16,to soften hemp by boiling; thread,Traditional,"('糹', '盧')","['虍', '田', '糸', '皿']"
纘,25,120.19,"continue, carry on, succeed",Traditional,"('糹', '贊')","['貝', '糸', '牛', '儿']"
緥,15,120.9,swaddling,Both,"('糹', '保')","['人', '木', '糸', '口']"
缭,15,120'.12,"wind round, rap around, bind",Simplified,"('纟', '尞')","['八', '大', '小', '日', '纟']"
缬,15,120'.12,patterned silk; tie knot,Simplified,"('纟', '颉')","['页', '纟', '口', '士']"
络,9,120'.6,"enmesh, wrap around; web, net",Simplified,"('纟', '各')","['口', '纟', '夂']"
縝,16,120.10,"detailed, fine; closely woven",Traditional,"('糹', '眞')","['八', '糸', '十', '目', '一']"
綠,14,120.8,green; chlorine,Traditional,"('糹', '彔')","['糸', '水', '彐']"
縵,17,120.11,"plain silk; simple, plain",Traditional,"('糹', '曼')","['日', '网', '又', '糸']"
紗,10,120.4,"gauze, thin silk; yarn, thread",Traditional,"('糹', '少')","['丿', '糸', '小']"
絏,12,120.6,"rope, cable; reins; to tie up, bind",Unknown,"('糹', '曳')","['曰', '糸']"
繣,18,120.12,obstinate; perverse,Traditional,"('糹', '畫')","['一', '聿', '田', '糸']"
統,12,120.6,"govern, command, control; unite",Traditional,"('糹', '充')","['厶', '亠', '糸', '儿']"
缑,12,120'.9,cord binding on hilt of sword,Simplified,"('纟', '侯')","['人', '纟', '矢']"
縱,17,120.11,"indulge in, give free reign to",Traditional,"('糹', '從')","['人', '彳', '糸', '止']"
繘,18,120.12,rope,Traditional,"('糹', '矞')","['八', '糸', '冂', '矛', '口']"
紹,11,120.5,"continue, carry on; hand down; to join",Traditional,"('糹', '召')","['刀', '糸', '口']"
絰,12,120.6,white hempen cloth worn by mourners,Traditional,"('糹', '至')","['糸', '至']"
编,12,120'.9,"knit, weave; arrange; compile",Simplified,"('纟', '扁')","['户', '艸', '纟', '冂']"
繼,20,120.14,"continue, maintain, carry on",Traditional,"('糹', '㡭')","['一', '糸']"
縅,15,120.9,"to threaten, intimidate",Unknown,"('糹', '威')","['女', '糸', '厂', '戈', '一']"
缣,13,120'.10,fine silk,Simplified,"('纟', '兼')","['一', '八', '纟', '彐']"
缇,12,120'.9,"reddish color, red, brown",Simplified,"('纟', '是')","['日', '一', '纟', '止']"
纵,7,120'.4,"indulge in, give free reign to",Simplified,"('纟', '从')","['人', '纟']"
経,11,120.5,classic works; pass through,Unknown,"('糹', '圣')","['土', '又', '糸']"
絷,12,120.6,"confine, tie up; imprison, shackle",Simplified,"('执', '糸')","['丿', '丶', '糸', '手']"
纊,20,120.15,cotton; silk,Traditional,"('糹', '廣')","['二', '凵', '八', '广', '丨', '糸', '一', '艸']"
紆,9,120.3,"bend, turn, twist; distort",Traditional,"('糹', '于')","['干', '糸', '亅']"
缳,16,120'.13,"noose; hang death; tie, bind",Simplified,"('纟', '睘')","['一', '网', '纟', '口']"
纜,27,120.21,"hawser, heavy-duty rope, cable",Traditional,"('糹', '覽')","['丿', '丶', '糸', '見', '臣', '一', '网']"
綃,13,120.7,raw silk fabric,Traditional,"('糹', '肖')","['月', '糸', '小']"
縷,17,120.11,"thread; detailed, precise",Traditional,"('糹', '婁')","['女', '十', '糸', '口']"
縏,16,120.10,purse,Both,"('般', '糸')","['糸', '舟', '殳']"
緝,15,120.9,to sew in close stitches,Traditional,"('糹', '咠')","['耳', '糸', '口']"
纭,7,120'.4,"confused, in disorder; numerous",Simplified,"('纟', '云')","['厶', '二', '纟']"
綸,14,120.8,green silk thread or tassel,Traditional,"('糹', '侖')","['人', '糸', '一', '艸', '冂']"
緦,15,120.9,coarse cotton cloth used for mourning,Traditional,"('糹', '思')","['心', '田', '糸']"
紿,11,120.5,"cheat, fool, pretend",Traditional,"('糹', '台')","['厶', '糸', '口']"
结,9,120'.6,"knot, tie; join, connect",Simplified,"('纟', '吉')","['纟', '口', '士']"
缴,16,120'.13,"deliver, submit; hand over",Simplified,"('纟', '敫')","['攴', '白', '纟', '方']"
蠍,19,142.13,scorpion,Both,"('虫', '歇')","['人', '虫', '勹', '曰', '欠']"
蛉,11,142.5,"dragonfly, Libellulidae; lacewing",Both,"('虫', '令')","['人', '丶', '虫']"
螯,16,142.11,nippers,Both,"('敖', '虫')","['丿', '土', '虫', '一', '攴']"
蝠,15,142.9,bat,Both,"('虫', '畐')","['田', '一', '虫', '口']"
蚌,10,142.4,"oysters, mussels; mother-of-pearl",Both,"('虫', '丰')","['一', '丨', '虫', '二']"
蚬,10,142.4,a variety of bivalves,Simplified,"('虫', '见')","['见', '虫']"
蚴,11,142.5,larva,Both,"('虫', '幼')","['幺', '虫', '力']"
蠆,18,142.13,a kind of scorpion; a sting in the tail,Traditional,"('萬', '虫')","['二', '禸', '虫', '丨', '艸', '冂']"
蚫,11,142.5,abalone; dried fish; surname,Both,"('虫', '包')","['勹', '虫', '己']"
蛺,13,142.7,kind of butterfly,Traditional,"('虫', '夾')","['人', '大', '虫']"
螟,16,142.10,snout moth's larva,Both,"('虫', '冥')","['虫', '八', '冖', '亠', '日']"
螣,16,142.10,mythological wingless dragon,Both,"('月', '䖭')","['二', '八', '虫', '丨', '月']"
蜚,14,142.8,cockroach,Both,"('非', '虫')","['虫', '非']"
蠣,20,142.15,oyster,Traditional,"('虫', '厲')","['二', '禸', '虫', '丨', '厂', '艸', '冂']"
蜊,13,142.7,clam,Both,"('虫', '利')","['禾', '刀', '虫']"
蠡,21,142.15,wood-boring insect; bore into wood,Both,"('彖', '䖵')","['勹', '虫', '彐']"
蠋,19,142.13,caterpillar,Both,"('虫', '蜀')","['勹', '网', '虫']"
蟮,18,142.12,earthworm,Both,"('虫', '善')","['虫', '八', '羊', '一', '口']"
蟢,18,142.12,caulk; a spider,Both,"('虫', '喜')","['虫', '八', '士', '一', '口']"
虱,8,142.2,louse; bug; parasite,Both,"('乁', '䖝')","['虫', '乙']"
螺,17,142.11,spiral shell; conch; spiral,Both,"('虫', '累')","['虫', '糸', '田']"
蛍,11,142.5,"glow-worm, luminous insect",Unknown,"('小', '虫')","['冖', '虫', '小']"
虾,9,142.3,"shrimp, prawn",Both,"('虫', '下')","['一', '虫', '卜']"
螕,16,142.10,"a tick, mite",Both,"('虫', '𣬉')","['丿', '囗', '丶', '虫']"
蟠,18,142.12,"coil; coiling, curling; occupy",Both,"('虫', '番')","['虫', '田', '釆']"
蚰,11,142.5,millipede,Both,"('虫', '由')","['二', '丨', '虫', '凵']"
螞,16,142.10,ant; leech,Traditional,"('虫', '馬')","['馬', '虫']"
蟬,18,142.12,cicada; continuous,Traditional,"('虫', '單')","['二', '虫', '丨', '十', '口', '冂']"
蛟,12,142.6,scaly dragon with four legs,Both,"('虫', '交')","['丿', '亠', '虫', '八']"
螀,15,142.9,kind of cicada,Simplified,"('将', '虫')","['人', '虫', '手', '十', '亠', '小', '爿']"
蚱,11,142.5,grasshopper; (edible) locust; cicada,Both,"('虫', '乍')","['丿', '二', '虫', '丨', '一']"
蟕,19,142.12,a species of tortoise found near the mouth of the Yellow River,Both,"('虫', '觜')","['止', '匕', '角', '虫']"
蚧,10,142.4,"a red spotted lizard, used as medicine",Both,"('虫', '介')","['人', '虫']"
蛑,12,142.6,a marine crab,Both,"('虫', '牟')","['牛', '厶', '虫']"
蚔,10,142.4,ant eggs,Both,"('虫', '氏')","['氏', '虫']"
蚻,11,142.5,small species of cicada,Both,"('札', '虫')","['虫', '木', '乙']"
蟻,19,142.13,ants,Traditional,"('虫', '義')","['羊', '戈', '虫', '手']"
蚂,9,142.3,ant; leech,Simplified,"('虫', '马')","['马', '虫']"
蚍,10,142.4,mussels; various shellfish,Both,"('虫', '比')","['比', '虫']"
蝾,15,142.9,lizard,Simplified,"('虫', '荣')","['冖', '艸', '虫', '木']"
蚵,11,142.5,oyster,Both,"('虫', '可')","['一', '口', '虫', '亅']"
蠈,19,142.13,paddy-destroying grub,Traditional,"('賊', '虫')","['丿', '虫', '貝', '戈', '一']"
虯,8,142.2,young dragon,Traditional,"('虫', '丩')","['丨', '虫']"
蚳,11,142.5,ant eggs,Both,"('虫', '氐')","['丶', '氏', '虫']"
蛮,12,142.6,"barbarians; barbarous, savage",Both,"('亦', '虫')","['虫', '八', '丨', '亠', '亅']"
蟥,17,142.12,leech,Both,"('虫', '黄')","['二', '凵', '虫', '八', '丨', '一', '艸']"
蜖,13,142.7,tapeworm,Unknown,"('虫', '囬')","['囗', '虫', '二']"
蜃,13,142.7,marine monster which can change its shape; water spouts; clams,Both,"('辰', '虫')","['虫', '辰']"
蜥,14,142.8,lizard,Both,"('虫', '析')","['斤', '虫', '木']"
蠕,20,142.14,"to squirm, wriggle",Both,"('虫', '需')","['而', '虫', '雨']"
蟰,19,142.12,small spider with long legs,Both,"('虫', '肅')","['一', '聿', '虫']"
蚩,10,142.4,"worm; ignorant, rustic; laugh",Both,"('㞢', '虫')","['一', '虫', '屮']"
蜍,13,142.7,toad,Both,"('虫', '余')","['干', '人', '虫', '小']"
蚯,11,142.5,earthworm,Both,"('虫', '丘')","['斤', '一', '虫']"
蜓,12,142.7,dragonfly,Both,"('虫', '廷')","['廴', '虫', '士']"
蛸,13,142.7,long legged spider; octopus; chrysalis of mantis,Both,"('虫', '肖')","['月', '虫', '小']"
蟛,18,142.12,a land-crab,Both,"('虫', '彭')","['十', '虫', '彡', '豆']"
蝕,14,142.9,nibble away; erode; eclipse,Traditional,"('食', '虫')","['人', '丶', '虫', '丨', '彐', '乙']"
蜑,12,142.7,egg,Both,"('延', '虫')","['止', '廴', '虫']"
蜮,14,142.8,a fabulous creature like a turtle; a toad,Both,"('虫', '或')","['一', '戈', '虫', '口']"
蝿,15,142.9,flies,Unknown,"('虫', '𤰶')","['虫', '丨', '田', '日', '乙']"
蝙,15,142.9,bat,Both,"('虫', '扁')","['户', '虫', '艸', '冂']"
蠖,19,142.14,inch-worm; looper caterpillar,Both,"('虫', '蒦')","['隹', '又', '虫', '艸']"
蚃,9,142.3,"larvae, grubs",Simplified,"('乡', '虫')","['丿', '虫']"
蟜,18,142.12,insect,Traditional,"('虫', '喬')","['冂', '大', '虫', '口']"
蚑,10,142.4,tip-toe,Both,"('虫', '支')","['支', '虫']"
蝍,13,142.9,a centipede,Both,"('虫', '即')","['丶', '虫', '丨', '彐', '卩', '乙']"
蟾,19,142.13,toad,Both,"('虫', '詹')","['八', '虫', '刀', '厂', '言']"
蟟,18,142.12,a kind of cicada,Both,"('虫', '尞')","['虫', '八', '大', '小', '日']"
蠃,19,142.13,the solitary wasp,Both,"('𣎆', '虫')","['丶', '虫', '匸', '月', '几', '口']"
蛄,11,142.5,mole cricket,Both,"('虫', '古')","['十', '虫', '口']"
螙,16,142.10,"grubs in wood, worms in books, clothes, etc. used figuratively of corrupt officials",Both,"('木', '䖵')","['虫', '木']"
螎,16,142.10,"to blend, combine",Both,"('虫', '鬲')","['虫', '鬲']"
蟋,17,142.11,cricket,Both,"('虫', '悉')","['心', '虫', '釆']"
蝴,15,142.9,butterfly,Both,"('虫', '胡')","['月', '十', '虫', '口']"
蟚,18,142.12,a small land crab,Both,"('彭', '虫')","['十', '虫', '豆', '彡']"
蛳,12,142.6,kind of snail with spiral shell,Simplified,"('虫', '师')","['一', '虫', '巾']"
蝇,14,142.8,flies,Simplified,"('虫', '黾')","['黾', '虫']"
蝣,15,142.9,"Ephemera strigata, mayfly",Both,"('虫', '斿')","['丿', '子', '虫', '方', '一']"
蠁,17,142.12,"larvae, grubs",Traditional,"('鄉', '虫')","['丿', '丶', '虫', '丨', '彐', '阝', '乙']"
虺,9,142.3,large poisonous snake,Both,"('兀', '虫')","['一', '虫', '儿']"
蝰,15,142.9,"Daboia siamensis, eastern Russell's viper",Both,"('虫', '奎')","['土', '大', '虫']"
螳,17,142.11,mantis,Both,"('虫', '堂')","['土', '虫', '冖', '小', '口']"
蟯,18,142.12,"Enterobius vermicularis, pinworm",Traditional,"('虫', '堯')","['土', '一', '虫', '儿']"
蚋,10,142.4,"gnat, mosquito",Both,"('虫', '內')","['人', '虫', '冂']"
螿,17,142.11,kind of cicada,Traditional,"('將', '虫')","['月', '爿', '虫', '寸']"
蝮,15,142.9,"venomous snake, viper",Both,"('虫', '复')","['丿', '虫', '夂', '日', '一']"
虬,7,142.1,young dragon,Both,"('虫', '乚')","['虫', '乙']"
蝦,15,142.9,"shrimp, prawn",Traditional,"('虫', '叚')","['又', '二', '尸', '虫']"
蟁,17,142.11,"a mosquito, a gnat",Both,"('民', '䖵')","['一', '己', '虫']"
蜉,13,142.7,mayfly,Both,"('虫', '孚')","['子', '虫', '爪']"
蛌,11,142.5,cricket,Both,"('虫', '瓜')","['虫', '瓜']"
蝋,14,142.8,"wax; candle; waxy, glazed",Unknown,"('虫', '鼡')","['二', '虫', '丨', '小', '几']"
蟺,19,142.13,earthworm,Both,"('虫', '亶')","['虫', '囗', '亠', '日', '一']"
蠎,17,142.12,"python, boa constrictor",Unknown,"('虫', '莾')","['十', '大', '虫', '艸']"
蝽,15,142.9,bedbug,Both,"('虫', '春')","['二', '虫', '八', '丨', '日', '一']"
虻,9,142.3,"horsefly, gadfly",Both,"('虫', '亡')","['丶', '匸', '虫']"
蜅,13,142.7,crab,Both,"('虫', '甫')","['十', '丶', '虫', '用']"
蟀,17,142.11,cricket,Both,"('虫', '率')","['幺', '虫', '十', '亠', '冫']"
螭,16,142.11,a dragon whose horns have not grown; cruel,Both,"('虫', '离')","['丿', '凵', '禸', '虫', '亠']"
蚀,9,142.3,nibble away; erode; eclipse,Simplified,"('饣', '虫')","['虫', '饣']"
蝻,15,142.9,immature locusts,Unknown,"('虫', '南')","['虫', '八', '干', '十', '冂']"
蛰,12,142.6,to hibernate,Both,"('执', '虫')","['丿', '丶', '虫', '手']"
蛐,12,142.6,cricket; worm,Unknown,"('虫', '曲')","['二', '凵', '虫']"
蜒,12,142.7,millipede,Both,"('虫', '延')","['止', '廴', '虫']"
蚨,10,142.4,water-beetle; cash,Both,"('虫', '夫')","['人', '虫', '二']"
蛛,12,142.6,spider,Both,"('虫', '朱')","['一', '虫', '木']"
蛁,11,142.5,a species of Pomponia (cidada),Both,"('虫', '召')","['刀', '虫', '口']"
蛱,12,142.6,kind of butterfly,Simplified,"('虫', '夹')","['人', '虫', '八', '二']"
蝡,15,142.9,"genus Eumenes, potter's wasps",Both,"('虫', '耎')","['而', '大', '虫']"
蟫,18,142.12,silverfish,Both,"('虫', '覃')","['日', '十', '虫', '襾']"
蟖,18,142.12,the larva of a month; a grasshopper,Both,"('虫', '斯')","['虫', '八', '斤', '一', '甘']"
蛗,12,142.6,"a grasshopper, locust",Both,"('𠂤', '虫')","['丶', '虫', '己']"
蛅,11,142.5,a caterpillar,Both,"('虫', '占')","['虫', '卜', '口']"
蚝,10,142.4,oyster; hairy and poisonous caterpillars,Both,"('虫', '毛')","['毛', '虫']"
蜝,14,142.8,"a kind of crab; worm, leech",Both,"('其', '虫')","['一', '甘', '八', '虫']"
蟭,18,142.12,very small bug,Both,"('虫', '焦')","['火', '隹', '虫']"
蛆,11,142.5,maggots,Both,"('虫', '且')","['月', '一', '虫']"
螻,17,142.11,"a mole cricket, Gryllotalpa orientalis",Traditional,"('虫', '婁')","['女', '十', '虫', '口']"
蝛,15,142.9,"the sow-bug, wood-louse",Both,"('虫', '威')","['女', '虫', '厂', '戈', '一']"
蠟,21,142.15,"wax; candle; waxy, glazed",Traditional,"('虫', '巤')","['丿', '虫', '囗', '川', '冫']"
蠼,26,142.20,earwig,Both,"('虫', '矍')","['目', '隹', '又', '虫']"
螢,16,142.10,"glowworm, luminous insect",Traditional,"('炏', '虫')","['冖', '火', '虫']"
螉,16,142.10,wasp,Both,"('虫', '翁')","['厶', '羽', '虫', '八']"
螘,16,142.10,ant,Traditional,"('虫', '豈')","['豆', '虫', '山']"
蜿,14,142.8,"creep, crawl",Both,"('虫', '宛')","['宀', '虫', '乙', '夕']"
蛩,12,142.6,"cricket, locust; anxious",Both,"('巩', '虫')","['几', '虫', '丶', '工']"
蚺,11,142.5,a boa constrictor,Both,"('虫', '冉')","['土', '虫', '冂']"
蟈,17,142.11,small green frog; cicada,Traditional,"('虫', '國')","['虫', '囗', '戈', '一', '口']"
蜷,14,142.8,creep like a worm; curl one's body,Both,"('虫', '卷')","['二', '虫', '八', '丨', '乙']"
蝱,15,142.9,"horsefly, gadfly",Both,"('亡', '䖵')","['丶', '匸', '虫']"
螬,17,142.11,grubs in fruit,Both,"('虫', '曹')","['二', '凵', '虫', '日', '艸']"
蟹,19,142.13,crab,Both,"('解', '虫')","['牛', '角', '刀', '虫']"
蚘,10,142.4,tapeworm,Both,"('虫', '尤')","['丶', '虫', '尢']"
蚡,10,142.4,mole,Both,"('虫', '分')","['刀', '虫', '八']"
蜘,14,142.8,spider,Both,"('虫', '知')","['虫', '口', '矢']"
蠢,21,142.15,wriggle; stupid; silly; fat,Both,"('春', '䖵')","['二', '八', '虫', '丨', '日', '一']"
蠻,25,142.19,"barbarians; barbarous, savage",Traditional,"('䜌', '虫')","['虫', '糸', '言']"
虮,8,142.2,"louse eggs, nits",Simplified,"('虫', '几')","['几', '虫']"
蜹,13,142.8,"gnat, mosquito",Both,"('虫', '芮')","['人', '虫', '艸', '冂']"
蚁,9,142.3,ants,Both,"('虫', '义')","['丿', '丶', '虫']"
蜩,14,142.8,"cicada, broad locust",Both,"('虫', '周')","['口', '虫', '田']"
蠑,20,142.14,lizard,Traditional,"('虫', '榮')","['冖', '火', '虫', '木']"
蜡,14,142.8,"wax; candle; waxy, glazed; maggot; (same as 䄍) meaning imperial harvest",Both,"('虫', '昔')","['日', '一', '虫', '艸']"
蝝,15,142.9,the larva of locust,Both,"('虫', '彖')","['勹', '虫', '彐']"
蝶,15,142.9,butterfly,Both,"('虫', '枼')","['廾', '虫', '木']"
蝼,15,142.9,"a mole cricket, Gryllotalpa africana",Both,"('虫', '娄')","['女', '虫', '米']"
蠊,19,142.13,cockroach,Both,"('虫', '廉')","['虫', '八', '广', '彐', '一']"
螈,16,142.10,a silkworm,Both,"('虫', '原')","['白', '虫', '厂', '小']"
蜱,14,142.8,"a tick, mite",Both,"('虫', '卑')","['二', '丶', '虫', '丨', '十', '冂']"
蛙,12,142.6,frog,Both,"('虫', '圭')","['土', '虫']"
蛎,11,142.5,oyster,Simplified,"('虫', '厉')","['丿', '一', '虫', '厂']"
蟨,18,142.12,the Siberian jerboa,Both,"('厥', '虫')","['虫', '八', '屮', '厂', '一', '欠']"
蜕,13,142.7,molt,Simplified,"('虫', '兌')","['虫', '八', '口', '儿']"
蝤,15,142.9,"grub, maggot; Scylla serrata, swimming crab",Both,"('虫', '酋')","['八', '虫', '酉']"
蚣,10,142.4,centipede,Both,"('虫', '公')","['厶', '虫', '八']"
蠲,23,142.17,"millipede; glow-worm; bright, clear",Both,"('益', '蜀')","['八', '虫', '皿', '勹', '一', '网']"
蛞,12,142.6,"snail; slug, mole cricket",Both,"('虫', '舌')","['虫', '舌']"
蜻,14,142.8,dragonfly,Both,"('虫', '靑')","['虫', '青']"
螮,17,142.11,rainbow,Traditional,"('虫', '帶')","['虫', '巾', '廾', '冖', '儿']"
蚦,10,142.4,a boa constrictor,Both,"('虫', '冄')","['二', '虫', '冂']"
蟒,16,142.11,"python, boa constrictor",Both,"('虫', '莽')","['虫', '艸', '犬']"
蝀,14,142.8,rainbow,Traditional,"('虫', '東')","['日', '虫', '木']"
螽,17,142.11,katydid,Both,"('冬', '䖵')","['丶', '虫', '夂']"
蠚,20,142.15,to sting,Both,"('若', '䖵')","['丿', '虫', '一', '艸', '口']"
蜰,14,142.8,tick,Both,"('肥', '虫')","['月', '丨', '虫', '乙']"
螅,16,142.10,intestinal worm,Both,"('虫', '息')","['心', '自', '虫']"
蠅,19,142.13,flies,Traditional,"('虫', '黽')","['黽', '虫']"
蛹,13,142.7,"chrysalis, larva",Both,"('虫', '甬')","['虫', '用']"
蝘,15,142.9,"gecko, kind of cicada",Both,"('虫', '匽')","['日', '匚', '虫', '女']"
蝯,15,142.9,ape,Both,"('虫', '爰')","['又', '虫', '爪', '干', '亅']"
蝗,15,142.9,kind of locust,Both,"('虫', '皇')","['白', '玉', '虫']"
蜺,14,142.8,reflection of rainbow,Both,"('虫', '兒')","['臼', '虫', '儿']"
螃,16,142.10,crab,Both,"('虫', '旁')","['虫', '八', '冖', '亠', '方']"
蜋,13,142.7,"mantis, dung beetle; insect",Both,"('虫', '良')","['艮', '丶', '虫']"
蟓,17,142.12,an ancient term for silkworms,Both,"('虫', '象')","['虫', '刀', '丨', '勹', '口']"
蚪,10,142.4,tadpole,Both,"('虫', '斗')","['虫', '斗']"
蟲,18,142.12,worms; insects,Traditional,"('虫', None)",['虫']
蝉,14,142.8,cicada; continuous,Simplified,"('虫', '単')","['二', '虫', '八', '丨', '十', '冂']"
蛘,12,142.6,a weevil found in rice,Both,"('虫', '羊')","['羊', '虫']"
蜴,14,142.8,lizard,Both,"('虫', '易')","['日', '勹', '虫']"
蜫,14,142.7,insects,Both,"('虫', '昆')","['日', '虫', '比']"
蝟,15,142.9,hedgehog,Traditional,"('虫', '胃')","['月', '虫', '田']"
蠶,24,142.18,silkworm,Traditional,"('朁', '䖵')","['日', '丿', '虫', '无']"
蜆,13,142.7,a variety of bivalves,Traditional,"('虫', '見')","['虫', '見']"
蝸,14,142.9,snail,Traditional,"('虫', '咼')","['口', '虫', '冂']"
蟣,18,142.12,"louse eggs, nits",Traditional,"('虫', '幾')","['幺', '人', '戈', '虫']"
螵,17,142.11,a chrysalis,Both,"('虫', '票')","['襾', '虫', '示']"
蝥,15,142.9,Chinese blister beetle; Spanish fly,Both,"('敄', '虫')","['矛', '虫', '攴']"
蛾,13,142.7,moth,Both,"('虫', '我')","['戈', '虫', '手']"
蠺,24,142.18,(same as 蚕) silkworms,Unknown,"('天', '日虫虫')","['日', '虫']"
螋,15,142.10,earwig,Both,"('虫', '叟')","['臼', '丨', '虫', '又']"
蟏,17,142.11,a kind of spider with long legs,Simplified,"('虫', '萧')","['聿', '虫', '艸', '小']"
蛤,12,142.6,clam,Both,"('虫', '合')","['一', '人', '虫', '口']"
蚿,11,142.5,millipede,Both,"('虫', '玄')","['玄', '虫']"
蚜,10,142.4,"plant louse, aphids",Both,"('虫', '牙')","['虫', '牙']"
蝎,15,142.9,scorpion,Both,"('虫', '曷')","['勹', '人', '曰', '虫']"
蠓,19,142.14,midges; sandflies,Both,"('虫', '蒙')","['二', '虫', '冖', '勹', '艸']"
蜗,13,142.7,"a snail, Eulota callizoma",Simplified,"('虫', '呙')","['冂', '人', '虫', '口']"
蚤,9,142.4,flea; louse,Both,"('叉', '虫')","['丶', '又', '虫']"
蚶,11,142.5,"kind of clam, Arca inflata",Both,"('虫', '甘')","['甘', '虫']"
蠔,20,142.14,oyster,Both,"('虫', '豪')","['虫', '豕', '冖', '亠', '口']"
蜔,13,142.7,inlaid shell-work,Both,"('虫', '甸')","['勹', '虫', '田']"
蠨,22,142.16,a kind of spider with long legs,Traditional,"('虫', '蕭')","['一', '聿', '虫', '艸']"
蟎,17,142.11,mite,Traditional,"('虫', '㒼')","['入', '虫', '廾', '巾']"
蜜,14,142.8,honey; sweet; nectar,Both,"('宓', '虫')","['宀', '丿', '虫', '心']"
螫,17,142.11,poison; sting; poisonous insect,Both,"('赦', '虫')","['赤', '虫', '攴']"
蜾,14,142.8,the solitary wasp,Both,"('虫', '果')","['虫', '木', '田']"
螗,16,142.10,cicadas of the genus Tanna,Both,"('虫', '唐')","['广', '聿', '虫', '口']"
蛋,11,142.5,eggs; term of abuse,Both,"('疋', '虫')","['疋', '虫']"
蟿,19,142.13,Acrida chinensis,Both,"('𣪠', '虫')","['車', '虫', '山', '殳']"
蜞,14,142.8,"a kind of crab; worm, leech",Both,"('虫', '其')","['一', '甘', '虫', '八']"
蜀,13,142.7,"one of the Three Kingdoms, established by Liu Bei",Both,"('罒', '𠣜')","['勹', '网', '虫']"
蜢,14,142.8,grasshopper,Both,"('虫', '孟')","['子', '虫', '皿']"
蚓,10,142.4,earthworm,Both,"('虫', '引')","['丨', '虫', '弓']"
蠭,22,142.17,"bees, hornets, wasps",Both,"('逢', '䖵')","['二', '虫', '夂', '丨', '一', '辵']"
蟷,19,142.13,mantis,Traditional,"('虫', '當')","['虫', '冖', '田', '小', '口']"
蠛,20,142.15,"flies, small insects produced in damp places",Both,"('虫', '蔑')","['丶', '虫', '厂', '戈', '网', '艸']"
蠵,24,142.18,large turtles,Both,"('虫', '巂')","['虫', '八', '隹', '口', '山', '冂']"
蟪,18,142.12,a kind of cicada,Both,"('虫', '惠')","['心', '虫', '丨', '十', '日']"
蟄,17,142.11,to hibernate,Traditional,"('執', '虫')","['土', '丶', '丿', '虫', '八', '干']"
蜣,13,142.8,dung beetle,Both,"('虫', '羌')","['羊', '虫', '乙']"
蠜,21,142.15,grasshopper,Both,"('樊', '虫')","['虫', '爻', '大', '木']"
蠱,23,142.17,poison; venom; harm; bewitch; hexagram ䷑,Traditional,"('蟲', '皿')","['虫', '皿']"
蝈,14,142.8,small green frog; cicada,Simplified,"('虫', '国')","['囗', '玉', '虫']"
蟳,18,142.12,a kind of crab,Traditional,"('虫', '尋')","['虫', '寸', '彐', '工', '口']"
蠩,21,142.16,a toad,Both,"('虫', '諸')","['日', '虫', '老', '言']"
蝨,15,142.9,louse; bedbug,Both,"('卂', '䖵')","['十', '虫', '乙']"
虼,9,142.3,a flea; species of beetle,Both,"('虫', '乞')","['一', '丿', '虫', '乙']"
蛀,11,142.5,"insects that eat books, clothes",Both,"('虫', '主')","['丶', '玉', '虫']"
虿,9,142.3,a kind of scorpion,Simplified,"('万', '虫')","['丿', '一', '虫']"
蟇,16,142.11,"frog, toad",Unknown,"('莫', '虫')","['日', '虫', '大', '艸']"
蟆,16,142.11,"frog, toad",Both,"('虫', '莫')","['日', '大', '虫', '艸']"
蝓,15,142.9,snail,Both,"('虫', '兪')","['人', '虫', '刀', '月', '一']"
蛔,12,142.6,tapeworm,Both,"('虫', '回')","['囗', '虫']"
蝃,14,142.8,rainbow,Both,"('虫', '叕')","['又', '虫']"
蜈,13,142.7,centipede,Both,"('虫', '吴')","['一', '大', '虫', '口']"
螌,16,142.10,"a striped, poisonous fly",Both,"('般', '虫')","['虫', '舟', '殳']"
蛭,12,142.6,leech,Both,"('虫', '至')","['虫', '至']"
蛇,11,142.5,snake,Both,"('虫', '它')","['宀', '匕', '虫']"
蠮,23,142.17,bee,Both,"('虫', '翳')","['虫', '羽', '矢', '匚', '殳']"
螄,16,142.10,snail,Traditional,"('虫', '師')","['丶', '虫', '巾', '一', '己']"
蛏,11,142.5,razor clam,Simplified,"('虫', '圣')","['土', '又', '虫']"
融,16,142.10,"melt, fuse; blend, harmonize",Both,"('鬲', '虫')","['虫', '鬲']"
蛕,12,142.6,tapeworm,Both,"('虫', '有')","['月', '丿', '虫', '一']"
蠧,22,142.16,moth; insects which eat into cloth,Both,"('𥑟', '䖵')","['冖', '虫', '石', '士']"
蠏,19,142.13,crab,Both,"('虫', '解')","['牛', '角', '刀', '虫']"
蜂,13,142.7,"bee, wasp, hornet",Both,"('虫', '夆')","['二', '虫', '夂', '丨', '一']"
虹,9,142.3,rainbow,Both,"('虫', '工')","['虫', '工']"
螥,16,142.10,the house-fly,Unknown,"('虫', '倉')","['人', '丶', '虫', '丨', '彐', '口']"
蛯,12,142.6,shrimp,Unknown,"('虫', '老')","['虫', '老']"
虷,9,142.3,worm,Both,"('虫', '干')","['干', '虫']"
蝌,15,142.9,tadpole,Both,"('虫', '科')","['禾', '虫', '斗']"
蚊,10,142.4,mosquito; gnat,Both,"('虫', '文')","['文', '虫']"
蟶,19,142.13,razor clam,Traditional,"('虫', '聖')","['口', '玉', '虫', '耳']"
螓,16,142.10,a small cicada with a square head,Both,"('虫', '秦')","['二', '虫', '八', '丨', '禾', '一']"
蛴,12,142.6,"maggots, grubs",Simplified,"('虫', '齐')","['齐', '虫']"
蚕,10,142.4,silkworms,Both,"('天', '虫')","['一', '大', '虫']"
蟊,17,142.11,grain-eating grub,Both,"('矛', '䖵')","['矛', '虫']"
蠸,23,142.18,"Aulacophora femoralis, pumpkin beetle",Both,"('虫', '雚')","['隹', '虫', '艸', '口']"
蜎,13,142.7,mosquito larva,Both,"('虫', '肙')","['月', '虫', '口']"
蚉,10,142.4,"(variant of 蚊) a mosquito, gnat",Unknown,"('文', '虫')","['文', '虫']"
蛻,13,142.7,"molt, exuviate, shed",Traditional,"('虫', '兌')","['虫', '八', '口', '儿']"
蟑,17,142.11,cockroach,Both,"('虫', '章')","['日', '十', '虫', '立']"
蛣,12,142.6,(dung) beetle,Both,"('虫', '吉')","['虫', '口', '士']"
螨,16,142.10,insect,Simplified,"('虫', '艹两')","['人', '虫', '一', '艸', '冂']"
蚠,10,142.4,person's name,Both,"('分', '虫')","['虫', '刀', '八']"
蠐,20,142.14,"maggots, grubs",Traditional,"('虫', '齊')","['齊', '虫']"
蠙,20,142.14,oyster,Traditional,"('虫', '賓')","['丿', '虫', '貝', '小', '宀', '一']"
蛊,11,142.5,poison; venom; harm; bewitch,Simplified,"('虫', '皿')","['虫', '皿']"
蛲,12,142.6,worms,Simplified,"('虫', '尧')","['一', '虫', '儿']"
蠉,19,142.13,"mosquito larvae, wrigglers",Both,"('虫', '睘')","['一', '网', '虫', '口']"
蠹,24,142.18,moth; insects which eat into cloth,Both,"('', '䖵')","['虫', '丨', '冖', '十', '石', '口']"
螂,14,142.10,"mantis, dung beetle",Both,"('虫', '郎')","['丶', '虫', '丨', '彐', '阝', '乙']"
蜯,14,142.8,"oysters, mussels; mother-of-pearl",Both,"('虫', '奉')","['二', '虫', '八', '丨', '一']"
蜇,13,142.7,jellyfish,Both,"('折', '虫')","['斤', '虫', '手']"
蜨,14,142.8,butterfly,Both,"('虫', '疌')","['十', '聿', '虫', '止']"
蜶,14,142.8,a house cricket,Both,"('虫', '卒')","['十', '亠', '虫', '人']"
螾,17,142.11,the earthworm,Both,"('虫', '寅')","['二', '凵', '虫', '八', '丨', '宀', '一']"
笭,11,118.5,bamboo screen,Both,"('竹', '令')","['竹', '人', '丶']"
簀,17,118.11,bed mat; mat,Traditional,"('竹', '責')","['竹', '貝', '土', '一']"
箍,14,118.8,"hoop; bind, surround",Both,"('竹', '㧜')","['竹', '匚', '手', '巾']"
簦,18,118.12,"large umbrella with a long handle, used for street stalls",Both,"('竹', '登')","['竹', '癶', '豆']"
筱,13,118.7,dwarf bamboo; diminutive in person's name,Both,"('竹', '攸')","['竹', '人', '丨', '攴']"
笙,11,118.5,small gourd-shaped musical instrument,Both,"('竹', '生')","['竹', '生']"
籓,21,118.15,sieve; basket,Both,"('竹', '潘')","['竹', '田', '水', '釆']"
篝,16,118.10,bamboo basket; bamboo frame,Both,"('竹', '冓')","['二', '土', '竹', '一', '冂']"
箦,14,118.8,bed mat; mat,Simplified,"('竹', '责')","['竹', '土', '贝', '一']"
箚,14,118.8,brief note; official communique,Both,"('竹', '㓣')","['人', '竹', '刀', '一', '口']"
笳,11,118.5,a reed leaf whistle,Both,"('竹', '加')","['竹', '口', '力']"
篭,16,118.10,cage; cage-like basket,Unknown,"('竹', '竜')","['竹', '丨', '日', '立', '乙']"
筚,12,118.6,"wicker, bamboo",Simplified,"('竹', '毕')","['比', '十', '竹']"
简,13,118.7,"simple, terse, succinct, a letter",Simplified,"('竹', '间')","['门', '竹', '日']"
箷,15,118.9,"a bamboo rack, clothes horse",Both,"('竹', '施')","['丿', '竹', '丨', '方', '一', '乙']"
箓,14,118.8,book,Simplified,"('竹', '录')","['竹', '水', '彐']"
簓,17,118.11,a bamboo whisk; the broken end of a bamboo stalk,Unknown,"('竹', '彫')","['竹', '彡', '田', '口']"
符,11,118.5,"i.d. tag, tally, symbol, charm",Both,"('竹', '付')","['竹', '人', '寸']"
笼,11,118.5,cage; cage-like basket,Simplified,"('竹', '龙')","['竹', '龙']"
籜,22,118.16,"bamboo sheath, bamboo shoots",Traditional,"('竹', '擇')","['土', '八', '手', '竹', '干', '网']"
箬,14,118.9,the cuticle of the bamboo a broad-leaved bamboo,Both,"('竹', '若')","['丿', '竹', '一', '艸', '口']"
簿,19,118.13,"register, account book, notebook",Both,"('竹', '溥')","['丶', '水', '竹', '寸', '用', '十']"
簑,16,118.10,a coat; raincoat,Traditional,"('竹', '衰')","['一', '囗', '衣', '竹']"
笃,9,118.3,"deep, true, sincere, genuine",Simplified,"('竹', '马')","['竹', '马']"
籄,20,118.14,a basket for carrying earth,Both,"('竹', '匱')","['匚', '竹', '丨', '貝', '一', '口']"
竽,9,118.3,ancient woodwind instrument,Both,"('竹', '于')","['竹', '干', '亅']"
箐,14,118.8,to draw a bamboo bow or crossbow,Both,"('竹', '青')","['竹', '青']"
箆,14,118.8,fine-toothed comb; comb hair,Unknown,"('笍*', '比')","['比', '人', '竹', '冂']"
箖,14,118.8,a large basket,Both,"('竹', '林')","['竹', '木']"
筵,12,118.7,feast,Both,"('竹', '延')","['竹', '止', '廴']"
篷,16,118.11,"awning, covering; sail; boat",Both,"('竹', '逢')","['二', '夂', '竹', '丨', '一', '辵']"
箫,14,118.8,bamboo flute,Simplified,"('竹', '肃')","['竹', '聿', '小']"
笑,10,118.4,"smile, laugh, giggle; snicker",Both,"('竹', '夭')","['竹', '大']"
笓,10,118.4,to comb; a fine-toothed comb,Both,"('竹', '比')","['比', '竹']"
篔,16,118.10,tall bamboo,Traditional,"('竹', '員')","['竹', '貝', '口']"
等,12,118.6,"rank, grade; to wait; equal, “and so forth”",Both,"('竹', '寺')","['竹', '土', '寸']"
籆,19,118.14,a tool used for holding or winding thread; a kite string,Both,"('竹', '蒦')","['竹', '隹', '又', '艸']"
箱,15,118.9,"case, box, chest, trunk",Both,"('竹', '相')","['竹', '目', '木']"
籙,22,118.16,book,Traditional,"('竹', '録')","['竹', '金', '水', '彐']"
簻,17,118.13,empty,Traditional,"('竹', '過')","['竹', '口', '冂', '辵']"
籚,22,118.16,bamboo; the handle of the spear,Traditional,"('竹', '盧')","['虍', '田', '竹', '皿']"
箲,15,118.9,a bamboo brush,Unknown,"('竹', '洗')","['竹', '牛', '水', '儿']"
籣,23,118.17,bow case,Traditional,"('竹', '闌')","['門', '八', '竹', '丨', '木', '口']"
箩,14,118.8,bamboo basket,Both,"('竹', '罗')","['竹', '网', '夕']"
箇,14,118.8,"numerary adjunct, piece; single",Both,"('竹', '固')","['竹', '囗', '十', '口']"
篩,16,118.10,"sieve, filter, screen; sift",Traditional,"('竹', '師')","['丶', '巾', '竹', '一', '己']"
簵,19,118.13,fine bamboo,Traditional,"('竹', '輅')","['車', '口', '竹', '夂']"
筷,13,118.7,chopsticks,Both,"('竹', '快')","['竹', '人', '丨', '心']"
箔,14,118.8,reed screen; frame for growing silkworms,Both,"('竹', '泊')","['竹', '白', '水']"
篆,15,118.9,"seal script; seal, official stamp",Both,"('竹', '彖')","['勹', '彐', '竹']"
竾,9,118.3,flute,Unknown,"('竹', '也')","['竹', '丨', '乙']"
篓,15,118.9,bamboo basket,Both,"('竹', '娄')","['女', '米', '竹']"
竺,8,118.2,India; bamboo; surname,Both,"('竹', '二')","['竹', '二']"
笸,11,118.5,flat basket for grain,Both,"('竹', '叵')","['竹', '匚', '口']"
筛,12,118.6,"sieve, filter, screen; sift",Simplified,"('竹', '师')","['竹', '一', '巾']"
管,14,118.8,"pipe, tube, duct; woodwind music",Both,"('竹', '官')","['宀', '己', '竹']"
箾,15,118.9,"musical instrument like pan-pipes, bamboo flute",Both,"('竹', '削')","['月', '小', '刀', '竹']"
筦,13,118.7,a key; to be in charge; a pipe,Both,"('竹', '完')","['宀', '二', '竹', '儿']"
筩,13,118.7,bamboo pipe; fish hook,Unknown,"('竹', '甬')","['竹', '用']"
箳,15,118.9,bamboo mat used to protect carriage passengers from dust (vulgar form),Both,"('竹', '屏')","['八', '竹', '廾', '尸', '一']"
籍,20,118.14,"record, register, list; census",Both,"('竹', '耤')","['耒', '竹', '日', '一', '艸']"
籛,22,118.16,surname,Traditional,"('竹', '錢')","['竹', '戈', '金']"
箒,14,118.8,broom,Both,"('竹', '帚')","['冖', '竹', '彐', '巾']"
籩,24,118.19,bamboo container for food,Traditional,"('竹', '邊')","['竹', '穴', '方', '自', '辵']"
箑,14,118.8,fan,Both,"('竹', '疌')","['竹', '十', '聿', '止']"
篯,16,118.10,surname,Simplified,"('竹', '钱')","['竹', '一', '戈', '钅']"
築,16,118.10,"build, erect; building",Traditional,"('筑', '木')","['丶', '竹', '木', '工', '几']"
笮,11,118.5,boards which support tiles on roof,Both,"('竹', '乍')","['丿', '二', '竹', '丨', '一']"
簉,16,118.11,"deputy, subordinate; concubine",Both,"('竹', '造')","['竹', '牛', '口', '辵']"
笕,10,118.4,bamboo water pipe,Simplified,"('竹', '见')","['竹', '见']"
篋,15,118.9,"rattan box, suitcase, or case",Traditional,"('竹', '匧')","['竹', '匚', '大', '人']"
箠,14,118.8,horse whip; flog,Both,"('竹', '垂')","['竹', '十', '艸', '士']"
籟,22,118.16,bamboo flute; pipe; various sound,Traditional,"('竹', '賴')","['竹', '刀', '木', '貝', '口']"
籘,22,118.16,"climbing plants, vines, cane",Unknown,"('竹', '縢')","['二', '八', '竹', '丨', '糸', '月']"
笆,10,118.4,bamboo fence,Both,"('竹', '巴')","['竹', '丨', '乙']"
箴,15,118.9,"needle, probe; warn, admonish",Both,"('竹', '咸')","['竹', '厂', '戈', '一', '口']"
簖,17,118.11,bamboo trap for catching fish,Simplified,"('竹', '断')","['斤', '米', '竹']"
筒,12,118.6,thick piece of bamboo; pipe,Both,"('竹', '同')","['竹', '一', '口', '冂']"
篪,16,118.10,a bamboo flute with seven holes,Both,"('竹', '虒')","['虍', '几', '竹', '⺁']"
簇,17,118.11,"swarm, crowd together, cluster",Both,"('竹', '族')","['丿', '竹', '方', '矢', '一']"
笹,11,118.5,small bamboo,Both,"('竹', '世')","['竹', '廾']"
簁,17,118.11,"sieve; to sift, to strain",Both,"('竹', '徙')","['竹', '止', '彳']"
簨,18,118.12,a beam for hanging bells or drums,Both,"('竹', '巽')","['竹', '一', '八', '艸']"
籠,22,118.16,cage; cage-like basket,Traditional,"('竹', '龍')","['竹', '龍']"
簈,17,118.11,bamboo mat used to protect carriage passengers from dust,Unknown,"('竹', '屛')","['竹', '干', '尸']"
筯,13,118.7,"chopsticks, tongs",Both,"('竹', '助')","['月', '一', '竹', '力']"
筺,13,118.7,bamboo basket or chest,Unknown,"('竹', '匤')","['竹', '匚', '玉']"
籁,19,118.13,bamboo flute; pipe; various sound,Simplified,"('竹', '赖')","['竹', '刀', '贝', '木', '口']"
籖,21,118.14,tally; lot; marker,Unknown,"('竹', '韯')","['竹', '土', '戈', '韭']"
笔,10,118.4,writing brush; write; stroke,Both,"('竹', '毛')","['竹', '毛']"
箕,14,118.8,"sieve; dust pan, garbage bag; 7th lunar mansion, determinative star γ² Sagittarii (Alnasl)",Both,"('竹', '其')","['竹', '一', '甘', '八']"
篢,16,118.10,the name of bamboo hat,Traditional,"('竹', '貢')","['竹', '貝', '工']"
筢,13,118.7,rake,Both,"('竹', '把')","['竹', '丨', '手', '乙']"
箨,14,118.8,"bamboo sheath, bamboo shoots",Simplified,"('竹', '择')","['二', '又', '手', '竹', '丨']"
筇,11,118.6,a kind of bamboo used to make staffs,Both,"('竹', '邛')","['竹', '阝', '工']"
笊,10,118.4,"ladle, bamboo skimmer",Both,"('竹', '爪')","['竹', '爪']"
笛,11,118.5,bamboo flute; whistle,Both,"('竹', '由')","['竹', '二', '丨', '凵']"
筏,12,118.6,raft,Both,"('竹', '伐')","['竹', '人', '戈']"
簟,18,118.12,bamboo mat,Both,"('竹', '覃')","['日', '十', '竹', '襾']"
篁,15,118.9,bamboo grove; bamboo,Both,"('竹', '皇')","['竹', '玉', '白']"
笯,11,118.5,a bird-cage,Both,"('竹', '奴')","['女', '又', '竹']"
簏,17,118.11,"a box, a basket",Both,"('竹', '鹿')","['竹', '鹿']"
笾,11,118.5,bamboo container for food,Simplified,"('竹', '边')","['竹', '力', '辵']"
箝,14,118.8,"tweezers, pliers, tongs, pincers",Both,"('竹', '拑')","['竹', '甘', '手']"
箧,14,118.8,"rattan box, suitcase, or case",Simplified,"('竹', '匚夹')","['人', '二', '八', '竹', '匚']"
签,13,118.7,"sign, endorse; slip of paper",Simplified,"('竹', '佥')","['一', '人', '竹', '小']"
箵,15,118.9,bamboo screen used in fishing,Both,"('竹', '省')","['竹', '丿', '目', '小']"
箘,14,118.8,fine bamboo,Both,"('竹', '囷')","['禾', '囗', '竹']"
簃,17,118.11,side room,Both,"('竹', '移')","['禾', '竹', '夕']"
簗,17,118.11,"a weir, fish trap, fish pond",Unknown,"('竹', '梁')","['八', '水', '竹', '刀', '木']"
箙,14,118.8,quiver,Both,"('竹', '服')","['月', '又', '竹', '卩']"
筓,12,118.6,a hairpin; fifteen-year-old girl,Unknown,"('竹', '幵')","['竹', '干', '亅']"
笴,11,118.5,an arrow shaft,Both,"('竹', '可')","['竹', '一', '口', '亅']"
簛,18,118.12,sieve; to sift; to strain,Both,"('竹', '斯')","['八', '竹', '斤', '一', '甘']"
簣,18,118.12,a bamboo basket for carrying earth,Traditional,"('竹', '貴')","['竹', '丨', '貝', '一', '口']"
箏,14,118.8,stringed musical instrument; kite,Traditional,"('竹', '爭')","['竹', '彐', '亅', '爪']"
竿,9,118.3,bamboo pole; penis,Both,"('竹', '干')","['竹', '干']"
箜,14,118.8,ancient string music instrument,Both,"('竹', '空')","['竹', '穴', '工']"
篤,16,118.10,"deep, true, sincere, genuine",Traditional,"('竹', '馬')","['馬', '竹']"
籞,23,118.16,a fence,Both,"('竹', '禦')","['止', '竹', '干', '彳', '示', '卩']"
籯,26,118.20,bamboo chest; tubular bamboo case,Traditional,"('竹', '贏')","['丶', '竹', '匸', '貝', '月', '几', '口']"
篌,15,118.9,ancient musical instrument; harp,Both,"('竹', '侯')","['竹', '人', '矢']"
筲,13,118.7,"basket, bucket",Both,"('竹', '肖')","['月', '小', '竹']"
篱,16,118.11,bamboo or wooden fence; hedge,Both,"('竹', '离')","['凵', '禸', '丿', '竹', '亠']"
簹,19,118.13,tall bamboo,Traditional,"('竹', '當')","['竹', '冖', '田', '小', '口']"
籲,32,118.26,appeal; request; implore,Traditional,"('竹', '龥')","['頁', '龠', '竹']"
笋,10,118.4,bamboo shoots,Both,"('竹', '尹')","['竹', '丨', '彐']"
簜,18,118.12,bamboo,Traditional,"('竹', '湯')","['水', '竹', '勹', '日', '一']"
筅,12,118.6,a bamboo brush,Both,"('竹', '先')","['竹', '牛', '儿']"
竼,9,118.3,bamboo cover for boat,Both,"('竹', '凡')","['竹', '几', '丶']"
笠,11,118.5,bamboo hat; bamboo covering,Both,"('竹', '立')","['竹', '立']"
笥,11,118.5,"a hamper, wicker basket",Both,"('竹', '司')","['竹', '一', '口']"
簷,19,118.13,eaves of house; brim,Both,"('竹', '詹')","['八', '竹', '刀', '厂', '言']"
箭,15,118.9,arrow; type of bamboo,Both,"('竹', '前')","['八', '竹', '刀', '月', '一']"
笪,11,118.5,a coarse mat of rushes or bamboo,Both,"('竹', '旦')","['日', '一', '竹']"
籥,23,118.17,key; woodwind instrument,Both,"('竹', '龠')","['竹', '龠']"
篺,17,118.11,a raft,Both,"('竹', '捭')","['二', '丶', '手', '竹', '丨', '十', '冂']"
簍,17,118.11,bamboo basket,Traditional,"('竹', '婁')","['女', '十', '竹', '口']"
筭,13,118.7,"an ancient device for working with numbers; count, calculate, figure",Both,"('竹', '弄')","['竹', '玉', '廾']"
竻,8,118.2,"thorns, brambles",Both,"('竹', '力')","['竹', '力']"
筥,12,118.7,round-shaped bamboo basket for holding rice,Both,"('竹', '呂')","['竹', '口']"
籀,19,118.13,"recite, read; style of calligraphy",Both,"('竹', '㨨')","['竹', '田', '手', '卩']"
簋,17,118.11,a square basket of bamboo for holding grain used at sacrifices,Both,"('筤', '皿')","['艮', '皿', '竹']"
簧,17,118.12,reed of woodwind instrument,Both,"('竹', '黄')","['二', '凵', '八', '竹', '丨', '一', '艸']"
筁,12,118.6,a bamboo frame on which silkworms spin their cocoons,Both,"('竹', '曲')","['竹', '二', '凵']"
籐,21,118.15,"climbing plants, vines, cane",Both,"('竹', '滕')","['二', '八', '水', '竹', '丨', '月']"
筋,12,118.6,muscles; tendons,Both,"('竹', '肋')","['月', '竹', '力']"
籮,25,118.19,bamboo basket,Traditional,"('竹', '羅')","['竹', '隹', '网', '糸']"
籧,22,118.17,crude bamboo mat,Both,"('竹', '遽')","['虍', '豕', '竹', '辵']"
筤,13,118.7,young bamboo,Both,"('竹', '良')","['艮', '丶', '竹']"
篑,15,118.9,a bamboo basket for carrying earth,Simplified,"('竹', '贵')","['竹', '丨', '贝', '一', '口']"
笤,11,118.5,a broom,Unknown,"('竹', '召')","['竹', '刀', '口']"
籝,22,118.16,a tube to hold chopsticks,Traditional,"('竹', '嬴')","['女', '丶', '竹', '匸', '月', '几', '口']"
簌,17,118.11,(of flower petals) falling,Both,"('竹', '欶')","['竹', '欠', '木', '口']"
籨,23,118.17,trousseau,Unknown,"('竹', '歛')","['一', '人', '欠', '竹']"
簪,18,118.12,"hairpin, clasp; wear in hair",Both,"('竹', '朁')","['日', '丿', '无', '竹']"
箄,14,118.8,a basket; a raft,Both,"('竹', '卑')","['二', '丶', '竹', '丨', '十', '冂']"
笨,11,118.5,"foolish, stupid, dull; awkward",Both,"('竹', '本')","['竹', '一', '木']"
第,11,118.5,"sequence, number; grade, degree",Both,"('竹', '𢎨')","['竹', '丨', '弓']"
筍,12,118.6,bamboo shoot; joint; tendon,Traditional,"('竹', '旬')","['勹', '竹', '日']"
篸,17,118.11,"a basket, hod, scuttle; a hairclasp",Traditional,"('竹', '參')","['竹', '人', '厶', '彡']"
篇,15,118.9,"chapter, section, essay, article",Both,"('竹', '扁')","['竹', '户', '艸', '冂']"
篘,16,118.10,a utensil used to filter wine; a filter,Traditional,"('竹', '芻')","['竹', '勹', '艸']"
箋,14,118.8,"note, memo; stationery; comments",Traditional,"('竹', '戔')","['竹', '戈']"
箪,14,118.8,small bamboo basket for holding,Simplified,"('竹', '単')","['二', '八', '竹', '丨', '十', '冂']"
篅,15,118.9,bamboo silo; bamboo tool,Both,"('竹', '耑')","['竹', '而', '山']"
篏,15,118.9,"inlay, set in; fall into; rugged",Unknown,"('竹', '𣢟')","['竹', '甘', '欠']"
簞,18,118.12,small bamboo basket for holding cooked rice,Traditional,"('竹', '單')","['二', '竹', '丨', '十', '口', '冂']"
籊,20,118.14,long,Both,"('竹', '翟')","['竹', '羽', '隹']"
篮,16,118.10,basket,Simplified,"('竹', '监')","['丿', '丶', '竹', '丨', '皿', '一']"
笵,11,118.5,a bamboo form; a model,Unknown,"('竹', '氾')","['竹', '水', '乙']"
筠,13,118.7,bamboo skin; bamboo,Both,"('竹', '均')","['勹', '土', '亠', '竹']"
籪,24,118.18,a bamboo weir used to catch fish or crabs,Traditional,"('竹', '斷')","['斤', '一', '竹']"
策,12,118.6,"scheme, plan; to whip; urge",Both,"('竹', '朿')","['竹', '木', '冂']"
筴,13,118.7,type of grass used in divination; to divine; pincers,Traditional,"('竹', '夾')","['竹', '人', '大']"
笞,11,118.5,bamboo rod used for beatings,Both,"('竹', '台')","['竹', '厶', '口']"
箯,15,118.9,bamboo palanquin,Both,"('竹', '便')","['人', '丿', '竹', '丨', '日', '一']"
簸,19,118.13,winnower,Both,"('竹', '𤿺')","['皮', '八', '竹', '一', '甘']"
筆,12,118.6,writing brush; write; stroke,Traditional,"('竹', '聿')","['竹', '聿']"
筘,12,118.6,a reed tool used in weaving to push the weft to the weaving mouth,Both,"('竹', '扣')","['竹', '手', '口']"
範,15,118.9,"pattern, model, rule, law",Traditional,"('竹', '𨊠')","['車', '竹', '乙']"
篚,16,118.10,round or oval covered-baskets with short legs,Both,"('竹', '匪')","['竹', '匚', '非']"
笈,9,118.4,bamboo box used carry books,Both,"('竹', '及')","['竹', '丿']"
笫,10,118.5,"bed boards, sleeping mat",Both,"('竹', '𠂔')","['竹', '丨']"
箎,14,118.8,ancient woodwind instrument,Both,"('竹', '虎')","['虍', '几', '竹']"
笏,10,118.4,tablet held by someone having authority,Both,"('竹', '勿')","['勹', '竹']"
筹,13,118.7,"chip, tally, token; raise money",Simplified,"('竹', '寿')","['二', '竹', '丨', '寸', '一']"
篡,16,118.10,usurp,Both,"('算', '厶')","['竹', '目', '大', '厶']"
篦,16,118.10,fine-toothed comb; comb hair,Both,"('竹', '𣬉')","['竹', '囗', '丶', '丿']"
笄,10,118.6,a hairpin; fifteen-year-old girl,Both,"('竹', '开')","['竹', '一', '廾']"
籃,20,118.14,basket,Traditional,"('竹', '監')","['丿', '丶', '竹', '臣', '皿', '一']"
算,14,118.8,"count, calculate, figure; plan",Both,"('竹', '𥃲')","['竹', '目', '艸']"
筑,12,118.6,ancient lute; build,Both,"('竹', '巩')","['竹', '几', '丶', '工']"
筈,12,118.6,arrow end,Both,"('竹', '舌')","['竹', '舌']"
簽,19,118.13,"sign, endorse; slip of paper",Traditional,"('竹', '僉')","['一', '人', '竹']"
筼,13,118.7,tall bamboo,Simplified,"('竹', '员')","['竹', '贝', '口']"
筝,12,118.6,stringed musical instrument; kite,Simplified,"('竹', '争')","['竹', '刀', '彐', '亅']"
篥,16,118.10,bugle; Tatar horn,Both,"('竹', '栗')","['竹', '襾', '木']"
箅,14,118.8,grate; grid; grating,Both,"('竹', '畀')","['竹', '一', '田']"
筸,13,118.7,name of a place in Honan,Both,"('竹', '旱')","['日', '干', '竹']"
笰,11,118.5,curtain,Both,"('竹', '弗')","['竹', '弓']"
篴,16,118.11,bamboo flute; whistle,Both,"('竹', '逐')","['竹', '豕', '辵']"
篳,16,118.11,"wicker, bamboo",Traditional,"('竹', '畢')","['二', '竹', '丨', '田', '一', '艸']"
節,13,118.7,"knot, node, joint; section; hexagram ䷻",Traditional,"('竹', '即')","['丶', '竹', '丨', '彐', '卩', '乙']"
笐,10,118.4,bamboos placed across wooden frames on which grain may be stored in damp climates,Both,"('竹', '亢')","['竹', '亠', '几']"
篙,16,118.10,pole used to punt a boat,Both,"('竹', '高')","['竹', '高']"
簰,18,118.12,bamboo raft,Both,"('竹', '牌')","['二', '丶', '竹', '片', '丨', '十', '冂']"
筻,13,118.7,place name in Hunan province,Both,"('竹', '更')","['丿', '竹', '丨', '日', '一']"
筰,13,118.7,cable,Both,"('竹', '作')","['丿', '二', '人', '竹', '丨', '一']"
篲,17,118.11,broomstick,Both,"('竹', '彗')","['竹', '彐']"
筧,13,118.7,bamboo water pipe,Traditional,"('竹', '見')","['竹', '見']"
篠,16,118.10,dwarf bamboo; diminutive in person's name,Both,"('竹', '條')","['人', '夂', '竹', '丨', '十', '小']"
簒,17,118.11,usurp,Both,"('𥬥', '')","['丿', '竹', '厶', '大', '目']"
篰,16,118.11,a bamboo basket,Both,"('竹', '部')","['竹', '立', '口', '阝']"
箛,14,118.8,bugle,Both,"('竹', '孤')","['竹', '子', '瓜']"
笺,11,118.5,"note, memo; stationery; comments",Simplified,"('竹', '戋')","['竹', '一', '戈']"
笧,11,118.5,to entwine around; check (a current) with a weir,Unknown,"('竹', '册')","['竹', '一', '冂']"
籌,20,118.14,"chip, tally, token; raise money",Traditional,"('竹', '壽')","['士', '竹', '乙', '寸', '工', '一', '口']"
簠,18,118.12,an ancient vessel used for holding boiled grain,Both,"('竹', '盙')","['丶', '竹', '用', '十', '皿']"
笱,11,118.5,"a basket trap for fish, placed in the opening of a weir",Both,"('竹', '句')","['勹', '竹', '口']"
篛,16,118.10,cuticle of bamboo plant,Unknown,"('竹', '弱')","['竹', '弓', '冫']"
筜,12,118.6,tall bamboo,Simplified,"('竹', '当')","['竹', '小', '彐']"
篨,15,118.10,coarse bamboo mat; ugly,Both,"('竹', '除')","['人', '竹', '干', '阝', '小']"
簥,18,118.12,a large pipe; a farm tool,Traditional,"('竹', '喬')","['冂', '大', '竹', '口']"
筌,12,118.6,bamboo fish trap,Both,"('竹', '全')","['竹', '人', '玉']"
篹,16,118.11,to collect; edit; a bamboo basket,Both,"('竹', '目大㔾')","['竹', '目', '大', '乙']"
箸,14,118.9,chopsticks,Both,"('竹', '者')","['日', '老', '竹']"
籔,21,118.15,bamboo basket,Traditional,"('竹', '數')","['女', '竹', '十', '口', '攴']"
簡,18,118.12,"simple, terse, succinct; letter",Traditional,"('竹', '間')","['日', '竹', '門']"
笲,11,118.5,basket,Both,"('竹', '弁')","['竹', '厶', '廾']"
簫,19,118.12,"musical instrument like pan-pipes, bamboo flute",Traditional,"('竹', '肅')","['竹', '一', '聿']"
答,12,118.6,"answer, reply; return; assent to",Both,"('竹', '合')","['一', '人', '竹', '口']"
筐,12,118.6,bamboo basket or chest,Both,"('竹', '匡')","['竹', '匚', '玉']"
簘,17,118.12,"musical instrument like pan-pipes, bamboo flute",Unknown,"('竹', '粛')","['人', '竹', '木', '糸', '聿']"
簾,19,118.13,"a blind, screen, curtain",Traditional,"('竹', '廉')","['八', '竹', '广', '彐', '一']"
筬,12,118.7,reed of a loom,Both,"('竹', '成')","['丿', '一', '戈', '竹']"
筮,13,118.7,divination with stalks of plants; divining rod,Both,"('竹', '巫')","['竹', '人', '工']"
筊,12,118.6,bamboo rope or cable,Both,"('竹', '交')","['竹', '丿', '亠', '八']"
籑,21,118.15,"to feed, to provide for delicacies, dainties",Both,"('竹', '目大良')","['丶', '竹', '大', '艮', '目']"
籏,20,118.14,flag,Unknown,"('竹', '旗')","['丿', '八', '竹', '方', '一', '甘']"
筞,13,118.7,"scheme, plan; to whip; urge",Unknown,"('竹', '宋')","['宀', '木', '竹']"
篗,16,118.10,a tool used for holding or winding thread; kite string,Both,"('竹', '隻')","['竹', '隹', '又']"
籰,26,118.20,a tool used for holding or winding thread; kite string,Both,"('竹', '矍')","['竹', '目', '隹', '又']"
簔,17,118.11,a coat raincoat,Unknown,"('竹', '衰')","['竹', '衣 ', '口', '一']"
籤,23,118.17,tally; lot; marker,Traditional,"('竹', '韱')","['竹', '人', '戈', '韭']"
篾,17,118.11,bamboo splints or slats,Both,"('𥬥', '戍')","['丶', '竹', '厂', '戈', '网']"
簆,17,118.11,reed,Both,"('竹', '寇')","['二', '竹', '儿', '宀', '攴']"
籬,24,118.19,bamboo or wooden fence; hedge,Traditional,"('竹', '離')","['凵', '禸', '丿', '竹', '隹', '亠']"
謂,16,149.9,"say, tell; call, name; be called",Traditional,"('言', '胃')","['月', '田', '言']"
護,20,149.14,"protect, guard, defend, shelter",Traditional,"('言', '蒦')","['隹', '又', '艸', '言']"
讘,25,149.18,to chatter,Traditional,"('言', '聶')","['耳', '言']"
評,12,149.5,"appraise, criticize, evaluate",Traditional,"('言', '平')","['干', '八', '言']"
譆,19,149.12,scream,Traditional,"('言', '喜')","['八', '士', '言', '一', '口']"
謁,16,149.9,"visit, pay respects to",Traditional,"('言', '曷')","['勹', '人', '曰', '言']"
詿,13,149.6,"error, mistake; deceive, mislead",Traditional,"('言', '圭')","['土', '言']"
訴,12,149.5,accuse; sue; inform; narrate,Traditional,"('言', '斥')","['斤', '丶', '言']"
讧,5,149'.3,confusion; internal strife,Simplified,"('讠', '工')","['讠', '工']"
谫,13,149'.11,shallow; stupid,Simplified,"('讠', '剪')","['八', '刀', '讠', '月', '一']"
谅,10,149'.8,"excuse, forgive; guess, presume",Simplified,"('讠', '京')","['小', '亠', '讠', '口']"
謱,18,149.11,chatter,Traditional,"('言', '婁')","['女', '十', '口', '言']"
諫,16,149.9,"remonstrate, admonish",Traditional,"('言', '柬')","['八', '丨', '木', '言', '口']"
詧,13,149.6,to examine into judicially to find out,Both,"('月又', '言')","['月', '言', '卩']"
譁,17,149.12,"noise, uproar; clamor, hubbub",Both,"('言', '華')","['二', '丨', '言', '一', '艸']"
訡,11,149.4,"to chant, to moan, to sigh",Unknown,"('言', '今')","['人', '丶', '言']"
諦,16,149.9,"careful, attentive",Traditional,"('言', '帝')","['八', '巾', '冖', '亠', '言']"
誧,14,149.7,huge; to admonish,Traditional,"('言', '甫')","['十', '丶', '用', '言']"
諼,16,149.9,"forget; lie, cheat, deceive",Traditional,"('言', '爰')","['又', '爪', '干', '言', '亅']"
譴,20,149.14,"reprimand, scold, abuse",Traditional,"('言', '遣')","['丨', '言', '一', '己', '口', '辵']"
警,19,149.13,"guard, watch; alert, alarm",Both,"('敬', '言')","['口', '言', '勹', '艸', '攴']"
讆,22,149.16,to exaggerate; incredible,Traditional,"('衛', '言')","['言', '韋', '行']"
詩,13,149.6,"poetry; poem, verse, ode",Traditional,"('言', '寺')","['土', '寸', '言']"
譊,19,149.12,wrangling; to quarrel,Traditional,"('言', '堯')","['土', '一', '儿', '言']"
詣,13,149.6,"reach; achievement, accomplishment",Traditional,"('言', '旨')","['日', '匕', '言']"
诎,7,149'.5,"bend, stoop, crouch; to yield",Simplified,"('讠', '出')","['讠', '山']"
詰,13,149.6,"question, interrogate",Traditional,"('言', '吉')","['士', '口', '言']"
谮,14,149'.12,to slander,Simplified,"('讠', '朁')","['日', '丿', '讠', '无']"
語,14,149.7,"language, words; saying, expression",Traditional,"('言', '吾')","['一', '口', '力', '言']"
诿,10,149'.8,"pass buck, lay blame on others",Simplified,"('讠', '委')","['禾', '讠', '女']"
謬,18,149.11,"error, exaggeration; erroneous",Traditional,"('言', '翏')","['人', '羽', '彡', '言']"
诽,10,149'.8,"slander, vilify, condemn",Simplified,"('讠', '非')","['讠', '非']"
讕,24,149.17,"accuse falsely; slander, libel",Traditional,"('言', '闌')","['門', '八', '丨', '木', '言', '口']"
詟,12,149.5,fear; envy; loquacious,Simplified,"('龙', '言')","['龙', '言']"
谱,14,149'.12,"list, table; musical score",Simplified,"('讠', '普')","['日', '一', '讠', '八']"
證,19,149.12,"proof, evidence; testify, verify",Traditional,"('言', '登')","['癶', '豆', '言']"
诐,7,149'.5,argue; biased; one-sided,Simplified,"('讠', '皮')","['皮', '讠']"
諆,15,149.8,to cheat,Traditional,"('言', '其')","['一', '甘', '八', '言']"
謏,16,149.10,"scold, censure; lead people toward virtuous ways; small, little",Traditional,"('言', '叟')","['臼', '丨', '又', '言']"
试,8,149'.6,"test, try, experiment",Simplified,"('讠', '式')","['弋', '讠', '工']"
诖,8,149'.6,"error, mistake; deceive, mislead",Simplified,"('讠', '圭')","['土', '讠']"
訒,10,149.3,"hesitate to say, reluctant to speak",Traditional,"('言', '刃')","['刀', '丶', '言']"
谈,10,149'.8,talk; conversation; surname,Simplified,"('讠', '炎')","['火', '讠']"
諝,16,149.9,knowledge; discrimination; treachery,Traditional,"('言', '胥')","['月', '疋', '言']"
诳,9,149'.7,"deceive, lie, delude, cheat",Simplified,"('讠', '狂')","['玉', '讠', '犬']"
謝,17,149.10,thank; decline,Traditional,"('言', '射')","['身', '寸', '言']"
詒,12,149.5,"bequeath, pass on to future generations",Traditional,"('言', '台')","['厶', '口', '言']"
譌,19,149.12,"false, erroneous",Traditional,"('言', '爲')","['丿', '火', '爪', '言']"
讫,5,149'.3,"finish; conclude, stop; exhaust",Simplified,"('讠', '乞')","['一', '丿', '讠', '乙']"
计,4,149'.2,"plan, plot; stratagem; scheme",Simplified,"('讠', '十')","['十', '讠']"
诺,10,149'.8,"promise; assent, approve",Simplified,"('讠', '若')","['丿', '讠', '一', '艸', '口']"
誉,13,149.6,"fame, reputation; praise",Both,"('兴', '言')","['一', '八', '小', '言']"
謇,17,149.10,stutter; speak out boldly,Both,"('𡨄', '言')","['二', '八', '言', '宀', '一']"
讴,6,149'.4,sing; songs,Simplified,"('讠', '区')","['丿', '匚', '讠']"
謡,17,149.10,"sing; folksong, ballad; rumor",Traditional,"('言', '䍃')","['缶', '爪', '言']"
諍,13,149.8,to expostulate; to remonstrate,Traditional,"('言', '爭')","['刀', '彐', '亅', '言']"
譼,21,149.14,to supervise to confine a government establishment,Traditional,"('監', '言')","['丿', '丶', '臣', '言', '一', '网']"
諁,15,149.8,"to suck, sip, sob, kiss; to chatter",Traditional,"('言', '叕')","['又', '言']"
詨,13,149.6,"genus of cicada, Cosmopsaltria",Traditional,"('言', '交')","['丿', '亠', '八', '言']"
谑,11,149'.9,jeer,Simplified,"('讠', '虐')","['虍', '讠']"
譙,19,149.12,tower; surname,Traditional,"('言', '焦')","['火', '隹', '言']"
谆,10,149'.8,"patient, earnest; earnestly",Simplified,"('讠', '享')","['子', '亠', '讠', '口']"
诱,9,149'.7,"persuade, entice, induce; guide",Simplified,"('讠', '秀')","['禾', '丿', '讠']"
谇,10,149'.8,"speak ill of, vilify; berate",Simplified,"('讠', '卒')","['十', '亠', '讠', '人']"
謧,17,149.11,"loquacious; banter, joking",Both,"('言', '离')","['丿', '凵', '禸', '亠', '言']"
譈,19,149.12,dislike,Traditional,"('言', '敦')","['子', '亠', '口', '言', '攴']"
讖,24,149.17,"prophecy, hint, omen",Traditional,"('言', '韱')","['人', '戈', '韭', '言']"
谘,11,149'.9,"consult, confer; communicate in",Simplified,"('讠', '咨')","['欠', '讠', '口', '冫']"
訩,11,149.4,noisily; uproarious; troublesome,Traditional,"('言', '凶')","['丿', '凵', '言']"
讶,6,149'.4,"express surprise, be surprised",Simplified,"('讠', '牙')","['讠', '牙']"
讦,5,149'.3,"expose other's secrets, pry",Simplified,"('讠', '干')","['干', '讠']"
谭,14,149'.12,surname,Simplified,"('讠', '覃')","['日', '十', '讠', '襾']"
誊,13,149.6,"copy, transcribe",Simplified,"('龹', '言')","['二', '丨', '八', '言']"
诉,7,149'.5,accuse; sue; inform; narrate,Simplified,"('讠', '斥')","['斤', '丶', '讠']"
謨,17,149.11,"scheme, plan; plan; be without",Traditional,"('言', '莫')","['日', '大', '艸', '言']"
誠,13,149.6,"sincere, honest; true, real",Traditional,"('言', '成')","['丿', '一', '戈', '言']"
譔,19,149.12,"to eulogize; to compose, write",Traditional,"('言', '巽')","['一', '八', '艸', '言']"
误,9,149'.7,"err, make mistake; interfere",Simplified,"('讠', '吴')","['一', '大', '讠', '口']"
訝,11,149.4,"express surprise, be surprised",Traditional,"('言', '牙')","['牙', '言']"
誦,14,149.7,"recite, chant, repeat",Traditional,"('言', '甬')","['用', '言']"
謟,17,149.10,"flatter; suspect, be uncertain",Traditional,"('言', '舀')","['臼', '爪', '言']"
讱,5,149'.3,"hesitate to say, reluctant to speak",Simplified,"('讠', '刃')","['刀', '讠', '丶']"
謷,17,149.11,slander; to revile; huge; big,Both,"('敖', '言')","['丿', '土', '言', '一', '攴']"
諤,16,149.9,"honest speech, straightforward",Traditional,"('言', '咢')","['二', '口', '言']"
誐,14,149.7,"to intone, hum",Traditional,"('言', '我')","['戈', '手', '言']"
識,19,149.12,"recognize, understand, know",Traditional,"('言', '戠')","['戈', '音', '言']"
訕,10,149.3,"abuse, slander; vilify; ridicule",Traditional,"('言', '山')","['山', '言']"
评,7,149'.5,"appraise, criticize, evaluate",Simplified,"('讠', '平')","['干', '讠', '八']"
諶,16,149.9,"sincere, faithful; surname",Traditional,"('言', '甚')","['匚', '甘', '儿', '言']"
誼,15,149.8,"friendship; appropriate, suitable",Traditional,"('言', '宜')","['宀', '一', '月', '言']"
訇,9,149.2,the sound of a crash,Both,"('勹', '言')","['勹', '言']"
讵,6,149'.4,an interjection used express surprise,Simplified,"('讠', '巨')","['匚', '讠']"
识,7,149'.5,"recognize, understand, know",Simplified,"('讠', '只')","['讠', '八', '口']"
詈,12,149.5,"scold, abuse verbally, curse",Both,"('罒', '言')","['网', '言']"
診,12,149.5,"examine patient, diagnose",Traditional,"('言', '㐱')","['人', '彡', '言']"
諗,15,149.8,"consult carefully with, counsel",Traditional,"('言', '念')","['心', '人', '丶', '言']"
証,12,149.5,"prove, confirm, verify; proof",Both,"('言', '正')","['一', '止', '言']"
謹,18,149.11,"prudent, cautious; attentive",Traditional,"('言', '堇')","['丨', '廾', '言', '玉', '口']"
诇,7,149'.5,to spy; to give information; shrewd,Simplified,"('讠', '冋')","['口', '讠', '冂']"
誤,14,149.7,"err, make mistake; interfere",Traditional,"('言', '呉')","['一', '大', '口', '言']"
詛,12,149.5,"curse; swear, pledge",Traditional,"('言', '且')","['月', '一', '言']"
誓,14,149.7,"swear, pledge; oath",Both,"('折', '言')","['斤', '手', '言']"
該,13,149.6,"should, ought to, need to",Traditional,"('言', '亥')","['人', '亠', '丨', '言']"
诊,7,149'.5,"examine patient, diagnose",Simplified,"('讠', '㐱')","['人', '讠', '彡']"
让,5,149'.3,"allow, permit, yield, concede",Simplified,"('讠', '上')","['一', '讠', '卜']"
謚,17,149.10,to confer posthumous titles,Traditional,"('言', '益')","['一', '八', '皿', '言']"
诙,8,149'.6,"tease, joke with; ridicule, mock",Simplified,"('讠', '灰')","['丿', '火', '讠', '一']"
訂,9,149.2,draw up agreement; arrange,Traditional,"('言', '丁')","['一', '亅', '言']"
諉,15,149.8,"pass buck, lay blame on others",Traditional,"('言', '委')","['禾', '女', '言']"
託,10,149.3,"entrust, rely on; commission",Traditional,"('言', '乇')","['一', '乙', '言']"
諏,15,149.8,"consult, confer; select, choose",Traditional,"('言', '取')","['又', '耳', '言']"
讪,5,149'.3,"abuse, slander; vilify; ridicule",Simplified,"('讠', '山')","['讠', '山']"
谝,11,149'.9,"brag, boast; quibble",Simplified,"('讠', '扁')","['户', '讠', '艸', '冂']"
訶,12,149.5,"scold loudly, curse, abuse",Traditional,"('言', '可')","['一', '口', '亅', '言']"
譐,19,149.12,"to talk, converse",Traditional,"('言', '尊')","['寸', '八', '酉', '言']"
谒,11,149'.9,"visit, pay respects",Simplified,"('讠', '曷')","['勹', '人', '曰', '讠']"
诩,8,149'.6,"boast, brag; popular, well-known",Simplified,"('讠', '羽')","['羽', '讠']"
讟,29,149.22,"slander, utter evil words",Traditional,"('言', '賣')","['貝', '网', '言', '士']"
讁,21,149.15,"punish; fault, blame, reprove",Both,"('言', '適')","['子', '八', '亠', '言', '欠', '辵']"
讇,23,149.16,"flatter; suspect, be uncertain",Traditional,"('言', '閻')","['臼', '刀', '門', '言']"
詅,12,149.5,to sell,Traditional,"('言', '令')","['人', '丶', '言']"
誕,13,149.7,"to bear children, give birth; birth",Traditional,"('言', '延')","['止', '廴', '言']"
谔,11,149'.9,"honest speech, straightforward",Simplified,"('讠', '咢')","['二', '讠', '口']"
诨,8,149'.6,"jokes, obscene jests; joke",Simplified,"('讠', '军')","['冖', '车', '讠']"
訖,10,149.3,"finish; conclude, stop; exhaust",Traditional,"('言', '乞')","['一', '丿', '乙', '言']"
读,10,149'.8,"read, study; pronounce",Simplified,"('讠', '卖')","['丶', '大', '十', '讠', '乙']"
谓,11,149'.9,"say, tell; call, name; be called",Simplified,"('讠', '胃')","['月', '讠', '田']"
謌,17,149.10,"song; sing, chant; praise",Traditional,"('言', '哥')","['一', '口', '亅', '言']"
谁,10,149'.8,who? whom? whose? anyone?,Simplified,"('讠', '隹')","['隹', '讠']"
诈,7,149'.5,"cheat, defraud, swindle; trick",Simplified,"('讠', '乍')","['丿', '二', '丨', '讠', '一']"
谰,14,149'.12,"accuse falsely; slander, libel",Simplified,"('讠', '阑')","['门', '八', '丨', '木', '讠', '口']"
諒,15,149.8,"excuse, forgive; guess, presume",Traditional,"('言', '京')","['小', '亠', '口', '言']"
讋,23,149.16,fear; envy; loquacious,Traditional,"('龍', '言')","['龍', '言']"
譍,20,149.13,answer,Unknown,"('䧹', '言')","['广', '隹', '人', '言']"
諷,16,149.9,"recite, incant; satirize",Traditional,"('言', '風')","['風', '言']"
谊,10,149'.8,"friendship; appropriate, suitable",Simplified,"('讠', '宜')","['宀', '一', '讠', '月']"
讍,23,149.16,honest speech,Both,"('言', '噩')","['玉', '口', '言']"
諟,16,149.9,to examine; to consider; honest,Traditional,"('言', '是')","['日', '一', '止', '言']"
詾,13,149.6,noisily; uproarious; troublesome,Both,"('言', '匈')","['勹', '凵', '丿', '言']"
谟,12,149'.10,"scheme, plan; plan; be without",Simplified,"('讠', '莫')","['日', '大', '讠', '艸']"
诠,8,149'.6,"explain, expound, comment on",Simplified,"('讠', '全')","['人', '玉', '讠']"
诜,8,149'.6,"inquire, question; numerous",Simplified,"('讠', '先')","['牛', '讠', '儿']"
誖,14,149.7,obstinate; disorderly; perverse,Both,"('言', '孛')","['冖', '十', '子', '言']"
询,8,149'.6,"inquire into, ask about; consult",Simplified,"('讠', '旬')","['勹', '讠', '日']"
调,10,149'.8,"transfer, move, change; tune",Simplified,"('讠', '周')","['口', '讠', '田']"
討,10,149.3,"to discuss; ask for, beg; demand; dun; marry",Traditional,"('言', '寸')","['寸', '言']"
诣,8,149'.6,"reach; achievement, accomplishment",Simplified,"('讠', '旨')","['日', '匕', '讠']"
谂,10,149'.8,"consult carefully with, counsel",Simplified,"('讠', '念')","['心', '人', '丶', '讠']"
誨,14,149.7,"teach, instruct; encourage, urge",Traditional,"('言', '每')","['一', '丿', '毋', '言']"
说,9,149'.7,"speak, say, talk; scold, upbraid",Simplified,"('讠', '兌')","['讠', '八', '口', '儿']"
詡,13,149.6,"boast, brag; popular, well known; to flatter",Traditional,"('言', '羽')","['羽', '言']"
詉,12,149.5,gibberish; to wrangle,Traditional,"('言', '奴')","['女', '又', '言']"
诀,6,149'.4,"take leave of, bid farewell",Simplified,"('讠', '夬')","['人', '丨', '讠']"
详,8,149'.6,"detailed, complete, thorough",Simplified,"('讠', '羊')","['羊', '讠']"
詬,13,149.6,"abuse, scold, berate, insult",Traditional,"('言', '后')","['一', '口', '⺁', '言']"
誃,13,149.6,part,Traditional,"('言', '多')","['夕', '言']"
谦,12,149'.10,"humble, modest",Simplified,"('讠', '兼')","['一', '讠', '八', '彐']"
誅,13,149.6,"execute, kill, put to death; punish",Traditional,"('言', '朱')","['一', '木', '言']"
诌,7,149'.5,"play with words, quip; talk nonsense",Simplified,"('讠', '刍')","['刀', '讠', '彐']"
诲,9,149'.7,"teach, instruct; encourage, urge",Simplified,"('讠', '每')","['一', '丿', '讠', '毋']"
讯,5,149'.3,inquire; ask; examine; reproach,Simplified,"('讠', '卂')","['十', '讠', '乙']"
诞,8,149'.6,"bear children, give birth; birth",Simplified,"('讠', '延')","['止', '廴', '讠']"
諌,15,149.8,"remonstrate, admonish",Traditional,"('言', '東')","['日', '木', '言']"
誰,15,149.8,who? whom? whose? anyone?,Traditional,"('言', '隹')","['隹', '言']"
訑,10,149.3,"deceive, cheat; arrogant",Traditional,"('言', '也')","['丨', '乙', '言']"
謫,18,149.11,"charge, blame; disgrace; demote; punish",Traditional,"('言', '啇')","['子', '八', '亠', '言', '欠']"
詁,12,149.5,"exegesis, explanation; explain",Traditional,"('言', '古')","['十', '口', '言']"
談,15,149.8,talk; conversation; surname,Traditional,"('言', '炎')","['火', '言']"
註,12,149.5,explain; annotate; make entry,Traditional,"('言', '主')","['丶', '玉', '言']"
讙,24,149.18,"cheer; noise, noisy",Traditional,"('言', '雚')","['隹', '艸', '口', '言']"
讹,6,149'.4,"swindle, cheat; erroneous, wrong",Simplified,"('讠', '化')","['人', '匕', '讠']"
譖,19,149.12,to slander,Traditional,"('言', '朁')","['日', '丿', '无', '言']"
講,17,149.10,explain; discuss; talk,Traditional,"('言', '冓')","['二', '土', '言', '一', '冂']"
誌,14,149.7,write down; record; magazine,Traditional,"('言', '志')","['心', '士', '言']"
訹,12,149.5,to beguile with false stories,Traditional,"('言', '朮')","['丶', '木', '言']"
譟,20,149.13,"clamor, noise, din; slander",Traditional,"('言', '喿')","['木', '口', '言']"
诧,8,149'.6,"be surprised, be shocked",Simplified,"('讠', '宅')","['宀', '一', '讠', '乙']"
調,15,149.8,"transfer, move, change; tune",Traditional,"('言', '周')","['田', '口', '言']"
譚,19,149.12,surname; to talk,Traditional,"('言', '覃')","['日', '十', '襾', '言']"
訪,11,149.4,"visit; ask, inquire",Traditional,"('言', '方')","['方', '言']"
词,7,149'.5,"words; phrase, expression",Simplified,"('讠', '司')","['一', '讠', '口']"
诪,9,149'.7,"deceive, cheat; hurried, bustling",Simplified,"('讠', '寿')","['二', '丨', '寸', '讠', '一']"
讨,5,149'.3,"to discuss; ask for, beg; demand; dun; marry",Simplified,"('讠', '寸')","['讠', '寸']"
谵,15,149'.13,talkative; incoherent talk,Simplified,"('讠', '詹')","['八', '刀', '厂', '讠', '言']"
讳,6,149'.4,conceal; shun; regard as taboo,Simplified,"('讠', '韦')","['韦', '讠']"
训,5,149'.3,"teach, instruct; exegesis",Simplified,"('讠', '川')","['川', '讠']"
谜,11,149'.9,"riddle, conundrum; puzzle",Simplified,"('讠', '迷')","['讠', '米', '辵']"
诫,9,149'.7,"warn, admonish; warning",Simplified,"('讠', '戒')","['戈', '讠', '艸']"
謊,16,149.10,lie,Traditional,"('言', '荒')","['丶', '匸', '丨', '言', '儿', '艸']"
谲,14,149'.12,"cunning, crafty, sly, wily",Simplified,"('讠', '矞')","['八', '冂', '讠', '矛', '口']"
讅,22,149.15,know in detail,Traditional,"('言', '審')","['宀', '田', '釆', '言']"
譸,21,149.14,"deceive, cheat; hurried, bustling",Traditional,"('言', '壽')","['士', '乙', '寸', '言', '工', '一', '口']"
謿,19,149.12,"ridicule, deride, scorn, jeer at",Unknown,"('言', '朝')","['日', '十', '月', '言']"
詫,13,149.6,to brag; exaggerated; to wonder at,Traditional,"('言', '宅')","['宀', '一', '乙', '言']"
諴,16,149.9,in harmony; in agreement; sincere,Traditional,"('言', '咸')","['厂', '戈', '言', '一', '口']"
訟,11,149.4,"accuse; argue, dispute; litigate; hexagram ䷅",Traditional,"('言', '公')","['厶', '八', '言']"
訾,13,149.5,bad-mouth; criticize; defects,Both,"('此', '言')","['止', '匕', '言']"
訛,11,149.4,"swindle, cheat; erroneous, wrong",Traditional,"('言', '化')","['人', '匕', '言']"
誘,14,149.7,"persuade, entice, induce; guide",Traditional,"('言', '秀')","['禾', '丿', '言']"
訏,10,149.3,"boast, exaggerate; great, broad",Traditional,"('言', '于')","['干', '亅', '言']"
谚,11,149'.9,"proverb, maxim",Simplified,"('讠', '彦')","['彡', '讠', '立', '厂']"
訥,11,149.4,slow of speech; mumble; stammer,Traditional,"('言', '內')","['人', '冂', '言']"
誣,14,149.7,make false accusation; defame,Traditional,"('言', '巫')","['人', '工', '言']"
詑,12,149.5,cheat,Traditional,"('言', '它')","['宀', '匕', '言']"
谯,14,149'.12,tower; surname,Simplified,"('讠', '焦')","['火', '隹', '讠']"
论,6,149'.4,debate; discuss; discourse,Simplified,"('讠', '仑')","['人', '匕', '讠']"
谥,12,149'.10,to confer posthumous titles,Simplified,"('讠', '益')","['一', '讠', '八', '皿']"
訊,10,149.3,inquire; ask; examine; reproach,Traditional,"('言', '卂')","['十', '乙', '言']"
谀,10,149'.8,"flatter, truckle",Simplified,"('讠', '臾')","['臼', '人', '讠']"
誶,15,149.8,"speak ill of, vilify; berate; interrogate",Traditional,"('言', '卒')","['十', '亠', '人', '言']"
譯,20,149.13,translate; decode; encode,Traditional,"('言', '睪')","['土', '八', '干', '言', '网']"
謔,16,149.10,jeer,Traditional,"('言', '虐')","['虍', '言']"
誄,13,149.6,"eulogize, praise the dead",Traditional,"('言', '耒')","['耒', '言']"
訳,11,149.4,translate; decode; encode,Unknown,"('言', '尺')","['尸', '言']"
譎,19,149.12,"cunning, crafty, sly, wily",Traditional,"('言', '矞')","['八', '冂', '言', '矛', '口']"
謀,16,149.9,"plan, scheme; stratagem",Traditional,"('言', '某')","['甘', '木', '言']"
谖,11,149'.9,"forget; lie, cheat, deceive",Simplified,"('讠', '爰')","['干', '又', '讠', '爪']"
谧,12,149'.10,"calm, quiet, still; cautious",Simplified,"('讠', '𥁑')","['心', '丿', '讠', '皿']"
许,6,149'.4,"allow, permit; promise; betroth",Simplified,"('讠', '午')","['干', '讠']"
訠,11,149.4,"much more, still more; the gums",Both,"('言', '引')","['丨', '弓', '言']"
訽,12,149.5,blame,Traditional,"('言', '句')","['勹', '口', '言']"
設,11,149.4,"build; establish; display; particle of hypothesis, supposing",Traditional,"('言', '殳')","['殳', '言']"
謆,17,149.10,"beguile, cajole",Traditional,"('言', '扇')","['羽', '户', '言']"
诸,10,149'.8,"various, all, these; surname",Simplified,"('讠', '者')","['日', '讠', '老']"
諱,16,149.9,conceal; shun; regard as taboo,Traditional,"('言', '韋')","['韋', '言']"
詸,13,149.6,"riddle, conundrum; puzzle",Unknown,"('言', '米')","['米', '言']"
诚,8,149'.6,"sincere, honest; true, real",Simplified,"('讠', '成')","['丿', '一', '戈', '讠']"
計,9,149.2,"plan, plot; stratagem; scheme",Traditional,"('言', '十')","['十', '言']"
訓,10,149.3,"teach, instruct; exegesis",Traditional,"('言', '川')","['川', '言']"
请,10,149'.8,"ask, request; invite; please",Simplified,"('讠', '青')","['讠', '青']"
詪,13,149.6,difficulty in speaking; wrangling,Traditional,"('言', '艮')","['艮', '言']"
讜,27,149.20,"counsel, advice; speak out",Traditional,"('言', '黨')","['黑', '冖', '小', '言', '口']"
谋,11,149'.9,"plan, scheme; stratagem",Simplified,"('讠', '某')","['甘', '讠', '木']"
谩,13,149'.11,"deceive, insult",Simplified,"('讠', '曼')","['日', '网', '又', '讠']"
访,6,149'.4,"visit; ask, inquire",Simplified,"('讠', '方')","['讠', '方']"
谴,15,149'.13,"reprimand, scold, abuse",Simplified,"('讠', '遣')","['丨', '讠', '一', '己', '口', '辵']"
诅,7,149'.5,"curse; swear, pledge",Simplified,"('讠', '且')","['月', '一', '讠']"
谶,19,149'.17,"prophecy, hint, omen",Simplified,"('讠', '韱')","['人', '戈', '讠', '韭']"
記,10,149.3,"record; keep in mind, remember",Traditional,"('言', '己')","['几', '言']"
设,6,149'.4,build; establish; display,Simplified,"('讠', '殳')","['讠', '殳']"
讒,24,149.17,"slander, defame, misrepresent",Traditional,"('言', '毚')","['丶', '乙', '刀', '丨', '言', '比', '口']"
誑,14,149.7,"deceive, lie, delude, cheat",Traditional,"('言', '狂')","['玉', '犬', '言']"
謠,17,149.10,"sing; folksong, ballad; rumor",Traditional,"('言', '䍃')","['月', '缶', '言']"
诡,8,149'.6,"deceive, cheat, defraud; sly",Simplified,"('讠', '危')","['刀', '讠', '厂', '乙']"
諚,15,149.8,(kokuji) command,Both,"('言', '定')","['宀', '一', '止', '言']"
讥,4,149'.2,"ridicule, jeer, mock; inspect",Simplified,"('讠', '几')","['几', '讠']"
认,4,149'.2,"recognize, know, understand",Simplified,"('讠', '人')","['人', '讠']"
誥,14,149.7,"inform, notify, admonish, order",Traditional,"('言', '告')","['牛', '口', '言']"
訌,10,149.3,confusion; internal strife,Traditional,"('言', '工')","['工', '言']"
讃,22,149.15,"praise, commend, eulogize",Unknown,"('言', '賛')","['貝', '人', '二', '言']"
诼,10,149'.8,slander; gossip; rumors,Simplified,"('讠', '豖')","['勹', '一', '丶', '讠']"
詭,13,149.6,"deceive, cheat, defraud; sly",Traditional,"('言', '危')","['刀', '厂', '乙', '言']"
诋,7,149'.5,"slander, condemn, reproach",Simplified,"('讠', '氐')","['丶', '氏', '讠']"
谕,11,149'.9,"proclaim, instruct; edict",Simplified,"('讠', '俞')","['人', '刀', '讠', '月', '一']"
詎,11,149.5,interjection used to express surprise,Traditional,"('言', '巨')","['匚', '言']"
諞,16,149.9,"brag, boast; quibble",Traditional,"('言', '扁')","['户', '艸', '冂', '言']"
谎,11,149'.9,lie,Simplified,"('讠', '荒')","['丶', '丨', '匸', '讠', '儿', '艸']"
誆,13,149.6,"cheat, swindle, lie",Traditional,"('言', '匡')","['匚', '玉', '言']"
諰,16,149.9,apprehensive,Traditional,"('言', '思')","['心', '田', '言']"
诏,7,149'.5,"decree, proclaim; imperial decree",Simplified,"('讠', '召')","['刀', '讠', '口']"
謦,18,149.11,to speak softly,Both,"('殸', '言')","['丨', '言', '殳', '士']"
譜,19,149.12,"register, list, table; musical score",Traditional,"('言', '普')","['日', '一', '八', '言']"
諜,16,149.9,an intelligence report; to spy; spying,Traditional,"('言', '枼')","['木', '廾', '言']"
谤,12,149'.10,"slander, libel",Simplified,"('讠', '旁')","['八', '冖', '亠', '讠', '方']"
諮,16,149.9,"consult, confer; communicate in",Traditional,"('言', '咨')","['冫', '欠', '口', '言']"
讣,4,149'.2,obituary; give notice of death,Simplified,"('讠', '卜')","['讠', '卜']"
訚,10,149.3,speak gently; respectful,Simplified,"('门', '言')","['门', '言']"
讌,23,149.16,"a feast, banquet; to entertain, feast",Traditional,"('言', '燕')","['火', '匕', '廾', '言', '口']"
謅,17,149.10,"play with words, quip; talk nonsense",Traditional,"('言', '芻')","['勹', '艸', '言']"
諡,16,149.9,"posthumous name, posthumous title",Both,"('言', '㿽')","['一', '八', '皿', '言']"
詠,12,149.5,"sing, hum, chant",Traditional,"('言', '永')","['丶', '言']"
诛,8,149'.6,"execute, kill, put to death; punish",Simplified,"('讠', '朱')","['一', '讠', '木']"
謖,17,149.10,rise up; raise up,Traditional,"('言', '畟')","['田', '八', '夂', '言']"
諵,16,149.9,mutter,Both,"('言', '南')","['八', '干', '十', '言', '冂']"
誚,14,149.7,"criticize, scold, blame, ridicule",Traditional,"('言', '肖')","['月', '小', '言']"
诹,10,149'.8,"consult, confer; select, choose",Simplified,"('讠', '取')","['又', '讠', '耳']"
譭,20,149.13,to slander; to defame,Both,"('言', '毀')","['臼', '殳', '工', '言']"
訃,9,149.2,obituary; give notice of death,Traditional,"('言', '卜')","['卜', '言']"
谍,11,149'.9,an intelligence report; to spy; spying,Simplified,"('讠', '枼')","['廾', '讠', '木']"
谨,13,149'.11,"prudent, cautious; attentive",Simplified,"('讠', '堇')","['丨', '廾', '讠', '玉', '口']"
謼,18,149.11,to shout; to mourn to invoke,Traditional,"('言', '虖')","['丿', '八', '言', '虍', '一']"
誂,13,149.6,tempt,Traditional,"('言', '兆')","['冫', '儿', '言']"
誡,14,149.7,"warn, admonish; warning",Traditional,"('言', '戒')","['戈', '廾', '言']"
诘,8,149'.6,"question, interrogate",Simplified,"('讠', '吉')","['讠', '口', '士']"
谗,11,149'.9,"slander, defame, misrepresent",Simplified,"('讠', '免冫')","['丶', '乙', '刀', '丨', '讠', '口']"
課,15,149.8,lesson; course; classwork,Traditional,"('言', '果')","['田', '木', '言']"
讻,6,149'.4,noisily; uproarious; troublesome,Simplified,"('讠', '凶')","['丿', '凵', '讠']"
詼,13,149.6,"tease, joke with; ridicule, mock",Traditional,"('言', '灰')","['丿', '火', '一', '言']"
詻,13,149.6,orders,Traditional,"('言', '各')","['口', '夂', '言']"
謎,16,149.10,"riddle, conundrum; puzzle",Traditional,"('言', '迷')","['米', '辵', '言']"
谏,11,149'.9,"remonstrate, admonish",Simplified,"('讠', '柬')","['八', '丨', '木', '讠', '口']"
讷,6,149'.4,slow of speech; mumble; stammer,Simplified,"('讠', '内')","['人', '讠', '冂']"
諧,16,149.9,"harmonize, agree; joke, jest",Traditional,"('言', '皆')","['比', '白', '言']"
讀,22,149.15,"read, study; pronounce",Traditional,"('言', '賣')","['貝', '网', '士', '言']"
議,20,149.13,"consult, talk over, discuss",Traditional,"('言', '義')","['羊', '戈', '手', '言']"
谌,11,149'.9,"sincere, faithful; surname",Simplified,"('讠', '甚')","['匚', '甘', '讠', '儿']"
讼,6,149'.4,"accuse; argue, dispute; litigate",Simplified,"('讠', '公')","['厶', '讠', '八']"
誾,15,149.8,speak gently; respectful,Traditional,"('門', '言')","['門', '言']"
變,23,149.16,"change, transform, alter; rebel",Traditional,"('䜌', '攵')","['糸', '攴', '言']"
諠,16,149.9,"noisy, uproarious; forget",Traditional,"('言', '宣')","['宀', '一', '日', '言']"
諸,15,149.9,"several, various",Traditional,"('言', '者')","['日', '老', '言']"
詤,13,149.6,to make wild statements to lie; to misstate; lies falsehood,Both,"('言', '㠩')","['人', '儿', '丨', '言']"
詆,12,149.5,"slander, condemn, reproach",Traditional,"('言', '氐')","['丶', '氏', '言']"
請,15,149.8,"ask, request; invite; please",Traditional,"('言', '青')","['青', '言']"
諾,15,149.9,"promise; assent, approve",Traditional,"('言', '若')","['丿', '言', '一', '艸', '口']"
謗,17,149.10,"slander, libel",Traditional,"('言', '旁')","['八', '冖', '亠', '方', '言']"
诗,8,149'.6,"poetry; poem, verse, ode",Simplified,"('讠', '寺')","['土', '讠', '寸']"
詘,12,149.5,"bend, stoop, crouch; to yield",Traditional,"('言', '出')","['山', '言']"
诮,9,149'.7,"criticize, scold, blame, ridicule",Simplified,"('讠', '肖')","['月', '讠', '小']"
諓,15,149.8,flattering,Traditional,"('言', '戔')","['戈', '言']"
譏,19,149.12,"ridicule, jeer, mock; inspect",Traditional,"('言', '幾')","['幺', '人', '戈', '言']"
諑,15,149.8,slander; gossip; rumors,Traditional,"('言', '豖')","['勹', '一', '丶', '言']"
諢,16,149.9,"jokes, obscene jests; joke",Traditional,"('言', '軍')","['冖', '車', '言']"
諐,15,149.8,fault,Unknown,"('侃', '言')","['人', '丨', '儿', '言', '口']"
谄,10,149'.8,"flatter, truckle, toady",Simplified,"('讠', '臽')","['臼', '刀', '讠']"
説,14,149.7,speak,Traditional,"('言', '兌')","['儿', '八', '口', '言']"
语,9,149'.7,"language, words; saying, expression",Simplified,"('讠', '吾')","['一', '口', '讠', '力']"
訢,11,149.4,"pleased, delighted; happy",Traditional,"('言', '斤')","['斤', '言']"
诒,7,149'.5,"bequeath, pass on to future generations",Simplified,"('讠', '台')","['厶', '讠', '口']"
誹,15,149.8,"slander, vilify, condemn",Traditional,"('言', '非')","['非', '言']"
訐,10,149.3,"expose other's secrets, pry",Traditional,"('言', '干')","['干', '言']"
议,5,149'.3,"consult, talk over, discuss",Simplified,"('讠', '义')","['丿', '丶', '讠']"
謳,18,149.11,to sing; songs,Traditional,"('言', '區')","['匚', '口', '言']"
讐,23,149.16,"enemy, rival, opponent",Both,"('雔', '言')","['隹', '言']"
诂,7,149'.5,"exegesis, explanation; explain",Simplified,"('讠', '古')","['十', '讠', '口']"
詖,12,149.5,argue; biased; one-sided,Traditional,"('言', '皮')","['皮', '言']"
讽,6,149'.4,"recite, incant; satirize",Simplified,"('讠', '风')","['风', '讠']"
詹,13,149.6,"surname; talk too much, verbose",Both,"('厃儿', '言')","['刀', '八', '厂', '言']"
謄,17,149.10,"copy, transcribe",Traditional,"('月', '誊')","['二', '八', '丨', '言', '月']"
谣,12,149'.10,"sing; folksong, ballad; rumor",Simplified,"('讠', '䍃')","['缶', '讠', '爪']"
譽,20,149.14,"fame, reputation; praise",Traditional,"('與', '言')","['八', '丨', '言', '臼', '一']"
诵,9,149'.7,"recite, chant, repeat",Simplified,"('讠', '甬')","['讠', '用']"
詋,12,149.5,to curse; to swear an oath incantations,Both,"('言', '兄')","['儿', '口', '言']"
譾,22,149.15,shallow; stupid,Traditional,"('言', '翦')","['八', '羽', '刀', '言', '月', '一']"
詳,13,149.6,"detailed, complete, thorough",Traditional,"('言', '羊')","['羊', '言']"
谛,11,149'.9,"careful, attentive",Simplified,"('讠', '帝')","['八', '巾', '冖', '亠', '讠']"
譫,20,149.13,talkative; incoherent talk,Traditional,"('言', '詹')","['刀', '八', '厂', '言']"
謋,17,149.10,sound of flesh and bone being separated,Traditional,"('言', '桀')","['舛', '木', '言']"
讬,5,149'.3,"entrust, rely on; commission",Simplified,"('讠', '乇')","['一', '讠', '乙']"
許,11,149.4,"allow, permit; promise; betroth",Traditional,"('言', '午')","['干', '言']"
谐,11,149'.9,"harmonize, agree; joke, jest",Simplified,"('讠', '皆')","['比', '白', '讠']"
諭,16,149.9,"proclaim, instruct; edict",Traditional,"('言', '俞')","['人', '刀', '言', '月', '一']"
謪,18,149.11,to consult; to deliberate; commerce,Unknown,"('言', '商')","['八', '冂', '亠', '言', '口']"
谪,13,149'.11,"charge, blame; disgrace; demote",Simplified,"('讠', '啇')","['子', '八', '亠', '讠', '欠']"
訬,11,149.4,"clamour, uproar, annoyance, etc.",Traditional,"('言', '少')","['丿', '小', '言']"
論,15,149.8,debate; discuss; discourse,Traditional,"('言', '侖')","['人', '言', '一', '艸', '冂']"
诟,8,149'.6,"abuse, scold, berate, insult",Simplified,"('讠', '后')","['一', '口', '讠', '⺁']"
讚,26,149.19,"praise, commend, eulogize",Traditional,"('言', '贊')","['貝', '言', '牛', '儿']"
諊,15,149.8,to make a judicial investigation,Both,"('言', '匊')","['勹', '米', '言']"
詗,12,149.5,to spy; to give information; shrewd,Traditional,"('言', '冋')","['口', '冂', '言']"
試,13,149.6,"test, try, experiment",Traditional,"('言', '式')","['弋', '工', '言']"
訦,11,149.4,sincere; faithful,Traditional,"('言', '冘')","['巾', '乙', '言']"
誩,14,149.7,to quarrel; to wrangle,Both,"('言', None)",['言']
詮,13,149.6,"explain, expound, comment on",Traditional,"('言', '全')","['人', '玉', '言']"
詀,12,149.5,garrulous to whisper. to joke,Traditional,"('言', '占')","['卜', '口', '言']"
话,8,149'.6,"speech, talk, language; dialect",Simplified,"('讠', '舌')","['讠', '舌']"
認,14,149.7,"recognize, know, understand",Traditional,"('言', '忍')","['心', '刀', '丶', '言']"
諬,16,149.9,to open to begin to explain to inform a letter,Unknown,"('禾*', '言')","['禾', '丶', '尢', '言']"
诓,8,149'.6,"cheat, swindle, lie",Simplified,"('讠', '匡')","['匚', '玉', '讠']"
课,10,149'.8,lesson; course; classwork,Simplified,"('讠', '果')","['讠', '木', '田']"
詔,12,149.5,"decree, proclaim; imperial decree",Traditional,"('言', '召')","['刀', '口', '言']"
诬,9,149'.7,make false accusation; defame,Simplified,"('讠', '巫')","['人', '讠', '工']"
证,7,149'.5,"prove, confirm, verify; proof",Simplified,"('讠', '正')","['一', '讠', '止']"
諛,15,149.9,flatter; truckle,Traditional,"('言', '臾')","['臼', '人', '言']"
謾,18,149.11,"deceive, insult",Traditional,"('言', '曼')","['日', '网', '又', '言']"
読,14,149.7,"read, study; pronounce",Unknown,"('言', '売')","['冖', '儿', '士', '言']"
諂,15,149.8,flatter; truckle; toady,Traditional,"('言', '臽')","['臼', '刀', '言']"
諄,15,149.8,"patient, earnest; earnestly",Traditional,"('言', '享')","['子', '亠', '口', '言']"
譅,21,149.12,wriggling,Traditional,"('言', '歰')","['止', '刀', '丶', '言']"
谙,11,149'.9,"versed in, fully acquainted with",Simplified,"('讠', '音')","['讠', '音']"
谳,15,149'.13,"to decide, judge; a verdict, decision",Simplified,"('讠', '献')","['八', '干', '犬', '十', '讠', '冂']"
诤,8,149'.6,to expostulate; to remonstrate,Simplified,"('讠', '争')","['刀', '讠', '彐', '亅']"
该,8,149'.6,"should, ought to, need to",Simplified,"('讠', '亥')","['人', '亠', '丨', '讠']"
讎,23,149.16,"enemy, rival, opponent",Traditional,"('隹', '言')","['隹', '言']"
讓,24,149.17,"allow, permit, yield, concede",Traditional,"('言', '襄')","['二', '衣', '言', '一', '口']"
誒,14,149.7,an exclamation of confirmation,Traditional,"('言', '矣')","['厶', '矢', '言']"
謭,18,149.11,shallow; stupid,Traditional,"('言', '剪')","['八', '刀', '言', '月', '一']"
諕,15,149.8,to intimidate,Traditional,"('言', '虎')","['虍', '几', '言']"
訧,11,149.4,fault,Traditional,"('言', '尤')","['丶', '尢', '言']"
諳,16,149.9,"versed in, fully acquainted with",Traditional,"('言', '音')","['音', '言']"
谡,12,149'.10,rise up; raise up,Simplified,"('讠', '畟')","['夂', '讠', '八', '田']"
讲,6,149'.4,explain; discuss; talk,Simplified,"('讠', '井')","['二', '讠']"
谉,10,149'.8,to know in detail,Simplified,"('讠', '审')","['宀', '丨', '讠', '日']"
說,14,149.7,"speak, say, talk; scold, upbraid",Traditional,"('言', '兌')","['儿', '八', '口', '言']"
诔,8,149'.6,"eulogize, praise the dead",Simplified,"('讠', '耒')","['耒', '讠']"
谞,11,149'.9,knowledge; discrimination; treachery,Simplified,"('讠', '胥')","['月', '疋', '讠']"
誇,13,149.6,"exaggerate; brag, boast; flaunt",Traditional,"('言', '夸')","['二', '大', '言']"
讛,25,149.19,"talk in one's sleep, somniloquy",Traditional,"('言', '藝')","['丿', '土', '丶', '八', '二', '厶', '言', '艸']"
讞,27,149.20,"to decide, judge; a verdict, decision",Traditional,"('言', '獻')","['虍', '犬', '鬲', '言']"
訣,11,149.4,"take leave of, bid farewell",Traditional,"('言', '夬')","['人', '丨', '言']"
诃,7,149'.5,"scold loudly, curse, abuse",Simplified,"('讠', '可')","['一', '口', '讠', '亅']"
谢,12,149'.10,thank; decline,Simplified,"('讠', '射')","['身', '讠', '寸']"
謙,17,149.10,"humble, modest; hexagram ䷎",Traditional,"('言', '兼')","['一', '八', '彐', '言']"
译,7,149'.5,translate; decode; encode,Simplified,"('讠', '夅')","['二', '丨', '又', '讠']"
謐,17,149.10,"calm, quiet, still; cautious",Traditional,"('言', '𥁑')","['心', '丿', '皿', '言']"
譛,19,149.12,to slander,Unknown,"('言', '替')","['日', '人', '二', '言']"
諺,16,149.9,"proverb, maxim",Traditional,"('言', '彦')","['彡', '立', '厂', '言']"
记,5,149'.3,"record; keep in mind, remember",Simplified,"('讠', '己')","['讠', '己']"
詞,12,149.5,"words; phrase, expression",Traditional,"('言', '司')","['一', '口', '言']"
谬,13,149'.11,"error, exaggeration; erroneous",Simplified,"('讠', '翏')","['人', '羽', '讠', '彡']"
诰,9,149'.7,"inform, notify, admonish, order",Simplified,"('讠', '告')","['牛', '讠', '口']"
诶,9,149'.7,an exclamation of confirmation,Simplified,"('讠', '矣')","['厶', '讠', '矢']"
譬,20,149.13,"metaphor, simile, example",Both,"('辟', '言')","['尸', '辛', '口', '言']"
詵,13,149.6,"inquire, question; numerous",Traditional,"('言', '先')","['牛', '儿', '言']"
谠,12,149'.10,"counsel, advice; speak out",Simplified,"('讠', '党')","['冖', '讠', '小', '儿', '口']"
譲,20,149.13,"allow, permit, yield, concede",Unknown,"('言', '㐮')","['二', '八', '亠', '言', '一']"
謑,17,149.10,"shame, disgrace",Traditional,"('言', '奚')","['幺', '大', '爪', '言']"
詢,13,149.6,"inquire into, ask about; consult",Traditional,"('言', '旬')","['勹', '日', '言']"
訄,9,149.2,"to coerce, compel",Both,"('九', '言')","['丿', '言']"
詐,12,149.5,"cheat, defraud, swindle; trick; to feign",Traditional,"('言', '乍')","['丿', '二', '丨', '言', '一']"
譹,21,149.14,"to shout, roar, terrify; swiftly",Traditional,"('言', '豪')","['豕', '冖', '亠', '言', '口']"
話,13,149.6,"speech, talk, language; dialect",Traditional,"('言', '舌')","['舌', '言']"
订,4,149'.2,draw up agreement; arrange,Simplified,"('讠', '丁')","['一', '讠', '亅']"
娱,10,38.7,"pleasure, enjoyment, amusement",Both,"('女', '吴')","['女', '一', '大', '口']"
婪,11,38.8,"covet; covetous, avaricious",Both,"('木', '女')","['女', '木']"
娼,11,38.8,"prostitute, harlot",Both,"('女', '昌')","['女', '日']"
姪,9,38.6,brother's child,Traditional,"('女', '至')","['女', '至']"
嬰,17,38.14,"baby, infant; bother",Traditional,"('貝', '女')","['女', '貝']"
奶,5,38.2,milk; woman's breasts; nurse,Both,"('女', '乃')","['女', '丿']"
娩,10,38.7,give birth child; complaisant,Both,"('女', '免')","['女', '乙', '刀', '丨', '口']"
妵,8,38.5,person's name,Both,"('女', '主')","['女', '丶', '玉']"
姨,9,38.6,mother/wife's sister; concubine,Both,"('女', '夷')","['女', '大', '弓']"
姒,7,38.5,wife of elder brother,Both,"('女', '以')","['女', '人', '丶', '乙']"
妖,7,38.4,"strange, weird, supernatural",Both,"('女', '夭')","['女', '大']"
嫱,14,38.11,lady,Simplified,"('女', '啬')","['女', '土', '囗', '八']"
娵,11,38.8,star,Both,"('女', '取')","['女', '又', '耳']"
娅,9,38.6,mutual term of address used by sons-in-law; a brother-in-law,Simplified,"('女', '亚')","['女', '一', '八']"
嬬,17,38.14,"mistress, concubine; weak",Both,"('女', '需')","['女', '而', '雨']"
媵,13,38.10,a maid who accompanies bride to her new home; to escort; a concubine,Both,"('月', '')","['女', '二', '八', '丨', '月']"
媛,12,38.9,"beauty, beautiful woman",Both,"('女', '爰')","['女', '干', '又', '爪']"
娒,10,38.7,matron,Both,"('女', '每')","['女', '丿', '毋', '一']"
嬪,17,38.14,court lady; palace maid,Traditional,"('女', '賓')","['女', '丿', '貝', '小', '宀', '一']"
姊,7,38.5,elder sister,Both,"('女', '𠂔')","['女', '丨']"
嫗,14,38.11,"old woman, hag",Traditional,"('女', '區')","['女', '匚', '口']"
婭,11,38.8,mutual term of address used by sons-in-law; a brother-in-law,Traditional,"('女', '亞')","['女', '二']"
妮,8,38.5,"maid, servant girl; cute girl",Both,"('女', '尼')","['女', '尸', '匕']"
嫠,14,38.11,a widow,Both,"('𠩺', '女')","['女', '木', '厂', '一', '攴']"
娟,10,38.7,"beautiful, graceful",Both,"('女', '肙')","['女', '月', '口']"
妤,7,38.4,"beautiful, fair, handsome",Both,"('女', '予')","['女', '亅', '乙']"
嬖,16,38.13,favorite; a minion,Both,"('辟', '女')","['女', '尸', '辛', '口']"
媚,12,38.9,"charming, attractive; flatter",Both,"('女', '眉')","['女', '目', '丨']"
媥,12,38.9,lightly circling; lightly fluttering,Both,"('女', '扁')","['女', '户', '艸', '冂']"
嬾,19,38.16,"lazy, languid, listless",Traditional,"('女', '賴')","['女', '刀', '木', '貝', '口']"
姤,9,38.6,mate; copulate; good; hexagram ䷫,Both,"('女', '后')","['女', '一', '口', '⺁']"
姘,9,38.6,illicit sexual relations,Both,"('女', '并')","['女', '一', '廾', '八']"
孀,20,38.17,widow,Both,"('女', '霜')","['女', '目', '木', '雨']"
婤,11,38.8,lovely,Both,"('女', '周')","['女', '田', '口']"
婷,12,38.9,pretty; attractive; graceful,Both,"('女', '亭')","['女', '亅', '冖', '亠', '一', '口']"
娇,9,38.6,seductive and loveable; tender,Both,"('女', '乔')","['女', '大']"
威,9,38.6,"pomp, power; powerful; dominate",Both,"('戌', '女')","['女', '一', '戈', '厂']"
妙,7,38.4,"mysterious, subtle; exquisite",Both,"('女', '少')","['女', '丿', '小']"
妄,6,38.3,"absurd, foolish, reckless; false",Both,"('亡', '女')","['女', '丶', '匸']"
妓,7,38.4,prostitute,Both,"('女', '支')","['女', '支']"
嬃,15,38.12,sister,Traditional,"('須', '女')","['頁', '彡', '女']"
妒,7,38.4,"jealous, envious",Both,"('女', '戶')","['女', '户']"
姆,8,38.5,child's governess; matron,Both,"('女', '母')","['女', '毋']"
姦,9,38.6,"adultery, debauchery; debauch",Traditional,"('女', None)",['女']
妇,6,38.3,married women; woman; wife,Simplified,"('女', '彐')","['女', '彐']"
嫺,15,38.12,"refined, elegant, gracious",Both,"('女', '閒')","['女', '月', '門']"
媾,13,38.10,marry; be on friendly terms with,Both,"('女', '冓')","['女', '二', '土', '一', '冂']"
婬,11,38.8,"obscene, licentious, lewd",Both,"('女', '㸒')","['女', '爪', '士']"
妾,8,38.5,concubine,Both,"('立', '女')","['女', '立']"
娌,10,38.7,brother's wife,Both,"('女', '里')","['女', '里']"
婶,11,38.8,wife of father's younger brother,Simplified,"('女', '审')","['女', '丨', '宀', '日']"
姁,8,38.5,beauty,Both,"('女', '句')","['女', '勹', '口']"
嫡,14,38.11,"legal wife, child of legal wife",Both,"('女', '啇')","['女', '子', '八', '亠', '欠']"
媍,12,38.9,"woman, wife",Both,"('女', '負')","['女', '貝', '刀']"
姬,10,38.7,beauty; imperial concubine,Both,"('女', '𦣞')","['女', '匚', '口']"
嬓,16,38.13,used in names,Both,"('女', '敫')","['女', '攴', '白', '方']"
娶,11,38.8,"marry, take wife",Both,"('取', '女')","['女', '又', '耳']"
妻,8,38.5,wife,Both,"('一肀', '女')","['女', '十', '聿']"
姫,9,38.6,beauty; imperial concubine,Both,"('女', '臣')","['女', '臣']"
娸,11,38.8,ugly,Both,"('女', '其')","['女', '一', '甘', '八']"
姿,9,38.6,"one's manner, carriage, bearing",Both,"('次', '女')","['女', '欠', '冫']"
婁,11,38.8,"surname; to wear; 16th lunar mansion, determinative star β Arietis (Sheratan)",Traditional,"('', '女')","['女', '十', '口']"
娿,10,38.8,"beautiful, graceful",Both,"('阿', '女')","['女', '亅', '阝', '一', '口']"
媽,13,38.10,"mother, mama",Traditional,"('女', '馬')","['女', '馬']"
嫄,13,38.10,"an ancient emperor's mother's name, Qiang Yuan, consort to Gu",Both,"('女', '原')","['女', '白', '厂', '小']"
姢,9,38.6,"beautiful, graceful",Unknown,"('女', '䏍')","['女', '厶', '月']"
娆,9,38.6,"graceful, charming, fascinating",Simplified,"('女', '尧')","['女', '一', '儿']"
婕,11,38.8,handsome,Both,"('女', '疌')","['女', '十', '聿', '止']"
嫒,13,38.10,(your) daughter,Simplified,"('女', '爱')","['女', '丿', '又', '爪', '冖', '一']"
媒,12,38.9,"go-between, matchmaker; medium",Both,"('女', '某')","['女', '甘', '木']"
媪,12,38.9,old woman; lower-class woman,Simplified,"('女', '昷')","['女', '皿', '日']"
媤,12,38.9,husband's family,Both,"('女', '思')","['女', '田', '心']"
姹,9,38.6,"beautiful, colorful; girl",Both,"('女', '宅')","['女', '一', '宀', '乙']"
娀,9,38.6,"name of a concubine of Di Ku, father of the mythical Yao",Both,"('女', '戎')","['女', '丿', '戈', '一']"
嬉,15,38.12,"enjoy; play, amuse oneself",Both,"('女', '喜')","['女', '八', '士', '一', '口']"
嬙,16,38.13,lady,Traditional,"('女', '嗇')","['女', '土', '囗', '人']"
媺,13,38.10,beautiful,Unknown,"('女', '𢼸')","['女', '山', '一', '几', '攴']"
嫈,13,38.10,lady,Traditional,"('炏', '女')","['冖', '火', '女']"
妯,8,38.5,wives of one's brothers; sister-i,Both,"('女', '由')","['女', '二', '丨', '凵']"
姌,8,38.5,weak and slender in appearance,Both,"('女', '冉')","['女', '土', '冂']"
嬋,15,38.12,"beautiful, lovely, pretty, graceful",Traditional,"('女', '單')","['女', '二', '丨', '十', '口', '冂']"
妆,6,38.3 90.3,"to adorn oneself, dress up, use make-up",Simplified,"('丬', '女')","['女', '爿']"
姙,9,38.6,"conceive, be pregnant",Both,"('女', '任')","['女', '人', '士']"
妩,7,38.4,"charming, enchanting",Simplified,"('女', '无')","['女', '无']"
媯,12,38.9,family name,Traditional,"('女', '為')","['女', '丿', '丶', '火']"
娥,10,38.7,be beautiful; good; surname,Both,"('女', '我')","['女', '戈', '手']"
婾,12,38.9,handsome,Unknown,"('女', '兪')","['女', '人', '川', '月', '一']"
始,8,38.5,"begin, start; then, only then",Both,"('女', '台')","['女', '厶', '口']"
妹,8,38.5,younger sister,Both,"('女', '未')","['女', '一', '木']"
嫫,13,38.11,Huangdi's ugly concubine; nurse,Both,"('女', '莫')","['女', '大', '艸', '日']"
嬿,19,38.16,lovely,Both,"('女', '燕')","['女', '火', '匕', '廾', '口']"
妸,8,38.5,person,Both,"('女', '可')","['女', '一', '口', '亅']"
姽,9,38.6,good,Both,"('女', '危')","['女', '刀', '厂', '乙']"
娴,10,38.7,"elegant, refined; skillful",Simplified,"('女', '闲')","['女', '门', '木']"
娛,10,38.7,"pleasure, enjoyment, amusement",Traditional,"('女', '吳')","['女', '大', '口']"
媔,12,38.9,"beautiful, clear eyes",Both,"('女', '面')","['女', '面']"
媿,12,38.10,"ashamed, conscience-stricken",Both,"('女', '鬼')","['女', '鬼']"
姣,9,38.6,"beautiful, handsome, pretty",Both,"('女', '交')","['女', '丿', '亠', '八']"
媻,13,38.10,to move,Both,"('般', '女')","['女', '舟', '殳']"
奼,6,38.3,"beautiful, colorful; girl",Traditional,"('女', '乇')","['女', '一', '乙']"
姐,8,38.5,"elder sister, young lady",Both,"('女', '且')","['女', '一', '月']"
媮,12,38.9,"handsome, cheerful; steal",Unknown,"('女', '俞')","['女', '人', '刀', '月', '一']"
媊,12,38.9,star,Both,"('女', '前')","['女', '八', '刀', '月', '一']"
姸,9,38.6,beautiful,Unknown,"('女', '幵')","['女', '干', '亅']"
媬,12,38.9,governess; nurse,Both,"('女', '保')","['女', '人', '木', '口']"
嬡,16,38.13,(your) daughter,Traditional,"('女', '愛')","['女', '心', '夂', '爪', '冖']"
妃,6,38.3,"wife, spouse; imperial concubine",Both,"('女', '己')","['女', '己']"
娄,9,119.3 38.6,surname; a constellation; to wear,Both,"('米', '女')","['女', '米']"
姗,8,38.5,slander; ridicule; proceed slowly,Both,"('女', '册')","['女', '一', '冂']"
嬛,16,38.13,"apt, clever; sycophant, flatterer",Both,"('女', '睘')","['女', '一', '网', '口']"
娠,10,38.7,pregnant,Both,"('女', '辰')","['女', '辰']"
妷,8,38.5,brother's child; debauchery,Unknown,"('女', '失')","['女', '人', '二']"
嫻,15,38.12,"elegant, refined; skillful",Traditional,"('女', '閑')","['女', '木', '門']"
嫕,14,38.11,"compliant, yielding; easy-going",Both,"('女', '悘')","['女', '匚', '心', '矢']"
妊,7,38.4,"conceive, be pregnant",Both,"('女', '壬')","['女', '士']"
婀,10,38.8,"be beautiful, be graceful",Both,"('女', '阿')","['女', '亅', '阝', '一', '口']"
婚,11,38.8,"get married; marriage, wedding",Both,"('女', '昏')","['女', '氏', '日']"
姥,9,38.6,maternal grandmother; midwife,Both,"('女', '老')","['女', '老']"
妫,7,38.4,family name,Simplified,"('女', '为')","['女', '丶', '力']"
嫿,15,38.12,tranquil,Traditional,"('女', '畫')","['女', '一', '聿', '田']"
奴,5,38.2,"slave, servant",Both,"('女', '又')","['女', '又']"
婆,11,38.8,old woman; grandmother,Both,"('波', '女')","['女', '皮', '水']"
娃,9,38.6,baby; doll; pretty girl,Both,"('女', '圭')","['女', '土']"
婗,11,38.8,a new-born child; the whimper of an infant,Both,"('女', '兒')","['女', '儿', '臼']"
姚,9,38.6,"handsome, elegant; surname",Both,"('女', '兆')","['女', '冫', '儿']"
嫏,11,38.9,the place where the Celestial Emperor stores books; library,Both,"('女', '郎')","['女', '丶', '丨', '彐', '阝', '乙']"
嫉,13,38.10,jealousy; be jealous of,Both,"('女', '疾')","['女', '疒', '矢']"
婵,11,38.8,"beautiful, lovely, pretty, graceful",Simplified,"('女', '单')","['女', '二', '八', '丨', '十', '冂']"
婞,11,38.8,hate,Both,"('女', '幸')","['女', '土', '干', '八']"
妝,7,38.4,"to adorn oneself, dress up, use make-up",Traditional,"('爿', '女')","['女', '爿']"
姮,9,38.6,lady,Both,"('女', '亘')","['女', '一', '日']"
娲,10,38.7,"a goddess, the mythological sister and successor to Fuxi",Simplified,"('女', '呙')","['女', '人', '冂', '口']"
娭,10,38.7,amuse,Both,"('女', '矣')","['女', '厶', '矢']"
妬,8,38.5,"jealous, envious",Both,"('女', '石')","['女', '石']"
娯,10,38.7,"pleasure, enjoyment, amusement",Both,"('女', '呉')","['女', '一', '八', '口']"
姺,9,38.6,name of an ancient state,Both,"('女', '先')","['女', '牛', '儿']"
媞,12,38.9,at ease,Both,"('女', '是')","['女', '一', '日', '止']"
嫭,14,38.11,beautiful woman,Both,"('女', '虖')","['女', '丿', '八', '虍', '一']"
媳,13,38.10,daughter-in-law,Both,"('女', '息')","['女', '自', '心']"
嬝,16,38.13,delicate; graceful,Traditional,"('女', '裊')","['女', '一', '丶', '衣']"
孅,20,38.17,"slender, thin; sharp-pointed",Both,"('女', '韱')","['女', '人', '戈', '韭']"
如,6,38.3,"if, supposing; as if; like, as",Both,"('女', '口')","['女', '口']"
嫵,15,38.12,"charming, enchanting",Traditional,"('女', '無')","['女', '火']"
妲,8,38.5,concubine of last ruler of the Shang dynasty,Both,"('女', '旦')","['女', '一', '日']"
妈,6,38.3,"mother, mama",Simplified,"('女', '马')","['女', '马']"
姍,8,38.5,slander; ridicule; proceed slowly,Traditional,"('女', '冊')","['女', '一', '冂']"
媢,12,38.9,"be jealous of, be envious",Both,"('女', '冒')","['女', '二', '目', '冂']"
姱,9,38.6,"beautiful, handsome, elegant",Both,"('女', '夸')","['女', '二', '大']"
媖,11,38.9,beauty; beautiful,Both,"('女', '英')","['女', '大', '艸', '冂']"
婴,11,38.8,"baby, infant; bother",Simplified,"('贝', '女')",['女']
媄,12,38.9,beautiful,Unknown,"('女', '美')","['女', '大', '羊']"
姑,8,38.5,father's sister; husband's mother,Both,"('女', '古')","['女', '十', '口']"
嬌,15,38.12,seductive and loveable; tender,Traditional,"('女', '喬')","['女', '冂', '大', '口']"
娘,10,38.7,mother; young girl; woman; wife,Both,"('女', '良')","['女', '丶', '艮']"
妍,7,38.6,"beautiful, handsome; seductive",Both,"('女', '开')","['女', '一', '廾']"
嫐,13,38.10,"frolic, play with; flirt with",Both,"('女', '男')","['女', '田', '力']"
妺,8,38.5,wife of the last ruler of the Xia dynasty,Both,"('女', '末')","['女', '一', '木']"
娑,10,38.7,"dance, frolic; lounge; saunter",Both,"('沙', '女')","['女', '丿', '水', '小']"
娬,11,38.8,lovely; attractive,Both,"('女', '武')","['女', '二', '戈', '止']"
姜,9,38.6,surname; ginger,Both,"('𦍌', '女')","['羊', '女']"
她,6,38.3,"she, her",Both,"('女', '也')","['女', '丨', '乙']"
姓,8,38.5,"one's family name; clan, people",Both,"('女', '生')","['女', '生']"
嬈,15,38.12,"graceful, charming, fascinating",Traditional,"('女', '堯')","['女', '一', '土', '儿']"
娓,10,38.7,"comply; complying, agreeable",Both,"('女', '尾')","['女', '毛', '尸']"
嫁,13,38.10,"to marry, give a daughter in marriage",Both,"('女', '家')","['女', '宀', '豕']"
嫚,14,38.11,"scorn, despise; be rude, affront",Both,"('女', '曼')","['女', '网', '又', '日']"
嫰,14,38.11,"tender, delicate, soft",Both,"('女', '欶')","['女', '欠', '木', '口']"
媼,13,38.10,old woman; lower-class woman,Traditional,"('女', '𥁕')","['女', '囗', '皿', '人']"
媧,11,38.9,mythological snail goddess,Traditional,"('女', '咼')","['女', '口', '冂']"
娉,10,38.7,"beautiful, attractive, charming, graceful",Both,"('女', '甹')","['女', '二', '凵', '丨', '一']"
婢,11,38.8,servant girl; your servant,Both,"('女', '卑')","['女', '二', '丶', '丨', '十', '冂']"
娜,9,38.7,"elegant, graceful, delicate",Both,"('女', '那')","['女', '二', '丨', '阝']"
姅,8,38.5,woman at time of menstruation,Both,"('女', '半')","['女', '二', '丨', '八']"
好,6,38.3,"good, excellent, fine; well",Both,"('女', '子')","['女', '子']"
娣,10,38.7,"younger sister, sister-in-law",Both,"('女', '弟')","['女', '丨', '弓', '八']"
媸,13,38.10,an ugly woman,Both,"('女', '蚩')","['女', '一', '虫', '屮']"
媕,12,38.9,undecided,Both,"('女', '弇')","['女', '人', '廾', '一', '口']"
嫘,14,38.11,surname,Both,"('女', '累')","['女', '田', '糸']"
嬷,17,38.14,mother,Simplified,"('女', '麽')","['女', '丿', '厶', '麻']"
姉,7,38.5,elder sister,Both,"('女', '巿')","['女', '十', '巾']"
婿,12,38.9,son-in-law; husband,Both,"('女', '胥')","['女', '疋', '月']"
婳,11,38.8,tranquil,Simplified,"('女', '画')","['女', '一', '凵', '田']"
嬸,18,38.15,wife of father's younger brother,Traditional,"('女', '審')","['女', '宀', '田', '釆']"
娈,9,38.6,"lovely, beautiful; docile, obedient",Both,"('亦', '女')","['女', '八', '丨', '亠', '亅']"
嬅,13,38.12,beautiful; used in girls' names,Traditional,"('女', '華')","['女', '二', '丨', '一', '艸']"
姞,9,38.6,concubine,Both,"('女', '吉')","['女', '口', '士']"
嬗,16,38.13,succession to the throne,Both,"('女', '亶')","['女', '囗', '亠', '日', '一']"
妘,7,38.4,surname,Both,"('女', '云')","['女', '二', '厶']"
嫂,12,38.10,"sister-in-law, elder brother's wife",Both,"('女', '叟')","['女', '丨', '又', '臼']"
奸,6,38.3,"crafty, villainous, false",Both,"('女', '干')","['女', '干']"
孃,20,38.17,"troubled, oppressed; fat; mother",Both,"('女', '襄')","['女', '二', '衣', '一', '口']"
媟,12,38.9,"lust after, act indecently; lewd",Both,"('女', '枼')","['女', '木', '廾']"
妗,7,38.4,wife of mother's brother,Both,"('女', '今')","['女', '人', '丶']"
妳,8,38.5,you (female),Both,"('女', '尔')","['女', '刀', '小']"
娙,10,38.7,beautiful woman,Traditional,"('女', '巠')","['女', '一', '川', '工']"
嬤,17,38.14,mother,Traditional,"('女', '麼')","['女', '幺', '麻']"
嫔,13,38.10,court lady; palace maid,Simplified,"('女', '宾')","['女', '宀', '八', '斤', '一']"
委,8,38.5,"appoint, send, commission",Both,"('禾', '女')","['禾', '女']"
嫦,14,38.11,name of a moon goddess,Both,"('女', '常')","['女', '巾', '冖', '小', '口']"
婺,12,38.9,"a river and county in Jiāngxī; ancient name for 女宿, one of the 28 lunar mansions; used in various star names in Aquarius",Both,"('敄', '女')","['女', '矛', '攴']"
妥,7,38.4,"satisfactory, appropriate",Both,"('爫', '女')","['女', '爪']"
妞,7,38.4,girl,Both,"('女', '丑')","['女', '二', '刀']"
媭,12,38.9,sister,Simplified,"('须', '女')","['女', '彡', '页']"
嫟,13,38.11,intimate; close relation,Both,"('女', '匿')","['女', '丿', '一', '匚', '艸', '口']"
嫛,14,38.11,"compliant, yielding; easy-going a newborn child",Both,"('殹', '女')","['女', '匚', '殳', '矢']"
婧,11,38.8,modest; supple,Both,"('女', '青')","['女', '青']"
妁,6,38.3,act as go-between,Both,"('女', '勺')","['女', '丶', '勹']"
嬢,16,38.13,"troubled, oppressed; fat; mother",Unknown,"('女', '㐮')","['女', '二', '八', '亠', '一']"
妪,7,38.4,"old woman, hag",Simplified,"('女', '区')","['女', '匚', '丿']"
婥,11,38.8,beautiful,Both,"('女', '卓')","['女', '十', '卜', '日']"
嫣,14,38.11,"charming, fascinating; gay",Both,"('女', '焉')","['女', '一', '火', '止']"
妨,7,38.4,"interfere with, impede, obstruct",Both,"('女', '方')","['女', '方']"
嬴,16,38.13,to win; to have a surplus; surname,Both,"('𣎆', '女')","['女', '丶', '匸', '月', '几', '口']"
婼,11,38.9,person,Both,"('女', '若')","['女', '丿', '一', '艸', '口']"
嬔,16,38.13,baby rabbit,Both,"('女', '兔生')","['女', '丶', '乙', '刀', '丨', '生', '口']"
姻,9,38.6,relatives by marriage,Both,"('女', '因')","['女', '囗', '大']"
妣,7,38.4,one's deceased mother,Both,"('女', '比')","['女', '比']"
嬭,17,38.14,milk; suckle; breasts,Both,"('女', '爾')","['女', '八', '巾', '丨', '爻', '一']"
婊,11,38.8,"whore, prostitute",Both,"('女', '表')","['女', '土', '一']"
婐,11,38.8,maid,Both,"('女', '果')","['女', '田', '木']"
嫌,13,38.10,"hate, detest; suspect; criticize",Both,"('女', '兼')","['女', '一', '八', '彐']"
嫪,14,38.11,hanker,Both,"('女', '翏')","['女', '人', '羽', '彡']"
娖,10,38.7,"cautious, prudent",Both,"('女', '足')","['女', '足']"
嫖,14,38.11,"patronize prostitutes, frequent",Both,"('女', '票')","['女', '襾', '示']"
嬀,15,38.12,name of a river in Shanxi; crafty,Traditional,"('女', '爲')","['女', '丿', '火', '爪']"
姝,9,38.6,a beautiful girl,Both,"('女', '朱')","['女', '一', '木']"
婦,11,38.8,married women; woman; wife,Traditional,"('女', '帚')","['女', '冖', '彐', '巾']"
媲,13,38.10,"marry off, pair, match; compare",Both,"('女', '𣬉')","['女', '囗', '丶', '丿']"
嫜,14,38.11,husband's father,Both,"('女', '章')","['女', '十', '立', '日']"
媆,12,38.9,"young, tender, soft, delicate",Both,"('女', '耎')","['女', '而', '大']"
妎,7,38.4,"jealous, jealousy",Both,"('女', '介')","['女', '人']"
嬎,15,38.12,"to bear multiple, identical, offspring",Both,"('女', '免生')","['女', '乙', '刀', '丨', '生', '口']"
婉,11,38.8,"amiable, congenial; restrained",Both,"('女', '宛')","['女', '宀', '乙', '夕']"
孌,22,38.19,"lovely, beautiful; docile, obedient",Traditional,"('䜌', '女')","['女', '糸', '言']"
嫋,13,38.10,slender and delicate,Traditional,"('女', '弱')","['女', '弓', '冫']"
婣,12,38.8,"marriage connections, a bride",Both,"('女', '𣶒')","['女', '一']"
嫩,14,38.11,"soft, tender, delicate; young",Both,"('女', '敕')","['女', '攴', '木', '口']"
嬶,17,38.14,a wife (vulgar),Unknown,"('女', '鼻')","['女', '鼻']"
鷏,21,196.10,Caprimulgus indicus,Traditional,"('真', '鳥')","['鳥', '八', '十', '目', '一']"
鴆,15,196.4,a bird resembling the secretary falcon,Traditional,"('冘', '鳥')","['鳥', '乙', '巾']"
鶩,20,196.9,duck,Traditional,"('敄', '鳥')","['鳥', '矛', '攴']"
鸵,10,196'.5,ostrich,Simplified,"('鸟', '它')","['宀', '匕', '鸟']"
鴝,16,196.5,mynah; Erithacus species (various),Traditional,"('句', '鳥')","['勹', '鳥', '口']"
鵀,17,196.6,hoopoe,Traditional,"('任', '鳥')","['鳥', '人', '士']"
鶽,21,196.10,a hawk,Traditional,"('隼', '鳥')","['鳥', '十', '隹']"
鸼,11,196'.6,ancient name for a bird with black featers and a short tail,Simplified,"('舟', '鸟')","['鸟', '舟']"
鹏,13,196'.8,fabulous bird of enormous size,Simplified,"('朋', '鸟')","['月', '鸟']"
鹉,13,196'.8,species of parrot,Simplified,"('武', '鸟')","['一', '弋', '鸟', '止']"
鸭,10,196'.5,duck; Anas species (various),Simplified,"('甲', '鸟')","['二', '丨', '鸟', '冂']"
鷃,21,196.10,quail,Traditional,"('晏', '鳥')","['日', '鳥', '宀', '女']"
鸿,11,196'.6,species of wild swan; vast,Simplified,"('江', '鸟')","['鸟', '水', '工']"
鸣,8,196'.3,cry of bird or animal; make sound,Simplified,"('口', '鸟')","['鸟', '口']"
鳧,13,196.2,"wild duck, teal; swim",Traditional,"('鳥', '几')","['鳥', '几']"
鹠,15,196'.10,the owl,Simplified,"('留', '鸟')","['田', '鸟', '卩']"
鴷,17,196.6,a woodpecker,Traditional,"('列', '鳥')","['鳥', '刀', '歹']"
鶊,19,196.8,oriole,Traditional,"('庚', '鳥')","['鳥', '广', '聿', '八']"
鹂,12,196'.7,Chinese oriole; Oriolus oriolus,Simplified,"('丽', '鸟')","['一', '鸟']"
鶡,20,196.9,"crossbill, species of nightingale",Traditional,"('曷', '鳥')","['勹', '人', '鳥', '曰']"
鷂,21,196.10,sparrow hawk; Circus species (various),Traditional,"('䍃', '鳥')","['缶', '鳥', '爪']"
鴾,17,196.6,a crested ibis,Traditional,"('牟', '鳥')","['牛', '厶', '鳥']"
鹳,22,196'.17,"crane, Grus japonensis; stork; Ciconia species (various)",Simplified,"('雚', '鸟')","['隹', '鸟', '艸', '口']"
鹒,13,196'.8,oriole,Simplified,"('庚', '鸟')","['广', '聿', '八', '鸟']"
鷯,23,196.12,wren,Traditional,"('尞', '鳥')","['鳥', '八', '大', '小', '日']"
鹎,13,196'.8,bird,Simplified,"('卑', '鸟')","['二', '丶', '丨', '十', '鸟', '冂']"
鹘,14,196'.10,a kind of pigeon; Treron permagna,Simplified,"('骨', '鸟')","['骨', '鸟']"
鸳,10,196'.5,male mandarin duck (Aix galericulata),Simplified,"('夗', '鸟')","['鸟', '乙', '夕']"
鹆,12,196'.7,myna; manah; Acridotheres tristis,Simplified,"('谷', '鸟')","['鸟', '谷']"
鸊,24,196.13,"little grebe, dabchick (Tachybaptus ruficollis)",Traditional,"('辟', '鳥')","['鳥', '尸', '辛', '口']"
鷰,23,196.12,swallow (bird),Traditional,"('廿北口', '鳥')","['鳥', '匕', '廾', '口']"
鸕,27,196.16,cormorant,Traditional,"('盧', '鳥')","['虍', '鳥', '田', '皿']"
鵂,17,196.6,owl; bird of ill omen,Traditional,"('休', '鳥')","['鳥', '人', '木']"
鸫,10,196'.5,thrush; Turdus species (various),Simplified,"('东', '鸟')","['一', '鸟', '小', '乙']"
鸋,25,196.14,(archaic) a wren,Traditional,"('寧', '鳥')","['心', '鳥', '皿', '宀', '一', '亅']"
鴠,16,196.5,a kind of nightingale,Traditional,"('旦', '鳥')","['日', '一', '鳥']"
鸱,10,196'.5,"kite, horned owl; wine cups",Simplified,"('氐', '鸟')","['丶', '氏', '鸟']"
鷸,23,196.12,"snipe, kingfisher; Tringa species (various)",Traditional,"('矞', '鳥')","['鳥', '八', '冂', '矛', '口']"
鹦,16,196'.11,parrot,Simplified,"('婴', '鸟')","['女', '鸟']"
鳫,13,196.2,wild goose,Unknown,"('厂', '鳥')","['鳥', '厂']"
鷺,24,196.12,"heron, egret; Ardea species (various)",Traditional,"('路', '鳥')","['鳥', '口', '夂', '⻊']"
鷓,22,196.11,partridge,Traditional,"('庶', '鳥')","['鳥', '广', '火', '廾']"
鵷,19,196.8,"a legendary bird similar to the phoenix, firebird",Traditional,"('宛', '鳥')","['宀', '鳥', '乙', '夕']"
鸩,9,196'.4,a bird resembling the secretary falcon,Simplified,"('冘', '鸟')","['鸟', '乙', '巾']"
鸾,11,196'.6,fabulous bird,Simplified,"('亦', '鸟')","['八', '丨', '亠', '鸟', '亅']"
鴎,15,196.4,"seagull, tern",Unknown,"('区', '鳥')","['鳥', '匚', '丿']"
鹪,17,196'.12,wren,Simplified,"('焦', '鸟')","['火', '隹', '鸟']"
鷟,22,196.11,phoenix,Traditional,"('族', '鳥')","['鳥', '丿', '方', '矢', '一']"
鶃,19,196.8,hawk; Ardea cinerea,Traditional,"('鳥', '兒')","['鳥', '儿', '臼']"
鶖,20,196.9,large waterfowl with naked head; Garrulus glandarius,Traditional,"('秋', '鳥')","['禾', '火', '鳥']"
鷲,23,196.12,"condor, vulture",Traditional,"('就', '鳥')","['鳥', '丶', '亠', '小', '尢', '口']"
鸴,10,196'.5,"oriental bullfinch, weaver bird; Pyrrhula species (various)",Simplified,"('小', '鸟')","['冖', '鸟', '小']"
鷹,24,196.13,"eagle, falcon; Accipiter species (various)",Traditional,"('䧹', '鳥')","['鳥', '广', '隹', '人']"
鸷,11,196'.6,"hawk, vulture",Simplified,"('执', '鸟')","['丿', '丶', '鸟', '手']"
鹝,15,196'.10,pheasant,Simplified,"('鬲', '鸟')","['鸟', '鬲']"
鷩,22,196.12,pheasant,Traditional,"('敝', '鳥')","['冫', '鳥', '攴', '巾']"
鴉,15,196.4,"crow, raven; Corvus species (various)",Traditional,"('牙', '鳥')","['鳥', '牙']"
鳻,15,196.4,the wild pigeon,Traditional,"('分', '鳥')","['鳥', '刀', '八']"
鶥,20,196.9,"babbler, Timaliidae species (various); thrush",Traditional,"('眉', '鳥')","['鳥', '目', '丨']"
鵯,19,196.8,Pycnonotus species (various),Traditional,"('卑', '鳥')","['鳥', '二', '丶', '丨', '十', '冂']"
鸲,10,196'.5,mynah; Erithacus species (various),Simplified,"('句', '鸟')","['勹', '鸟', '口']"
鸦,9,196'.4,crow; Corvus species (various),Simplified,"('牙', '鸟')","['鸟', '牙']"
鹬,17,196'.12,"snipe, kingfisher",Simplified,"('矞', '鸟')","['八', '冂', '矛', '鸟', '口']"
鹤,15,196'.10,crane; Grus species (various),Simplified,"('隺', '鸟')","['隹', '鸟', '巾']"
鵾,19,196.8,a bird resembling the crane,Traditional,"('昆', '鳥')","['日', '鳥', '比']"
鸒,24,196.14,eastern jackdaw; Corvus monedula,Traditional,"('與', '鳥')","['鳥', '八', '丨', '臼', '一']"
鹮,18,196'.13,spoonbill; ibis; family Threskiornidae,Simplified,"('睘', '鸟')","['一', '网', '鸟', '口']"
鵄,17,196.6,"(variant of 鴟) kite, horned owl; wine cups",Traditional,"('至', '鳥')","['鳥', '至']"
鶴,21,196.10,crane; Grus species (various),Traditional,"('隺', '鳥')","['鳥', '隹', '巾']"
鹍,13,196'.8,a bird resembling the crane,Simplified,"('昆', '鸟')","['日', '鸟', '比']"
鹗,14,196'.9,"osprey, fishhawk",Simplified,"('咢', '鸟')","['二', '鸟', '口']"
鸂,24,196.13,"Mandarin duck, Aix galericulata",Traditional,"('溪', '鳥')","['幺', '鳥', '水', '爪', '大']"
鴻,17,196.6,species of wild swan; vast,Traditional,"('江', '鳥')","['鳥', '水', '工']"
鴗,16,196.5,kingfisher,Traditional,"('立', '鳥')","['鳥', '立']"
鷕,22,196.11,call,Traditional,"('唯', '鳥')","['鳥', '隹', '口']"
鶵,21,196.10,"chick, fledging; infant, toddler",Traditional,"('芻', '鳥')","['鳥', '勹', '艸']"
鶦,20,196.9,pelican,Traditional,"('胡', '鳥')","['月', '十', '鳥', '口']"
鸬,10,196'.5,cormorant,Simplified,"('卢', '鸟')","['尸', '鸟', '卜']"
鳳,14,196.3,male phoenix; symbol of joy,Traditional,"('几', '𩾏')","['鳥', '一', '几']"
鴣,16,196.5,Arborophila species (various),Traditional,"('古', '鳥')","['鳥', '十', '口']"
鹄,12,196'.7,target,Simplified,"('告', '鸟')","['牛', '鸟', '口']"
鴕,16,196.5,ostrich; Struthio camelus,Traditional,"('鳥', '它')","['鳥', '匕', '宀']"
鶯,21,196.10,"oriole, green finch; Sylvia species (various)",Traditional,"('炏', '鳥')","['冖', '鳥', '火']"
鵶,19,196.8,"crow, raven; Corvus species (various)",Traditional,"('亞', '鳥')","['鳥', '二']"
鸹,11,196'.6,the crow,Simplified,"('舌', '鸟')","['鸟', '舌']"
鸜,29,196.18,a species of mynah,Traditional,"('瞿', '鳥')","['鳥', '目', '隹']"
鷀,20,196.10,the fishing cormorant,Traditional,"('玆', '鳥')","['鳥', '一', '八', '幺']"
鷗,22,196.11,"seagull, tern; Larus species (various)",Traditional,"('區', '鳥')","['鳥', '匚', '口']"
鵭,19,196.8,a small bird with black neck,Both,"('金', '鳥')","['鳥', '金']"
鴞,16,196.5,owl,Traditional,"('号', '鳥')","['鳥', '一', '口']"
鸺,11,196'.6,"horned owl, scops chinensis",Simplified,"('休', '鸟')","['人', '木', '鸟']"
鵝,18,196.7,goose,Traditional,"('我', '鳥')","['鳥', '戈', '手']"
鹋,13,196'.8,emu,Simplified,"('苗', '鸟')","['田', '艸', '鸟']"
鷘,22,196.11,a water bird,Unknown,"('敕', '鳥')","['鳥', '攴', '木', '口']"
鸡,7,196'.2,chicken,Simplified,"('又', '鸟')","['又', '鸟']"
鴿,17,196.6,"pigeon, dove; Columba species (various)",Traditional,"('合', '鳥')","['一', '人', '鳥', '口']"
鷫,24,196.12,turquoise kingfisher,Traditional,"('肅', '鳥')","['鳥', '一', '聿']"
鹰,18,196'.13,falcon; Accipiter species (various),Simplified,"('䧹', '鸟')","['广', '隹', '鸟', '人']"
鷽,24,196.13,"oriental bullfinch, weaver bird; Pyrrhula species (various)",Traditional,"('𦥯', '鳥')","['臼', '鳥', '爻', '冖']"
鳯,13,196.2,male phoenix; symbol of joy,Unknown,"('几', '鳥')","['鳥', '几']"
鷮,23,196.12,long-tailed pheasant,Traditional,"('喬', '鳥')","['冂', '鳥', '大', '口']"
鶿,20,196.10,cormorant,Traditional,"('玆', '鳥')","['鳥', '一', '八', '幺']"
鹡,15,196'.10,wagtail,Simplified,"('脊', '鸟')","['月', '人', '鸟', '冫']"
鵒,18,196.7,mynah bird; Acridotheres tristis,Traditional,"('谷', '鳥')","['鳥', '谷']"
鹴,22,196'.17,eagle,Simplified,"('霜', '鸟')","['目', '木', '鸟', '雨']"
鹣,15,196'.10,fabulous mythical bird,Simplified,"('兼', '鸟')","['一', '八', '彐', '鸟']"
鳬,9,196.2 16.7,"wild duck, teal; swim",Traditional,"('鳥*', '几')","['一', '丶', '几']"
鷖,22,196.11,seagull,Traditional,"('殹', '鳥')","['鳥', '匚', '殳', '矢']"
鸪,10,196'.5,Arborophila species (various),Simplified,"('古', '鸟')","['十', '鸟', '口']"
鵙,18,196.7,shrike; Lanius species (various),Traditional,"('貝', '鳥')","['鳥', '貝']"
鸝,30,196.19,Chinese oriole; Oriolus oriolus,Traditional,"('麗', '鳥')","['鳥', '一', '鹿']"
鴄,15,196.4,duck,Both,"('匹', '鳥')","['鳥', '匚', '儿']"
鶉,19,196.8,quail; Turnix species (various),Traditional,"('享', '鳥')","['鳥', '子', '亠', '口']"
鸨,9,196'.4,bustard; procuress; Otis species (various),Simplified,"('𠤏', '鸟')","['十', '匕', '鸟']"
鶲,21,196.10,flycatcher,Traditional,"('翁', '鳥')","['鳥', '厶', '羽', '八']"
鷦,23,196.12,wren,Traditional,"('焦', '鳥')","['鳥', '火', '隹']"
鹑,13,196'.8,quail; Turnix species (various),Simplified,"('享', '鸟')","['子', '亠', '鸟', '口']"
鷇,21,196.10,"chicks, fledglings",Traditional,"('𣪊', '鳥')","['鳥', '士', '冖', '一', '殳']"
鴪,16,196.5,swoop,Both,"('穴', '鳥')","['鳥', '穴']"
鳦,12,196.1,swallow,Traditional,"('鳥', '乙')","['鳥', '乙']"
鴥,16,196.5,swoop,Traditional,"('鳥', '穴')","['鳥', '穴']"
鸚,28,196.17,parrot,Traditional,"('嬰', '鳥')","['女', '鳥', '貝']"
鸤,8,196'.3,"turtledove, cuckoo",Simplified,"('尸', '鸟')","['尸', '鸟']"
鷳,23,196.12,"the silver pheasant, Lophura nycthemera",Traditional,"('閒', '鳥')","['月', '鳥', '門']"
鹟,15,196'.10,flycatcher,Simplified,"('翁', '鸟')","['厶', '羽', '八', '鸟']"
鸯,10,196'.5,female mandarin duck (Aix galericulata),Simplified,"('央', '鸟')","['大', '鸟', '冂']"
鵃,17,196.6,ancient name for a bird with black featers and a short tail,Traditional,"('舟', '鳥')","['鳥', '舟']"
鹖,14,196'.9,"crossbill, species of nightingale",Simplified,"('曷', '鸟')","['勹', '人', '曰', '鸟']"
鹕,14,196'.9,pelican,Simplified,"('胡', '鸟')","['月', '十', '鸟', '口']"
鶗,20,196.9,a kind of hawk; cuckoo,Traditional,"('是', '鳥')","['日', '一', '鳥', '止']"
鴇,15,196.4,bustard; procuress; Otis species (various),Traditional,"('𠤏', '鳥')","['鳥', '十', '匕']"
鷈,21,196.10,a kind of bird,Traditional,"('鳥', '虒')","['鳥', '虍', '几', '⺁']"
鹅,12,196'.7,goose,Simplified,"('我', '鸟')","['戈', '鸟', '手']"
鶚,20,196.9,"osprey, fishhawk; Pandion haliaetus",Traditional,"('咢', '鳥')","['鳥', '二', '口']"
鹢,15,196'.10,fishhawk bow or prow,Simplified,"('益', '鸟')","['一', '八', '鸟', '皿']"
鴽,17,196.6,a species of bird resembling quail,Traditional,"('如', '鳥')","['女', '鳥', '口']"
鶇,19,196.8,thrush; Turdus species (various),Traditional,"('東', '鳥')","['日', '鳥', '木']"
鵰,19,196.8,"eagle, vulture; Aquila species (various)",Traditional,"('周', '鳥')","['鳥', '田', '口']"
鳶,14,196.3,kite; Milvus species (various),Traditional,"('弋', '鳥')","['鳥', '弋']"
鹫,17,196'.12,"condor, vulture",Simplified,"('就', '鸟')","['丶', '亠', '小', '尢', '鸟', '口']"
鶻,20,196.10,a kind of pigeon; falcon,Traditional,"('骨', '鳥')","['骨', '鳥']"
鴒,16,196.5,species of lark; wagtail; Motacilla species (various),Traditional,"('令', '鳥')","['鳥', '人', '丶']"
鴟,16,196.5,"kite, horned owl; wine cups",Traditional,"('氐', '鳥')","['鳥', '丶', '氏']"
鴳,17,196.6,quail,Traditional,"('安', '鳥')","['宀', '鳥', '女']"
鸑,25,196.14,a legendary waterfowl; a young phoenix,Traditional,"('獄', '鳥')","['鳥', '犬', '言']"
鹚,14,196'.9,cormorant,Simplified,"('兹', '鸟')","['幺', '一', '鸟', '八']"
鷁,21,196.10,fishhawk; bow or prow,Traditional,"('益', '鳥')","['鳥', '一', '八', '皿']"
鹈,12,196'.7,pelican,Simplified,"('弟', '鸟')","['丨', '弓', '八', '鸟']"
鷉,21,196.10,grebe,Traditional,"('虒', '鳥')","['虍', '鳥', '几', '⺁']"
鵚,18,196.7,"moulting, bald",Traditional,"('禿', '鳥')","['禾', '鳥', '几']"
鶏,19,196.8,chicken,Traditional,"('爫无', '鳥')","['鳥', '人', '二', '爪']"
鸮,10,196'.5,owl,Simplified,"('号', '鸟')","['一', '鸟', '口']"
鴰,17,196.6,the crow,Traditional,"('舌', '鳥')","['鳥', '舌']"
鵡,19,196.7,species of parrot,Traditional,"('武', '鳥')","['鳥', '一', '弋', '止']"
鶘,20,196.9,pelican,Traditional,"('胡', '鳥')","['月', '十', '鳥', '口']"
鶄,19,196.8,a kind of water bird,Traditional,"('青', '鳥')","['鳥', '青']"
鶼,21,196.10,fabulous mythical bird,Traditional,"('兼', '鳥')","['鳥', '一', '八', '彐']"
鵩,19,196.8,owl-like bird; buzzard; Otus scops,Traditional,"('服', '鳥')","['月', '鳥', '又', '卩']"
鶱,21,196.10,to soar,Traditional,"('𡨄', '鳥')","['鳥', '二', '八', '宀', '一']"
鵮,19,196.8,"to peck, as birds",Traditional,"('臽', '鳥')","['臼', '鳥', '刀']"
鶪,20,196.9,a shrike,Traditional,"('狊', '鳥')","['鳥', '目', '犬']"
鶢,20,196.9,a bird which frequents the sea-shore,Traditional,"('爰', '鳥')","['鳥', '又', '爪', '干', '亅']"
鹌,13,196'.8,quail; Coturnix coturnix,Simplified,"('奄', '鸟')","['丨', '大', '日', '鸟', '乙']"
鷞,22,196.11,turquoise kingfisher,Traditional,"('爽', '鳥')","['鳥', '爻', '大']"
鸻,11,196'.6,plover,Simplified,"('行', '鸟')","['鸟', '行']"
鹧,16,196'.11,partridge,Simplified,"('庶', '鸟')","['广', '火', '鸟', '廾']"
鸶,10,196'.5,the eastern egret,Simplified,"('丝', '鸟')","['一', '鸟']"
鶸,21,196.10,light yellowish-green,Both,"('弱', '鳥')","['鳥', '弓', '冫']"
鹥,16,196'.11,seagull,Simplified,"('殹', '鸟')","['匚', '鸟', '殳', '矢']"
鸎,25,196.14,the mango-bird; the Chinese oriole,Traditional,"('貝', '鳥')","['鳥', '貝']"
鴂,15,196.4,the tailor-bird; the working bird,Traditional,"('夬', '鳥')","['鳥', '人', '丨']"
鵪,19,196.8,quail; Coturnix coturnix,Traditional,"('奄', '鳥')","['鳥', '丨', '大', '日', '乙']"
鷿,24,196.13,"little grebe, dabchick (Tachybaptus ruficollis)",Traditional,"('辟', '鳥')","['鳥', '尸', '辛', '口']"
鷾,24,196.13,swallow,Traditional,"('意', '鳥')","['心', '鳥', '音']"
鵬,19,196.8,fabulous bird of enormous size,Traditional,"('朋', '鳥')","['鳥', '月']"
鵻,19,196.8,pigeon; turtle-dove; a hawk,Traditional,"('鳥', '隹')","['鳥', '隹']"
鸠,7,196'.2,"pigeon; collect, assemble",Simplified,"('九', '鸟')","['丿', '鸟']"
鷴,23,196.12,silver pheasant badge worn by civil officials of the 5th grade; Lophura species (various),Traditional,"('閑', '鳥')","['鳥', '木', '門']"
鹨,16,196'.11,Anthus species (various),Simplified,"('翏', '鸟')","['人', '羽', '鸟', '彡']"
鳴,14,196.3,cry of bird or animal; make sound,Traditional,"('口', '鳥')","['鳥', '口']"
鷙,22,196.11,"hawk, vulture",Traditional,"('執', '鳥')","['鳥', '土', '丶', '丿', '八', '干']"
鷥,23,196.12,egret; Egretta garzetta,Traditional,"('糸', '鳥')","['鳥', '糸']"
鶓,19,196.9,emu,Traditional,"('苗', '鳥')","['鳥', '田', '艸']"
鸥,9,196'.4,"seagull, tern; Larus species (various)",Simplified,"('区', '鸟')","['丿', '匚', '鸟']"
鴨,16,196.5,duck; Anas species (various),Traditional,"('甲', '鳥')","['鳥', '二', '丨', '冂']"
鷊,21,196.10,pheasant,Traditional,"('鬲', '鳥')","['鳥', '鬲']"
鸘,28,196.17,eagle,Traditional,"('霜', '鳥')","['鳥', '目', '木', '雨']"
鴛,16,196.5,male mandarin duck (Aix galericulata),Traditional,"('夗', '鳥')","['鳥', '乙', '夕']"
鴫,16,196.5 102.11,a snipe,Traditional,"('田', '鳥')","['鳥', '田']"
鵠,18,196.7,target,Traditional,"('告', '鳥')","['鳥', '牛', '口']"
鶂,19,196.8,hawk; Ardea cinerea,Traditional,"('兒', '鳥')","['臼', '鳥', '儿']"
鹞,15,196'.10,sparrow hawk; kite shaped like,Simplified,"('爫缶', '鸟')","['缶', '鸟', '爪']"
鴯,17,196.6,swallow,Traditional,"('而', '鳥')","['鳥', '而']"
鳷,15,196.4,jay (Garrulus lidthi),Traditional,"('支', '鳥')","['鳥', '支']"
鵲,19,196.8,magpie; Pica species (various),Traditional,"('昔', '鳥')","['日', '一', '鳥', '艸']"
鴺,17,196.6,the pelican,Traditional,"('夷', '鳥')","['鳥', '大', '弓']"
鸸,11,196'.6,swallow,Simplified,"('而', '鸟')","['而', '鸟']"
鳲,14,196.3,"turtledove, cuckoo",Traditional,"('尸', '鳥')","['鳥', '尸']"
鵫,19,196.8,pheasant,Traditional,"('卓', '鳥')","['日', '十', '鳥', '卜']"
鸰,10,196'.5,species of lark; wagtail; Motacilla species (various),Simplified,"('令', '鸟')","['人', '丶', '鸟']"
鹭,18,196'.13,"heron, egret; Ardea species (various)",Simplified,"('路', '鸟')","['口', '鸟', '夂', '⻊']"
鹯,18,196'.13,hawk; Butastur indicus,Simplified,"('亶', '鸟')","['囗', '亠', '日', '一', '鸟']"
鷄,21,196.10,chicken,Traditional,"('奚', '鳥')","['幺', '鳥', '大', '爪']"
鵓,18,196.7,wood pigeon,Traditional,"('孛', '鳥')","['冖', '十', '鳥', '子']"
鹛,14,196'.9,"babbler, Timaliidae species (various); thrush",Simplified,"('眉', '鸟')","['目', '丨', '鸟']"
鴁,15,196.4,a legendary bird,Traditional,"('夭', '鳥')","['鳥', '大']"
鹇,12,196'.7,"silver pheasant, Lophura nycthemera; Lophura species (various)",Simplified,"('闲', '鸟')","['门', '木', '鸟']"
鸽,11,196'.6,"pigeon, dove; Columba species (various)",Simplified,"('合', '鸟')","['一', '人', '鸟', '口']"
鷆,21,196.10,bird name,Unknown,"('眞', '鳥')","['鳥', '目', '匕', '八']"
鹩,17,196'.12,wren,Simplified,"('尞', '鸟')","['八', '大', '小', '日', '鸟']"
鸧,9,196'.4,oriole,Simplified,"('仓', '鸟')","['人', '鸟', '乙']"
鳩,13,196.2,"pigeon, dove; collect, assemble",Traditional,"('九', '鳥')","['鳥', '丿']"
鵜,18,196.7,pelican,Traditional,"('弟', '鳥')","['鳥', '丨', '弓', '八']"
鶒,20,196.9,a duck-like bird,Traditional,"('束', '鳭')","['鳥', '力', '木', '口']"
鸛,28,196.18,"crane, Grus japonensis; stork; Ciconia species (various)",Traditional,"('雚', '鳥')","['鳥', '隹', '艸', '口']"
鹓,13,196'.8,co-worker,Simplified,"('宛', '鸟')","['宀', '鸟', '乙', '夕']"
鷔,21,196.11,a bird of ill-omen to the state,Traditional,"('敖', '鳥')","['鳥', '丿', '土', '一', '攴']"
鶬,21,196.10,oriole,Traditional,"('倉', '鳥')","['鳥', '人', '丶', '丨', '彐', '口']"
鷧,23,196.12,cormorant,Traditional,"('壹', '鳥')","['冖', '鳥', '豆', '士']"
鹃,12,196'.7,cuckoo,Simplified,"('肙', '鸟')","['月', '鸟', '口']"
鸢,8,196'.3,kite; Milvus species (various),Simplified,"('弋', '鸟')","['弋', '鸟']"
鹙,14,196'.9,large waterfowl with naked head; Garrulus glandarius,Simplified,"('秋', '鸟')","['禾', '火', '鸟']"
鹁,12,196'.7,species of pigeon,Simplified,"('孛', '鸟')","['冖', '十', '鸟', '子']"
鳾,15,196.4,nuthatch,Traditional,"('帀', '鳥')","['鳥', '一', '巾']"
鶺,21,196.10,wagtail,Traditional,"('脊', '鳥')","['月', '人', '鳥', '冫']"
鵞,18,196.7,goose,Both,"('我', '鳥')","['鳥', '戈', '手']"
鷚,22,196.11,Anthus species (various),Traditional,"('翏', '鳥')","['鳥', '人', '羽', '彡']"
鴦,16,196.5,female mandarin duck (Aix galericulata),Traditional,"('央', '鳥')","['鳥', '大', '冂']"
鵼,19,196.8,"a fabulous night-bird, grotesque monster",Traditional,"('空', '鳥')","['鳥', '穴', '工']"
鴈,15,196.4,wild goose,Both,"('厂', '𠌵')","['鳥', '人', '厂']"
鵁,17,196.6,the fishing cormorant,Traditional,"('交', '鳥')","['鳥', '丿', '亠', '八']"
鴴,17,196.6,plover,Traditional,"('行', '鳥')","['鳥', '行']"
鶹,21,196.10,the owl,Traditional,"('留', '鳥')","['鳥', '田', '卩']"
鹜,14,196'.9,duck,Simplified,"('敄', '鸟')","['矛', '鸟', '攴']"
鶫,20,196.9,thrush; Turdus naumanni,Unknown,"('柬', '鳥')","['鳥', '八', '丨', '木', '口']"
鳮,13,196.2,chickens; domestic fowl,Both,"('又', '鳥')","['鳥', '又']"
鹔,13,196'.8,turquoise kingfisher,Simplified,"('肃', '鸟')","['聿', '鸟', '小']"
鵑,18,196.7,cuckoo,Traditional,"('肙', '鳥')","['月', '鳥', '口']"
鹊,13,196'.8,magpie; Pica species (various),Simplified,"('昔', '鸟')","['日', '一', '鸟', '艸']"
鴃,15,196.4,shrike; butcherbird,Traditional,"('鳥', '夬')","['鳥', '人', '丨']"
鹐,13,196'.8,"to peck, as birds",Simplified,"('臽', '鸟')","['臼', '刀', '鸟']"
鶋,19,196.8,a sea-bird with a white breast,Traditional,"('居', '鳥')","['鳥', '十', '尸', '口']"
鸇,24,196.13,hawk; Butastur indicus,Traditional,"('亶', '鳥')","['鳥', '囗', '亠', '日', '一']"
鸞,30,196.19,mythical bird related to the phoenix,Traditional,"('䜌', '鳥')","['鳥', '糸', '言']"
鴬,16,196.5,"oriole, green finch",Unknown,"('小', '鳥')","['冖', '鳥', '小']"
嵠,13,46.10,a valley with a stream in it; a gorge,Both,"('山', '奚')","['幺', '大', '山', '爪']"
嵏,12,46.9,a mountain in Shenxi,Both,"('山', '㚇')","['丿', '凵', '八', '夂', '山']"
崋,10,46.8,flowery; illustrious; Chinese,Both,"('山', '垂')","['二', '丨', '山', '一', '艸']"
巌,19,46.17,"cliff, precipice; cave, grotto",Traditional,"('山', '厳')","['女', '厂', '山', '小', '耳']"
岐,7,46.4,high; majestic; fork in road,Both,"('山', '支')","['支', '山']"
嵶,13,46.10,low part of a mountain,Unknown,"('山', '弱')","['山', '弓', '冫']"
嶁,14,46.11,Goulou mountain peak in Hunan,Traditional,"('山', '婁')","['女', '十', '山', '口']"
崭,11,46.8,"high, steep, precipitous; new",Simplified,"('山', '斩')","['斤', '车', '山']"
岢,8,46.5,a county in Shānxī,Both,"('山', '可')","['一', '口', '山', '亅']"
嶴,15,46.13,island,Traditional,"('奧', '山')","['宀', '大', '米', '山']"
嶗,15,46.12,"Laoshan, mountain in Shandong",Traditional,"('山', '勞')","['冖', '火', '山', '力']"
嶝,15,46.12,path leading up a mountain,Both,"('山', '登')","['癶', '山', '豆']"
崂,10,46.7,"Laoshan, mountain in Shandong",Simplified,"('山', '劳')","['冖', '山', '艸', '力']"
崌,11,46.8,mountain name,Both,"('山', '居')","['十', '尸', '山', '口']"
嵫,12,46.10,a hill in Shantung,Both,"('山', '兹')","['幺', '一', '山', '八']"
巅,19,46.16,"summit of mountain, mountain top",Simplified,"('山', '颠')","['八', '页', '十', '目', '山', '一']"
峤,9,46.6,high pointed mountain,Simplified,"('山', '乔')","['大', '山']"
岩,8,46.5,cliff; rocks; mountain,Both,"('山', '石')","['山', '石']"
嵝,12,46.9,Goulou mountain peak in Hunan,Simplified,"('山', '娄')","['女', '山', '米']"
岸,8,46.5,"bank, shore; beach, coast",Both,"('山', '厈')","['干', '山', '厂']"
嵽,14,46.11,towering; a tall mountain,Traditional,"('山', '帶')","['巾', '廾', '冖', '山', '儿']"
嵁,12,46.9,rugged,Both,"('山', '甚')","['匚', '甘', '山', '儿']"
岨,8,46.5,uneven,Both,"('山', '且')","['月', '一', '山']"
峡,9,46.6,"gorge, strait, ravine; isthmus",Simplified,"('山', '夹')","['人', '山', '八', '二']"
岷,8,46.5,"Minshan mountain range in northern Sichuan and southern Gansu, Min River",Both,"('山', '民')","['一', '山', '己']"
峴,10,46.7,steep hill; mountain in Hubei,Traditional,"('山', '見')","['山', '見']"
嵂,12,46.9,lofty,Both,"('山', '律')","['聿', '彳', '山']"
岫,8,46.5,"mountain peak; cave, cavern",Both,"('山', '由')","['二', '丨', '山', '凵']"
嶅,13,46.11,numerous small rocks on a mountain; used in mountain and place names,Both,"('敖', '山')","['丿', '土', '山', '一', '攴']"
巘,23,46.20,"summit, peak",Traditional,"('山', '獻')","['虍', '山', '鬲', '犬']"
崱,12,46.9,lofty,Traditional,"('山', '則')","['貝', '刀', '山']"
嵐,12,46.9,"mountain mist, mountain haze",Traditional,"('山', '風')","['山', '風']"
岍,7,46.6,a mountain in Shaanxi,Both,"('山', '开')","['一', '山', '廾']"
岾,8,46.5,mountain pass (Korean),Unknown,"('山', '占')","['山', '卜', '口']"
峻,10,46.7,"high, steep, towering; stern",Both,"('山', '夋')","['厶', '山', '八', '夂']"
崬,11,46.8,place name in Guangxi province,Traditional,"('山', '東')","['日', '山', '木']"
岽,8,46.5,place name in Guangxi province,Simplified,"('山', '东')","['一', '山', '小', '乙']"
岚,7,46.4,"mountain mist, mountain haze",Simplified,"('山', '风')","['风', '山']"
崐,11,46.8,Kunlun mountains in Jiangsu,Traditional,"('山', '昆')","['日', '山', '比']"
崈,11,46.8,"esteem, honor, revere, venerate",Unknown,"('宗', '山')","['宀', '山', '示']"
嵒,12,46.9,cliff; soar,Both,"('品', '山')","['山', '口']"
屺,6,46.3,a hill with trees or grass-- some give the opposite meaning,Both,"('山', '己')","['山', '己']"
峝,9,46.6,Mountain in Gansu province,Unknown,"('山', '同')","['一', '口', '山', '冂']"
嶍,14,46.11,a mountain in Yúnnán,Both,"('山', '習')","['羽', '白', '山']"
嵯,12,46.10,"high, towering; irregular, rugged",Both,"('山', '差')","['羊', '山', '工']"
巖,22,46.20,"cliff, precipice; cave, grotto",Traditional,"('山', '嚴')","['厂', '耳', '山', '攴', '口']"
嵬,12,46.10,"high; rugged, rocky, precipitous",Both,"('山', '鬼')","['鬼', '山']"
崚,11,46.8,"hilly, steep, rugged",Both,"('山', '夌')","['土', '山', '八', '夂']"
峩,10,46.7,lofty,Both,"('山', '我')","['戈', '山', '手']"
峽,10,46.7,"gorge, strait, ravine; isthmus",Traditional,"('山', '夾')","['人', '大', '山']"
巇,20,46.17,a crack; hazardous,Both,"('山', '戲')","['虍', '戈', '山', '豆']"
嵌,12,46.9,"inlay, set in; fall into; rugged",Both,"('山', '𣢟')","['甘', '山', '欠']"
崴,12,46.9,"high, lofty; precipitous",Both,"('山', '威')","['女', '厂', '戈', '山', '一']"
峒,9,46.6,mountain in Gansu province,Both,"('山', '同')","['一', '口', '山', '冂']"
岘,7,46.4,steep hill; mountain in Hubei,Simplified,"('山', '见')","['见', '山']"
巗,22,46.19 46.20,"cliff, precipice; cave, grotto",Traditional,"('山', '嚴')","['厂', '耳', '山', '攴', '口']"
岔,7,46.4,"diverge, branch off; fork in road",Both,"('分', '山')","['刀', '八', '山']"
嵆,12,46.9,mountain in Henan; surname,Both,"('嵇', None)","['丶', '山', '大', '尢']"
岳,8,46.5,mountain peak; surname,Simplified,"('丘', '山')","['斤', '一', '山']"
嵴,13,46.10,mountain ridge,Both,"('山', '脊')","['月', '人', '山', '冫']"
岧,8,46.5,peak; cliff; precipice,Both,"('山', '召')","['刀', '山', '口']"
巒,22,46.19,mountain range; pointed mountain,Traditional,"('䜌', '山')","['糸', '山', '言']"
崖,11,46.8,"cliff, precipice; precipitous",Both,"('山', '厓')","['土', '山', '厂']"
崿,12,46.9,cliffs,Both,"('山', '咢')","['二', '山', '口']"
嶓,15,46.12,"Boshan, mountain in Shaanxi",Both,"('山', '番')","['山', '田', '釆']"
崮,11,46.8,"a mesa, hill with flat top and steep sides",Both,"('山', '固')","['囗', '山', '十', '口']"
嶂,14,46.11,cliff; mountain barrier,Both,"('山', '章')","['日', '十', '山', '立']"
巃,19,46.16,lofty,Traditional,"('山', '龍')","['龍', '山']"
岵,8,46.5,hill,Both,"('山', '古')","['十', '山', '口']"
岣,8,46.5,a hill in Hunan,Both,"('山', '句')","['勹', '山', '口']"
巋,21,46.17,"grand, stately; secure, lasting",Traditional,"('山', '歸')","['止', '丶', '巾', '彐', '冖', '山', '己']"
嵋,12,46.9,Omei mountain in Sichuan,Both,"('山', '眉')","['目', '丨', '山']"
屹,6,46.3,to rise high; to stand erect,Both,"('山', '乞')","['一', '丿', '山', '乙']"
嵎,12,46.9,mountain recess; canyon,Both,"('山', '禺')","['二', '禸', '丨', '山', '冂']"
嶙,15,46.12,precipitous,Both,"('山', '粦')","['舛', '山', '米']"
屴,5,46.2,lofty,Both,"('山', '力')","['山', '力']"
峥,9,46.6,"high, lofty, noble; steep, perilous",Simplified,"('山', '争')","['刀', '山', '彐', '亅']"
屶,5,46.2,lofty,Unknown,"('山', '刀')","['刀', '山']"
崄,10,46.7,"high, steep, precipitous",Simplified,"('山', '佥')","['一', '人', '山', '小']"
峣,9,46.6,high or tall,Simplified,"('山', '尧')","['一', '山', '儿']"
嶋,14,46.11,island,Unknown,"('山', '鳥')","['鳥', '山']"
峁,8,46.5,yellow dirt mount,Both,"('山', '卯')","['山', '卩']"
嶄,14,46.11,"high, steep, precipitous; new",Traditional,"('山', '斬')","['車', '斤', '山']"
岅,7,46.4,mountain slope,Unknown,"('山', '反')","['又', '山', '⺁']"
峠,9,46.6,"mountain pass; crisis, climax",Both,"('山', '𠧗')","['一', '山', '卜']"
峪,10,46.7,"valley, ravine",Both,"('山', '谷')","['山', '谷']"
峋,9,46.6,ranges of hills stretching on beyond another irregular peaks,Both,"('山', '旬')","['勹', '山', '日']"
岈,7,46.4,"嵖岈山, a mountain in Suìpíng county, Hénán",Both,"('山', '牙')","['山', '牙']"
崇,11,46.8,"esteem, honor, revere, venerate",Both,"('山', '宗')","['宀', '山', '示']"
崒,11,46.8,rocky peaks; lofty and dangerous,Both,"('山', '卒')","['十', '亠', '山', '人']"
峄,8,46.5,a range of peaks in Shandong and Jiangsu; the name of a mountain,Simplified,"('山', '𠬤')","['二', '丨', '又', '山']"
岌,6,46.4,"perilous, hazardous; high, steep",Both,"('山', '及')","['丿', '山']"
崕,11,46.8,"cliff, precipice; precipitous",Unknown,"('山', '厓')","['土', '山', '厂']"
峭,10,46.7,"steep, precipitous, rugged",Both,"('山', '肖')","['月', '山', '小']"
峀,8,46.5,"mountain peak; cave, cavern",Both,"('山', '由')","['二', '丨', '山', '凵']"
崧,11,46.8,"high mountain; lofty, eminent",Both,"('山', '松')","['厶', '八', '山', '木']"
崁,10,46.7,a place in Taiwan Tainan,Both,"('山', '坎')","['土', '欠', '山']"
嶎,14,46.11,"luxuriant, elegant",Both,"('山', '尉')","['尸', '山', '寸', '示']"
崛,11,46.8,"towering, eminent; rise abruptly",Both,"('山', '屈')","['尸', '山']"
崫,11,46.8,high and lofty (mountains),Both,"('山', '屈')","['尸', '山']"
嵊,13,46.10,"district in Shaohsing, Chekiang",Both,"('山', '乘')","['禾', '匕', '山']"
嵲,13,46.10,towering mountain,Both,"('山', '臬')","['自', '山', '木']"
嶌,14,46.11,island,Unknown,"('山', '鳥')","['鳥', '山']"
嶞,14,46.12,ridge,Both,"('隋', '山')","['丿', '山', '阝', '工', '月', '一']"
嶠,15,46.12,high pointed mountain,Traditional,"('山', '喬')","['冂', '大', '山', '口']"
岂,6,46.3,how? what?,Simplified,"('山', '己')","['山', '己']"
巓,22,46.19,summit of mountain,Unknown,"('山', '顚')","['八', '匕', '目', '山', '頁']"
峃,8,46.5,big rocky mountain,Simplified,"('小', '山')","['冖', '山', '小']"
嵳,12,46.10,"high, towering; irregular, rugged",Both,"('山', '差')","['羊', '山', '工']"
崾,12,46.9,place name in Shanxi province,Both,"('山', '要')","['女', '襾', '山']"
岗,7,46.4,post; position,Simplified,"('山', '冈')","['丿', '山', '冂']"
崑,11,46.8,Kunlun mountains in Jiangsu province.,Traditional,"('山', '昆')","['日', '山', '比']"
岁,6,46.3,year; age; harvest,Both,"('山', '夕')","['山', '夕']"
崆,11,46.8,Kongtong mountain,Both,"('山', '空')","['穴', '山', '工']"
嶺,17,46.14,"mountain ridge, mountain peak",Traditional,"('山', '領')","['頁', '人', '丶', '山']"
崞,11,46.8,mountain in Shanxi,Both,"('山', '享')","['子', '亠', '山', '口']"
巉,20,46.17,"steep, rugged, jagged, precipitous",Both,"('山', '毚')","['丶', '乙', '刀', '丨', '山', '比', '口']"
崎,11,46.8,"rough, uneven, jagged, rugged",Both,"('山', '奇')","['亅', '大', '山', '一', '口']"
巍,20,46.18,"high, lofty, majestic, eminent",Both,"('山', '魏')","['禾', '鬼', '山', '女']"
峂,8,46.5,name of a place in Běijīng's Shìhǎidiàn district,Both,"('山', '冬')","['丶', '山', '夂']"
嶨,16,46.13,big rocky mountain,Traditional,"('𦥯', '山')","['臼', '爻', '冖', '山']"
崠,11,46.8,place name in Guangxi province,Traditional,"('山', '東')","['日', '山', '木']"
屿,6,46.3,island,Simplified,"('山', '与')","['一', '山']"
嶢,15,46.12,high or tall,Traditional,"('山', '堯')","['土', '一', '山', '儿']"
岱,8,46.5,"Daishan, one of the Five Sacred Mountains in China",Both,"('代', '山')","['人', '弋', '山']"
嶷,17,46.14,a range of mountains in Hunan province,Both,"('山', '疑')","['匕', '山', '疋', '矢']"
岖,7,46.4,"steep, sheer; rugged, rough",Simplified,"('山', '区')","['丿', '匚', '山']"
嵾,14,46.11,uneven,Traditional,"('山', '參')","['厶', '人', '山', '彡']"
嵦,13,46.10,a raised site; pleasant,Both,"('山', '豈')","['山', '豆']"
崢,11,46.8,"high, lofty, noble; steep, perilous",Traditional,"('山', '爭')","['山', '彐', '亅', '爪']"
岺,8,46.5,"mountain ridge, mountain peak",Unknown,"('山', '令')","['人', '丶', '山']"
崙,11,46.8,Kunlun mountains in Jiangsu,Traditional,"('山', '侖')","['人', '山', '一', '艸', '冂']"
崦,11,46.8,"a mountain in Kansu, where there is a cave into which the sun is said to sink at night",Both,"('山', '奄')","['丨', '大', '山', '日', '乙']"
嵘,12,46.9,"high, steep; lofty, towering",Simplified,"('山', '荣')","['冖', '艸', '山', '木']"
峯,10,46.7,"peak, summit; hump of camel",Both,"('山', '夆')","['二', '夂', '丨', '山', '一']"
岿,8,46.5,"grand, stately; secure, lasting",Simplified,"('山', '归')","['山', '彐']"
嵙,12,46.9,place name,Both,"('山', '科')","['禾', '山', '斗']"
崘,11,46.8,Kunlun mountains in Jiangsu,Both,"('山', '侖')","['人', '山', '一', '艸', '冂']"
嶧,16,46.13,a range of peaks in Shandong and Jiangsu; the name of a mountain,Traditional,"('山', '睪')","['土', '八', '干', '山', '网']"
崯,11,46.8,cliffs,Unknown,"('山', '金')","['山', '金']"
岬,8,46.5,"cape; promontory, headland",Both,"('山', '甲')","['二', '丨', '山', '冂']"
嵇,12,46.9,mountain in Henan; surname,Both,"('禾', '犬山')","['禾', '丶', '山', '尢']"
崽,12,46.9,"a child, a servant; a diminutive",Both,"('山', '思')","['心', '山', '田']"
峦,9,46.6,mountain range; pointed mountain,Both,"('亦', '山')","['八', '丨', '亠', '山', '亅']"
乢,4,46.1,"lid, to cover; to hide; a cover; an umbrella",Unknown,"('山', '乚')","['山', '乙']"
山,3,46.0,"mountain, hill, peak",Both,"('山', None)",['山']
嶸,17,46.14,"high, steep; lofty, towering",Traditional,"('山', '榮')","['冖', '火', '山', '木']"
嵛,12,46.9,county in Shandong province,Both,"('山', '俞')","['人', '刀', '山', '月', '一']"
峞,9,46.6,high and uneven,Both,"('山', '危')","['刀', '山', '厂', '乙']"
岭,8,46.5,"mountain ridge, mountain peak",Simplified,"('山', '令')","['人', '丶', '山']"
嵗,12,46.9,year; age; harvest,Both,"('山', '戊少')","['丿', '厂', '戈', '山', '小', '一']"
峫,9,46.7,mountain in Shandong province,Both,"('山', '邪')","['山', '阝', '牙']"
峱,10,46.7,name of a mountain in Shāndōng,Both,"('犭', '丑山')","['二', '刀', '山', '犬']"
岡,8,46.5,ridge or crest of hill,Traditional,"('冂', '屰')","['一', '山', '八', '冂']"
峰,10,46.7,"peak, summit; hump of camel",Both,"('山', '夆')","['二', '夂', '丨', '山', '一']"
崃,10,46.7,mountain in Sichuan province,Simplified,"('山', '来')","['一', '八', '山', '木']"
崪,11,46.8,rocky peaks; lofty and dangerous,Both,"('山', '卒')","['十', '亠', '山', '人']"
峧,9,46.6,used in place names,Both,"('山', '交')","['丿', '亠', '山', '八']"
崔,11,46.8,"high, lofty, towering; surname",Both,"('山', '隹')","['隹', '山']"
崟,11,46.8,cliffs,Both,"('山', '金')","['山', '金']"
岑,7,46.4,"steep, precipitous; peak",Both,"('山', '今')","['人', '丶', '山']"
嵜,12,46.9,"rough, uneven, jagged, rugged",Both,"('山', '竒')","['亅', '八', '亠', '山', '一', '口']"
嶇,14,46.11,"steep, sheer; rugged, rough",Traditional,"('山', '區')","['匚', '山', '口']"
嶩,16,46.13,a mountain in Shāndōng,Traditional,"('山', '農')","['二', '凵', '山', '辰']"
峿,10,46.7,mountain,Both,"('山', '吾')","['一', '口', '山', '力']"
嶮,16,46.13,"high, steep, precipitous",Traditional,"('山', '僉')","['一', '人', '山']"
崍,11,46.8,mountain in Sichuan province,Traditional,"('山', '來')","['人', '山', '木']"
嶡,15,46.12,table,Both,"('山', '厥')","['八', '屮', '厂', '山', '一', '欠']"
岹,8,46.5,"peak; cliff, precipice",Unknown,"('山', '召')","['刀', '山', '口']"
岙,7,46.4,island,Simplified,"('夭', '山')","['大', '山']"
屼,6,46.3,mountain; a bare hill,Both,"('山', '兀')","['一', '山', '儿']"
岞,8,46.5,"a mountain in Chāngyì county, Shāndōng",Both,"('山', '乍')","['丿', '二', '丨', '山', '一']"
岛,7,46.4,island,Simplified,"('乌', '山')","['丶', '山']"
岊,7,46.4,foothill,Both,"('巴', '山')","['丨', '山', '乙']"
崳,12,46.9,county in Shandong province,Both,"('山', '俞')","['人', '刀', '山', '月', '一']"
巔,22,46.19,"summit of mountain, mountain top",Traditional,"('山', '顛')","['八', '十', '目', '山', '頁', '一']"
峙,9,46.6,"stand erect, stand up; pile up",Both,"('山', '寺')","['土', '山', '寸']"
崤,11,46.8,mountain in Henan,Both,"('山', '肴')","['月', '丿', '山', '一']"
嵚,12,46.9,"lofty, towering",Simplified,"('山', '钦')","['欠', '钅', '山']"
嵩,13,46.10,"high, lofty; one of the 5 peaks, situated in Hunan",Both,"('山', '高')","['山', '高']"
嶃,14,46.11,"a cliff, a peak",Both,"('山', '斬')","['車', '斤', '山']"
崩,11,46.8,"rupture, split apart, collapse",Both,"('山', '朋')","['月', '山']"
巎,22,46.19,used in personal names,Both,"('山', '夒')","['止', '八', '夂', '山', '一', '自', '己']"
嶔,15,46.12,"lofty, towering",Traditional,"('山', '欽')","['欠', '山', '金']"
嶽,17,46.14,"mountain peak, summit",Traditional,"('山', '獄')","['山', '犬', '言']"
嶒,15,46.12,"towering, lofty, steep",Both,"('山', '曾')","['八', '丨', '山', '日', '口']"
嶰,16,46.13,gorge,Both,"('山', '解')","['牛', '角', '刀', '山']"
峇,9,46.6,"cave, cavern",Both,"('山', '合')","['一', '人', '山', '口']"
峨,10,46.7,lofty,Both,"('山', '我')","['戈', '山', '手']"
嶲,15,46.13,a name of an old town in Sichuan; cuckoo; revolution of a wheel,Both,"('山', '雋')","['隹', '丨', '山']"
岝,8,46.5,name of a mountain in Shandong,Both,"('山', '乍')","['丿', '二', '丨', '山', '一']"
島,10,46.7,island,Traditional,"('鳥*', '山')","['一', '丶', '山']"
巂,18,46.15,place name,Both,"('崔', '冏')","['八', '隹', '口', '山', '冂']"
嶭,16,46.13,"elevated, lofty",Both,"('山', '')","['丶', '山', '辛', '己']"
崗,11,46.8,post; position,Traditional,"('山', '岡')","['一', '山', '八', '冂']"
崀,10,46.7,place name in Hunan province,Both,"('山', '良')","['艮', '丶', '山']"
岀,6,46.3,go out,Both,"('山', None)",['山']
岜,7,46.4,rock mountain,Both,"('山', '巴')","['丨', '山', '乙']"
鳉,17,195'.9,name of fish,Simplified,"('鱼', '将')","['人', '手', '十', '亠', '小', '鱼', '爿']"
鰭,21,195.10,fin,Traditional,"('魚', '耆')","['日', '魚', '老']"
鯿,20,195.9,bream,Traditional,"('魚', '扁')","['户', '艸', '魚', '冂']"
鱘,23,195.12,sturgeon,Traditional,"('魚', '尋')","['魚', '寸', '彐', '工', '口']"
鲷,16,195'.8,"Pagrosomus major, porgy",Simplified,"('鱼', '周')","['鱼', '田', '口']"
魞,13,195.2,fish trap,Unknown,"('魚', '入')","['入', '魚']"
鳗,19,195'.11,eel,Simplified,"('鱼', '曼')","['鱼', '网', '又', '日']"
魯,15,195.4,"foolish, stupid, rash; vulgar",Traditional,"('魚', '日')","['日', '魚']"
鲱,16,195'.8,herring,Simplified,"('鱼', '非')","['鱼', '非']"
魢,14,195.3,name of fish,Traditional,"('魚', '己')","['己', '魚']"
鱝,23,195.13,fish,Traditional,"('魚', '賁')","['十', '艸', '魚', '貝']"
鮹,18,195.7,"an octopus, devilfish",Traditional,"('魚', '肖')","['月', '魚', '小']"
鳞,20,195'.12,fish scales,Simplified,"('鱼', '粦')","['鱼', '舛', '米']"
鰵,22,195.11,codfish,Traditional,"('敏', '魚')","['丿', '魚', '毋', '一', '攴']"
鲌,13,195'.5,common bleak (Alburnus alburnus); various other freshwater fish,Simplified,"('鱼', '白')","['鱼', '白']"
鰛,20,195.9,sardine,Traditional,"('魚', '昷')","['日', '皿', '魚']"
鲥,15,195'.7,reeves' shad; hilsa herring,Simplified,"('鱼', '时')","['鱼', '寸', '日']"
鲶,16,195'.8,sheat,Simplified,"('鱼', '念')","['鱼', '人', '丶', '心']"
鱸,27,195.16,"sea perch, sea bass",Traditional,"('魚', '盧')","['虍', '田', '魚', '皿']"
鯛,19,195.8,"Pagrosomus major, porgy",Traditional,"('魚', '周')","['田', '魚', '口']"
鲀,12,195'.4,"blowfish, globefish, Spheroides vermicular",Simplified,"('鱼', '屯')","['鱼', '十', '屮', '乙']"
鰲,21,195.11,huge sea turtle,Traditional,"('敖', '魚')","['丿', '土', '魚', '一', '攴']"
鯋,18,195.7,shark,Unknown,"('魚', '沙')","['丿', '水', '魚', '小']"
鰨,21,195.10,sole,Traditional,"('魚', '𦐇')","['日', '羽', '魚']"
鮻,18,195.7,dace; Canton dace,Traditional,"('魚', '夋')","['厶', '八', '魚', '夂']"
魟,14,195.3,"a ray, skate",Traditional,"('魚', '工')","['魚', '工']"
鱛,23,195.12,fish name,Unknown,"('魚', '曾')","['八', '魚', '丨', '日', '口']"
鲁,12,195'.4,"foolish, stupid, rash; vulgar",Simplified,"('鱼', '日')","['鱼', '日']"
鳈,17,195'.9,name of fish,Simplified,"('鱼', '泉')","['鱼', '白', '水']"
鮣,16,195.5,live sharksucker (Echeneis naucrates),Traditional,"('魚', '印')","['一', '魚', '卩']"
魴,15,195.4,bream,Traditional,"('魚', '方')","['魚', '方']"
鱭,25,195.14,anchovy,Traditional,"('魚', '齊')","['齊', '魚']"
鲞,14,195'.6,dried fish,Simplified,"('关', '鱼')","['鱼', '二', '丨', '八']"
鱂,22,195.11,name of fish,Traditional,"('魚', '將')","['月', '爿', '魚', '寸']"
鳆,17,195'.9,abalone,Simplified,"('鱼', '复')","['丿', '夂', '日', '鱼', '一']"
鲲,16,195'.8,spawn; roe; fry,Simplified,"('鱼', '昆')","['鱼', '比', '日']"
鮪,17,195.6,"kind of sturgeon, tuna",Traditional,"('魚', '有')","['月', '丿', '魚', '一']"
鯗,18,195.8,dried fish,Traditional,"('羌', '魚')","['羊', '八', '魚']"
鳜,20,195'.12,mandarin fish,Simplified,"('鱼', '厥')","['八', '屮', '厂', '鱼', '一', '欠']"
鳇,17,195'.9,sturgeon,Simplified,"('鱼', '皇')","['鱼', '玉', '白']"
鲈,13,195'.5,"sea perch, sea bass",Simplified,"('鱼', '卢')","['鱼', '尸', '卜']"
鰤,21,195.10,a yellowtail (fish),Traditional,"('魚', '師')","['丶', '魚', '巾', '一', '己']"
鮨,17,195.6,seasoned rice mixed with fish or vegetables,Traditional,"('魚', '旨')","['日', '匕', '魚']"
鱔,23,195.12,eel,Traditional,"('魚', '善')","['八', '魚', '羊', '一', '口']"
鲸,16,195'.8,whale,Simplified,"('鱼', '京')","['鱼', '小', '亠', '口']"
鮞,17,195.6,roe,Traditional,"('魚', '而')","['而', '魚']"
鲨,15,195'.7,shark,Simplified,"('沙', '鱼')","['鱼', '丿', '水', '小']"
鳏,18,195'.10,huge fish; widower; bachelor,Simplified,"('鱼', '眔')","['鱼', '网']"
鱺,30,195.19,eel,Traditional,"('魚', '麗')","['一', '鹿', '魚']"
鲚,14,195'.6,anchovy,Simplified,"('鱼', '齐')","['鱼', '齐']"
鯺,19,195.9,blowfish,Both,"('魚', '者')","['日', '魚', '老']"
鯰,19,195.8,sheat,Traditional,"('魚', '念')","['心', '人', '丶', '魚']"
鮭,17,195.6,salmon; Spheroides vermicularis,Traditional,"('魚', '圭')","['土', '魚']"
鿕,12,195'.4,Danio chrysotaeniata,Simplified,,[]
魜,13,195.2,mermaid; manatee,Traditional,"('魚', '人')","['人', '魚']"
鿐,21,195.10,a kind of clam,Traditional,,[]
鱄,22,195.11,anchovy,Traditional,"('魚', '專')","['魚', '丨', '寸', '十', '日']"
鯀,18,195.7,a legendary giant fish; father of the emperor Yu,Traditional,"('魚', '系')","['糸', '魚']"
鱨,25,195.14,codfish,Traditional,"('魚', '嘗')","['魚', '匕', '冖', '小', '日', '口']"
鲯,16,195'.8,Coryphaena hippurus,Simplified,"('鱼', '其')","['鱼', '一', '甘', '八']"
魳,15,195.4,a barracuda,Both,"('魚', '帀')","['一', '魚', '巾']"
鱷,27,195.16,"crocodile, alligator",Traditional,"('魚', '噩')","['玉', '魚', '口']"
鲊,13,195'.5,minced and salted fish; to preserve,Simplified,"('鱼', '乍')","['丿', '二', '丨', '鱼', '一']"
鰉,20,195.9,sturgeon,Traditional,"('魚', '皇')","['玉', '白', '魚']"
魛,13,195.2,the mullet,Traditional,"('魚', '刀')","['刀', '魚']"
鯸,20,195.9,blowfish,Traditional,"('魚', '侯')","['人', '魚', '矢']"
鯒,18,195.7,a flathead (fish),Traditional,"('魚', '甬')","['用', '魚']"
鳃,17,195'.9,fish gills,Simplified,"('鱼', '思')","['鱼', '田', '心']"
鲆,13,195'.5,sole,Simplified,"('鱼', '平')","['鱼', '干', '八']"
鲢,15,195'.7,"silver carp, Hypophthalmichthys",Simplified,"('鱼', '连')","['鱼', '车', '辵']"
鰼,22,195.11,"the weather or dojo loach, Misgurnus anguillicaudatus",Traditional,"('魚', '習')","['羽', '白', '魚']"
鰃,20,195.9,name of fish,Traditional,"('魚', '畏')","['一', '田', '魚', '乙']"
鮁,16,195.5,the bonito,Traditional,"('魚', '犮')","['丿', '丶', '又', '魚', '一']"
鲅,13,195'.5,fish name,Simplified,"('鱼', '犮')","['丿', '丶', '又', '鱼', '一']"
魬,15,195.4,sole or flounder,Traditional,"('魚', '反')","['又', '魚', '⺁']"
魫,15,195.4,the young of fish,Traditional,"('魚', '冘')","['魚', '乙', '巾']"
鰞,21,195.10,squid,Both,"('魚', '烏')","['一', '丶', '火', '魚']"
鰻,22,195.11,eel,Traditional,"('魚', '曼')","['日', '网', '又', '魚']"
鲺,16,195'.8,cat fish,Simplified,"('鱼', '虱')","['鱼', '虫', '乙']"
鱿,12,195'.4,cuttlefish,Simplified,"('鱼', '尤')","['鱼', '丶', '尢']"
鮚,17,195.6,clam; oyster,Traditional,"('魚', '吉')","['魚', '口', '士']"
鳟,20,195'.12,barbel,Simplified,"('鱼', '尊')","['鱼', '寸', '八', '酉']"
鳖,19,195'.11,turtle,Simplified,"('敝', '鱼')","['冫', '鱼', '攴', '巾']"
鲔,14,195'.6,"kind of sturgeon, tuna",Simplified,"('鱼', '有')","['鱼', '丿', '月', '一']"
鳄,17,195'.9,alligator,Simplified,"('鱼', '咢')","['鱼', '二', '口']"
鱆,22,195.11,"an octopus, devilfish",Traditional,"('魚', '章')","['日', '立', '十', '魚']"
鮐,16,195.5,"blowfish, globefish, tetraodon",Traditional,"('魚', '台')","['厶', '魚', '口']"
鳓,19,195'.11,Chinese herring; shad,Simplified,"('鱼', '勒')","['鱼', '革', '力']"
鱮,24,195.14,silver carp (Hypophthalmichthys molitrix); bream,Traditional,"('魚', '與')","['八', '魚', '丨', '臼', '一']"
鯊,18,195.7,shark,Traditional,"('沙', '魚')","['丿', '水', '魚', '小']"
鱉,22,195.12,turtle,Traditional,"('敝', '魚')","['冫', '魚', '攴', '巾']"
鳂,17,195'.9,name of fish,Simplified,"('鱼', '畏')","['鱼', '一', '田', '乙']"
鳒,18,195'.10,big-mouthed flounder,Simplified,"('鱼', '兼')","['鱼', '一', '八', '彐']"
鮑,16,195.5,abalone; dried fish; surname,Traditional,"('魚', '包')","['勹', '己', '魚']"
鰔,20,195.9,a kind of fish,Unknown,"('魚', '咸')","['魚', '厂', '戈', '一', '口']"
鮧,17,195.6,the sheatfish,Traditional,"('魚', '夷')","['大', '魚', '弓']"
鲤,15,195'.7,carp,Simplified,"('鱼', '里')","['鱼', '里']"
鲦,15,195'.7,minnow,Simplified,"('鱼', '条')","['鱼', '十', '夂', '小']"
鯙,19,195.8,Scomberomorus sinensis,Both,"('魚', '享')","['子', '亠', '魚', '口']"
鯕,19,195.8,Coryphaena hippurus,Traditional,"('魚', '其')","['一', '甘', '八', '魚']"
鲧,15,195'.7,giant fish; father of emperor,Simplified,"('鱼', '系')","['鱼', '糸']"
鳌,18,195'.10,huge sea turtle,Simplified,"('敖', '鱼')","['丿', '土', '鱼', '一', '攴']"
鳙,19,195'.11,bighead,Simplified,"('鱼', '庸')","['鱼', '广', '聿', '用']"
鲑,14,195'.6,salmon; Spheroides vermicularis,Simplified,"('鱼', '圭')","['鱼', '土']"
鮆,17,195.5,fish,Traditional,"('此', '魚')","['止', '匕', '魚']"
鲮,16,195'.8,carp,Simplified,"('鱼', '夌')","['鱼', '土', '八', '夂']"
鱾,11,195'.3,name of fish,Simplified,"('鱼', '己')","['鱼', '己']"
鲏,13,195'.5,Spanish mackerel,Simplified,"('鱼', '皮')","['鱼', '皮']"
鳍,18,195'.10,fin,Simplified,"('鱼', '耆')","['鱼', '日', '老']"
鳎,18,195'.10,sole,Simplified,"('鱼', '𦐇')","['鱼', '羽', '日']"
鯢,19,195.8,Cryptobranchus japonicus; a salamander,Traditional,"('魚', '兒')","['臼', '魚', '儿']"
鲝,14,195'.6,minced and salted fish; a place in Sichuan,Simplified,"('羊', '鱼')","['鱼', '羊']"
鮃,16,195.5,"a flatfish, flounder",Traditional,"('魚', '平')","['干', '八', '魚']"
鱇,22,195.11,anglerfish,Traditional,"('魚', '康')","['隶', '广', '魚']"
鮟,17,195.6,anglerfish,Traditional,"('魚', '安')","['宀', '魚', '女']"
鯨,19,195.8,whale,Traditional,"('魚', '京')","['小', '亠', '魚', '口']"
鮄,16,195.5,gurnard,Traditional,"('魚', '弗')","['弓', '魚']"
鳔,19,195'.11,swimming bladder of fish,Simplified,"('鱼', '票')","['鱼', '襾', '示']"
鲍,13,195'.5,abalone; dried fish; surname,Simplified,"('鱼', '包')","['鱼', '勹', '己']"
鮝,17,195.6,dried fish,Traditional,"('关', '魚')","['二', '丨', '八', '魚']"
鱅,22,195.11,a kind of tench,Traditional,"('魚', '庸')","['广', '用', '聿', '魚']"
鳅,17,195'.9,loach,Simplified,"('鱼', '秋')","['鱼', '火', '禾']"
鱟,24,195.13,horseshoe crab,Traditional,"('𦥯', '魚')","['臼', '爻', '冖', '魚']"
鯠,19,195.8,to confer; to bestow on an inferior; to reward,Traditional,"('魚', '來')","['人', '木', '魚']"
鰍,20,195.9,loach,Traditional,"('魚', '秋')","['禾', '火', '魚']"
鰐,20,195.9,alligator,Traditional,"('魚', '咢')","['二', '魚', '口']"
鰒,20,195.9,abalone,Traditional,"('魚', '复')","['丿', '魚', '夂', '日', '一']"
鱧,24,195.13,snakehead,Traditional,"('魚', '豊')","['二', '凵', '豆', '魚']"
鱓,23,195.12,eel,Traditional,"('魚', '單')","['二', '魚', '丨', '十', '口', '冂']"
鳝,20,195'.12,eel,Simplified,"('鱼', '善')","['八', '羊', '鱼', '一', '口']"
鲐,13,195'.5,"globefish, tetraodon",Simplified,"('鱼', '台')","['鱼', '厶', '口']"
鲙,14,195'.6,minced fish; hash,Simplified,"('鱼', '会')","['鱼', '人', '厶', '二']"
鮺,17,195.6,minced and salted fish; a place in Sichuan,Traditional,"('羊', '魚')","['羊', '魚']"
鲣,15,195'.7,"skipjack, bonito",Simplified,"('鱼', '坚')","['鱼', '土', '丨', '又']"
鯆,18,195.7,the skate or ray,Traditional,"('魚', '甫')","['十', '用', '魚', '丶']"
鲿,17,195'.9,codfish,Simplified,"('鱼', '尝')","['二', '厶', '冖', '小', '鱼']"
鲼,17,195'.9,fish,Simplified,"('鱼', '贲')","['鱼', '十', '贝', '艸']"
鰯,21,195.10,a sardine,Traditional,"('魚', '弱')","['弓', '魚', '冫']"
鲠,15,195'.7,"fish bones; honest, upright",Simplified,"('鱼', '更')","['丿', '丨', '日', '鱼', '一']"
鮫,17,195.6,shark,Traditional,"('魚', '交')","['丿', '亠', '八', '魚']"
鮿,18,195.7,dried fish,Traditional,"('魚', '耴')","['魚', '耳', '乙']"
鳘,19,195'.11,codfish,Simplified,"('敏', '鱼')","['丿', '毋', '鱼', '一', '攴']"
鮎,16,195.5,"sheatfish, Parasilurus asotus",Traditional,"('魚', '占')","['卜', '魚', '口']"
鳤,22,195'.14,a kind of fish; with a long cylinder body,Simplified,"('鱼', '管')","['鱼', '己', '宀', '竹']"
鲛,14,195'.6,shark,Simplified,"('鱼', '交')","['鱼', '丿', '亠', '八']"
鯧,19,195.8,"the silvery pomfret, Stromateoides argenteus",Traditional,"('魚', '昌')","['日', '魚']"
鰮,21,195.10,sardine,Traditional,"('魚', '𥁕')","['囗', '皿', '魚', '人']"
鱽,10,195'.2,the mullet,Simplified,"('鱼', '刀')","['鱼', '刀']"
鮒,16,195.5,"carp, Carassius auratus",Traditional,"('魚', '付')","['人', '寸', '魚']"
鳑,18,195'.10,several species of small carp,Simplified,"('鱼', '旁')","['八', '冖', '亠', '方', '鱼']"
鯁,18,195.7,"fish bones; honest, upright",Traditional,"('魚', '更')","['丿', '魚', '丨', '日', '一']"
鰕,20,195.9,"shrimp, prawn",Traditional,"('魚', '叚')","['又', '二', '尸', '魚']"
鰊,20,195.9,a herring,Traditional,"('魚', '柬')","['八', '魚', '丨', '木', '口']"
鲴,16,195'.8,fish guts,Simplified,"('鱼', '固')","['鱼', '囗', '十', '口']"
鰁,20,195.9,a kind of carp,Traditional,"('魚', '泉')","['水', '白', '魚']"
鱏,23,195.12,"a ray, skate",Traditional,"('魚', '覃')","['日', '十', '魚', '襾']"
鯷,20,195.9,anchovy,Traditional,"('魚', '是')","['日', '一', '魚', '止']"
鮊,16,195.5,common bleak (Alburnus alburnus); various other freshwater fish,Traditional,"('魚', '白')","['白', '魚']"
鰜,21,195.10,big-mouthed flounder,Traditional,"('魚', '兼')","['一', '八', '魚', '彐']"
鱐,24,195.12,dried fish,Traditional,"('魚', '肅')","['一', '聿', '魚']"
鰺,22,195.11,a horse mackerel,Traditional,"('魚', '參')","['厶', '人', '彡', '魚']"
鮮,17,195.6,"fresh, new, delicious; rare, few",Traditional,"('魚', '羊')","['羊', '魚']"
鰽,22,195.11,herring,Traditional,"('魚', '曹')","['二', '凵', '魚', '日', '艸']"
鲋,13,195'.5,"carp, Carassius auratus",Simplified,"('鱼', '付')","['鱼', '人', '寸']"
鰈,20,195.9,flatfish; flounder; sole,Traditional,"('魚', '枼')","['廾', '木', '魚']"
鱑,22,195.12,the sturgeon,Traditional,"('魚', '黄')","['二', '凵', '八', '魚', '丨', '一', '艸']"
鯇,18,195.7,grass carp (Ctenopharyngodon idella),Traditional,"('魚', '完')","['宀', '二', '魚', '儿']"
鯣,19,195.8,a cuttlefish,Both,"('魚', '易')","['日', '勹', '魚']"
鯖,19,195.8,mackerel,Traditional,"('魚', '青')","['青', '魚']"
鳚,19,195'.11,"general term of a kind of fish, a snake-like fish",Simplified,"('鱼', '尉')","['鱼', '尸', '寸', '示']"
鱈,22,195.11,codfish,Traditional,"('魚', '雪')","['魚', '彐', '雨']"
鰧,21,195.10,loach,Traditional,"('月', '鮝')","['二', '八', '魚', '丨', '月']"
鱡,24,195.13,the cuttle-fish,Both,"('魚', '賊')","['丿', '魚', '貝', '戈', '一']"
鳀,17,195'.9,anchovy,Simplified,"('鱼', '是')","['鱼', '一', '日', '止']"
鲎,13,195'.5,king crab,Simplified,"('小', '鱼')","['冖', '鱼', '小']"
鳕,19,195'.11,codfish,Simplified,"('鱼', '雪')","['鱼', '彐', '雨']"
鱗,23,195.12,fish scales,Traditional,"('魚', '粦')","['舛', '米', '魚']"
鯱,19,195.8,mythical dolphin-like fish,Traditional,"('魚', '虎')","['虍', '几', '魚']"
鲟,14,195'.6,sturgeon,Simplified,"('鱼', '寻')","['鱼', '寸', '彐']"
鰹,22,195.11,"skipjack, bonito",Traditional,"('魚', '堅')","['土', '又', '魚', '臣']"
鰋,20,195.9,sheat,Traditional,"('魚', '匽')","['日', '匚', '魚', '女']"
鯈,17,195.7,freshwater minnow,Traditional,"('攸', '魚')","['人', '丨', '魚', '夂']"
鰌,20,195.9,loach; squid; lizard; eel,Traditional,"('魚', '酋')","['八', '酉', '魚']"
鲰,16,195'.8,small fish; small; minnow,Simplified,"('鱼', '取')","['鱼', '又', '耳']"
鲫,15,195'.7,"Carassius auratus, crucian carp",Simplified,"('鱼', '即')","['丶', '丨', '彐', '卩', '鱼', '乙']"
鮠,17,195.6,a kind of shad with a head like a sturgeon,Traditional,"('魚', '危')","['刀', '魚', '厂', '乙']"
魵,15,195.4,shrimp,Traditional,"('魚', '分')","['刀', '八', '魚']"
鯤,19,195.8,spawn; roe; fry,Traditional,"('魚', '昆')","['日', '比', '魚']"
鳁,17,195'.9,sardine,Simplified,"('鱼', '昷')","['鱼', '皿', '日']"
鲬,15,195'.7,a flathead (fish),Simplified,"('鱼', '甬')","['鱼', '用']"
鲳,16,195'.8,"the silvery pomfret, Stromateoides argenteus",Simplified,"('鱼', '昌')","['鱼', '日']"
鯴,19,195.8,cat fish,Traditional,"('魚', '虱')","['虫', '魚', '乙']"
鲗,14,195'.6,cuttlefish,Simplified,"('鱼', '则')","['鱼', '刀', '贝']"
鯉,18,195.7,carp,Traditional,"('魚', '里')","['里', '魚']"
鰥,21,195.10,huge fish; widower; bachelor,Traditional,"('魚', '眔')","['网', '魚']"
鰷,21,195.11,minnow,Traditional,"('魚', '條')","['人', '魚', '夂', '丨', '十', '小']"
鯡,19,195.8,herring,Traditional,"('魚', '非')","['魚', '非']"
鯽,18,195.7,"Carassius auratus, crucian carp",Traditional,"('魚', '即')","['丶', '魚', '丨', '彐', '卩', '乙']"
鮍,16,195.5,Spanish mackerel,Traditional,"('魚', '皮')","['皮', '魚']"
鲻,16,195'.8,mullet,Simplified,"('鱼', '甾')","['鱼', '川', '田']"
鰓,20,195.9,fish gills,Traditional,"('魚', '思')","['心', '田', '魚']"
魨,15,195.4,"blowfish, globefish, Spheroides vermicular",Traditional,"('魚', '屯')","['屮', '十', '魚', '乙']"
鲂,12,195'.4,bream,Simplified,"('鱼', '方')","['鱼', '方']"
鰣,21,195.10,"Reeves' shad (Tenualosa reevesii); ilish, hilsa shad (Tenualosa ilisha)",Traditional,"('魚', '時')","['日', '土', '寸', '魚']"
鱠,24,195.13,minced fish; hash,Traditional,"('魚', '會')","['人', '八', '魚', '丨', '日', '一', '口']"
鲭,16,195'.8,mackerel,Simplified,"('鱼', '青')","['鱼', '青']"
鲜,14,195'.6,fresh; delicious; attractive,Simplified,"('鱼', '羊')","['鱼', '羊']"
鮦,17,195.6,snakefish,Traditional,"('魚', '同')","['一', '口', '魚', '冂']"
鰆,20,195.9,"Chinese mackerel, Chinese seerfish (Scomberomorus sinensis)",Traditional,"('魚', '春')","['二', '八', '魚', '丨', '日', '一']"
鯔,19,195.8,mullet,Traditional,"('魚', '甾')","['川', '田', '魚']"
魲,15,195.4,fish name,Unknown,"('魚', '戸')","['户', '魚']"
鲕,14,195'.6,roe,Simplified,"('鱼', '而')","['鱼', '而']"
鱖,23,195.12,mandarin fish,Traditional,"('魚', '厥')","['八', '魚', '屮', '厂', '一', '欠']"
魰,15,195.4,the flying-fish,Both,"('魚', '文')","['文', '魚']"
鱻,33,195.22,"fresh, new, delicious; rare, few",Traditional,"('魚', None)",['魚']
鲒,14,195'.6,clam; oyster,Simplified,"('鱼', '吉')","['鱼', '口', '士']"
鯶,20,195.9,grass carp (Ctenopharyngodon idella),Traditional,"('魚', '軍')","['冖', '車', '魚']"
鮌,16,195.5,a legendary giant fish,Traditional,"('魚', '玄')","['玄', '魚']"
鯪,19,195.8,carp,Traditional,"('魚', '夌')","['土', '八', '魚', '夂']"
鲇,13,195'.5,"sheatfish, Parasilurus asotus",Simplified,"('鱼', '占')","['鱼', '卜', '口']"
鳊,17,195'.9,bream,Simplified,"('鱼', '扁')","['鱼', '户', '艸', '冂']"
鲵,16,195'.8,Cryptobranchus japonicus; a salamander,Simplified,"('鱼', '兒')","['鱼', '儿', '臼']"
鯏,18,195.7,dialect name for a (bad tasting) blood clam,Unknown,"('魚', '利')","['禾', '刀', '魚']"
鰠,20,195.9,carp,Traditional,"('魚', '蚤')","['丶', '又', '虫', '魚']"
鰱,21,195.11,"silver carp, Hypophthalmichthys",Traditional,"('魚', '連')","['車', '魚', '辵']"
魷,15,195.4,cuttlefish,Traditional,"('魚', '尤')","['丶', '魚', '尢']"
鰾,22,195.11,swimming bladder of fish,Traditional,"('魚', '票')","['襾', '魚', '示']"
鮉,16,195.5,bream,Unknown,"('魚', '召')","['刀', '魚', '口']"
鳋,17,195'.9,carp,Simplified,"('鱼', '蚤')","['鱼', '丶', '又', '虫']"
鮸,18,195.7,Sciaena albiflora; Otolithoides miiuy,Traditional,"('魚', '免')","['魚', '乙', '刀', '丨', '口']"
鮀,16,195.5,snakefish,Traditional,"('魚', '它')","['宀', '匕', '魚']"
鳢,21,195'.13,snakehead,Simplified,"('鱼', '豊')","['鱼', '二', '凵', '豆']"
鮓,16,195.5,minced and salted fish; to preserve,Traditional,"('魚', '乍')","['丿', '二', '魚', '丨', '一']"
鰩,21,195.10,the nautilus; the ray,Traditional,"('魚', '䍃')","['缶', '魚', '爪']"
鱒,23,195.12,barbel,Traditional,"('魚', '尊')","['八', '寸', '酉', '魚']"
鲹,16,195'.8,a horse mackerel,Simplified,"('鱼', '参')","['鱼', '厶', '大', '彡']"
鯫,19,195.8,small fish; small; minnow,Traditional,"('魚', '取')","['又', '魚', '耳']"
鲡,15,195'.7,eel,Simplified,"('鱼', '丽')","['鱼', '一']"
鮰,17,195.6,a small sturgeon found in the Yangzi; catfish,Traditional,"('魚', '回')","['囗', '魚']"
鱶,25,195.15,a shark,Unknown,"('魚', '養')","['丶', '八', '魚', '羊', '艮']"
鱣,24,195.13,sturgeon,Traditional,"('魚', '亶')","['魚', '囗', '亠', '日', '一']"
鰂,20,195.9,cuttlefish,Traditional,"('魚', '則')","['貝', '刀', '魚']"
鲃,12,195'.4,"a kind of fish; a bonito, (same as 鮁) shark",Simplified,"('鱼', '巴')","['鱼', '丨', '乙']"
鳛,19,195'.11,"the weather or dojo loach, Misgurnus anguillicaudatus",Simplified,"('鱼', '習')","['鱼', '羽', '白']"
鰳,22,195.11,Chinese herring; shad,Traditional,"('魚', '勒')","['魚', '力', '革']"
鯝,19,195.8,fish guts,Traditional,"('魚', '固')","['囗', '十', '魚', '口']"
鰟,21,195.10,several species of small carp,Traditional,"('魚', '旁')","['八', '魚', '冖', '亠', '方']"
鲩,15,195'.7,carp,Simplified,"('鱼', '完')","['鱼', '二', '宀', '儿']"
鲽,17,195'.9,flatfish; flounder; sole,Simplified,"('鱼', '枼')","['鱼', '木', '廾']"
魦,15,195.4,"shark family, including some rays and skates",Traditional,"('魚', '少')","['丿', '魚', '小']"
鲖,14,195'.6,snakefish,Simplified,"('鱼', '同')","['鱼', '一', '口', '冂']"
鳣,21,195'.13,sturgeon,Simplified,"('鱼', '亶')","['日', '囗', '亠', '鱼', '一']"
鳐,18,195'.10,the nautilus; the ray,Simplified,"('鱼', '䍃')","['鱼', '缶', '爪']"
脑,10,130.6,brain,Simplified,"('月', '㐫')","['月', '凵', '亠', '丿']"
臠,25,130.19,small lump of meat; sliced meat,Traditional,"('䜌', '肉')","['肉', '糸', '言']"
脛,11,130.7,shinbone; calf of leg,Traditional,"('月', '巠')","['月', '一', '川', '工']"
胗,9,130.5,gizzard,Both,"('月', '㐱')","['月', '人', '彡']"
胭,10,130.6,"rouge, cosmetics",Both,"('月', '因')","['月', '囗', '大']"
肼,8,130.4,hydrazine,Both,"('月', '井')","['月', '二']"
腹,13,130.9,"stomach, belly, abdomen; inside",Both,"('月', '复')","['丿', '夂', '日', '月', '一']"
脝,11,130.7,distend,Both,"('月', '亨')","['月', '亠', '亅', '口']"
腢,13,130.9,the collar-bone,Both,"('月', '禺')","['二', '禸', '丨', '月', '冂']"
腐,14,130.8,"rot, decay, spoil; rotten",Both,"('府', '肉')","['广', '肉', '寸', '人']"
脘,11,130.7,internal cavity of stomach,Both,"('月', '完')","['月', '二', '宀', '儿']"
胔,12,130.5,rotten meat; bones of dead animals,Both,"('此', '肉')","['止', '肉', '匕']"
胸,10,130.6,"breast, bosom, chest; thorax",Both,"('月', '匈')","['月', '凵', '勹', '丿']"
腰,13,130.9,waist; kidney,Both,"('月', '要')","['月', '襾', '女']"
胱,10,130.6,bladder,Both,"('月', '光')","['月', '一', '小', '儿']"
胖,9,130.5,"fat, obese; fatty",Both,"('月', '半')","['月', '二', '丨', '八']"
能,10,130.6,"to be able; can, permitted to; ability",Both,"('䏍', '比')","['月', '厶']"
胠,9,130.5,open; throw away,Both,"('月', '去')","['月', '土', '厶']"
膩,16,130.12,"greasy, oily, dirty; smooth",Traditional,"('月', '貳')","['月', '二', '弋', '貝']"
膓,15,130.11,intestines; emotions; sausage,Both,"('月', '𥏫*')","['丿', '勹', '日', '月', '一']"
膷,15,130.13,soup,Traditional,"('月', '鄉')","['丿', '丶', '丨', '彐', '阝', '月', '乙']"
胯,10,130.6,pelvis; groin; thighs,Both,"('月', '夸')","['月', '二', '大']"
膚,15,130.11,"skin; superficial, shallow",Traditional,"('虍', '胃')","['虍', '田', '月']"
腺,13,130.9,gland,Both,"('月', '泉')","['月', '白', '水']"
腙,12,130.8,hydrazine; a hydrazone,Both,"('月', '宗')","['月', '宀', '示']"
膲,16,130.12,(medicine) the three divisions of the viscera,Both,"('月', '焦')","['月', '火', '隹']"
肮,8,130.4,dirty,Both,"('月', '亢')","['月', '亠', '几']"
腟,13,130.9,vagina,Unknown,"('月', '室')","['月', '宀', '至']"
胲,10,130.6,hydroxylamine,Both,"('月', '亥')","['月', '人', '亠', '丨']"
背,9,130.5,back; back side; behind; betray,Both,"('北', '月')","['月', '匕']"
膴,16,130.12,fine,Traditional,"('月', '無')","['月', '火']"
胑,9,130.5,the limbs; the upper arm; wings of birds; legs of animals,Both,"('月', '只')","['月', '八', '口']"
脣,11,130.7,lips,Both,"('辰', '月')","['月', '辰']"
胴,10,130.6,the large intestine; the body,Both,"('月', '同')","['月', '一', '口', '冂']"
胰,10,130.6,pancreas; soap,Both,"('月', '夷')","['月', '大', '弓']"
胶,10,130.6,"glue, gum, resin, rubber; sound; shin bone",Simplified,"('月', '交')","['月', '丿', '亠', '八']"
脲,11,130.7,urea,Both,"('月', '尿')","['月', '尸', '水']"
臑,18,130.14,soft,Both,"('月', '需')","['月', '而', '雨']"
膘,15,130.11,fat; rump,Both,"('月', '票')","['月', '襾', '示']"
臏,18,130.14,the kneecap,Traditional,"('月', '賓')","['宀', '丿', '貝', '小', '月', '一']"
膑,14,130.10,the kneecap,Both,"('月', '宾')","['宀', '斤', '八', '月', '一']"
脧,11,130.7,"reduce, contract; exploit; reproductive organ of infant",Both,"('月', '夋')","['厶', '肉', '八', '夂']"
肏,8,130.2,"copulate, expletive (fuck)",Both,"('入', '肉')","['入', '肉']"
腆,12,130.8,prosperous; good; protruding,Both,"('月', '典')","['月', '二', '凵', '八']"
腼,13,130.9,modest,Both,"('月', '面')","['月', '面']"
膊,14,130.10,"shoulders, upper arms",Both,"('月', '尃')","['丶', '寸', '用', '十', '月']"
臟,21,130.18,"internal organs, viscera",Traditional,"('月', '藏')","['厂', '臣', '戈', '月', '爿', '艸']"
胝,9,130.5,"callous, corn",Both,"('月', '氐')","['月', '丶', '氏']"
腧,13,130.9,insertion point in acupuncture; acupoint,Both,"('月', '俞')","['月', '人', '刀', '一']"
膛,15,130.11,"chest; hollow space, cavity",Both,"('月', '堂')","['土', '冖', '小', '月', '口']"
臓,18,130.14,"internal organs, viscera",Unknown,"('月', '蔵')","['厂', '臣', '戈', '月', '艸']"
脤,11,130.7,raw meat for sacrifice,Both,"('月', '辰')","['月', '辰']"
臇,16,130.13,"fat, rich; a stew of fish",Traditional,"('月', '雋')","['月', '隹', '丨']"
脅,10,130.6,ribs; armpits; flank; threaten,Traditional,"('劦', '月')","['月', '力']"
脯,11,130.7,dried meat; preserved fruits,Both,"('月', '甫')","['月', '十', '丶', '用']"
肤,8,130.4,"skin; superficial, shallow",Simplified,"('月', '夫')","['月', '人', '二']"
臃,17,130.13,swell up; swelling; fat,Both,"('月', '雍')","['月', '丿', '亠', '隹']"
膨,16,130.12,"to swell; swollen, bloated, inflated",Both,"('月', '彭')","['月', '十', '豆', '彡']"
脁,10,130.6,to offer flesh in sacrifice,Both,"('月', '兆')","['冫', '肉', '儿']"
胮,10,130.6,to swell,Both,"('月', '夅')","['月', '十', '丨', '夂']"
肸,8,130.4,spread out; smiling or laughing,Both,"('月', '八十')","['月', '十', '八']"
肳,8,130.4,"the corners of the mouth, the lips",Both,"('月', '勿')","['月', '勹']"
脵,11,130.7,"thighs, haunches, rump; share",Unknown,"('月', '吴')","['月', '一', '大', '口']"
臜,20,130.16,dirty; filthy,Simplified,"('月', '赞')","['月', '贝', '牛', '儿']"
肦,8,130.4,"large head; many; high; to divide, to distribute",Both,"('月', '分')","['刀', '肉', '八']"
胂,9,130.5,arsine; chiropractic,Both,"('月', '申')","['月', '丨', '日']"
腓,12,130.8,calf; avoid; be ill; wither,Both,"('月', '非')","['月', '非']"
胊,9,130.5,yoke,Both,"('月', '句')","['勹', '肉', '口']"
腸,13,130.9,intestines; emotions; sausage,Traditional,"('月', '昜')","['月', '一', '勹', '日']"
臁,17,130.13,calf of the leg,Unknown,"('月', '廉')","['八', '广', '彐', '月', '一']"
臞,22,130.18,"thin, wasted",Both,"('月', '瞿')","['月', '目', '隹']"
膻,17,130.13,a rank odor; a technical term from Chinese medicine for the center of the chest,Both,"('月', '亶')","['日', '囗', '亠', '月', '一']"
肿,8,130.4,swell; swollen; swelling,Simplified,"('月', '中')","['月', '丨', '口']"
腶,13,130.9,meat,Both,"('月', '段')","['月', '丨', '殳']"
膾,17,130.13,minced meat or fish,Traditional,"('月', '會')","['人', '八', '丨', '日', '月', '一', '口']"
肝,7,130.3,liver,Both,"('月', '干')","['月', '干']"
腳,13,130.9,"foot; base, leg, foundation",Traditional,"('月', '卻')","['月', '谷', '卩']"
腊,12,130.8,year-end sacrifice; dried meat,Both,"('月', '昔')","['月', '一', '艸', '日']"
腁,12,130.8,callus,Both,"('月', '幷')","['月', '干']"
臍,18,130.14,abdominal area of crab; navel,Traditional,"('月', '齊')","['月', '齊']"
膞,15,130.11,gizzard,Traditional,"('月', '專')","['丨', '寸', '日', '十', '月']"
膽,17,130.13,"gall bladder; bravery, courage",Traditional,"('月', '詹')","['八', '刀', '厂', '言', '月']"
肥,8,130.4,"fat, plump, obese; fertile",Both,"('月', '巴')","['月', '丨', '乙']"
腎,12,130.8,"kidneys; testes, gizzard",Traditional,"('臤', '月')","['月', '又', '臣']"
胫,9,130.5,shinbone; calf of leg,Simplified,"('月', '𢀖')","['月', '工']"
肙,7,130.3,a small worm; to twist; to surround; empty,Both,"('口', '月')","['月', '口']"
膂,14,130.10,"backbone, spinal column",Both,"('旅', '月')","['一', '丿', '月', '方']"
胺,10,130.6,amine,Both,"('月', '安')","['月', '宀', '女']"
肚,7,130.3,belly; abdomen; bowels,Both,"('月', '土')","['月', '土']"
胷,10,130.6,"breast, chest, thorax; clamor",Both,"('匈', '月')","['勹', '凵', '月', '丿']"
育,8,130.4,"produce, give birth to; educate",Both,"('亠厶', '月')","['月', '厶', '亠']"
胳,10,130.6,"armpit, arms",Both,"('月', '各')","['月', '口', '夂']"
脆,10,130.6,"crisp; fragile, frail; brittle",Both,"('月', '危')","['月', '刀', '厂', '乙']"
膪,16,130.12,pork,Both,"('月', '啻')","['八', '巾', '冖', '亠', '月', '口']"
腘,12,130.8,hollow,Simplified,"('月', '国')","['月', '囗', '玉']"
膵,15,130.12,pancreas,Both,"('月', '萃')","['人', '十', '亠', '月', '艸']"
胞,9,130.5,"womb, placenta, fetal membrane",Both,"('月', '包')","['月', '勹', '己']"
胛,9,130.5,"the shoulder, shoulder blade",Both,"('月', '甲')","['月', '二', '丨', '冂']"
肷,8,130.4,area between waist and hips,Unknown,"('月', '欠')","['月', '欠']"
膃,14,130.10,fat,Traditional,"('月', '𥁕')","['月', '囗', '皿', '人']"
腔,12,130.8,chest cavity; hollow in body,Both,"('月', '空')","['月', '穴', '工']"
脖,11,130.7,neck,Both,"('月', '孛')","['月', '十', '冖', '子']"
肠,7,130.3,intestines; emotions; sausage,Simplified,"('月', '𠃓')",['月']
脐,10,130.6,abdominal area of crab; navel,Simplified,"('月', '齐')","['月', '齐']"
肌,6,130.2,muscle tissue; meat on bones,Both,"('月', '几')","['月', '几']"
脇,10,130.6,"ribs, armpits; flank; threaten",Both,"('月', '劦')","['月', '力']"
膜,14,130.11,membrane; to kneel and worship,Both,"('月', '莫')","['月', '大', '艸', '日']"
肎,6,130.2,"willing; consent to, permit",Both,"('冖', '月')","['冖', '月']"
肜,7,130.3,to sacrifice on two successive days,Both,"('月', '彡')","['月', '彡']"
膟,15,130.11,fat,Both,"('月', '率')","['幺', '十', '亠', '冫', '月']"
肛,7,130.3,anus,Both,"('月', '工')","['月', '工']"
胈,9,130.5,hair on the thigh,Both,"('月', '犮')","['丿', '丶', '又', '月', '一']"
膈,14,130.10,diaphragm,Both,"('月', '鬲')","['月', '鬲']"
肓,7,130.3,region between heart and diaphragm,Both,"('亡', '月')","['月', '丶', '匸']"
肺,8,130.4,lungs,Both,"('月', '巿')","['月', '十', '巾']"
腕,12,130.8,wrist,Both,"('月', '宛')","['月', '宀', '乙', '夕']"
膕,15,130.11,hollow,Traditional,"('月', '國')","['囗', '戈', '月', '一', '口']"
脡,10,130.7,"strips of dried meat, jerky; stiff and straight",Both,"('月', '廷')","['月', '廴', '士']"
肕,7,130.3,"tough, strong, hard",Both,"('月', '刃')","['月', '刀', '丶']"
膙,16,130.11,callous skin on the feet,Both,"('月', '强')","['月', '虫', '弓', '口']"
腻,13,130.9,"greasy, oily, dirty; smooth",Simplified,"('月', '贰')","['月', '二', '弋', '贝']"
胏,8,130.5,meat,Both,"('月', '𠂔')","['月', '丨']"
脚,11,130.7,"leg, foot; base, leg, foundation",Both,"('月', '却')","['月', '土', '厶', '卩']"
臆,17,130.13,"chest, breast, bosom; thought",Both,"('月', '意')","['月', '心', '音']"
膺,17,130.13,"breast, chest; undertake, bear",Both,"('䧹', '月')","['月', '广', '隹', '人']"
腜,13,130.9,quickening of the foetus,Both,"('月', '某')","['月', '甘', '木']"
膠,15,130.11,"glue, gum, resin, rubber",Traditional,"('月', '翏')","['月', '人', '羽', '彡']"
膌,14,130.10,to become emaciated,Both,"('月', '脊')","['月', '人', '冫']"
腭,13,130.9,"palate, roof of mouth",Both,"('月', '咢')","['月', '二', '口']"
膇,13,130.10,swell,Unknown,"('月', '追')","['月', '丶', '己', '辵']"
脰,11,130.7,the neck,Both,"('月', '豆')","['月', '豆']"
肽,8,130.4,peptide,Both,"('月', '太')","['月', '丶', '大']"
腯,13,130.9,strong,Both,"('月', '盾')","['月', '十', '目', '⺁']"
胦,9,130.5,the navel,Both,"('月', '央')","['月', '大', '冂']"
脱,11,130.7,take off,Simplified,"('月', '兌')","['月', '八', '口', '儿']"
脉,9,130.5,"blood vessels, veins, arteries",Both,"('月', '永')","['月', '丶']"
胆,9,130.5,"gall bladder; bravery, courage",Both,"('月', '旦')","['月', '一', '日']"
胥,9,130.5,"all, together, mutually",Both,"('疋', '月')","['月', '疋']"
脞,11,130.7,minced meat; trifles,Both,"('月', '坐')","['月', '土', '人']"
臌,17,130.13,"swelling from dropsy; tympanites, swelling of the stomach; puffy, bloated",Both,"('月', '鼓')","['月', '鼓']"
膝,15,130.11,knee,Both,"('月', '桼')","['月', '人', '木', '水']"
臝,21,130.17,be bare; nude,Both,"('𣎆', '果')","['丶', '匸', '木', '田', '月', '几', '口']"
脈,10,130.6,"blood vessels, veins, arteries",Traditional,"('月', '辰?')","['月', '⺁']"
膗,15,130.11,ugly and fat; too fat to move,Both,"('月', '崔')","['月', '隹', '山']"
膀,14,130.10,upper arm; shoulder; wing,Both,"('月', '旁')","['八', '冖', '亠', '方', '月']"
肭,8,130.4,fat; seal,Both,"('月', '內')","['月', '人', '冂']"
胼,10,130.6,"callus, calluses",Both,"('月', '并')","['月', '一', '廾', '八']"
脹,12,130.8,"swell, inflate, expand",Traditional,"('月', '長')","['月', '長']"
胾,12,130.6,minced meat; to cut meat into pieces,Both,"('𢦏', '肉')","['土', '戈', '肉']"
肟,7,130.3,an organic compound,Both,"('月', '亏')","['月', '二']"
胃,9,130.5,"stomach; gizzard of fowl; 17th lunar mansion, determinative star 35 Arietis",Both,"('田', '月')","['月', '田']"
脊,10,130.6,"spine, backbone; ridge",Both,"('兆', '月')","['月', '人', '冫']"
胚,9,130.5,embryo; unfinished things,Both,"('月', '丕')","['月', '一', '卜', '丿']"
脪,11,130.7,erysipelas; sloughing of an ulcer,Both,"('月', '希')","['月', '丿', '一', '巾']"
脂,10,130.6,"fat, grease, lard; grease",Both,"('月', '旨')","['月', '匕', '日']"
脒,10,130.6,amidine,Both,"('月', '米')","['月', '米']"
脗,11,130.7,"coinciding, agreeing",Unknown,"('月', '𠯳')","['月', '勹', '口']"
臉,17,130.13,face; cheek; reputation,Traditional,"('月', '僉')","['月', '人', '一']"
股,8,130.4,"thighs, haunches, rump; share",Both,"('月', '殳')","['月', '殳']"
肪,8,130.4,animal fat,Both,"('月', '方')","['月', '方']"
胙,9,130.5,meat offered in sacrifice to one's ancestors,Both,"('月', '乍')","['丿', '二', '丨', '月', '一']"
肘,7,130.3,the elbow; help a person shoulder a load,Both,"('月', '寸')","['月', '寸']"
膏,14,130.10,"grease, fat; paste, ointment",Both,"('高', '月')","['冖', '亠', '月', '口']"
肫,8,130.4,"the gizzard of a fowl; honest, sincere",Both,"('月', '屯')","['月', '十', '屮', '乙']"
膳,16,130.12,"meals, provisions, board",Both,"('月', '善')","['八', '羊', '月', '一', '口']"
胀,8,130.4,"swell, inflate, expand",Simplified,"('月', '长')","['月', '长']"
臘,19,130.15,year-end sacrifice; dried meat,Traditional,"('月', '巤')","['丿', '囗', '川', '冫', '月']"
胓,9,130.5,fat,Both,"('月', '平')","['月', '干', '八']"
肖,7,130.3,"look like, resemble, be like",Both,"('小', '月')","['月', '小']"
脢,11,130.7,flesh,Both,"('月', '每')","['月', '丿', '毋', '一']"
臕,19,130.15,"fat; gross, sleek",Both,"('月', '麃')","['月', '鹿', '火']"
腠,13,130.9,the tissue between the skin and the flesh,Both,"('月', '奏')","['二', '八', '丨', '大', '月', '一']"
腈,12,130.8,nitrile,Both,"('月', '青')","['月', '青']"
膣,15,130.11,vagina,Both,"('月', '窒')","['月', '穴', '至']"
膦,16,130.12,organophosphine,Both,"('月', '粦')","['月', '舛', '米']"
胨,9,130.5,a kind of protein,Simplified,"('月', '东')","['月', '一', '小', '乙']"
腴,12,130.9,"fat; fertile, rich; plump, soft",Both,"('月', '臾')","['月', '人', '臼']"
臙,20,130.16,"rouge, cosmetics",Both,"('月', '燕')","['火', '匕', '廾', '月', '口']"
膰,16,130.12,to cook meat for a sacrifice or offering,Both,"('月', '番')","['月', '田', '釆']"
膆,14,130.10,the crop of a bird or fowl; fat,Both,"('月', '素')","['月', '土', '糸', '一']"
腉,12,130.8,"nipple, pap",Unknown,"('月', '兒')","['月', '儿', '臼']"
肵,8,130.4,table,Unknown,"('月', '斤')","['月', '斤']"
肨,8,130.4,"to swell; fat, swollen",Both,"('月', '丰')","['月', '一', '丨', '二']"
腱,12,130.9,tendons,Both,"('月', '建')","['月', '聿', '廴']"
肧,8,130.4,embryo; unfinished things,Both,"('月', '不')","['月', '一', '卜', '丿']"
脍,10,130.6,minced meat or fish,Both,"('月', '会')","['月', '人', '厶', '二']"
臚,20,130.16,arrange in order; display,Traditional,"('月', '盧')","['月', '虍', '田', '皿']"
腽,13,130.9,fat,Simplified,"('月', '昷')","['月', '皿', '日']"
臀,17,130.13,buttocks,Both,"('殿', '月')","['八', '尸', '月', '一', '艸', '殳']"
肬,8,130.4,wart; tumor; goiter; papule,Both,"('月', '尤')","['月', '丶', '尢']"
脎,10,130.6,osazone,Both,"('月', '杀')","['月', '十', '小', '丿']"
臂,17,130.13,arm,Both,"('辟', '月')","['月', '尸', '辛', '口']"
腾,13,130.9,fly; gallop; run; prance; rise,Simplified,"('月', '駦')","['二', '八', '丨', '马', '月']"
膋,14,130.10,fat,Both,"('炏', '月')","['冖', '火', '月']"
脦,11,130.7,slovenly,Both,"('月', '忒')","['月', '弋', '心']"
脔,12,130.6,small lump of meat; sliced meat,Both,"('亦', '肉')","['八', '丨', '肉', '亠', '亅']"
腦,13,130.9,brain,Traditional,"('月', '𡿺')","['丿', '丶', '囗', '川', '月']"
腥,13,130.9,"raw meat; rank, strong-smelling",Both,"('月', '星')","['月', '生', '日']"
肯,8,130.4,"willing; consent to, permit",Both,"('止', '月')","['月', '止']"
腒,12,130.8,game,Both,"('月', '居')","['月', '十', '尸', '口']"
脓,10,130.6,pus,Simplified,"('月', '农')","['月', '巾']"
脶,11,130.7,lines,Simplified,"('月', '呙')","['月', '人', '冂', '口']"
臢,23,130.19,dirty; filthy,Traditional,"('月', '贊')","['月', '貝', '牛', '儿']"
臐,18,130.14,broth,Both,"('月', '熏')","['土', '火', '八', '丨', '十', '月', '口']"
腿,13,130.10,"legs, thighs",Both,"('月', '退')","['月', '艮', '辵']"
肱,8,130.4,forearm,Both,"('月', '厷')","['月', '厶', '一', '丿']"
肴,8,130.4,cooked or prepared meat,Both,"('乂', '有')","['月', '丿', '一']"
腑,12,130.8,"bowels, entrails, internal organs",Both,"('月', '府')","['月', '广', '寸', '人']"
胩,9,130.5,carbamine; isocyanide,Both,"('月', '卡')","['月', '一', '卜']"
肋,6,130.2,ribs; chest,Both,"('月', '力')","['月', '力']"
腋,12,130.8,armpit,Both,"('月', '夜')","['人', '丶', '夂', '亠', '月']"
胡,9,130.5,"recklessly, foolishly; wildly",Both,"('古', '月')","['月', '十', '口']"
腮,13,130.9,lower part of face; jaw; gills of a fish,Both,"('月', '思')","['月', '田', '心']"
膿,17,130.13,pus,Traditional,"('月', '農')","['月', '二', '凵', '辰']"
膫,16,130.12,the fat covering the intestines; the omentum,Both,"('月', '尞')","['八', '大', '日', '小', '月']"
腚,12,130.8,buttock,Both,"('月', '定')","['月', '一', '宀', '止']"
腫,13,130.9,swell; swollen; swelling,Traditional,"('月', '重')","['月', '十', '里']"
臈,16,130.13,year end sacrifice; dried meat,Both,"('月', '葛')","['人', '勹', '月', '曰', '艸']"
腡,12,130.9,lines,Traditional,"('月', '咼')","['月', '口', '冂']"
肢,8,130.4,human limbs; animal feet,Both,"('月', '支')","['月', '支']"
臄,17,130.13,palate,Both,"('月', '豦')","['月', '虍', '豕']"
肐,7,130.3,"armpit, arms",Both,"('月', '乞')","['月', '丿', '一', '乙']"
胜,9,130.5,"victory; excel, be better than",Both,"('月', '生')","['月', '生']"
脬,11,130.7,a bladder,Both,"('月', '孚')","['月', '子', '爪']"
臛,20,130.16,broth,Both,"('月', '霍')","['月', '隹', '雨']"
脸,11,130.7,face; cheek; reputation,Simplified,"('月', '佥')","['月', '人', '一', '小']"
肾,8,130.4,"kidneys; testes, gizzard",Simplified,"('収', '月')","['又', '丨', '月']"
脺,12,130.8,pancreas,Both,"('月', '卒')","['月', '十', '亠', '人']"
脏,10,130.6,"internal organs, viscera; dirty",Simplified,"('月', '庄')","['月', '广', '土']"
腌,12,130.8,"salt, pickle; be dirty",Both,"('月', '奄')","['丨', '大', '日', '月', '乙']"
胁,8,130.4,"ribs, armpits; flank; threaten",Simplified,"('月', '办')","['月', '八', '力']"
脃,10,130.6,gland,Both,"('月', '色')","['月', '色']"
脾,12,130.8,"spleen, pancreas; disposition",Both,"('月', '卑')","['二', '丶', '丨', '十', '月', '冂']"
脩,10,130.7,dried meat (used as teachers payment in ancient times),Traditional,"('攸', '月')","['月', '人', '丨', '夂']"
胪,9,130.5,arrange in order; display,Simplified,"('月', '卢')","['月', '尸', '卜']"
胤,9,130.5,"heir, successor; progeny, posterity",Both,"('幺?儿', '月')","['幺', '月', '儿']"
肩,8,130.4,shoulders; to shoulder; bear,Both,"('戸', '月')","['月', '户']"
胍,9,130.5,guanidine,Both,"('月', '瓜')","['月', '瓜']"
臊,17,130.13,"rancid; rank, fetid; bashful",Both,"('月', '喿')","['月', '木', '口']"
胄,9,130.5,"helmet, headpiece; descendant",Both,"('由', '月')","['月', '二', '丨', '凵']"
胬,11,130.5,a disease's name in Chinese medicine,Both,"('奴', '肉')","['女', '又', '肉']"
胧,9,130.5,condition or appearance of moon,Simplified,"('月', '龙')","['月', '龙']"
腍,12,130.8,soft,Both,"('月', '念')","['月', '人', '丶', '心']"
膄,13,130.10,to become emaciated,Unknown,"('月', '叟')","['月', '丨', '又', '臼']"
胎,9,130.5,"unborn child, embryo, fetus",Both,"('月', '台')","['月', '厶', '口']"
胹,10,130.6,cooked; well-done,Both,"('月', '而')","['月', '而']"
脫,11,130.7,"take off, peel off, strip",Traditional,"('月', '兌')","['月', '八', '口', '儿']"
脳,11,130.7,brain,Unknown,"('月', '川凶')","['月', '凵', '小', '丿']"
腖,12,130.8,peptone,Traditional,"('月', '東')","['月', '木', '日']"
璫,17,96.13,"pendant ornaments, earrings",Traditional,"('王', '當')","['冖', '田', '小', '玉', '口']"
珈,9,96.5,an ornament attached to a woman's hairpin,Both,"('王', '加')","['口', '玉', '力']"
瑲,14,96.10,tinkling sound tinkling of pendant gems,Traditional,"('王', '倉')","['人', '丶', '丨', '彐', '玉', '口']"
珦,10,96.6,a kind of jade,Both,"('王', '向')","['宀', '玉', '口']"
瓖,21,96.17,inlay,Both,"('王', '襄')","['二', '衣', '一', '玉', '口']"
琅,11,96.7,a variety of white carnelian; pure,Both,"('王', '良')","['艮', '丶', '玉']"
瑰,13,96.10,"extraordinary, fabulous; rose",Both,"('王', '鬼')","['玉', '鬼']"
璅,15,96.11,gem,Both,"('王', '巢')","['玉', '田', '木', '川']"
瑄,13,96.9,an ornamental piece of jade several inches across with a hole in the center,Both,"('王', '宣')","['宀', '一', '玉', '日']"
瑕,13,96.9,"flaw in gem; fault, defect",Both,"('王', '叚')","['又', '二', '玉', '尸']"
琥,12,96.8,jewel in shape of tiger; amber,Both,"('王', '虎')","['虍', '几', '玉']"
琏,11,96.7,vessel used to hold grain offerings,Simplified,"('王', '连')","['车', '玉', '辵']"
环,8,96.4,jade ring or bracelet; ring,Both,"('王', '不')","['丿', '一', '玉', '卜']"
玷,9,96.5,flaw in gem; flaw in character,Both,"('王', '占')","['玉', '卜', '口']"
玚,7,96.3,a kind of jade,Simplified,"('王', '𠃓')",['玉']
珺,11,96.7,beautiful jade,Both,"('王', '君')","['玉', '丨', '彐', '口']"
玭,8,96.4,a pearl,Both,"('王', '比')","['比', '玉']"
琯,12,96.8,a jade tube used as an instrument,Both,"('王', '官')","['宀', '玉', '己']"
瑿,16,96.11,a black stone like jade; jet,Both,"('殹', '玉')","['匚', '玉', '殳', '矢']"
珉,9,96.5,stone resembling jade,Both,"('王', '民')","['一', '玉', '己']"
琇,11,96.7,coarse variety of jasper or jade,Both,"('王', '秀')","['禾', '丿', '玉']"
珙,10,96.6,precious stone; county in Sichuan,Both,"('王', '共')","['一', '玉', '八', '艸']"
璿,18,96.14,fine jade,Both,"('王', '睿')","['人', '八', '卜', '冖', '目', '一', '玉']"
玔,7,96.3,green jade,Unknown,"('王', '川')","['川', '玉']"
璸,18,96.14,jade's streaks,Traditional,"('王', '賓')","['丿', '貝', '小', '宀', '一', '玉']"
琛,12,96.8,"treasure, valuables",Both,"('王', '罙')","['玉', '木', '网']"
瑟,13,96.9,"large stringed musical instrument; dignified, massive; sound of wind",Both,"('王', '必')","['心', '丿', '王']"
玖,7,96.3,black-colored jade,Both,"('王', '久')","['勹', '玉']"
璟,16,96.12,luster of gem,Both,"('王', '景')","['亠', '小', '日', '玉', '口']"
瓈,19,96.15,glass,Both,"('王', '黎')","['人', '水', '勹', '禾', '玉']"
瑣,14,96.10,"fragments; trifling, petty; troublesome",Traditional,"('王', '𧴪')","['貝', '玉', '小']"
珞,10,96.6,kind of necklace,Both,"('王', '各')","['口', '玉', '夂']"
璡,15,96.12,a stone that looks like jade,Traditional,"('王', '進')","['隹', '玉', '辵']"
琁,11,96.7,beautiful jade; star,Both,"('王', '人*疋')","['一', '丿', '疋', '玉']"
璩,17,96.13,jade ring; earrings; surname,Both,"('王', '豦')","['虍', '玉', '豕']"
琢,12,96.8,polish jade; cut jade,Both,"('王', '豕')","['勹', '一', '丶', '玉']"
琪,12,96.8,type of jade,Both,"('王', '其')","['一', '甘', '玉', '八']"
琄,11,96.7,"scabbard; traces, reins",Both,"('王', '肙')","['月', '玉', '口']"
瑢,14,96.10,gem ornaments for belts,Both,"('王', '容')","['宀', '玉', '谷']"
璪,17,96.13,pearl pendants on coronet,Both,"('王', '喿')","['玉', '木', '口']"
琲,12,96.8,necklace,Both,"('王', '非')","['玉', '非']"
珌,9,96.5,ornament,Both,"('王', '必')","['心', '丿', '玉']"
琨,12,96.8,"beautiful jade, precious stones",Both,"('王', '昆')","['日', '玉', '比']"
璋,15,96.11,jade plaything; jade ornament,Both,"('王', '章')","['日', '十', '玉', '立']"
琚,12,96.8,girdle ornaments,Both,"('王', '居')","['十', '玉', '尸', '口']"
珩,10,96.6,the top gem of a pendant,Both,"('王', '行')","['玉', '行']"
珲,10,96.6,"bright, glorious, splendid",Simplified,"('王', '军')","['冖', '车', '玉']"
瑀,13,96.9,stone resembling jade; agate,Both,"('王', '禹')","['玉', '虫', '冂']"
珂,9,96.5,inferior kind of jade,Both,"('王', '可')","['一', '口', '玉', '亅']"
璣,16,96.12,pearl that is not quite round,Traditional,"('王', '幾')","['幺', '人', '玉', '戈']"
珍,9,96.5,"precious, valuable, rare",Both,"('王', '㐱')","['人', '玉', '彡']"
现,8,96.4,"appear, manifest, become visible",Simplified,"('王', '见')","['玉', '见']"
瑷,14,96.10,fine quality jade,Simplified,"('王', '爱')","['丿', '又', '爪', '冖', '一', '玉']"
璉,14,96.11,a vessel used hold grain offerings,Traditional,"('王', '連')","['車', '玉', '辵']"
瓌,20,96.16,"extraordinary, fabulous",Unknown,"('王', '褱')","['衣', '玉', '水', '网']"
璨,17,96.13,gems; luster of gems; lustrous,Both,"('王', '粲')","['歹', '玉', '又', '米']"
璥,16,96.13,a kind of jade,Both,"('王', '敬')","['口', '勹', '玉', '艸', '攴']"
璜,15,96.12,a semicircular jade ornament used as a pendant,Both,"('王', '黄')","['二', '凵', '八', '丨', '一', '玉', '艸']"
珷,12,96.8,an inferior gem,Both,"('王', '武')","['一', '弋', '玉', '止']"
璠,16,96.12,a piece of precious jade,Both,"('王', '番')","['玉', '田', '釆']"
琖,12,96.8,carved jade wine cup,Traditional,"('王', '戔')","['玉', '戈']"
玩,8,96.4,"play with, joke, enjoy",Simplified,"('王', '元')","['二', '玉', '儿']"
璊,15,96.11,reddish,Traditional,"('王', '㒼')","['入', '玉', '廾', '巾']"
玓,7,96.3,pearly,Both,"('王', '勺')","['勹', '丶', '玉']"
班,10,96.6,"class, group, grade; squad; job",Both,"('王', '刂')","['丿', '丶', '王']"
瑊,13,96.9,a kind of jade-like stone,Both,"('王', '咸')","['厂', '戈', '一', '玉', '口']"
珱,10,96.6,a necklace made of precious stones,Unknown,"('王', '小女')","['女', '玉', '小']"
璁,15,96.11,turquoise,Both,"('王', '悤')","['心', '丶', '夂', '囗', '玉']"
玢,8,96.4,(archaic) a kind of jade,Both,"('王', '分')","['刀', '玉', '八']"
瑸,14,96.10,jade's streaks,Simplified,"('王', '宾')","['斤', '八', '宀', '一', '玉']"
王,4,96.-1,"king, ruler; royal; surname",Both,"('王', None)",['玉']
玡,8,96.4,name of a mountain in Shandong,Both,"('王', '牙')","['玉', '牙']"
玤,8,96.4,a kind of gem inferior to jade,Both,"('王', '丰')","['一', '玉', '丨', '二']"
璽,19,96.14,"imperial signet, royal signet",Traditional,"('爾', '玉')","['八', '巾', '丨', '爻', '一', '玉']"
玑,6,96.2,pearl that is not quite round,Simplified,"('王', '几')","['几', '玉']"
璗,17,96.12,yellow gold,Traditional,"('湯', '玉')","['水', '勹', '日', '一', '玉']"
玳,9,96.5,tortoise shell,Both,"('王', '代')","['人', '弋', '玉']"
瑽,15,96.11,tinkling of jade pendants,Traditional,"('王', '從')","['人', '玉', '彳', '止']"
玘,7,96.3,court-dress jewels,Both,"('王', '己')","['玉', '己']"
珤,10,96.6,"treasure, jewel; precious, rare",Unknown,"('王', '缶')","['缶', '玉']"
璯,17,96.13,"(simplified form of 璯) jade decorated cap, used in person's name",Traditional,"('王', '會')","['人', '八', '丨', '日', '一', '玉', '口']"
玎,6,96.2,"jingling, tinkling",Both,"('王', '丁')","['一', '玉', '亅']"
珡,10,96.6,(variant of 琴) guqin or zither,Unknown,"('王', '人')","['人', '王']"
琫,12,96.8,ornament,Both,"('王', '奉')","['二', '八', '丨', '一', '玉']"
玕,7,96.3,inferior variety of gem,Both,"('王', '干')","['干', '玉']"
瑋,13,96.9,"type of jade; rare, valuable",Traditional,"('王', '韋')","['玉', '韋']"
琉,11,96.6 96.7,"sparkling stone; glazed, opaque",Both,"('王', '㐬')","['厶', '丨', '亠', '儿', '玉']"
珊,9,96.5,coral,Both,"('王', '冊')","['一', '玉', '冂']"
珀,9,96.5,amber,Both,"('王', '白')","['玉', '白']"
瑑,13,96.9,"carve, engrave, cut out, sculpt",Both,"('王', '彖')","['勹', '玉', '彐']"
瑚,13,96.9,coral; person of virtue,Both,"('王', '胡')","['月', '十', '玉', '口']"
瑙,13,96.9,agate; cornelian,Traditional,"('王', '𡿺')","['丿', '丶', '囗', '川', '玉']"
玟,8,96.4,streaks in jade; gem,Both,"('王', '文')","['文', '玉']"
琱,12,96.8,"engrave, inlay, carve; exhaust",Traditional,"('王', '周')","['玉', '田', '口']"
瑨,14,96.10,jade look alike stone,Both,"('王', '晉')","['日', '一', '玉', '八']"
瓘,21,96.18,jade,Both,"('王', '雚')","['隹', '玉', '艸', '口']"
琳,12,96.8,"beautiful jade, gem",Both,"('王', '林')","['玉', '木']"
瑯,12,96.10,kind of white cornelian,Both,"('王', '郎')","['丶', '丨', '彐', '阝', '玉', '乙']"
琺,12,96.8,"enamel, cloisonné",Traditional,"('王', '法')","['土', '玉', '水', '厶']"
瓛,24,96.20,sceptre,Traditional,"('王', '獻')","['虍', '玉', '鬲', '犬']"
玠,8,96.4,large jade tablet used by officials at court to indicate their ranks,Both,"('王', '介')","['人', '玉']"
瑳,13,96.10,"luster of gem; lustrous, bright",Both,"('王', '差')","['羊', '玉', '工']"
琴,12,96.8,Chinese lute or guitar,Both,"('王', '今')","['人', '丶', '王']"
璚,16,96.12,splendid,Both,"('王', '矞')","['八', '冂', '玉', '矛', '口']"
珽,10,96.7,jade tablet,Both,"('王', '廷')","['玉', '廴', '士']"
玧,8,96.4,reddish,Both,"('王', '允')","['厶', '玉', '儿']"
現,11,96.7,"appear, manifest, become visible",Traditional,"('王', '見')","['玉', '見']"
璎,15,96.11,a necklace made of precious stones,Simplified,"('王', '婴')","['女', '玉']"
珣,10,96.6,name of a kind of jade,Both,"('王', '旬')","['勹', '玉', '日']"
璂,15,96.11,jade ornament,Both,"('王', '基')","['土', '玉', '八', '一', '甘']"
琤,10,96.8,jade of jade being; tinkle,Both,"('王', '爭')","['玉', '刀', '亅', '彐']"
珧,10,96.6,mother-of-pearl,Both,"('王', '兆')","['冫', '玉', '儿']"
珰,10,96.6,"pendant ornaments, earrings",Simplified,"('王', '当')","['小', '玉', '彐']"
瓀,18,96.14,gem,Both,"('王', '需')","['而', '玉', '雨']"
珐,9,96.5,"enamel, cloisonné",Both,"('王', '去')","['土', '玉', '厶']"
瓒,20,96.16,ceremonial libation cup,Simplified,"('王', '赞')","['玉', '贝', '牛', '儿']"
瑾,15,96.11,brilliance of gems; fine jade,Both,"('王', '堇')","['玉', '丨', '廾', '口']"
珑,9,96.5,a gem cut like dragon,Simplified,"('王', '龙')","['玉', '龙']"
璺,20,96.14,"a crack, as in porcelain",Both,"('臼同', '玉')","['冖', '冂', '臼', '一', '玉', '口']"
琵,12,96.8,guitar-like instrument,Both,"('王', '比')","['比', '王']"
珹,10,96.7,type of jade; pearl,Both,"('王', '成')","['丿', '一', '玉', '戈']"
瑇,13,96.9,tortoise shell,Both,"('王', '毒')","['一', '土', '玉', '毋']"
玛,7,96.3,agate; cornelian,Simplified,"('王', '马')","['马', '玉']"
琮,12,96.8,octagonal piece of jade with hole in middle,Both,"('王', '宗')","['宀', '玉', '示']"
玞,8,96.4,an inferior agate,Both,"('王', '夫')","['人', '玉', '二']"
瑜,13,96.9,flawless gem or jewel,Both,"('王', '兪')","['人', '刀', '月', '一', '玉']"
珎,9,96.5,"precious, valuable, rare",Both,"('王', '尔')","['玉', '刀', '小']"
玲,9,96.5,tinkling of jade,Both,"('王', '令')","['人', '丶', '玉']"
瑱,14,96.10,a gem used as ear plug; a jade earring,Both,"('王', '真')","['八', '十', '目', '一', '玉']"
琰,12,96.8,"jewel, gem; glitter of gems",Both,"('王', '炎')","['火', '玉']"
琀,11,96.7,gems of pearls formerly put into the mouth of a corpse,Both,"('王', '含')","['人', '丶', '玉', '口']"
璵,17,96.14,beautiful jade,Traditional,"('王', '與')","['八', '丨', '臼', '一', '玉']"
玼,10,96.5,beautiful color of gem; flaw in,Both,"('王', '此')","['止', '玉', '匕']"
琠,12,96.8,a gem used as ear plug; a jade earring,Unknown,"('王', '典')","['二', '玉', '凵', '八']"
球,11,96.7,"ball, sphere, globe; round",Both,"('王', '求')","['丿', '丶', '水', '一', '玉']"
珖,10,96.6,carat,Both,"('王', '光')","['一', '玉', '小', '儿']"
璃,14,96.11,glass,Both,"('王', '离')","['丿', '凵', '禸', '亠', '玉']"
玮,8,96.4,"type of jade; rare, valuable",Simplified,"('王', '韦')","['玉', '韦']"
玥,8,96.4,mysterious gem; pearl,Both,"('王', '月')","['月', '玉']"
玉,5,96.0,"jade, precious stone, gem",Both,"('王', '丶')",['玉']
瑭,14,96.10,a kind of jade,Both,"('王', '唐')","['广', '玉', '聿', '口']"
瑩,15,96.10,"lustre of gems; bright, lustrous",Traditional,"('炏', '玉')","['冖', '火', '玉']"
瑠,14,96.10,precious stone,Both,"('王', '留')","['玉', '田', '卩']"
琐,11,96.7,"trifling, petty; troublesome",Simplified,"('王', '?贝')","['玉', '贝', '小']"
玨,8,96.4,two pieces of jade joined together,Traditional,"('王', None)",['王']
瑪,14,96.10,agate; cornelian,Traditional,"('王', '馬')","['馬', '玉']"
珅,9,96.5,a kind of jade,Both,"('王', '申')","['日', '玉', '丨']"
瑗,13,96.9,large ring of fine jade,Both,"('王', '爰')","['干', '玉', '又', '爪']"
玻,9,96.5,glass,Both,"('王', '皮')","['皮', '玉']"
瓊,18,96.15,"jade; rare, precious; elegant",Traditional,"('王', '夐')","['人', '夂', '刀', '目', '玉', '冂']"
玱,8,96.4,tinkling sound tinkling of pendant gems,Simplified,"('王', '仓')","['人', '玉', '乙']"
珏,9,96.5,two pieces of jade joined together,Unknown,"('王', '玉')",['玉']
玹,9,96.5,jadelike precious stone; jade-colored,Both,"('王', '玄')","['玄', '玉']"
璈,14,96.11,ancient musical instrument,Both,"('王', '敖')","['丿', '土', '一', '玉', '攴']"
璞,16,96.12,"unpolished gem, uncarved gem",Both,"('王', '菐')","['羊', '一', '玉', '八']"
玺,10,96.5,"imperial signet, royal signet",Simplified,"('尔', '玉')","['玉', '刀', '小']"
瓔,21,96.17,a necklace made of precious stones,Traditional,"('王', '嬰')","['女', '貝', '玉']"
璆,15,96.11,beautiful jade; tinkle,Both,"('王', '翏')","['人', '羽', '玉', '彡']"
璇,15,96.11,beautiful jade; star,Both,"('王', '旋')","['丿', '疋', '方', '一', '玉']"
珠,10,96.6,"precious stone, gem, jewel, pearl",Both,"('王', '朱')","['一', '玉', '木']"
瑁,13,96.9,fine piece of jade,Both,"('王', '冒')","['二', '玉', '目', '冂']"
琬,12,96.8,the virtue of a gentleman; jade,Both,"('王', '宛')","['宀', '玉', '乙', '夕']"
瑤,14,96.10,precious jade,Traditional,"('王', '䍃')","['月', '玉', '缶']"
玫,8,96.4,rose,Both,"('王', '攵')","['玉', '攴']"
琕,12,96.8,type of pearl; scabbard,Unknown,"('王', '卑')","['二', '丶', '丨', '十', '玉', '冂']"
瑶,14,96.10,precious jade,Simplified,"('王', '䍃')","['缶', '玉', '爪']"
玙,7,96.3,beautiful jade,Simplified,"('王', '与')","['一', '玉']"
玗,7,96.3,a jade-like stone,Both,"('王', '于')","['干', '玉', '亅']"
瑛,12,96.9,luster of gem; crystal,Both,"('王', '英')","['玉', '大', '艸', '冂']"
璲,16,96.13,pendant girdle ornament,Both,"('王', '遂')","['玉', '豕', '八', '辵']"
理,11,96.7,"reason, logic; manage",Both,"('王', '里')","['里', '玉']"
璧,18,96.13,piece of jade with hole in it,Both,"('辟', '玉')","['玉', '尸', '辛', '口']"
琎,11,96.7,a stone that looks like jade,Simplified,"('王', '进')","['二', '玉', '辵']"
珪,10,96.6,a jade table conferred upon feudal princes by the emperor as a symbol of dignity and authority,Both,"('王', '圭')","['土', '玉']"
琿,13,96.9,"bright, glorious, splendid",Traditional,"('王', '軍')","['冖', '車', '玉']"
琊,10,96.7,a place in eastern Shandong,Both,"('王', '邪')","['玉', '阝', '牙']"
瑒,13,96.9,a kind of jade,Traditional,"('王', '昜')","['日', '一', '玉', '勹']"
璐,17,96.12,beautiful variety of jade,Both,"('王', '路')","['口', '玉', '夂', '⻊']"
玦,8,96.4,broken piece of jade,Both,"('王', '夬')","['人', '玉', '丨']"
琦,12,96.8,"gem, precious stone, jade",Both,"('王', '奇')","['亅', '大', '一', '玉', '口']"
瑌,13,96.9,a white opaque quartz used for ornaments,Both,"('王', '耎')","['而', '玉', '大']"
珥,10,96.6,"ear ornament; stick, insert",Both,"('王', '耳')","['玉', '耳']"
瓏,20,96.16,a gem cut like dragon,Traditional,"('王', '龍')","['玉', '龍']"
璘,16,96.12,luster of jade,Both,"('王', '粦')","['舛', '玉', '米']"
珓,10,96.6,two hemispherical objects used in divination,Both,"('王', '交')","['丿', '亠', '玉', '八']"
琭,12,96.8,jade like stone,Both,"('王', '录')","['玉', '水', '彐']"
珢,10,96.6,precious stone,Both,"('王', '艮')","['艮', '玉']"
玶,9,96.5,name of one kind of jade,Both,"('王', '平')","['干', '玉', '八']"
瑘,12,96.9,peace; mountain name,Both,"('王', '耶')","['玉', '阝', '耳']"
璦,17,96.13,fine quality jade,Traditional,"('王', '愛')","['心', '夂', '爪', '冖', '玉']"
璢,16,96.13,precious stone,Both,"('王', '畱')","['一', '玉', '田']"
瑴,14,96.10,twin gems,Both,"('𣪊', '王')","['士', '冖', '一', '玉', '殳']"
璀,15,96.11,lustre of gems; glitter; shine,Both,"('王', '崔')","['隹', '玉', '山']"
琶,12,96.8,guitar-like instrument,Both,"('王', '巴')","['丨', '王', '乙']"
環,17,96.13,jade ring or bracelet; ring,Traditional,"('王', '睘')","['一', '玉', '网', '口']"
瓚,23,96.19,ceremonial libation cup,Traditional,"('王', '贊')","['貝', '玉', '牛', '儿']"
瑞,13,96.9,felicitous omen; auspicious,Both,"('王', '耑')","['而', '玉', '山']"
珮,10,96.6,jade ornament,Both,"('王', '凧')","['一', '几', '玉', '巾']"
普,12,72.8,"universal, general, widespread",Both,"('並', '日')","['日', '一', '八']"
昧,9,72.5,"obscure, dark; darken",Both,"('日', '未')","['日', '一', '木']"
暑,12,72.8,hot,Both,"('日', '者')","['日', '老']"
晗,11,72.7,pre-dawn,Both,"('日', '含')","['日', '人', '丶', '口']"
易,8,72.4,change; easy,Both,"('日', '勿')","['日', '勹']"
映,9,72.5,project; reflect light,Both,"('日', '央')","['日', '大', '冂']"
暋,13,72.9,"strong, robust, tough",Both,"('敃', '日')","['日', '一', '己', '攴']"
暼,15,72.12,take fleeting glance at,Both,"('敝', '日')","['冫', '攴', '日', '巾']"
暉,13,72.9,"sunshine; light, bright, radiant",Traditional,"('日', '軍')","['日', '車', '冖']"
昲,9,72.5,sun-dried,Both,"('日', '弗')","['日', '弓']"
昂,8,72.4,"rise, raise; proud, bold; upright",Both,"('日', '卬')","['日', '卩']"
旾,8,72.4,spring; wanton,Unknown,"('屯', '日')","['日', '十', '屮', '乙']"
旪,6,72.2,united in; agreement; mutual aid,Both,"('日', '十')","['日', '十']"
曄,14,72.12,bright; radiant; thriving,Traditional,"('日', '華')","['二', '丨', '日', '一', '艸']"
晦,11,72.7,"dark, unclear, obscure; night",Both,"('日', '每')","['日', '丿', '毋', '一']"
暘,13,72.9,rising sun; sunshine,Traditional,"('日', '昜')","['日', '一', '勹']"
晸,13,72.8,appearance of the sun,Both,"('日', '政')","['日', '一', '攴', '止']"
曆,16,72.12,"calendar, era",Traditional,"('厤', '日')","['禾', '曰', '厂']"
曁,16,72.12,and; attain,Unknown,"('旣', '旦')","['无', '匕', '日', '一', '白']"
暦,14,72.10,"calendar, era",Unknown,"('𠩵', '日')","['日', '木', '厂']"
昜,9,72.5,"to open out, to expand; bright, glorious",Traditional,"('旦', '勿')","['日', '一', '勹']"
晕,10,72.6,"halo in sky; fog; dizzy, faint",Simplified,"('日', '车')","['日', '车', '冖']"
晨,11,72.7,"early morning, daybreak",Both,"('日', '辰')","['日', '辰']"
曌,16,72.12,Wǔ Zétiān (a self-coined name),Unknown,"('明', '空')","['日', '穴', '月', '工']"
暖,13,72.9,"warm, genial",Both,"('日', '爰')","['日', '干', '又', '爪']"
曅,14,72.12,bright; flourishing,Both,"('日', '華')","['二', '丨', '日', '一', '艸']"
昉,8,72.4,"bright dawn, daybreak; appear",Both,"('日', '方')","['日', '方']"
晰,12,72.8,"clear, evident; clearly",Both,"('日', '析')","['日', '斤', '木']"
旽,8,72.4,"morning sun, sunrise",Both,"('日', '屯')","['日', '十', '屮', '乙']"
旧,5,72.1,"old, ancient; former, past",Simplified,"('丨', '日')","['日', '丨']"
昔,8,72.4,formerly; ancient; in beginning,Both,"('龷', '日')","['日', '一', '艸']"
晩,12,72.7,night,Both,"('日', '免')","['刀', '丨', '儿', '日', '口']"
曦,20,72.16,"sunlight, sunshine, early dawn",Both,"('日', '羲')","['羊', '戈', '禾', '日', '一']"
暲,15,72.11,bright; to rise (of sun),Both,"('日', '章')","['日', '十', '立']"
晥,11,72.7,Anhui province,Both,"('日', '完')","['日', '二', '宀', '儿']"
星,9,72.5,"a star, planet; any point of light; 25th lunar mansion, determinative star α Hydrae (Alphard)",Both,"('日', '生')","['日', '生']"
昱,9,72.5,"bright light, sunlight; dazzling",Both,"('日', '立')","['日', '立']"
晉,10,72.6,"advance, increase; promote; hexagram ䷢",Traditional,"('?厸二', '日')","['日', '二', '厶']"
昻,9,72.5,rise,Both,"('日', '卭')","['日', '丨', '工']"
晷,12,72.8,shadows of sun; time; sundial,Both,"('日', '咎')","['日', '口', '卜', '夂']"
曭,24,72.20,overcast day,Traditional,"('日', '黨')","['黑', '冖', '小', '日', '口']"
曏,15,72.13,once upon time; period of time,Traditional,"('日', '鄉')","['丿', '丶', '丨', '彐', '阝', '日', '乙']"
旮,6,72.2,"nook, corner",Both,"('九', '日')","['日', '丿']"
明,8,72.4,"bright, light, brilliant; clear",Both,"('日', '月')","['日', '月']"
暮,14,72.11,"evening, dusk, sunset; ending",Both,"('莫', '日')","['日', '大', '艸']"
昏,8,72.4,"dusk, nightfall, twilight, dark",Both,"('氏', '日')","['日', '氏']"
曽,11,72.7,already; sign of past,Both,"('八田', '曰')","['日', '田', '八']"
旬,6,72.2,ten-day period; period of time,Both,"('勹', '日')","['勹', '日']"
晏,10,72.6,"peaceful, quiet; clear; late in the day",Both,"('日', '安')","['日', '宀', '女']"
晛,11,72.7,sunlight,Traditional,"('日', '見')","['日', '見']"
昙,8,72.4,"become cloudy, overcast",Simplified,"('日', '云')","['日', '二', '厶']"
显,9,72.5,"manifest, display; evident, clear",Simplified,"('日', '业')","['日', '一', '八']"
曡,19,72.15,"repeat, duplicate; repetitious",Both,"('晶', '且')","['冖', '一', '月', '日']"
晜,11,72.7,insect,Both,"('日', '弟')","['日', '丨', '弓', '八']"
暌,13,72.9,in opposition; distant from; separated,Both,"('日', '癸')","['日', '一', '大', '癶']"
暹,15,72.12,"rise; advance, go forward",Both,"('進', '日')","['日', '隹', '辵']"
暐,13,72.9,the bright shining of the sun,Traditional,"('日', '韋')","['日', '韋']"
昒,8,72.4,"daybreak, dawn",Both,"('日', '勿')","['日', '勹']"
晡,11,72.7,late afternoon,Both,"('日', '甫')","['日', '十', '丶', '用']"
昆,8,72.4,elder brother; descendants,Simplified,"('日', '比')","['日', '比']"
晋,10,72.6,"advance, increase; promote",Both,"('亚', '日')","['日', '一', '八']"
昫,9,72.5,warm,Both,"('日', '句')","['日', '勹', '口']"
曛,18,72.14,twilight; sunset,Both,"('日', '熏')","['土', '火', '八', '丨', '十', '日', '口']"
晓,10,72.6,"dawn, daybreak; clear, explicit",Simplified,"('日', '尧')","['日', '一', '儿']"
昽,9,72.5,"vague, dim; twilight",Simplified,"('日', '龙')","['日', '龙']"
暏,12,72.9,(variant of 暑) summer heat; hot,Unknown,"('日', '者')","['日', '老']"
昼,9,72.5 44.6,"daytime, daylight",Both,"('尺', '旦')","['日', '一', '尸']"
暁,12,72.8,"dawn, daybreak; clear, explicit",Unknown,"('日', '尭')","['十', '儿', '日', '一', '艸']"
昄,8,72.4,big,Both,"('日', '反')","['日', '又', '⺁']"
昭,9,72.5,"bright, luminous; illustrious",Both,"('日', '召')","['日', '刀', '口']"
曨,20,72.16,"vague, dim; twilight",Traditional,"('日', '龍')","['日', '龍']"
暢,14,72.10,"smoothly, freely, unrestrained",Traditional,"('申', '昜')","['日', '一', '丨', '勹']"
旻,8,72.4,heaven,Both,"('日', '文')","['日', '文']"
昨,9,72.5,"yesterday; in former times, past",Both,"('日', '乍')","['丿', '二', '丨', '日', '一']"
是,9,72.5,"indeed, yes, right; to be; demonstrative pronoun, this, that",Both,"('日', '𤴓')","['日', '一', '止']"
昑,8,72.4,bright,Both,"('日', '今')","['日', '人', '丶']"
曩,21,72.17,"in ancient times, of old, former",Both,"('日', '襄')","['二', '衣', '日', '一', '口']"
曠,18,72.15,"extensive, wide, broad; empty",Traditional,"('日', '廣')","['二', '凵', '八', '广', '丨', '日', '一', '艸']"
晁,10,72.6,"morning, dawn; surname",Both,"('日', '兆')","['日', '冫', '儿']"
曝,19,72.15,"sun, air in sun, expose or dry in the sun",Both,"('日', '暴')","['八', '水', '日', '一', '艸']"
昰,9,72.5,variant of 'to be'; summer; name,Unknown,"('日', '正')","['日', '一', '止']"
晹,12,72.8,the sun going behind and out from behind clouds,Both,"('日', '易')","['日', '勹']"
晧,11,72.7,daybreak; bright and brilliant,Unknown,"('日', '告')","['日', '牛', '口']"
暎,12,72.9,sun beginning decline; reflect,Both,"('日', '英')","['日', '大', '艸', '冂']"
昃,8,72.4,afternoon; the sun in the afternoon sky; to decline,Both,"('日', '仄')","['日', '人', '厂']"
昊,8,72.4,summer time; sky; heaven,Both,"('日', '天')","['日', '一', '大']"
旱,7,72.3,drought; dry; dry land,Both,"('日', '干')","['日', '干']"
旸,7,72.3,rising sun; sunshine,Simplified,"('日', '𠃓')",['日']
晚,11,72.7,"night, evening; late",Both,"('日', '免')","['乙', '刀', '丨', '日', '口']"
昀,8,72.4,sun light; used in personal names,Both,"('日', '匀')","['日', '亠', '勹']"
暂,12,72.8,temporary,Simplified,"('斩', '日')","['斤', '车', '日']"
昬,9,72.5,"dusk, dark confused; stupid",Both,"('民', '日')","['日', '一', '己']"
晙,11,72.7,early; bright; respect,Both,"('日', '夋')","['日', '厶', '八', '夂']"
曚,17,72.13,twilight just before sun rises,Both,"('日', '蒙')","['二', '勹', '冖', '日', '艸']"
旺,8,72.4,prosper; prosperous; increase,Both,"('日', '王')","['日', '玉']"
耆,10,125.4 72.6,"man of sixty; aged, old",Both,"('老', '日')","['日', '老']"
晴,12,72.8,"clear weather, fine weather",Both,"('日', '青')","['日', '青']"
暵,15,72.11,dry by exposing sun,Both,"('日', '𦰩')","['人', '二', '丨', '廾', '日', '口']"
昴,9,72.5,"18th lunar mansion, determinative star 17 Tauri (Electra)",Both,"('日', '卯')","['日', '卩']"
暴,15,72.11,"violent, brutal, tyrannical",Both,"('日', '㳟')","['八', '水', '日', '一', '艸']"
曈,16,72.12,twilight just before sunrise,Both,"('日', '童')","['日', '里', '立']"
旳,7,72.3,"possessive, adjectival suffix",Both,"('日', '勺')","['日', '丶', '勹']"
昇,8,72.4,"rise, ascent; peaceful; peace",Traditional,"('日', '升')","['日', '艸']"
晬,12,72.8,first birthday of a child,Both,"('日', '卒')","['日', '十', '亠', '人']"
日,4,72.0,sun; day; daytime,Both,"('日', None)",['日']
昝,9,72.5,"a dual pronoun, I, you and me, we two",Both,"('处', '日')","['日', '卜', '夂']"
曣,20,72.16,fair weather; warm,Both,"('日', '燕')","['火', '匕', '廾', '日', '口']"
暫,15,72.11,temporary,Traditional,"('斬', '日')","['車', '斤', '日']"
旷,7,72.3,"extensive, wide, broad; empty",Both,"('日', '广')","['日', '广']"
晃,10,72.6,"bright, dazzling; to sway, shake",Both,"('日', '光')","['日', '一', '小', '儿']"
晾,12,72.8,air-dry; sun-dry,Both,"('日', '京')","['日', '小', '亠', '口']"
旹,8,72.4,"time, season; era, age, period",Both,"('㞢', '日')","['日', '一', '屮']"
曕,17,72.13,to dry or cook in the sun,Both,"('日', '詹')","['八', '刀', '厂', '言', '日']"
暈,13,72.9,"halo in sky; fog; dizzy, faint",Traditional,"('日', '車')","['日', '車', '冖']"
曬,23,72.19,"dry in sun, expose to sun",Traditional,"('日', '麗')","['日', '一', '鹿']"
昵,9,72.5,"intimate, close; approach",Both,"('日', '尼')","['日', '尸', '匕']"
晄,10,72.6,"bright, dazzling; to sway, shake",Unknown,"('日', '光')","['日', '一', '小', '儿']"
旨,6,72.2,"purpose, aim; excellent",Both,"('匕', '日')","['日', '匕']"
早,6,72.2,early; soon; morning,Both,"('日', '十')","['日', '十']"
暠,14,72.10,daybreak; bright and brilliant,Both,"('日', '高')","['日', '高']"
晝,11,72.7,"daytime, daylight",Traditional,"('聿', '旦')","['日', '一', '聿']"
智,12,72.8,"wisdom, knowledge, intelligence",Both,"('知', '日')","['日', '口', '矢']"
晤,11,72.7,have interview with; meet,Both,"('日', '吾')","['日', '一', '口', '力']"
曇,16,72.12,"become cloudy, overcast",Traditional,"('日', '雲')","['日', '二', '厶', '雨']"
晫,12,72.8,bright,Both,"('日', '卓')","['日', '十', '卜']"
晟,10,72.7,"clear, bright; splendor, brightness",Both,"('日', '成')","['日', '一', '戈', '丿']"
暻,16,72.12,bright,Both,"('日', '景')","['日', '小', '亠', '口']"
旴,7,72.3,dawn,Both,"('日', '于')","['日', '干', '亅']"
暱,14,72.11,"intimate, close; approach",Both,"('日', '匿')","['丿', '一', '日', '匚', '艸', '口']"
暸,16,72.12,"bright, clear",Both,"('日', '尞')","['日', '大', '八', '小']"
曒,17,72.13,bright; clear appearance,Both,"('日', '敫')","['日', '攴', '白', '方']"
时,7,72.3,"time, season; era, age, period",Both,"('日', '寸')","['日', '寸']"
晌,10,72.6,"noon, midday; moment; unit land measurement equal to seven mou (see 畝), or the area that can be sown in one day",Both,"('日', '向')","['日', '宀', '口']"
暇,13,72.9,"leisure, relaxation, spare time",Both,"('日', '叚')","['日', '二', '尸', '又']"
昿,9,72.5,"extensive, wide, broad; empty",Unknown,"('日', '広')","['日', '广', '厶']"
晶,12,72.8,"crystal; clear, bright; radiant",Both,"('日', None)",['日']
昪,9,72.5,delighted; pleased,Both,"('日', '弁')","['日', '厶', '廾']"
晻,12,72.8,unclear,Traditional,"('日', '奄')","['日', '丨', '大', '乙']"
旰,7,72.3,"sunset, dusk; evening",Both,"('日', '干')","['日', '干']"
曙,17,72.14,"bright, light of rising sun",Both,"('日', '署')","['日', '网', '老']"
昷,9,72.5,to feed a prisoner,Both,"('日', '皿')","['日', '皿']"
旦,5,72.1,dawn; morning; day,Both,"('日', '一')","['日', '一']"
暄,13,72.9,"warm, comfortable; warm, genial",Both,"('日', '宣')","['日', '一', '宀']"
曖,17,72.13,"obscure, dim, ambiguous, vague",Traditional,"('日', '愛')","['心', '夂', '爪', '冖', '日']"
時,10,72.6,"time, season; era, age, period",Traditional,"('日', '寺')","['日', '土', '寸']"
晳,12,72.8,fair; white; clear; discriminate,Both,"('析', '日')","['斤', '木', '日']"
晅,10,72.6,light of the sun; to dry in the sun,Both,"('日', '亘')","['日', '一']"
晼,12,72.8,sunset,Both,"('日', '宛')","['日', '宀', '乙', '夕']"
旼,8,72.4,gentle and affable,Both,"('日', '文')","['日', '文']"
暝,14,72.10,"dark, obscure",Both,"('日', '冥')","['日', '亠', '冖', '八']"
暾,16,72.12,"morning sun, sunrise",Both,"('日', '敦')","['子', '亠', '口', '日', '攴']"
昚,9,72.5,to be cautious,Unknown,"('𡗜', '日')","['日', '大', '八']"
曜,18,72.14,"glorious, as sun; daylight, sunlight; one of the seven planets of pre-modern astronomy (the sun, the moon, Mercury, Venus, Mars, Jupiter, and Saturn)",Both,"('日', '翟')","['日', '羽', '隹']"
昺,9,72.5,"bright, glorious; brilliant",Both,"('日', '丙')","['日', '一', '人', '冂']"
勗,11,72.7 73.7 19.9,"enjoin, advise, excite",Both,"('曰', '助')","['日', '一', '月', '力']"
暗,13,72.9,"dark; obscure; in secret, covert",Simplified,"('日', '音')","['日', '音']"
春,9,72.5,spring; wanton,Both,"('𡗗', '日')","['二', '八', '丨', '日', '一']"
昤,9,72.5,sunshine,Both,"('日', '令')","['日', '人', '丶']"
昌,8,72.4,"light of sun; good, proper",Both,"('日', '日')",['日']
暧,14,72.10,"obscure, dim, ambiguous, vague",Simplified,"('日', '爱')","['丿', '又', '爪', '冖', '日', '一']"
晢,11,72.7,light of stars; shine,Both,"('折', '日')","['斤', '手', '日']"
昳,9,72.5,the declining sun in the west,Both,"('日', '失')","['日', '人', '二']"
曉,16,72.12,"dawn, daybreak; clear, explicit",Traditional,"('日', '堯')","['日', '一', '土', '儿']"
旯,6,72.2,"nook, corner",Both,"('日', '九')","['日', '丿']"
旭,6,72.2,rising sun; brilliance; radiant,Both,"('九', '日')","['日', '丿']"
暨,14,72.10,"and; attain, reach; confines",Both,"('既', '旦')","['丶', '无', '丨', '彐', '日', '一', '乙']"
景,12,72.8,"scenery, view; conditions",Both,"('日', '京')","['日', '小', '亠', '口']"
晒,10,72.6,"dry in sun, expose to sun",Both,"('日', '西')","['日', '襾']"
暍,13,72.9,sunstroke,Both,"('日', '曷')","['日', '人', '曰', '勹']"
昡,9,72.5,long day; extended; relaxed,Both,"('日', '玄')","['日', '玄']"
昞,9,72.5,"bright, luminous; glorious",Both,"('日', '丙')","['日', '一', '人', '冂']"
昕,8,72.4,dawn; early morning; day,Both,"('日', '斤')","['日', '斤']"
晞,11,72.7,"dry, expose sun; dawn",Both,"('日', '希')","['日', '丿', '一', '巾']"
昶,9,72.5,a long day. bright. extended. clear,Both,"('永', '日')","['日', '丶']"
晖,10,72.6,"sunshine; light, bright, radiant",Simplified,"('日', '军')","['日', '车', '冖']"
晔,10,72.6,bright; radiant; thriving,Simplified,"('日', '华')","['日', '十', '匕', '人']"
曍,16,72.12,"bright, brilliant",Unknown,"('日', '臯')","['日', '十', '自', '冫']"
矍,20,109.15,look about in fright or alarm,Both,"('目', '隻')","['目', '隹', '又']"
瞩,17,109.12,"watch carefully, stare at, focus on",Simplified,"('目', '属')","['目', '尸', '虫', '冂']"
矗,24,109.19 24.22,"straight, upright, erect, lofty",Both,"('直', None)","['一', '十', '目']"
矈,19,109.14,"dense, detailed, fine",Both,"('目', '')","['目', '穴', '白', '方']"
盺,9,109.4,"see indistinctly, look fixedly",Both,"('目', '斤')","['斤', '目']"
矕,24,109.19,"to see, witness, inspect",Traditional,"('䜌', '目')","['目', '糸', '言']"
眢,10,109.5,eyes without brightness,Both,"('夗', '目')","['目', '乙', '夕']"
睑,12,109.7,eyelid,Simplified,"('目', '佥')","['一', '目', '人', '小']"
睁,11,109.6,open eyes; stare,Simplified,"('目', '争')","['目', '刀', '彐', '亅']"
睪,13,109.8,spy on,Traditional,"('罒', '幸')","['干', '土', '网', '八']"
矁,18,109.13,to see; to look at; to gaze,Both,"('目', '愁')","['禾', '目', '火', '心']"
眈,9,109.4,"gloat, stare at; to delay, to loiter, to hinder",Both,"('目', '冘')","['目', '乙', '巾']"
瞒,15,109.10,"deceive, lie; eyes half-closed",Simplified,"('目', '艹两')","['人', '目', '一', '艸', '冂']"
瞜,16,109.11,to see; to look at; to observe,Traditional,"('目', '婁')","['女', '目', '十', '口']"
睅,12,109.7,big-eyed,Both,"('目', '旱')","['日', '目', '干']"
睍,12,109.7,to look at fearfully; overly cautious,Traditional,"('目', None)","['目', '見']"
眞,10,109.5,"real, actual, true, genuine",Both,"('匕', '𥃺')","['目', '匕', '八']"
睗,13,109.8,a flash,Both,"('目', '易')","['日', '目', '勹']"
瞍,14,109.10,blind; no pupil in the eye,Both,"('目', '叟')","['臼', '目', '丨', '又']"
眆,9,109.4,indistinct,Both,"('目', '方')","['目', '方']"
睞,13,109.8,squint at; sidelong glance,Traditional,"('目', '來')","['目', '木', '人']"
眯,11,109.6,be blinded,Both,"('目', '米')","['目', '米']"
眦,11,109.5,"corner of the eyes, eye sockets",Both,"('目', '此')","['目', '匕', '止']"
鿃,12,109.7,"(same as 睒) to blink, twinkle",Both,,[]
眴,11,109.6,dazzled,Both,"('目', '旬')","['勹', '目', '日']"
眑,10,109.5,sunken eyes; deep; abstruse,Both,"('目', '幼')","['幺', '目', '力']"
瞭,17,109.12,"bright, clear; clear-sighted",Both,"('目', '尞')","['八', '大', '目', '小', '日']"
瞢,15,109.11,eyesight obscured; to feel ashamed,Both,"('苜*', '目')","['冖', '目', '网', '艸']"
瞌,15,109.10,doze off; sleepy,Both,"('目', '盍')","['土', '目', '皿', '厶']"
瞧,17,109.12,"glance at, look at, see",Both,"('目', '焦')","['目', '隹', '火']"
睦,13,109.8,"friendly, amiable, peaceful",Both,"('目', '坴')","['土', '目', '八']"
眺,11,109.6,"look at, gaze at, scan, survey",Both,"('目', '兆')","['冫', '目', '儿']"
眉,9,109.4,eyebrows; upper margin of book,Both,"('𠃜', '目')","['目', '丨']"
瞵,17,109.12,to stare at,Both,"('目', '粦')","['目', '舛', '米']"
睜,13,109.8,to open the eyes; stare,Traditional,"('目', '爭')","['目', '彐', '亅', '爪']"
瞕,16,109.11,cataract in the eye,Both,"('目', '章')","['日', '目', '十', '立']"
瞻,18,109.13,look; look out for; respect,Both,"('目', '詹')","['八', '刀', '厂', '目', '言']"
瞎,15,109.10,"blind, reckless; rash",Both,"('目', '害')","['二', '丨', '目', '宀', '一', '口']"
瞽,18,109.13,blind; blind musician; stupid,Both,"('鼓', '目')","['目', '鼓']"
睹,13,109.9,"look at, gaze at; observe",Both,"('目', '者')","['日', '目', '老']"
眥,11,109.5,eye sockets; corner of the eyes,Traditional,"('此', '目')","['止', '目', '匕']"
瞋,15,109.10,glare with anger,Both,"('目', '眞')","['一', '目', '八', '十']"
督,13,109.8,"supervise, oversee, direct",Both,"('叔', '目')","['又', '卜', '目', '小', '一']"
睒,13,109.8,"to glance at, to peep; glittering; to shine",Both,"('目', '炎')","['目', '火']"
眄,9,109.4,to look askance; looking dull,Both,"('目', '丏')","['一', '目', '丨']"
矑,21,109.16,the pupil of the eye; to see,Traditional,"('目', '盧')","['虍', '目', '田', '皿']"
眎,10,109.5,"look at, inspect, observe, see",Both,"('目', '示')","['目', '示']"
睧,13,109.8,dull vision,Both,"('目', '昏')","['日', '目', '氏']"
睼,14,109.9,to gaze at,Both,"('目', '是')","['日', '目', '一', '止']"
睇,12,109.7,"look at, glance at; stare at",Both,"('目', '弟')","['目', '丨', '弓', '八']"
県,9,109.4,"county, district, subdivision",Unknown,"('目乚', '小')","['目', '小']"
瞿,18,109.13,surname,Both,"('目', '隹')","['目', '隹']"
眣,10,109.5,prominent eyes,Both,"('目', '失')","['目', '人', '二']"
眲,11,109.6,despise,Both,"('目', '耳')","['目', '耳']"
直,8,109.3 24.6,"straight, erect, vertical",Both,"('𥃭', '乚')","['一', '十', '目']"
瞶,17,109.12,dim; blurred vision,Traditional,"('目', '貴')","['丨', '目', '貝', '一', '口']"
着,11,109.7 123.5 109.6,"make move, take action",Both,"('羊', '目')","['羊', '目']"
眶,11,109.6,eye socket; rim of eye,Both,"('目', '匡')","['目', '玉', '匚']"
睡,13,109.9 109.8,"sleep, doze",Both,"('目', '垂')","['目', '艸', '十', '士']"
睘,13,109.8,round; stare,Both,"('目', '袁*')","['一', '网', '口']"
盱,8,109.3,wide open eyes; to gaze in astonishment,Both,"('目', '于')","['干', '目', '亅']"
眊,9,109.4,"dim-sighted; dull, bewildered",Both,"('目', '毛')","['目', '毛']"
睐,12,109.7,squint at; sidelong glance,Simplified,"('目', '来')","['一', '目', '木', '八']"
看,9,109.4,"look, see; examine, scrutinize",Both,"('手', '目')","['目', '手']"
眕,10,109.5,restraint,Both,"('目', '㐱')","['目', '彡', '人']"
眾,11,109.6,"masses, people, multitude, crowd",Traditional,"('罒', '众*')","['人', '网']"
瞄,13,109.9,take aim at; look at,Both,"('目', '苗')","['目', '田', '艸']"
眩,10,109.5,"to confuse; dizzy, dazed, disoriented",Both,"('目', '玄')","['目', '玄']"
睊,12,109.7,"see, look, gaze at; askance",Both,"('目', '肙')","['月', '目', '口']"
瞑,15,109.10,close eyes,Both,"('目', '冥')","['八', '冖', '目', '亠', '日']"
瞳,17,109.12,pupil of eye,Both,"('目', '童')","['目', '里', '立']"
睤,13,109.8,"to look around, look askance",Unknown,"('目', '畀')","['一', '目', '田']"
眬,10,109.5,"faint, fuzzy, blurred",Simplified,"('目', '龙')","['目', '龙']"
睫,13,109.8,eyelashes,Both,"('目', '疌')","['目', '聿', '十', '止']"
眅,9,109.4,inlay; border,Both,"('目', '反')","['目', '又', '⺁']"
矚,26,109.21,"watch carefully, stare at, focus on",Traditional,"('目', '屬')","['虫', '水', '目', '尸', '勹', '网']"
睟,13,109.8,clear-eyed,Both,"('目', '卒')","['目', '亠', '十', '人']"
睨,13,109.8,"look askance at, glare at; squint",Both,"('目', '兒')","['臼', '目', '儿']"
眙,10,109.5,to gaze at,Both,"('目', '台')","['目', '厶', '口']"
睏,12,109.7,"be tired, sleepy",Traditional,"('目', '困')","['目', '囗', '木']"
睃,12,109.7,to see,Both,"('目', '夋')","['目', '八', '厶', '夂']"
眵,11,109.6,eyes diseased and dim,Both,"('目', '多')","['目', '夕']"
睚,13,109.8,corner of eye; stare,Both,"('目', '厓')","['土', '目', '厂']"
瞪,17,109.12,stare at,Both,"('目', '登')","['目', '癶', '豆']"
瞅,14,109.9,to see; to look at; to gaze,Both,"('目', '秋')","['禾', '目', '火']"
盯,7,109.2,"rivet gaze upon, keep eyes on",Both,"('目', '丁')","['一', '目', '亅']"
瞏,15,109.10,round,Unknown,"('罒', '袁')","['土', '网', '口']"
眠,10,109.5,"close eyes, sleep; hibernate",Both,"('目', '民')","['一', '目', '己']"
睛,13,109.8,eyeball; pupil of eye,Both,"('目', '靑')","['目', '青']"
瞼,18,109.13,eyelid,Traditional,"('目', '僉')","['一', '目', '人']"
瞇,14,109.10,to close (the eyes); to squint,Traditional,"('目', '迷')","['目', '米', '辵']"
瞆,14,109.9,dim,Simplified,"('目', '贵')","['丨', '贝', '目', '一', '口']"
矇,18,109.14,"stupid, ignorant; blind",Traditional,"('目', '蒙')","['二', '冖', '目', '勹', '艸']"
睢,13,109.8,"gaze at, stare at; uninhibited",Both,"('目', '隹')","['目', '隹']"
睆,12,109.7,bright,Both,"('目', '完')","['宀', '目', '二', '儿']"
盹,9,109.4,to doze; to nap; to nod,Both,"('目', '屯')","['屮', '目', '十', '乙']"
眚,10,109.5,"disease of the eyes; crime, fault",Both,"('生', '目')","['目', '生']"
眽,11,109.6,to gaze; to ogle to look at,Both,"('目', '辰?')","['目', '⺁']"
睖,13,109.8,to stare straight ahead,Both,"('目', '夌')","['土', '目', '八', '夂']"
瞯,17,109.12,to peep; to spy,Traditional,"('目', '閒')","['月', '目', '門']"
眷,11,109.6,"take interest in, care for",Both,"('龹', '目')","['二', '丨', '八', '目']"
省,9,109.4,"province; save, economize",Both,"('少', '目')","['丿', '目', '小']"
瞫,17,109.12,look,Both,"('目', '覃')","['日', '目', '十', '襾']"
瞬,17,109.12,"wink, blink; in a wink, a flash",Both,"('目', '舜')","['冖', '目', '舛', '爪']"
睬,13,109.8,notice; pay attention to,Both,"('目', '采')","['目', '木', '爪']"
睥,13,109.8,"look askance at, glare at",Both,"('目', '卑')","['二', '丶', '丨', '目', '十', '冂']"
眹,11,109.6,pupil,Both,"('目', '关')","['一', '目', '大', '八']"
眭,11,109.6,evil look of deep-set eyes,Both,"('目', '圭')","['土', '目']"
瞀,14,109.9,to look at closely; nearsighted; dim; indistinct vision,Both,"('敄', '目')","['目', '矛', '攴']"
矖,24,109.21,to stare at,Traditional,"('目', '麗')","['一', '目', '鹿']"
瞟,16,109.11,glare at; look askance at; squint,Both,"('目', '票')","['目', '示', '襾']"
真,10,109.5 12.8,"real, actual, true, genuine",Both,"('十', '具')","['一', '十', '目', '八']"
睾,14,109.9,testicle,Both,"('丶', '睪')","['土', '丶', '八', '干', '网']"
瞘,16,109.11,deeply-sunk eyes,Traditional,"('目', '區')","['目', '口', '匚']"
睠,13,109.8,to care for; love,Unknown,"('目', '卷')","['二', '八', '丨', '目', '乙']"
矉,19,109.14,an angry glare; to open the eyes with anger,Traditional,"('目', '賓')","['丿', '目', '貝', '小', '宀', '一']"
盼,9,109.4,"look, gaze; expect, hope for",Both,"('目', '分')","['目', '刀', '八']"
睿,14,109.9,"shrewd, astute, clever, keen",Both,"('卜', '眘')","['人', '八', '卜', '冖', '目', '一']"
矙,24,109.20,view,Both,"('目', '闞')","['女', '目', '耳', '門']"
瞓,15,109.10,to sleep,Traditional,"('目', '訓')","['目', '川', '言']"
眸,11,109.6,pupil of eye; eye,Both,"('目', '牟')","['牛', '目', '厶']"
瞷,17,109.12,"spy, peep; cornea",Traditional,"('目', '間')","['日', '目', '門']"
瞞,16,109.11,"deceive, lie; eyes half-closed",Traditional,"('目', '㒼')","['目', '廾', '入', '巾']"
相,9,109.4,"mutual, reciprocal, each other",Both,"('木', '目')","['目', '木']"
睽,14,109.9,"to squint; to stare at; unusual, strange; hexagram ䷥",Both,"('目', '癸')","['一', '目', '大', '癶']"
眛,10,109.5,"dim, dark, obscure; blind",Both,"('目', '未')","['一', '目', '木']"
眍,9,109.4,sunken,Simplified,"('目', '区')","['丿', '目', '匚']"
眼,11,109.6,"eye; eyelet, hole, opening",Both,"('目', '艮')","['艮', '目']"
瞤,17,109.12,to blink or twitch the eyes,Traditional,"('目', '閏')","['目', '玉', '門']"
瞠,16,109.11,"look at, stare at, gaze at",Both,"('目', '堂')","['土', '冖', '目', '小', '口']"
盲,8,109.3,"blind; unperceptive, shortsighted",Both,"('亡', '目')","['目', '丶', '匸']"
瞰,16,109.12,"watch, spy; overlook; look down",Both,"('目', '敢')","['目', '攴', '耳']"
矓,21,109.16,"faint, fuzzy, blurred",Traditional,"('目', '龍')","['目', '龍']"
睱,14,109.9,to gaze slowly; white appearance of the eyes,Both,"('目', '叚')","['又', '目', '尸', '二']"
盻,9,109.4,glare; stare,Both,"('目', '兮')","['一', '目', '八']"
瞖,16,109.11,a cataract or film over the eye,Unknown,"('殹', '目')","['匚', '目', '殳', '矢']"
睎,12,109.7,to long for; to gaze at,Both,"('目', '希')","['丿', '目', '一', '巾']"
眇,9,109.4,"blind in one eye; minute, minuscule",Both,"('目', '少')","['丿', '目', '小']"
瞥,16,109.12,take fleeting glance at,Both,"('敝', '目')","['冫', '目', '攴', '巾']"
盾,9,109.4,"shield, shield-shaped object; currency sign for Dutch guilder",Both,"('⺁', '𥃭')","['十', '目', '⺁']"
瞹,18,109.13,"clouded, obscure",Both,"('目', '愛')","['心', '夂', '爪', '冖', '目']"
眨,9,109.5,wink,Both,"('目', '乏')","['目', '丶', '戈', '玉']"
磨,16,112.11,grind; polish; rub; wear out; a millstone,Both,"('麻', '石')","['石', '麻']"
矼,8,112.3,stone bridge; stepping stones,Both,"('石', '工')","['石', '工']"
砞,10,112.5,to smash rock,Both,"('石', '末')","['一', '木', '石']"
磑,15,112.10,stone mill; grind; break apart,Traditional,"('石', '豈')","['山', '石', '豆']"
碜,13,112.8,gritty,Simplified,"('石', '参')","['厶', '彡', '大', '石']"
磽,17,112.12,barren land; sandy soil,Traditional,"('石', '堯')","['土', '一', '石', '儿']"
碕,13,112.8,"a cape, spit, promontory",Both,"('石', '奇')","['亅', '大', '一', '石', '口']"
磉,15,112.10,the stone base or plinth of a pillar,Both,"('石', '桑')","['又', '木', '石']"
硭,11,112.7,a crude saltpetre,Both,"('石', '芒')","['艸', '丶', '匸', '石']"
碔,13,112.8,an inferior gem,Both,"('石', '武')","['一', '弋', '石', '止']"
矾,8,112.3,alum,Simplified,"('石', '凡')","['几', '石', '丶']"
矻,8,112.3,"toil, slave away; busy",Both,"('石', '乞')","['一', '丿', '石', '乙']"
硼,13,112.8,"borax, boron",Both,"('石', '朋')","['月', '石']"
磯,17,112.12,jetty; submerged rock; eddy,Traditional,"('石', '幾')","['幺', '人', '戈', '石']"
磊,15,112.10,pile of rocks or stones; great,Both,"('石', None)",['石']
碭,14,112.9,brilliantly colored stone with veined patterns in it,Traditional,"('石', '昜')","['日', '一', '勹', '石']"
磓,14,112.10,to throw (a stone),Both,"('石', '追')","['丶', '己', '石', '辵']"
碱,14,112.9,"alkaline, alkali, lye, salt",Both,"('石', '咸')","['厂', '戈', '一', '石', '口']"
砯,10,112.5,to make a loud sound,Both,"('石', '氷')","['丶', '水', '石']"
破,10,112.5,"break, ruin, destroy; rout",Both,"('石', '皮')","['皮', '石']"
砲,10,112.5,"gun, cannon",Both,"('石', '包')","['勹', '己', '石']"
矶,7,112.2,jetty; submerged rock; eddy,Simplified,"('石', '几')","['几', '石']"
鿬,10,112.5,tennessine (element 117),Both,,[]
磲,16,112.12,white button of 6th rank,Both,"('石', '渠')","['匚', '水', '木', '石']"
硏,11,112.6,grind,Both,"('石', '幵')",['石']
礡,18,112.14,"fill, extend",Both,"('石', '蒪')","['丶', '用', '寸', '十', '艸', '石']"
磴,17,112.12,"steps on ledge, cliff, or hill",Both,"('石', '登')","['癶', '石', '豆']"
礫,20,112.15,"gravel, pebbles, potsherds",Traditional,"('石', '樂')","['幺', '木', '白', '石']"
磙,15,112.10,roller,Both,"('石', '衮')","['厶', '衣', '八', '石']"
碨,14,112.9,millstone,Both,"('石', '畏')","['一', '田', '石', '乙']"
砜,9,112.4,an organic compound,Simplified,"('石', '风')","['风', '石']"
硝,12,112.7,"saltpeter, niter; to tan",Both,"('石', '肖')","['月', '石', '小']"
礶,22,112.18,"a jug, a pitcher, a jar, a pot",Both,"('石', '雚')","['隹', '艸', '石', '口']"
砢,10,112.5,pile of stones,Both,"('石', '可')","['一', '口', '石', '亅']"
砰,10,112.5,"sound of crashing stones, bang!",Both,"('石', '平')","['干', '八', '石']"
砇,9,112.4,"a stone resembling jade, alabaster",Both,"('石', '文')","['文', '石']"
硍,11,112.6,strike,Both,"('石', '艮')","['艮', '石']"
硬,12,112.7,"hard, firm, strong; obstinate",Both,"('石', '更')","['丿', '丨', '日', '一', '石']"
礁,17,112.12,reef; jetty; submerged rocks,Both,"('石', '焦')","['火', '隹', '石']"
砬,10,112.5,big stone,Both,"('石', '立')","['立', '石']"
砠,10,112.5,"rocky, hilly, uneven",Both,"('石', '且')","['月', '一', '石']"
磔,15,112.10,"to dismember, tear apart; downward stroke slanting right",Both,"('石', '桀')","['舛', '木', '石']"
磎,15,112.10,"mountain stream, creek",Unknown,"('石', '奚')","['幺', '大', '石', '爪']"
砫,10,112.5,name of a county in Sichuan,Both,"('石', '主')","['丶', '玉', '石']"
礱,21,112.16,"grind, sharpen; mill",Traditional,"('龍', '石')","['龍', '石']"
碥,14,112.9,"steep, protruding rocks in rapids",Both,"('石', '扁')","['户', '艸', '石', '冂']"
硵,12,112.7,sal ammoniac; sand; pebble,Simplified,"('石', '卤')","['卤', '石']"
硯,12,112.7,inkstone,Traditional,"('石', '見')","['見', '石']"
磥,16,112.11,a heap of stones; boulders,Both,"('石', '累')","['糸', '田', '石']"
碧,14,112.9,"jade; green, blue",Both,"('珀', '石')","['玉', '白', '石']"
砅,9,112.4,cross on stepping stones,Both,"('石', '水')","['水', '石']"
確,15,112.10,"sure, certain; real, true",Traditional,"('石', '隺')","['隹', '石', '巾']"
碉,13,112.8,room made of stone; watchtower,Both,"('石', '周')","['田', '石', '口']"
碎,13,112.8,"break, smash; broken, busted",Both,"('石', '卒')","['十', '亠', '石', '人']"
磒,15,112.10,to fall from or into,Traditional,"('石', '員')","['貝', '石', '口']"
砘,9,112.4,a kind of farm tool,Both,"('石', '屯')","['屮', '十', '石', '乙']"
础,10,112.5,"foundation stone, plinth",Simplified,"('石', '出')","['山', '石']"
硁,10,112.5,the sound of stones knocking together,Simplified,"('石', '𢀖')","['石', '工']"
砂,9,112.4,"sand; pebbles, gravel; gritty",Both,"('石', '少')","['丿', '石', '小']"
砝,10,112.5,balance weights,Both,"('石', '去')","['厶', '土', '石']"
硕,11,112.6,"great, eminent; large, big",Simplified,"('石', '页')","['石', '页']"
硖,11,112.6,(archaic) town in Hebei province,Simplified,"('石', '夹')","['人', '八', '石', '二']"
硫,12,112.7,"sulfur (element 16, S)",Both,"('石', '㐬')","['厶', '丨', '亠', '儿', '石']"
砟,10,112.5,stone tablet; monument,Both,"('石', '乍')","['丿', '二', '丨', '一', '石']"
礦,19,112.15,"mine; mineral, ore",Traditional,"('石', '廣')","['二', '凵', '八', '广', '丨', '艸', '一', '石']"
磅,15,112.10,pound; weigh,Both,"('石', '旁')","['八', '冖', '亠', '方', '石']"
磌,15,112.10,rumbling sound,Both,"('石', '真')","['八', '十', '目', '一', '石']"
碣,14,112.9,stone tablet,Both,"('石', '曷')","['勹', '人', '曰', '石']"
砭,9,112.5,stone probe; pierce; counsel,Both,"('石', '乏')","['丶', '戈', '玉', '石']"
砒,9,112.4,"(obsolete form of 砒); white arsenic, arsenic trioxide",Both,"('石', '比')","['比', '石']"
硙,11,112.6,stone mill; grind; break apart,Simplified,"('石', '岂')","['山', '石', '己']"
硅,11,112.6,"silicon (element 14, Si)",Both,"('石', '圭')","['土', '石']"
硇,11,112.6,sal ammoniac,Both,"('石', '囟')","['丿', '囗', '丶', '石']"
碩,14,112.9,"great, eminent; large, big",Traditional,"('石', '頁')","['頁', '石']"
碲,14,112.9,"tellurium (element 52, Te)",Both,"('石', '帝')","['八', '巾', '冖', '亠', '石']"
硾,13,112.9,weight,Both,"('石', '垂')","['十', '艸', '石', '士']"
磷,17,112.12,"phosphorus (element 15, P)",Both,"('石', '粦')","['舛', '米', '石']"
碑,13,112.8,stone tablet; gravestone,Both,"('石', '卑')","['二', '丶', '丨', '十', '石', '冂']"
碓,13,112.8,pestle,Both,"('石', '隹')","['隹', '石']"
礤,19,112.15,"shredder, grater",Both,"('石', '蔡')","['示', '卩', '月', '石', '艸']"
砳,10,112.5,rocky,Both,"('石', None)",['石']
礆,18,112.13,"alkaline, alkali, lye, salt",Traditional,"('石', '僉')","['一', '人', '石']"
磈,14,112.10,an uneven rock,Both,"('石', '鬼')","['鬼', '石']"
硸,13,112.8,thick-lipped; a grindstone,Both,"('石', '岸')","['干', '山', '石', '厂']"
碗,13,112.8,"bowl, small dish",Both,"('石', '宛')","['宀', '石', '乙', '夕']"
砆,9,112.4,"semiprecious stone, agate",Both,"('石', '夫')","['人', '石', '二']"
礴,21,112.16,"fill, extend",Both,"('石', '薄')","['丶', '水', '用', '寸', '十', '艸', '石']"
砕,9,112.4,"break, smash; broken, busted",Unknown,"('石', '卆')","['丿', '十', '石']"
研,9,112.4,"grind, rub; study, research",Both,"('石', '开')","['一', '廾', '石']"
磟,16,112.11,mediocre; busy; occupied; roller,Traditional,"('石', '翏')","['人', '羽', '彡', '石']"
砧,10,112.5,anvil; flat stone,Both,"('石', '占')","['卜', '石', '口']"
礌,18,112.13,roll a stone downhill,Both,"('石', '雷')","['田', '石', '雨']"
硷,12,112.7,"alkaline, alkali, lye, salt",Simplified,"('石', '佥')","['一', '人', '石', '小']"
磡,16,112.11,"cliff, ledge, bank; step",Both,"('石', '勘')","['儿', '匚', '甘', '石', '力']"
礙,19,112.14,"obstruct, hinder, block, deter",Traditional,"('石', '疑')","['疋', '匕', '石', '矢']"
碁,13,112.8,chess; any game similar to chess,Both,"('其', '石')","['一', '甘', '八', '石']"
硌,11,112.6,to have something hard press against the body and cause pain (such as a pebble in a shoe); a large stone on a mountain,Both,"('石', '各')","['口', '石', '夂']"
矸,8,112.3,a rock or cliff,Both,"('石', '干')","['干', '石']"
碇,13,112.8,anchor,Both,"('石', '定')","['宀', '一', '石', '止']"
硗,11,112.6,barren land; sandy soil,Simplified,"('石', '尧')","['一', '石', '儿']"
磠,16,112.11,sal ammoniac; sand; pebble,Traditional,"('石', '鹵')","['鹵', '石']"
砀,8,112.3,brilliantly colored stone with veined patterns in it,Simplified,"('石', '𠃓')",['石']
碌,13,112.8,"rough, uneven, rocky; mediocre",Both,"('石', '录')","['水', '石', '彐']"
碟,14,112.9,"small dish, plate",Both,"('石', '枼')","['廾', '木', '石']"
磧,16,112.11,sand and gravel; rocks exposed at low tide; to crush,Traditional,"('石', '責')","['土', '貝', '石', '一']"
确,12,112.7,"sure, certain; real, true",Both,"('石', '角')","['角', '石']"
磁,14,112.9,magnetic; magnetism; porcelain,Both,"('石', '兹')","['幺', '一', '八', '石']"
砮,10,112.5,arrow-tip,Both,"('奴', '石')","['女', '又', '石']"
硨,12,112.7,"giant clam, Tridacna gigas",Traditional,"('石', '車')","['車', '石']"
砾,10,112.5,"gravel, pebbles",Simplified,"('石', '乐')","['石', '小']"
磋,14,112.10,"polish, buff; scrutinize",Both,"('石', '差')","['羊', '石', '工']"
碪,14,112.9,stone slab used for washing clothes; an anvil,Both,"('石', '甚')","['匚', '甘', '石', '儿']"
砼,10,112.5,concrete,Both,"('石', '仝')","['人', '石', '工']"
碯,14,112.9,"agate, cornelian",Both,"('石', '𡿺')","['丿', '丶', '囗', '川', '石']"
碰,13,112.8,"collide, bump into",Both,"('石', '並')","['一', '八', '石']"
硉,11,112.6,bones of a thin horse,Both,"('石', '聿')","['聿', '石']"
磵,17,112.12,"brook, mountain stream",Traditional,"('石', '間')","['日', '石', '門']"
礟,19,112.14,"ancient ballista for throwing heavy stones; a cannon, a gun",Both,"('石', '駁')","['馬', '爻', '石']"
礪,19,112.15,whetstone; sharpen,Traditional,"('石', '厲')","['二', '禸', '丨', '厂', '艸', '石', '冂']"
碡,14,112.9,stone roller used to level fields,Both,"('石', '毒')","['一', '土', '毋', '石']"
砣,10,112.5,"a stone roller; a heavy stone, a weight, a plummet",Both,"('石', '它')","['宀', '匕', '石']"
碾,15,112.10,"roller, crush; roll",Both,"('石', '展')","['尸', '一', '石', '艸', '乙']"
礅,17,112.12,a stone block,Both,"('石', '敦')","['子', '亠', '口', '石', '攴']"
矿,8,112.3,"mine; mineral, ore",Simplified,"('石', '广')","['广', '石']"
礮,21,112.16,"ancient ballista for throwing heavy stones a cannon, a gun",Traditional,"('石', '駮')","['丿', '八', '馬', '亠', '石']"
砑,9,112.4,"to grind, to calender, to polish; to roll with a stone roller",Both,"('石', '牙')","['石', '牙']"
砖,9,112.4,"tile, brick",Simplified,"('石', '专')","['二', '丨', '石']"
礳,21,112.16,name of place in shan xi province,Both,"('石', '磨')","['麻', '石']"
矽,8,112.3,(obsolete form of 硅),Both,"('石', '夕')","['石', '夕']"
碞,14,112.9,room made of stone; watchtower,Both,"('品', '石')","['石', '口']"
碏,13,112.8,coloured,Both,"('石', '昔')","['日', '一', '艸', '石']"
礬,20,112.15,alum,Traditional,"('樊', '石')","['木', '爻', '大', '石']"
碆,13,112.8,arrow-tip,Both,"('波', '石')","['皮', '水', '石']"
碳,14,112.9,"carbon (element 6, C)",Both,"('石', '炭')","['丿', '火', '山', '一', '石']"
礎,18,112.13,"foundation stone, plinth",Traditional,"('石', '楚')","['疋', '木', '石']"
礵,22,112.17,name of an island in Fujian province,Both,"('石', '霜')","['目', '木', '石', '雨']"
硜,12,112.7,the sound of stones knocking together,Traditional,"('石', '巠')","['一', '川', '石', '工']"
磐,15,112.10,"large rock, boulder; firm",Both,"('般', '石')","['石', '舟', '殳']"
磕,15,112.10,"hit; collide, knock into; sound",Both,"('石', '盍')","['厶', '土', '皿', '石']"
硎,11,112.6,whetstone,Both,"('石', '刑')","['一', '刀', '廾', '石']"
硤,12,112.7,(archaic) town in Hebei province,Traditional,"('石', '夾')","['人', '大', '石']"
磪,16,112.11,a high mountain; precipitous,Both,"('石', '崔')","['隹', '山', '石']"
磛,16,112.11,cliff,Both,"('斬', '石')","['車', '斤', '石']"
硪,12,112.7,a tool for making rammed earth; lofty,Both,"('石', '我')","['戈', '石', '手']"
砷,10,112.5,"arsenic (element 33, As)",Both,"('石', '申')","['日', '丨', '石']"
磇,15,112.10,"arsenic (element 33, As)",Both,"('石', '𣬉')","['丿', '囗', '丶', '石']"
碘,13,112.8,"iodine (element 53, I)",Both,"('石', '典')","['二', '凵', '八', '石']"
碴,14,112.9,chipped edge of a container,Both,"('石', '查')","['日', '一', '木', '石']"
磺,16,112.12,sulphur; brimstone,Both,"('石', '黄')","['二', '凵', '八', '丨', '艸', '一', '石']"
砻,10,112.5,"grind, sharpen; mill",Simplified,"('龙', '石')","['石', '龙']"
磾,17,112.12,dyestuff (black-colored mineral),Traditional,"('石', '單')","['二', '丨', '十', '口', '石', '冂']"
碬,14,112.9,whetstone,Both,"('石', '叚')","['又', '二', '尸', '石']"
砚,9,112.4,inkstone,Simplified,"('石', '见')","['见', '石']"
硧,12,112.7,"a grindstone; (same as 硐) a cave, cavern",Both,"('石', '甬')","['用', '石']"
砿,10,112.5,"mine; mineral, ore",Traditional,"('石', '広')","['厶', '广', '石']"
砌,9,112.4,"to build, pile up; stone steps, brick walk",Both,"('石', '切')","['一', '刀', '石', '乙']"
磣,16,112.11,gritty,Traditional,"('石', '參')","['厶', '人', '彡', '石']"
磖,16,112.10,a large stone,Both,"('石', '習')","['羽', '白', '石']"
硐,11,112.6,(variant of 洞) cave; chamber; pit,Both,"('石', '同')","['一', '口', '石', '冂']"
礓,18,112.13,a small stone,Both,"('石', '畺')","['一', '田', '石', '二']"
砥,10,112.5,a whetstone; to polish,Both,"('石', '氐')","['丶', '氏', '石']"
砹,10,112.5,"astatine (element 85, At)",Both,"('石', '艾')","['丿', '艸', '石']"
砉,9,112.4,"the sound of flaying, separating skin and bone; the sound of flying quickly, whooshing",Both,"('丰', '石')","['一', '丨', '石', '二']"
礄,17,112.12,place in Sichuan province,Traditional,"('石', '喬')","['冂', '大', '石', '口']"
碚,13,112.8,suburb,Both,"('石', '咅')","['立', '石', '口']"
磬,16,112.11,musical instrument; musical stone,Both,"('殸', '石')","['丨', '石', '殳', '士']"
碽,15,112.10,"(a simplified form of 碽) sound of bumping or striking, arched bridge",Traditional,"('石', '貢')","['貝', '石', '工']"
碶,14,112.9,"a flood-gate, a water-gate",Both,"('石', '契')","['二', '刀', '丨', '大', '一', '石']"
碛,13,112.8,sand and gravel,Simplified,"('石', '责')","['一', '土', '贝', '石']"
礧,20,112.15,name of a place in Shanxi province,Both,"('石', '畾')","['田', '石']"
磻,17,112.12,a tributary of the Wei river in Shanxi,Both,"('石', '番')","['田', '石', '釆']"
礞,18,112.14,mineral,Both,"('石', '蒙')","['二', '冖', '勹', '石', '艸']"
砺,10,112.5,whetstone; sharpen,Simplified,"('石', '厉')","['丿', '一', '石', '厂']"
鿎,11,112.6,"(tǎ) place name in Zhejiang; (dá) cobblestone, water gate, place name in Guangdong",Simplified,,[]
碼,15,112.10,"number, numerals; yard; symbol",Traditional,"('石', '馬')","['馬', '石']"
砸,10,112.5,"smash, crush, break; pound, mash",Both,"('石', '匝')","['匚', '石', '巾']"
碻,15,112.10,solid,Both,"('石', '高')","['石', '高']"
砍,9,112.4,"hack, chop, cut, fell",Both,"('石', '欠')","['欠', '石']"
硚,11,112.6,place in Sichuan province,Simplified,"('石', '乔')","['大', '石']"
礃,17,112.12,mining a face in a coal mine,Both,"('石', '掌')","['手', '冖', '小', '石', '口']"
碍,13,112.8,"obstruct, hinder, block, deter",Both,"('石', '㝵')","['日', '一', '寸', '石']"
砦,11,112.5,"stockade, fort, military outpost; brothel",Both,"('此', '石')","['止', '匕', '石']"
砗,9,112.4,"giant clam, tridacna gigas",Simplified,"('石', '车')","['车', '石']"
磚,16,112.11,"tile, brick",Traditional,"('石', '專')","['丨', '寸', '十', '日', '石']"
硃,11,112.6,a red mole; cinnabar,Traditional,"('石', '朱')","['一', '木', '石']"
码,8,112.3,"number, numerals; yard; symbol",Simplified,"('石', '马')","['马', '石']"
硊,11,112.6,"the name of a place in Wuhu county, Anhui province",Both,"('石', '危')","['刀', '石', '厂', '乙']"
硒,11,112.6,"selenium (element 34, Se)",Both,"('石', '西')","['襾', '石']"
碸,14,112.9,a sulfone (chemical compound),Traditional,"('石', '風')","['石', '風']"
蹂,16,157.9,"trample under foot, tread on",Both,"('足', '柔')","['矛', '木', '⻊']"
蹁,16,157.9,to walk with a limp,Both,"('足', '扁')","['户', '艸', '冂', '⻊']"
蹈,17,157.10,stamp feet; dance,Both,"('足', '舀')","['臼', '爪', '⻊']"
蹷,19,157.12,"to kick back; to stumble, slip, fall",Both,"('厥', '足')","['八', '足', '屮', '厂', '一', '欠']"
躊,21,157.14,"hesitate, falter; smug, self-satisfied",Traditional,"('足', '壽')","['士', '乙', '寸', '工', '一', '口', '⻊']"
踴,16,157.9,"leap, jump",Traditional,"('足', '勇')","['田', '力', '⻊']"
躚,22,157.16,"wander about, walk around; revolve",Traditional,"('足', '遷')","['大', '⻊', '襾', '己', '辵']"
蹙,18,157.11,"urgent, suddenly; grieve, lament",Both,"('戚', '足')","['足', '卜', '厂', '戈', '小', '一']"
蹧,18,157.11,to spoil; to ruin,Both,"('足', '曹')","['二', '凵', '日', '艸', '⻊']"
跛,12,157.5,lame,Both,"('足', '皮')","['皮', '⻊']"
蹍,17,157.10,"upper millstone; to grind, roll, triturate",Both,"('足', '展')","['尸', '一', '艸', '乙', '⻊']"
蹠,18,157.11,"step on, tread on; sole",Both,"('足', '庶')","['广', '火', '廾', '⻊']"
蹜,18,157.11,walk carefully,Both,"('足', '宿')","['人', '宀', '一', '白', '⻊']"
跶,13,157.6,"stumble, slip",Simplified,"('足', '达')","['大', '辵', '⻊']"
踼,16,157.9,to fall flat; to fall on the face,Traditional,"('足', '昜')","['日', '一', '勹', '⻊']"
蹋,17,157.10,"step on, tread on; stumble, slip",Both,"('足', '𦐇')","['日', '羽', '⻊']"
蹴,19,157.12,kick; tread on; leap; solemn,Both,"('足', '就')","['丶', '亠', '小', '尢', '口', '⻊']"
蹓,17,157.10,"stroll, take walk",Both,"('足', '留')","['田', '卩', '⻊']"
蹮,19,157.11,"to whirl, pirouette",Both,"('足', '䙴')","['襾', '大', '己', '⻊']"
蹀,16,157.9,"to skip, to dance; to put the foot down",Both,"('足', '枼')","['木', '廾', '⻊']"
踔,15,157.8,to get ahead; to stride; to excel,Both,"('足', '卓')","['日', '十', '卜', '⻊']"
趵,10,157.3,noise of tramping feet,Both,"('足', '勺')","['勹', '丶', '⻊']"
踵,16,157.9,"heel; follow; visit, call on",Both,"('足', '重')","['十', '里', '⻊']"
踅,14,157.7,to walk around; turn back midway,Both,"('折', '足')","['斤', '足', '手']"
蹊,17,157.10,"footpath, trail; track",Both,"('足', '奚')","['幺', '大', '爪', '⻊']"
蹎,17,157.10,"to stumble, trip",Both,"('足', '真')","['八', '十', '目', '一', '⻊']"
躕,22,157.15,"hesitate, waver, falter",Traditional,"('足', '廚')","['广', '豆', '寸', '十', '⻊']"
跸,13,157.6,"clear way, make room for; clear street when emperor tours",Simplified,"('足', '毕')","['比', '十', '⻊']"
跽,14,157.7,"to kneel for a long time, to go down on hands and knees",Both,"('足', '忌')","['心', '己', '⻊']"
踊,14,157.7,"leap, jump",Both,"('足', '甬')","['用', '⻊']"
躒,22,157.15,"walk, move",Traditional,"('足', '樂')","['幺', '白', '木', '⻊']"
蹿,19,157.12,leap; to jump; to spurt out,Simplified,"('足', '窜')","['穴', '⻊', '口', '丨']"
蹌,17,157.10,walk rapidly,Traditional,"('足', '倉')","['人', '丶', '丨', '彐', '口', '⻊']"
踢,15,157.8,kick,Both,"('足', '易')","['日', '勹', '⻊']"
踆,14,157.7,squat,Both,"('足', '夋')","['厶', '八', '夂', '⻊']"
跺,13,157.6,"stamp feet, step",Both,"('足', '朵')","['几', '木', '⻊']"
踖,15,157.8,"trample on, tread on",Both,"('足', '昔')","['日', '一', '艸', '⻊']"
蹢,18,157.11,pig's hoof,Both,"('足', '啇')","['子', '八', '亠', '欠', '⻊']"
踬,15,157.8,"stumble, totter; fail, be frustrated",Simplified,"('足', '质')","['十', '贝', '⺁', '⻊']"
跧,13,157.6,crouch,Both,"('足', '全')","['人', '玉', '⻊']"
躁,20,157.13,"tense, excited, irritable",Both,"('足', '喿')","['木', '口', '⻊']"
蹅,16,157.9,"to tread on, walk through",Both,"('足', '查')","['日', '一', '木', '⻊']"
躞,24,157.17,to walk,Both,"('足', '燮')","['火', '又', '言', '⻊']"
跑,12,157.5,"run, flee, leave in hurry",Both,"('足', '包')","['勹', '己', '⻊']"
蹶,19,157.12,"stumble, fall down; trample",Both,"('足', '厥')","['八', '屮', '厂', '一', '欠', '⻊']"
踧,15,157.8,"level, as a road; appearance of uneasiness",Both,"('足', '叔')","['又', '卜', '小', '一', '⻊']"
跪,13,157.6,kneel,Both,"('足', '危')","['刀', '厂', '乙', '⻊']"
躏,21,157.14,"trample down, oppress, overrun",Simplified,"('足', '蔺')","['土', '尸', '辛', '雨', '艸', '口', '⻊']"
躑,21,157.15,"waver, hesitate, be irresolute",Traditional,"('足', '鄭')","['八', '大', '酉', '阝', '⻊']"
蹣,18,157.11,to jump over; to limp,Traditional,"('足', '㒼')","['巾', '廾', '入', '⻊']"
踰,16,157.9,"exceed, transgress; cross over",Both,"('足', '兪')","['人', '刀', '月', '一', '⻊']"
蹩,18,157.12,to limp,Both,"('敝', '足')","['冫', '足', '攴', '巾']"
踐,15,157.8,"trample, tread upon, walk on",Traditional,"('足', '戔')","['戈', '⻊']"
踈,14,157.7,"neglect; careless, lax",Unknown,"('足', '束')","['木', '口', '⻊']"
蹝,18,157.11,sandal,Both,"('足', '徙')","['止', '彳', '⻊']"
躃,20,157.13,lame; a cripple,Both,"('足', '辟')","['尸', '辛', '口', '⻊']"
蹡,18,157.11,to limp; walking; in motion,Traditional,"('足', '將')","['月', '爿', '寸', '⻊']"
躉,19,157.13,sell or buy wholesale; store,Traditional,"('萬', '足')","['二', '禸', '足', '丨', '艸', '冂']"
蹯,19,157.12,an animal's paws,Both,"('足', '番')","['田', '釆', '⻊']"
蹻,19,157.12,to raise the feet; to cross the legs; brave; sandals,Traditional,"('足', '喬')","['冂', '大', '口', '⻊']"
躐,22,157.15,to stride over; to step across,Both,"('足', '巤')","['丿', '囗', '川', '冫', '⻊']"
躧,26,157.19,sandal,Traditional,"('足', '麗')","['一', '鹿', '⻊']"
躓,22,157.15,"stumble, totter; fail, be frustrated",Traditional,"('足', '質')","['斤', '貝', '⻊']"
趿,10,157.4,to tread on; slipshod,Both,"('足', '及')","['丿', '⻊']"
踯,15,157.8,"waver, hesitate, be irresolute",Simplified,"('足', '郑')","['八', '大', '阝', '一', '⻊']"
踪,15,157.8,"footprints, traces, tracks",Both,"('足', '宗')","['宀', '示', '⻊']"
跃,11,157.4,"skip, jump, frolic",Simplified,"('足', '夭')","['大', '⻊']"
踹,16,157.9,"trample, tread on, kick; to crush",Both,"('足', '耑')","['而', '山', '⻊']"
跖,12,157.5,sole (of the foot),Both,"('足', '石')","['石', '⻊']"
跕,12,157.5,"shuffle, limp",Both,"('足', '占')","['卜', '口', '⻊']"
跿,14,157.7,to jump about,Both,"('足', '走')","['走', '⻊']"
踶,16,157.9,paw,Both,"('足', '是')","['日', '一', '止', '⻊']"
跎,12,157.5,"slip, stumble, falter; vacillate",Both,"('足', '它')","['宀', '匕', '⻊']"
蹦,18,157.11,"hop, leap, jump; bright",Both,"('足', '崩')","['月', '山', '⻊']"
蹟,18,157.11,"trace, tracks; footprints",Both,"('足', '責')","['土', '貝', '一', '⻊']"
踉,14,157.7,"hop, jump; hurriedly, urgently",Both,"('足', '良')","['艮', '丶', '⻊']"
踟,15,157.8,"hesitate, undecided; embarrassed",Both,"('足', '知')","['矢', '口', '⻊']"
跟,13,157.6,"heel; to follow, accompany; with",Both,"('足', '艮')","['艮', '⻊']"
蹤,18,157.11,"footprints, traces, tracks",Traditional,"('足', '從')","['人', '彳', '止', '⻊']"
躩,27,157.20,"take quick, short steps",Both,"('足', '矍')","['目', '隹', '又', '⻊']"
踞,15,157.8,"crouch, squat; sit, occupy",Both,"('足', '居')","['十', '尸', '口', '⻊']"
踣,15,157.8,to stumble and fall prone; stiff in death,Both,"('足', '咅')","['立', '口', '⻊']"
跏,12,157.5,sit cross-legged; squat,Both,"('足', '加')","['口', '力', '⻊']"
跹,13,157.6,"wander about, walk around; revolve",Simplified,"('足', '迁')","['十', '辵', '⻊']"
跲,13,157.6,"hood, cowl, turban; stumble",Both,"('足', '合')","['一', '人', '口', '⻊']"
躝,24,157.17,to pass; to step over; to creep; to twine round,Traditional,"('足', '闌')","['門', '八', '丨', '木', '口', '⻊']"
蹚,18,157.11,tread through mud and water,Both,"('足', '堂')","['土', '冖', '小', '口', '⻊']"
踽,16,157.9,to walk alone; self-reliant,Both,"('足', '禹')","['虫', '冂', '⻊']"
跔,12,157.5,numb feet; to limp,Both,"('足', '句')","['勹', '口', '⻊']"
躘,23,157.16,to walk,Traditional,"('足', '龍')","['龍', '⻊']"
蹾,19,157.12,to squat; to crouch,Both,"('足', '敦')","['子', '亠', '口', '攴', '⻊']"
跅,12,157.5,"careless, lax; dissolute",Both,"('足', '斥')","['斤', '丶', '⻊']"
跱,13,157.6,stop,Both,"('足', '寺')","['土', '寸', '⻊']"
躡,25,157.18,"tread, step on; follow, track",Traditional,"('足', '聶')","['耳', '⻊']"
躠,23,157.17,to limp,Both,"('薛', '足')","['丶', '足', '辛', '己', '艸']"
跩,13,157.6,"to waddle, to limp",Both,"('足', '曳')","['曰', '⻊']"
蹄,16,157.9,hoof; horse,Both,"('足', '帝')","['八', '巾', '冖', '亠', '⻊']"
跀,11,157.4,"to cut off the feet, to stretch up",Both,"('足', '月')","['月', '⻊']"
蹲,19,157.12,"squat, crouch; idle about",Both,"('足', '尊')","['寸', '八', '酉', '⻊']"
践,12,157.5,"trample, tread upon, walk on",Simplified,"('足', '𢦑')","['一', '戈', '⻊']"
蹉,16,157.10,"error, mistake, slip; failure",Both,"('足', '差')","['羊', '工', '⻊']"
踠,15,157.8,"to writhe, struggle, squirm, wriggle; to be impatient for",Both,"('足', '宛')","['宀', '夕', '乙', '⻊']"
躅,20,157.13,"walk carefully; hesitate, falter",Both,"('足', '蜀')","['勹', '网', '虫', '⻊']"
跆,12,157.5,trample,Both,"('足', '台')","['厶', '口', '⻊']"
蹼,19,157.12,webbed feet of waterfowl,Both,"('足', '菐')","['羊', '一', '八', '⻊']"
跴,13,157.6,"step on, tread on; search for",Both,"('足', '西')","['襾', '⻊']"
跻,13,157.6,"ascend, go up, rise",Simplified,"('足', '齐')","['齐', '⻊']"
趴,9,157.2,"lying prone, leaning over",Both,"('足', '八')","['八', '⻊']"
蹐,17,157.10,take short steps,Both,"('足', '脊')","['冫', '人', '月', '⻊']"
踮,15,157.8,tiptoe,Both,"('足', '店')","['广', '卜', '口', '⻊']"
趸,10,157.3,sell or buy wholesale; store,Simplified,"('万', '足')","['丿', '一', '足']"
蹇,17,157.10,"lame, crippled; unlucky; hexagram ䷦",Both,"('𡨄', '足')","['二', '八', '足', '宀', '一']"
躎,21,157.14,"(non-classical form of 跈), (same as 踐) to step upon; to tread upon; to trample, (same as 趁) to take advantage, hard to proceeding",Traditional,"('足', '爾')","['八', '巾', '丨', '爻', '一', '⻊']"
跦,13,157.6,hop,Both,"('足', '朱')","['一', '木', '⻊']"
躙,23,157.16,"trample down, oppress, overrun",Unknown,"('足', '閵')","['隹', '門', '⻊']"
踘,15,157.8,ball,Unknown,"('足', '匊')","['勹', '米', '⻊']"
蹔,18,157.11,temporary; fleeting; ephemeral,Traditional,"('斬', '足')","['車', '斤', '足']"
蹺,19,157.12,raise one's foot,Traditional,"('足', '堯')","['土', '一', '儿', '⻊']"
跤,13,157.6,"stumble, fall down; wrestle",Both,"('足', '交')","['丿', '亠', '八', '⻊']"
跡,13,157.6,"search, track, trace",Traditional,"('足', '亦')","['八', '丨', '亠', '亅', '⻊']"
躇,18,157.13,"hesitate, falter, be undecided",Both,"('足', '著')","['日', '艸', '老', '⻊']"
躄,20,157.13,"cripple, lame",Both,"('辟', '足')","['尸', '辛', '口', '足']"
跮,13,157.6,hasty walking,Both,"('足', '至')","['至', '⻊']"
距,11,157.5,distance; bird's spur,Both,"('足', '巨')","['匚', '⻊']"
蹭,19,157.12,"to shuffle, procrastinate, dilly-dally",Both,"('足', '曾')","['八', '丨', '日', '口', '⻊']"
踱,16,157.9,"stroll, pace, walk slowly",Both,"('足', '度')","['广', '又', '廾', '⻊']"
踫,15,157.9,"collide, bump into",Unknown,"('足', '並')","['一', '八', '⻊']"
躍,21,157.14,"skip, jump, frolic",Traditional,"('足', '翟')","['羽', '隹', '⻊']"
跨,13,157.6,"straddle, bestride, ride; carry",Both,"('足', '夸')","['二', '大', '⻊']"
踝,15,157.8,ankle,Both,"('足', '果')","['田', '木', '⻊']"
蹹,19,157.12,to tread on; to stamp; to walk,Both,"('足', '翕')","['人', '羽', '一', '口', '⻊']"
趼,11,157.6,callous skin on hands or feet; blisters,Both,"('足', '开')","['一', '廾', '⻊']"
踩,15,157.8,step on,Both,"('足', '采')","['木', '爪', '⻊']"
蹬,19,157.12,"step on, tread on; lose energy",Both,"('足', '登')","['癶', '豆', '⻊']"
踁,14,157.7,"tinkling, obstinate",Both,"('足', '巠')","['一', '川', '工', '⻊']"
跬,13,157.6,to step; a stride equal to half a pace,Both,"('足', '圭')","['土', '⻊']"
蹕,17,157.11,"clear way, make room for; clear street when emperor tours",Traditional,"('足', '畢')","['二', '丨', '田', '一', '艸', '⻊']"
蹽,19,157.12,to run; to slip away quietly,Unknown,"('足', '尞')","['八', '大', '小', '日', '⻊']"
跷,13,157.6,raise one's foot,Simplified,"('足', '尧')","['一', '儿', '⻊']"
跐,13,157.5,"to trample, to step, to walk on the ball of the foot",Both,"('足', '此')","['止', '匕', '⻊']"
跳,13,157.6,"jump, leap, vault, bounce; dance",Both,"('足', '兆')","['冫', '儿', '⻊']"
跥,13,157.6,stamp feet,Both,"('足', '朶')","['丿', '木', '⻊']"
躜,23,157.16,to jump,Simplified,"('足', '赞')","['贝', '⻊', '牛', '儿']"
跌,12,157.5,"stumble, slip, fall down; stamp",Both,"('足', '失')","['人', '二', '⻊']"
蹑,17,157.10,"tread, step on; follow, track",Simplified,"('足', '聂')","['又', '耳', '⻊']"
趾,11,157.4,"toe; tracks, footprints",Both,"('足', '止')","['止', '⻊']"
躂,19,157.13,"stumble, slip",Traditional,"('足', '達')","['羊', '土', '辵', '⻊']"
跄,11,157.4,walk rapidly,Simplified,"('足', '仓')","['人', '乙', '⻊']"
躔,22,157.15,"follow in, imitate; rut, path",Both,"('足', '廛')","['土', '八', '广', '里', '⻊']"
踒,15,157.8,to slip and sprain a limb,Both,"('足', '委')","['禾', '女', '⻊']"
跚,12,157.5,"stagger, limp",Both,"('足', '冊')","['一', '冂', '⻊']"
踏,15,157.8,"step on, trample, tread on, walk",Both,"('足', '沓')","['日', '水', '⻊']"
跼,14,157.7,"bent, stooped, crouched; contract",Both,"('足', '局')","['尸', '口', '⻊']"
蹒,17,157.10,to jump over; to limp,Simplified,"('足', '艹两')","['人', '一', '艸', '冂', '⻊']"
跂,11,157.4,"creeping, crawling",Both,"('足', '支')","['支', '⻊']"
躗,22,157.16,exaggerate,Both,"('衞', '足')","['足', '韋', '行']"
跞,12,157.5,"walk, move",Simplified,"('足', '乐')","['小', '⻊']"
踌,14,157.7,"hesitate, falter; smug, self-satisfied",Simplified,"('足', '寿')","['二', '丨', '寸', '一', '⻊']"
跫,13,157.6,sound of footsteps,Both,"('巩', '足')","['几', '丶', '足', '工']"
躛,23,157.16,exaggerate,Both,"('衞', '足')","['足', '巾', '力', '一', '口', '行']"
跗,12,157.5,the instep,Both,"('足', '付')","['人', '寸', '⻊']"
趹,11,157.4,kick with hoof; horse's gallop,Both,"('足', '夬')","['人', '丨', '⻊']"
路,13,157.6,"road, path, street; journey",Both,"('足', '各')","['口', '夂', '⻊']"
踦,15,157.8,the shin; to pierce; to touch,Both,"('足', '奇')","['亅', '大', '一', '口', '⻊']"
踋,14,157.7,the foot or feet cast of a play,Unknown,"('足', '却')","['卩', '土', '厶', '⻊']"
跋,12,157.5,"go by foot; epilogue, colophon",Both,"('足', '犮')","['丿', '丶', '又', '一', '⻊']"
躋,21,157.14,"ascend, go up, rise",Traditional,"('足', '齊')","['齊', '⻊']"
躥,25,157.18,leap; to jump; to spurt out,Traditional,"('足', '竄')","['鼠', '穴', '⻊']"
踜,15,157.8,to stumble; to slip; to fall,Unknown,"('足', '夌')","['土', '八', '夂', '⻊']"
踡,15,157.8,"curled, coiled",Both,"('足', '卷')","['二', '八', '丨', '乙', '⻊']"
趺,11,157.4,sit cross-legged; back of the foo,Both,"('足', '夫')","['人', '二', '⻊']"
跙,12,157.5,"weak, lame",Both,"('足', '且')","['月', '一', '⻊']"
躦,26,157.19,to jump,Traditional,"('足', '贊')","['貝', '⻊', '牛', '儿']"
蹱,19,157.12,to stagger along; to fall,Both,"('足', '童')","['里', '立', '⻊']"
蹵,19,157.12,to tread on; to kick,Both,"('就', '足')","['丶', '足', '亠', '小', '尢', '口']"
蹏,17,157.10,hoof; horse,Both,"('足', '虒')","['虍', '几', '⺁', '⻊']"
踳,16,157.9,mixed; obstinate,Both,"('足', '春')","['二', '八', '丨', '日', '一', '⻊']"
躪,26,157.20,"trample down, oppress, overrun",Traditional,"('足', '藺')","['隹', '艸', '門', '⻊']"
跣,13,157.6,bare footed,Both,"('足', '先')","['牛', '儿', '⻊']"
蹰,19,157.12,"hesitate, waver, falter",Both,"('足', '厨')","['寸', '豆', '厂', '⻊']"
遛,13,162.10,"take walk, stroll",Both,"('辶', '留')","['田', '卩', '辵']"
辻,5,162.2,crossroads; street,Both,"('辶', '十')","['十', '辵']"
返,7,162.4,"return, revert to, restore",Both,"('辶', '反')","['又', '⺁', '辵']"
迬,8,162.4,"to walk along, to go",Unknown,"('辶', '主')","['丶', '玉', '辵']"
遨,13,162.11,"ramble, roam; travel for pleasure",Both,"('辶', '敖')","['丿', '土', '一', '攴', '辵']"
逬,11,162.8,"to scatter; to expel; to crack, to split; to jump",Unknown,"('辶', '幷')","['干', '辵']"
遵,15,162.12,"obey, comply with, follow; honor",Both,"('辶', '尊')","['寸', '八', '酉', '辵']"
迎,7,162.4,"receive, welcome, greet",Both,"('辶', '卬')","['辵', '卩']"
遁,12,162.9,"hide, conceal oneself; escape",Both,"('辶', '盾')","['十', '目', '⺁', '辵']"
遒,12,162.9,"strong, unyielding, forceful",Both,"('辶', '酋')","['八', '酉', '辵']"
達,12,162.9,"arrive at, reach; intelligent",Traditional,"('辶', '𦍒')","['羊', '土', '辵']"
逾,12,162.9,"go over, pass over, exceed",Both,"('辶', '兪')","['人', '刀', '月', '一', '辵']"
逊,9,162.6,"humble, modest; yield",Both,"('辶', '孙')","['子', '小', '辵']"
遺,15,162.12,lose; articles lost; omit,Traditional,"('辶', '貴')","['丨', '貝', '一', '口', '辵']"
造,10,162.7,"construct, build, make, begin; prepare",Both,"('辶', '告')","['牛', '口', '辵']"
避,16,162.13,avoid; turn aside; escape; hide,Both,"('辶', '辟')","['尸', '辛', '口', '辵']"
逡,10,162.7,"retreat, withdraw, fall back",Both,"('辶', '夋')","['厶', '八', '夂', '辵']"
退,9,162.6,"step back, retreat, withdraw",Both,"('辶', '艮')","['艮', '辵']"
迧,8,162.5,a Chinese family name arrange; display a column of troops,Unknown,"('辶', '申')","['日', '丨', '辵']"
遰,14,162.11,grunting sound of pigs; clash,Traditional,"('辶', '帶')","['巾', '廾', '冖', '儿', '辵']"
这,7,162.4,"this, the, here",Both,"('辶', '文')","['文', '辵']"
逈,9,162.6,"distant, far; separated; different",Unknown,"('辶', '向')","['宀', '口', '辵']"
逩,11,162.8,to run quickly,Unknown,"('辶', '奔')","['十', '大', '艸', '辵']"
逯,11,162.8,leave without reason; surname,Both,"('辶', '录')","['水', '彐', '辵']"
违,7,162.4,"disobey, violate, defy; be apart from",Simplified,"('辶', '韦')","['韦', '辵']"
连,7,162.4,"join, connect; continuous; even",Simplified,"('辶', '车')","['车', '辵']"
迪,8,162.5,"enlighten, advance; progress",Both,"('辶', '由')","['二', '丨', '辵', '凵']"
選,15,162.12,"choose, select; elect; election",Traditional,"('辶', '巽')","['一', '八', '艸', '辵']"
遹,15,162.12,"comply with, obey; shun, avoid",Both,"('辶', '矞')","['八', '冂', '矛', '口', '辵']"
迋,7,162.4,"travel, go to; deceive; scare",Both,"('辶', '王')","['玉', '辵']"
逭,11,162.8,"to escape from; to flee, to avoid",Both,"('辶', '官')","['宀', '己', '辵']"
逅,9,162.6,meet unexpectedly,Both,"('辶', '后')","['一', '口', '⺁', '辵']"
迤,8,162.5,wind; walk out of straight path,Both,"('辶', '㐌')","['丿', '丨', '一', '乙', '辵']"
追,9,162.6,"pursue, chase after; expel",Both,"('辶', '𠂤')","['丶', '己', '辵']"
逴,11,162.8,"argue, quarrel, squabble; far",Both,"('辶', '卓')","['日', '十', '卜', '辵']"
邀,16,162.13,"invite, welcome; meet, intercept",Both,"('辶', '敫')","['攴', '白', '方', '辵']"
邋,18,162.15,rags,Both,"('辶', '巤')","['丿', '囗', '川', '冫', '辵']"
通,10,162.7,pass through; common; communicate,Both,"('辶', '甬')","['用', '辵']"
遉,12,162.9,"spy, reconnoiter; detective",Both,"('辶', '貞')","['貝', '卜', '辵']"
邈,17,162.14,"far, distant, remote; slight",Both,"('辶', '貌')","['白', '豸', '辵', '儿']"
遷,15,162.12 162.11,"move, shift, change; transfer",Traditional,"('辶', '')","['襾', '大', '己', '辵']"
連,10,162.7,"join, connect; continuous; even",Traditional,"('辶', '車')","['車', '辵']"
遮,14,162.11,"cover, shield, protect",Both,"('辶', '庶')","['广', '火', '廾', '辵']"
迊,7,162.4,"to go round, to make a circuit, to make a revolution, to turn round",Both,"('辶', '帀')","['一', '辵', '巾']"
逗,10,162.7,"tempt, allure, arouse, stir",Both,"('辶', '豆')","['豆', '辵']"
迳,8,162.5,"pass by, approach; direct",Simplified,"('辶', '𢀖')","['辵', '工']"
逓,10,162.7,"hand over, deliver; substitute",Both,"('辶', '乕')","['二', '巾', '丨', '⺁', '辵']"
邅,16,162.13,"hesitant, faltering",Both,"('辶', '亶')","['囗', '亠', '日', '一', '辵']"
迢,8,162.5,far; distant,Both,"('辶', '召')","['刀', '口', '辵']"
遏,12,162.9,"stop, suppress, curb, check; a bar",Both,"('辶', '曷')","['勹', '人', '曰', '辵']"
遼,15,162.12,"distant, far",Traditional,"('辶', '尞')","['八', '大', '小', '日', '辵']"
遝,13,162.10,"mixed, abundant, assorted",Both,"('辶', '眔')","['网', '辵']"
邉,17,162.13,"edge, margin, side, border",Unknown,"('辶*', '')","['八', '宀', '自', '口', '辵']"
运,7,162.4,"luck, fortune; ship, transport",Simplified,"('辶', '云')","['二', '厶', '辵']"
边,5,162.2,"edge, margin, side, border",Both,"('辶', '力')","['力', '辵']"
迦,8,162.5,character for transliteration,Both,"('辶', '加')","['口', '力', '辵']"
迩,8,162.5,"be near, be close; recently",Both,"('辶', '尔')","['刀', '小', '辵']"
迴,9,162.6,"revolve, rotate; curving, zigzag",Traditional,"('辶', '回')","['囗', '辵']"
迿,9,162.6,to be the first to begin a quarrel,Both,"('辶', '旬')","['勹', '日', '辵']"
过,6,162.3,"pass, pass through, go across",Both,"('辶', '寸')","['寸', '辵']"
迕,7,162.4,"obstinate, perverse",Both,"('辶', '午')","['干', '辵']"
逼,12,162.9,"compel, pressure, force; bother",Both,"('辶', '畐')","['一', '田', '口', '辵']"
逎,10,162.7,"strong, unyielding, forceful",Unknown,"('辶', '酉')","['酉', '辵']"
迓,7,162.4,"to go to meet, to receive, as a guest",Both,"('辶', '牙')","['牙', '辵']"
遄,12,162.9,to hurry; to go to and fro,Both,"('辶', '耑')","['而', '山', '辵']"
遽,16,162.13,"suddenly, unexpectedly; at once",Both,"('辶', '豦')","['虍', '豕', '辵']"
遶,15,162.12,entwine; wind around; surround,Traditional,"('辶', '堯')","['土', '一', '辵', '儿']"
邁,15,162.13,take a big stride; pass by,Traditional,"('辶', '萬')","['二', '禸', '丨', '艸', '冂', '辵']"
適,14,162.11,"match, comfortable; just",Traditional,"('辶', '啇')","['子', '八', '亠', '欠', '辵']"
遂,12,162.9,"comply with, follow along; thereupon",Both,"('辶', '㒸')","['豕', '八', '辵']"
迭,8,162.5,"repeatedly, frequently",Both,"('辶', '失')","['人', '二', '辵']"
遲,15,162.12,"late, tardy; slow; delay",Traditional,"('辶', '犀')","['牛', '尸', '水', '辵']"
遻,15,162.12,meet,Both,"('辶', '㖾')","['八', '屮', '一', '口', '辵']"
述,8,162.5,"narrate, state, express",Both,"('辶', '术')","['丶', '木', '辵']"
遢,13,162.10,"careless, negligent, slipshod",Both,"('辶', '𦐇')","['日', '羽', '辵']"
逑,10,162.7,"collect, unite; match, pair",Both,"('辶', '求')","['丿', '丶', '水', '一', '辵']"
迠,8,162.5,made,Both,"('辶', '占')","['卜', '口', '辵']"
遭,14,162.11,"come across, meet with, encounter",Both,"('辶', '曹')","['二', '凵', '日', '艸', '辵']"
逃,9,162.6,"escape, flee; abscond, dodge",Both,"('辶', '兆')","['冫', '辵', '儿']"
适,9,162.6,"go, reach; appropriate, suitable",Both,"('辶', '舌')","['舌', '辵']"
遯,14,162.11,"deceive, hide, conceal; flee; hexagram ䷠",Both,"('辶', '豚')","['月', '豕', '辵']"
道,12,162.9,"path, road, street; method, way",Both,"('辶', '首')","['首', '辵']"
逐,10,162.7,"chase, expel; one by one",Both,"('辶', '豕')","['豕', '辵']"
逻,11,162.8,patrol; inspect; watch; patrol,Both,"('辶', '罗')","['网', '辵', '夕']"
遣,13,162.10,"send, dispatch; send off, exile",Both,"('辶', '𠳋')","['丨', '一', '己', '口', '辵']"
近,7,162.4,"near, close; approach; intimate",Both,"('辶', '斤')","['斤', '辵']"
遡,13,162.10,go upstream; trace source; formerly,Both,"('辶', '朔')","['八', '屮', '月', '一', '辵']"
迚,7,162.4,very; somehow,Unknown,"('辶', '中')","['丨', '口', '辵']"
迻,9,162.6,to shift; to transfer; to transform,Both,"('辶', '多')","['夕', '辵']"
遘,13,162.10,to meet; to come across,Both,"('辶', '冓')","['二', '土', '一', '冂', '辵']"
遐,12,162.9,"afar, distant; old, advanced in",Both,"('辶', '叚')","['又', '二', '尸', '辵']"
辽,5,162.2,"distant, far",Simplified,"('辶', '了')","['亅', '辵']"
逿,12,162.9,"a time; a row; to fall, miss",Traditional,"('辶', '昜')","['日', '一', '勹', '辵']"
逄,9,162.6,a surname,Both,"('辶', '夅')","['十', '丨', '夂', '辵']"
迅,6,162.3,"quick, hasty, rapid, sudden",Both,"('辶', '卂')","['十', '乙', '辵']"
込,5,162.2,"crowd into, go into",Unknown,"('辶', '入')","['人', '辵']"
途,10,162.7,"way, road, path, journey; course",Both,"('辶', '余')","['干', '人', '小', '辵']"
迯,8,162.5,"escape, flee; abscond, dodge",Both,"('辶', '外')","['卜', '辵', '夕']"
遑,12,162.9,"leisure, leisurely; hurry about",Both,"('辶', '皇')","['玉', '白', '辵']"
邃,17,162.13,"profound, detailed; deep",Both,"('遂', '穴')","['穴', '豕', '八', '辵']"
巡,6,162.3 47.4,"patrol, go on circuit, cruise",Both,"('辶', '巛')","['川', '辵']"
逦,10,162.7,"meandering, winding",Simplified,"('辶', '丽')","['一', '辵']"
迂,6,162.3,"doctrinaire, abstruse, unrealistic",Both,"('辶', '于')","['干', '亅', '辵']"
這,10,162.7,"this, the, here",Traditional,"('辶', '言')","['辵', '言']"
迺,9,162.6,"then, thereupon, only then",Both,"('辶', '西')","['襾', '辵']"
迮,8,162.5,to rise; contracted; cramped,Both,"('辶', '乍')","['丿', '二', '丨', '一', '辵']"
邐,22,162.19,"meandering, winding",Traditional,"('辶', '麗')","['一', '鹿', '辵']"
逷,11,162.8,"distant, far away",Both,"('辶', '易')","['日', '勹', '辵']"
迟,7,162.4,"late, tardy; slow; delay",Simplified,"('辶', '尺')","['尸', '辵']"
週,11,162.8,"week; turn, cycle; anniversary",Both,"('辶', '周')","['田', '口', '辵']"
逛,10,162.7,"ramble, stroll, roam, wander",Both,"('辶', '狂')","['玉', '犬', '辵']"
運,12,162.9,"luck, fortune; ship, transport",Traditional,"('辶', '軍')","['冖', '車', '辵']"
迥,8,162.5,"distant, far; separated; different",Both,"('辶', '冋')","['口', '冂', '辵']"
遥,13,162.10,"far away, distant, remote",Simplified,"('辶', '䍃')","['缶', '爪', '辵']"
迸,9,162.6 162.8,gush out; burst forth; split,Both,"('辶', '并')","['一', '廾', '八', '辵']"
違,12,162.9,"disobey, violate, defy; be apart from",Traditional,"('辶', '韋')","['韋', '辵']"
逝,10,162.7,pass away; die,Both,"('辶', '折')","['斤', '手', '辵']"
速,10,162.7,"quick, prompt, speedy",Both,"('辶', '束')","['木', '口', '辵']"
逵,11,162.8,"thoroughfare, crossroads",Both,"('辶', '坴')","['土', '八', '辵']"
遇,12,162.9,"meet, come across, encounter",Both,"('辶', '禺')","['二', '禸', '丨', '冂', '辵']"
進,11,162.8,"advance, make progress, enter",Traditional,"('辶', '隹')","['隹', '辵']"
逮,11,162.8,"seize, catch; reach, arrive",Both,"('辶', '隶')","['隶', '辵']"
遍,12,162.9,"everywhere, all over, throughout",Both,"('辶', '扁')","['户', '艸', '冂', '辵']"
迈,6,162.3,take a big stride; pass by,Simplified,"('辶', '万')","['丿', '一', '辵']"
迨,8,162.5,"until, when; seize, arrest",Both,"('辶', '台')","['厶', '口', '辵']"
遙,13,162.10,"far away, distant, remote",Traditional,"('辶', '䍃')","['缶', '月', '辵']"
还,7,162.4,"still, yet, also, besides",Both,"('辶', '不')","['丿', '一', '卜', '辵']"
进,7,162.4,"advance, make progress, enter",Simplified,"('辶', '井')","['二', '辵']"
迫,8,162.5,"coerce, force, compel; urgent",Both,"('辶', '白')","['白', '辵']"
逶,11,162.8,"winding, curving; swagger",Both,"('辶', '委')","['禾', '女', '辵']"
逞,10,162.7,"indulge oneself; brag, show off",Both,"('辶', '呈')","['玉', '口', '辵']"
過,11,162.9,"pass, pass through, go across",Traditional,"('辶', '咼')","['口', '冂', '辵']"
邏,22,162.19,patrol; inspect; watch,Traditional,"('辶', '羅')","['隹', '网', '糸', '辵']"
迣,8,162.5,to leap over,Both,"('辶', '世')","['廾', '辵']"
逹,11,162.8,"arrive at, reach; intelligent",Unknown,"('辶', '幸')","['干', '土', '八', '辵']"
逥,10,162.7,"return, turn around; a time",Unknown,"('辶', '囬')","['囗', '二', '辵']"
逍,10,162.7,"ramble, stroll, jaunt, loiter",Both,"('辶', '肖')","['月', '小', '辵']"
迷,9,162.6,"bewitch, charm, infatuate",Both,"('辶', '米')","['米', '辵']"
辷,4,162.1,"smooth, slippery",Both,"('辶', '一')","['一', '辵']"
迹,9,162.6,"traces, impressions, footprints",Both,"('辶', '亦')","['八', '丨', '亠', '亅', '辵']"
迁,6,162.3,"move, shift, change; transfer; relocate a capital city",Both,"('辶', '千')","['十', '辵']"
送,9,162.6,"see off, send off; dispatch, give",Both,"('辶', '关')","['一', '大', '八', '辵']"
逌,10,162.7,please; smiling; complacent,Both,"('辶', '卣')","['囗', '卜', '辵']"
邊,18,162.15,"edge, margin, side, border",Traditional,"('辶', '臱')","['自', '穴', '方', '辵']"
遟,13,162.10,"late, tardy; slow; delay",Both,"('辶', '屖')","['尸', '辛', '辵']"
逢,10,162.7,"come upon, happen meet; flatter",Both,"('辶', '夆')","['二', '夂', '丨', '一', '辵']"
辿,6,162.3,"follow, pursue",Both,"('辶', '山')","['山', '辵']"
遴,15,162.12,"select, choose; surname",Both,"('辶', '粦')","['舛', '米', '辵']"
远,7,162.4,"distant, remote, far; profound",Both,"('辶', '元')","['二', '辵', '儿']"
迄,6,162.3,"extend, reach; until; till",Both,"('辶', '乞')","['一', '丿', '乙', '辵']"
邂,16,162.13,unexpected meeting; encounter by,Both,"('辶', '解')","['牛', '角', '刀', '辵']"
遞,13,162.10,"hand over, deliver; substitute",Traditional,"('辶', '虒')","['虍', '几', '⺁', '辵']"
迆,6,162.3,wind; walk out of straight path,Both,"('辶', '也')","['丨', '乙', '辵']"
逆,9,162.6,"disobey, rebel; rebel, traitor",Both,"('辶', '屰')","['一', '八', '屮', '辵']"
遜,13,162.10,"humble, modest; yield",Traditional,"('辶', '孫')","['子', '糸', '辵']"
迍,7,162.4,"falter, hesitate",Both,"('辶', '屯')","['十', '屮', '乙', '辵']"
逕,10,162.7,"pass by, approach; direct",Traditional,"('辶', '巠')","['一', '川', '辵', '工']"
遊,12,162.9,"wander, roam, travel",Traditional,"('辶', '斿')","['丿', '子', '方', '一', '辵']"
逺,11,162.8,"distant, remote, far; profound",Unknown,"('辶', '𡊮')","['土', '辵']"
遫,14,162.11,speed,Both,"('辶', '敕')","['攴', '木', '口', '辵']"
邌,18,162.15,to walk slowly; to parade,Both,"('辶', '黎')","['人', '水', '勹', '禾', '辵']"
选,9,162.6,"choose, select; elect; election",Both,"('辶', '先')","['牛', '辵', '儿']"
遗,12,162.9,lose; articles lost; omit,Simplified,"('辶', '贵')","['丨', '贝', '一', '口', '辵']"
迒,7,162.4,footprints of passing animals; a road,Both,"('辶', '亢')","['亠', '几', '辵']"
遅,12,162.9,"late, tardy; slow; delay",Unknown,"('辶', '𡱝')","['羊', '尸', '辵']"
达,6,162.3,"arrive at, reach; intelligent; smooth, slippery",Simplified,"('辶', '大')","['大', '辵']"
逸,11,162.8,"flee, escape, break loose",Both,"('辶', '兔')","['丶', '乙', '刀', '丨', '口', '辵']"
遠,13,162.10,"distant, remote, far; profound",Traditional,"('辶', '袁')","['土', '口', '辵']"
透,10,162.7,"penetrate, pass through",Both,"('辶', '秀')","['禾', '丿', '辵']"
逖,10,162.7,"far, distant; keep at distance",Both,"('辶', '狄')","['火', '犬', '辵']"
逰,11,162.8,"wander, roam, travel",Unknown,"('辶', '扌2子')","['丿', '子', '手', '一', '辵']"
递,10,162.7,"hand over, deliver; substitute",Both,"('辶', '弟')","['丨', '弓', '八', '辵']"
邇,17,162.14,"be near, be close; recently",Traditional,"('辶', '爾')","['八', '巾', '丨', '爻', '一', '辵']"
逋,10,162.7,"flee, run away, leave debt unsettled",Both,"('辶', '甫')","['十', '丶', '用', '辵']"
辺,5,162.2,"edge, margin, side, border",Unknown,"('辶', '刀')","['刀', '辵']"
還,16,162.13,"still, yet, also, besides",Traditional,"('辶', '睘')","['一', '网', '口', '辵']"
袋,11,145.5,"pocket, bag, sack, pouch",Both,"('代', '衣')","['人', '弋', '衣']"
袈,11,145.5,Buddhist cassock,Both,"('加', '衣')","['口', '衣', '力']"
表,8,145.3,"show, express, manifest, display",Both,"('衣', '土')","['一', '土']"
襱,21,145.16,legs of trousers; overalls worn by workmen,Traditional,"('衤', '龍')","['衣', '龍']"
襮,20,145.15,collar; to expose,Both,"('衤', '暴')","['八', '水', '衣', '日', '一', '艸']"
襉,17,145.12,folds,Both,"('衤', '閒')","['月', '衣', '門']"
襍,17,145.12,"mixed, blended; mix, mingle",Both,"('衤', '集')","['隹', '木', '衣']"
衩,8,145.3,the open seam of a garment which allows freedom of movement,Both,"('衤', '叉')","['丶', '又', '衣']"
衮,10,145.4,ceremonial dress worn by the emperor,Both,"('衣', '公')","['厶', '衣', '八']"
褻,17,145.11,"dirty, ragged; slight, insult, treat with disrespect",Traditional,"('衣', '埶')","['丿', '土', '丶', '八', '衣']"
褽,17,145.11,cushion,Both,"('尉', '衣')","['衣', '尸', '寸', '示']"
袅,10,145.4,curling upwards; wavering gently,Simplified,"('鸟*', '衣')","['丶', '衣']"
裔,13,145.7,"progeny, descendants, posterity",Both,"('衣', '冏')","['衣', '八', '口', '冂']"
衲,9,145.4,"mend, sew, patch; line; quilt",Both,"('衤', '內')","['人', '衣', '冂']"
裥,12,145.7,folds,Simplified,"('衤', '间')","['门', '衣', '日']"
褡,14,145.10,"girdle; loincloth; pouch, bag",Both,"('衤', '荅')","['人', '衣', '一', '艸', '口']"
裒,12,145.7,"collect, gather, assemble; praise",Both,"('衣', '臼')","['臼', '衣']"
褧,16,145.10,unlined clothes; light overcoat,Both,"('耿', '衣')","['火', '衣', '耳']"
襢,18,145.13,strip; lay bare; bared; naked,Both,"('衤', '亶')","['囗', '亠', '衣', '日', '一']"
褘,14,145.9,ceremonial gowns of a queen,Traditional,"('衤', '韋')","['衣', '韋']"
裣,12,145.7,draw one's hands into sleeve,Simplified,"('衤', '佥')","['一', '人', '衣', '小']"
袠,11,145.5,book cover; satchel or bag,Both,"('衣', '失')","['人', '衣', '二']"
褄,13,145.8,a skirt,Both,"('衤', '妻')","['女', '十', '衣', '聿']"
裤,12,145.7,"trousers, pants",Simplified,"('衤', '库')","['广', '车', '衣']"
裊,13,145.7,curling upwards; wavering gently,Traditional,"('鳥*', '衣')","['一', '丶', '衣']"
裼,13,145.8,to take off one's top; divest,Both,"('衤', '易')","['日', '衣', '勹']"
袞,11,145.5,ceremonial dress worn by the emperor,Traditional,"('衣', '八口')","['亠', '八', '口']"
袆,9,145.4,ceremonial gowns of a queen,Simplified,"('衤', '韦')","['衣', '韦']"
袤,11,145.5,"longitude, lengthwise; length",Both,"('衣', '矛')","['衣', '矛']"
衷,10,145.4,"heart, from bottom of one's heart",Both,"('衣', '中')","['衣', '丨', '口']"
襟,18,145.13,"lapel, collar",Both,"('衤', '禁')","['衣', '木', '示']"
褝,14,145.9,unlined garment,Simplified,"('衤', '単')","['二', '丨', '十', '衣', '小', '冂']"
襕,17,145.12,a one-piece garment,Simplified,"('衤', '阑')","['门', '八', '丨', '木', '衣', '口']"
初,7,18.5 145.2,"beginning, initial, primary",Both,"('衤', '刀')","['刀', '衣']"
裢,12,145.7,folding purse inserted in belt,Simplified,"('衤', '连')","['车', '衣', '辵']"
襖,17,145.13,"outer garments; coat, jacket",Traditional,"('衤', '奧')","['宀', '衣', '大', '米']"
褐,14,145.9,"coarse woolen cloth; dull, dark",Both,"('衤', '曷')","['勹', '人', '衣', '曰']"
褶,16,145.11,"pleat, crease, wrinkles",Both,"('衤', '習')","['羽', '白', '衣']"
衺,10,145.4,slit in garment to aid movement,Unknown,"('衣', '牙')","['衣', '牙']"
襲,22,145.16,"raid, attack; inherit",Traditional,"('龍', '衣')","['衣', '龍']"
褥,15,145.10,"mattress, cushion; bedding",Both,"('衤', '辱')","['衣', '辰', '寸']"
複,14,145.9,"repeat, double, overlap",Traditional,"('衤', '复')","['丿', '夂', '衣', '日', '一']"
袢,10,145.5,robe,Both,"('衤', '半')","['二', '衣', '丨', '八']"
衽,9,145.4,lapel; hidden lapel of coat,Both,"('衤', '壬')","['衣', '士']"
褔,14,145.9,complex; double,Both,"('衤', '畐')","['一', '衣', '田', '口']"
衾,10,145.4,"coverlet, quilt",Both,"('今', '衣')","['人', '丶', '衣']"
襻,24,145.19,a loop; a belt or band,Both,"('衤', '攀')","['手', '爻', '大', '木', '衣']"
裲,13,145.8,waistcoat,Traditional,"('衤', '兩')","['一', '衣', '入', '巾']"
裕,12,145.7,"abundant, rich, plentiful",Both,"('衤', '谷')","['衣', '谷']"
襡,18,145.13,short coat,Both,"('衤', '蜀')","['勹', '衣', '虫', '网']"
袵,11,145.6,lapel; hidden lapel of coat,Both,"('衤', '任')","['人', '衣', '士']"
裄,11,145.6,sleeve length,Unknown,"('衤', '行')","['衣', '行']"
裡,12,145.7,"inside, interior, within",Both,"('衤', '里')","['里', '衣']"
裋,12,145.7,cotton clothes of a boy servant,Unknown,"('衤', '豆')","['衣', '豆']"
裉,11,145.6,seam in a garment,Both,"('衤', '艮')","['艮', '衣']"
補,12,145.7,"mend, patch, fix, repair, restore",Traditional,"('衤', '甫')","['十', '丶', '衣', '用']"
裵,14,145.8,surname; look of a flowing gown,Both,"('衣', '非')","['亠', '非']"
襶,22,145.18,ignorant; naive; unsophisticated,Both,"('衤', '戴')","['土', '八', '衣', '戈', '田', '一', '艸']"
裍,12,145.7,a border or band on the edge of a dress,Unknown,"('衤', '困')","['囗', '衣', '木']"
袗,10,145.5,unlined garments; hem of garment,Both,"('衤', '㐱')","['人', '衣', '彡']"
褰,16,145.10,underclothing; to pick up one's skirts,Both,"('𡨄', '衣')","['二', '八', '衣', '宀', '一']"
裾,13,145.8,"lapel, border of garment; skirt",Both,"('衤', '居')","['十', '衣', '尸', '口']"
袁,10,145.4,robe; surname,Both,"('𠮷', '氏')","['土', '口']"
袭,11,145.5,"raid, attack; inherit",Simplified,"('龙', '衣')","['衣', '龙']"
褂,13,145.8,"jacket, overcoat, coat; gown",Both,"('衤', '卦')","['土', '衣', '卜']"
裁,12,145.6,cut out; decrease,Both,"('𢦏', '衣')","['土', '衣', '戈']"
褲,15,145.10,"trousers, pants",Traditional,"('衤', '庫')","['車', '广', '衣']"
裯,13,145.8,coverlet; bedspread,Both,"('衤', '周')","['衣', '田', '口']"
褚,13,145.9,"bag, valise; stuff, pad; surname",Both,"('衤', '者')","['日', '衣', '老']"
襄,17,145.11,"aid, help, assist; undress",Both,"('衣', '')","['一', '二', '衣', '口']"
衿,9,145.4,collar or lapel of garment,Both,"('衤', '今')","['人', '丶', '衣']"
襇,17,145.12,folds,Traditional,"('衤', '間')","['日', '衣', '門']"
装,12,145.6,"dress, clothes, attire; fill",Simplified,"('壮', '衣')","['衣', '爿', '士']"
裈,11,145.6,"trousers, pants, shorts, drawers",Simplified,"('衤', '军')","['冖', '车', '衣']"
袱,11,145.6,a piece of cloth used wrap bundles,Both,"('衤', '伏')","['人', '衣', '犬']"
褉,14,145.9,short garments,Both,"('衤', '契')","['二', '刀', '丨', '大', '衣', '一']"
褊,14,145.9,"cramped, narrow, crowded; mean",Both,"('衤', '扁')","['户', '衣', '艸', '冂']"
衬,8,145.3,underwear; inner garments,Simplified,"('衤', '寸')","['衣', '寸']"
裶,13,145.8,long robes trailing on ground,Both,"('衤', '非')","['衣', '非']"
襪,19,145.15,"socks, stockings",Traditional,"('衤', '蔑')","['丶', '厂', '衣', '戈', '网', '艸']"
褳,15,145.11,folding purse inserted in belt,Traditional,"('衤', '連')","['車', '衣', '辵']"
袖,10,145.5,sleeve; put something in sleeve,Both,"('衤', '由')","['二', '衣', '丨', '凵']"
裟,13,145.7,a cassock or robe of a monk,Both,"('沙', '衣')","['丿', '衣', '水', '小']"
襏,17,145.12,raincoat,Traditional,"('衤', '發')","['殳', '衣', '癶', '弓']"
褪,14,145.10,"strip, undress; fall off; fade",Both,"('衤', '退')","['艮', '衣', '辵']"
裙,12,145.7,"skirt, apron, petticoat",Both,"('衤', '君')","['衣', '丨', '彐', '口']"
袜,10,145.5,"socks, stockings",Both,"('衤', '末')","['一', '衣', '木']"
襆,17,145.12,hood or cowl,Both,"('衤', '菐')","['羊', '一', '衣', '八']"
褎,14,145.9,sleeve; ample flowing robes,Both,"('衣', '臼?禾')","['禾', '一', '衣']"
襤,19,145.14,"ragged, tattered, threadbare",Traditional,"('衤', '監')","['丿', '丶', '臣', '衣', '皿', '一']"
褓,14,145.9,swaddling cloth; infancy,Both,"('衤', '保')","['人', '衣', '木', '口']"
袷,11,145.6,lined garment,Both,"('衤', '合')","['一', '人', '衣', '口']"
裳,14,145.8,clothes; skirt; beautiful,Both,"('尚', '衣')","['冖', '小', '衣', '口']"
裠,13,145.7,a short skirt,Both,"('君', '衣')","['衣', '丨', '彐', '口']"
褟,15,145.10,inner shirt or singlet,Both,"('衤', '𦐇')","['日', '羽', '衣']"
裱,13,145.8,to mount maps or scrolls to paste,Both,"('衤', '表')","['一', '土', '衣']"
襴,22,145.17,a one-piece garment,Traditional,"('衤', '闌')","['門', '八', '丨', '木', '衣', '口']"
裨,13,145.8,"aid, benefit, help; supplement",Both,"('衤', '卑')","['二', '丶', '丨', '十', '衣', '冂']"
衭,9,145.4,the lapel of a garment,Both,"('衤', '夫')","['人', '衣', '二']"
褏,14,145.9,sleeve; ample flowing robes,Both,"('衣', '臼?由')","['二', '凵', '丨', '衣', '一']"
褒,15,145.9,"praise, commend, honor, cite",Both,"('衣', '保')","['人', '衣', '木', '口']"
裆,11,145.6,crotch or seat of pants; pants,Simplified,"('衤', '当')","['小', '衣', '彐']"
袿,11,145.6,gown,Both,"('衤', '圭')","['土', '衣']"
衹,9,145.4,"only, merely, but",Traditional,"('衤', '氏')","['衣', '氏']"
褌,14,145.9,"trousers, pants, shorts, drawers",Traditional,"('衤', '軍')","['冖', '車', '衣']"
袼,11,145.6,seam below armpit,Both,"('衤', '各')","['口', '衣', '夂']"
衰,10,145.4,"decline, falter, decrease; weaken",Both,"('衣', '丑')","['一', '囗', '衣']"
襷,22,145.18,a cord for holding up sleeves,Unknown,"('衤', '擧')","['八', '手', '丨', '衣', '臼', '一']"
裌,12,145.7,lined garment,Traditional,"('衤', '夾')","['人', '衣', '大']"
褸,16,145.11,"lapel, collar; tattered, threadbare",Traditional,"('衤', '婁')","['女', '十', '衣', '口']"
襬,20,145.15,lower part of a robe,Traditional,"('衤', '罷')","['月', '厶', '衣', '网']"
襝,18,145.13,draw one's hands into sleeve,Traditional,"('衤', '僉')","['一', '人', '衣']"
褛,14,145.9,"lapel, collar; tattered, threadbare",Simplified,"('衤', '娄')","['女', '衣', '米']"
襃,16,145.11,"commend, honor, cite",Both,"('衣', '')","['一', '衣', '木', '口']"
襦,19,145.14,"short coat, jacket; fine silk fabric",Both,"('衤', '需')","['而', '衣', '雨']"
裂,12,145.6,"split, crack, break open; rend",Both,"('列', '衣')","['衣', '歹', '刀']"
衦,8,145.3,smooth out the clothes,Both,"('衤', '干')","['干', '衣']"
亵,12,8.10 145.6,"slight, insult, treat with disrespect",Simplified,"('衣', '执')","['丿', '衣', '手', '丶']"
袪,10,145.5,sleeves; cuff,Both,"('衤', '去')","['土', '衣', '厶']"
袳,11,145.6,spread one's clothes,Both,"('衤', '多')","['衣', '夕']"
裹,14,145.8,"wrap, bind; encircle, confine",Both,"('衣', '果')","['衣', '田', '木']"
襌,17,145.12,unlined garment,Traditional,"('衤', '單')","['二', '丨', '十', '衣', '口', '冂']"
袂,9,145.4,sleeves,Both,"('衤', '夬')","['人', '衣', '丨']"
褺,17,145.11,"dirty, ragged; undress, to treat with irreverence",Traditional,"('執', '衣')","['土', '丶', '丿', '八', '干', '衣']"
襋,17,145.12,collar,Both,"('衤', '棘')","['衣', '木', '冂']"
褞,14,145.10,a robe,Both,"('衤', '𥁕')","['日', '衣', '皿']"
衫,8,145.3,shirt; robe; gown; jacket,Both,"('衤', '彡')","['彡', '衣']"
裝,13,145.7,"dress, clothes; decorate; fill",Traditional,"('壯', '衣')","['衣', '爿', '士']"
襠,18,145.13,crotch or seat of pants; pants,Traditional,"('衤', '當')","['冖', '衣', '田', '小', '口']"
製,14,145.8,"make, manufacture; produce",Traditional,"('制', '衣')","['牛', '衣', '刀', '巾']"
裏,13,145.7,"inside, interior, within",Traditional,"('衣', '里')","['衣', '里']"
袺,11,145.6,hold up,Unknown,"('衤', '吉')","['衣', '口', '士']"
襜,18,145.13,flutter; shaking or vibrating,Both,"('衤', '詹')","['八', '刀', '厂', '衣', '言']"
褫,15,145.10,"strip, tear off, undress",Both,"('衤', '虒')","['虍', '几', '衣', '⺁']"
袮,10,145.5,(same as 你) deity,Both,"('衤', '尓')","['一', '丿', '衣', '小']"
褃,13,145.8,a seam in a garment,Both,"('衤', '肯')","['月', '止', '衣']"
裛,13,145.7,to wrap and bind; damp; a book bag,Both,"('衣', '邑')","['亠', '丨', '口', '乙']"
裀,11,145.6,"mat, coverlet; underwear",Both,"('衤', '因')","['囗', '衣', '大']"
袄,9,145.4,"outer garments; coat, jacket",Both,"('衤', '夭')","['衣', '大']"
褕,14,145.9,shirt,Both,"('衤', '俞')","['人', '刀', '衣', '月', '一']"
袛,10,145.5,(same as 只),Both,"('衤', '氐')","['丶', '氏', '衣']"
褱,16,145.10,"to carry in the bosom or the sleeve; to wrap, to conceal",Both,"('衣', '眔')","['衣', '网', '水']"
襭,20,145.15,tuck up hem of garment and wrap,Traditional,"('衤', '頡')","['頁', '衣', '口', '士']"
袚,10,145.5,greave; knee-pads; buskins,Both,"('衤', '犮')","['丿', '丶', '又', '衣', '一']"
襯,21,145.16,underwear; inner garments,Traditional,"('衤', '親')","['見', '十', '衣', '小', '立']"
裸,13,145.8,"bare, nude; undress, strip",Both,"('衤', '果')","['衣', '田', '木']"
补,7,145.2,"mend, patch, fix, repair, restore",Both,"('衤', '卜')","['衣', '卜']"
襵,23,145.18,a pleat in a skirt,Traditional,"('衤', '聶')","['衣', '耳']"
褙,14,145.9,paper or cloth pasted together,Both,"('衤', '背')","['月', '衣', '匕']"
衵,9,145.4,chemise,Both,"('衤', '日')","['日', '衣']"
袯,10,145.6,raincoat,Simplified,"('衤', '发')","['又', '丶', '丨', '衣']"
裘,13,145.7,fur garments; surname,Both,"('求', '衣')","['丿', '丶', '水', '衣', '一']"
褴,15,145.10,"ragged, tattered, threadbare",Simplified,"('衤', '监')","['丿', '丶', '丨', '衣', '皿', '一']"
袟,10,145.5,book cover; satchel or bag,Both,"('衤', '失')","['人', '衣', '二']"
袽,11,145.6,clothes,Both,"('衤', '如')","['女', '衣', '口']"
裪,13,145.8,the sleeve,Unknown,"('衤', '匋')","['勹', '衣', '缶']"
裴,14,145.8,surname; look of a flowing gown,Both,"('非', '衣')","['衣', '非']"
襀,16,145.11,"a pleat, fold, tuck, crease",Traditional,"('衤', '責')","['土', '貝', '衣', '一']"
襼,23,145.19,'kimono' sleeve,Traditional,"('衤', '藝')","['丿', '土', '丶', '八', '二', '厶', '衣', '艸']"
褵,15,145.11,bridal veil,Both,"('衤', '离')","['丿', '凵', '禸', '亠', '衣']"
裃,11,145.6,old ceremonial garb; samurai garb,Unknown,"('衤', '𠧗')","['一', '衣', '卜']"
被,10,145.5,passive indicator 'by'; bedding,Both,"('衤', '皮')","['皮', '衣']"
袴,11,145.6,pants; trousers; panties,Both,"('衤', '夸')","['二', '衣', '大']"
襁,17,145.11,swaddling clothes,Both,"('衤', '强')","['虫', '衣', '弓', '口']"
褢,15,145.10,"to carry in the bosom or the sleeve; to wrap, to conceal",Both,"('衣', '鬼')","['衣', '鬼']"
褆,14,145.9,handsomely dressed,Both,"('衤', '是')","['日', '一', '衣', '止']"
褯,15,145.10,children's garments. a mat for wrapping garments,Both,"('衤', '席')","['广', '衣', '廾', '巾']"
襫,20,145.15,raincoat,Both,"('衤', '奭')","['一', '衣', '白', '大']"
襚,17,145.13,grave clothes,Both,"('衤', '遂')","['衣', '豕', '八', '辵']"
襞,19,145.13,"fold, pleat, crease",Both,"('辟', '衣')","['衣', '尸', '辛', '口']"
裰,13,145.8,to mend clothes,Both,"('衤', '叕')","['衣', '又']"
襛,18,145.13,fine clothes,Traditional,"('衤', '農')","['二', '衣', '凵', '辰']"
袍,10,145.5,"long gown, robe, cloak",Both,"('衤', '包')","['勹', '衣', '己']"
袒,10,145.5,strip; lay bare; bared; naked,Both,"('衤', '旦')","['日', '一', '衣']"
裎,12,145.7,to take off the clothes and expose the body; to carry in the girdle,Both,"('衤', '呈')","['衣', '玉', '口']"
痧,12,104.7,cholera; colic,Both,"('疒', '沙')","['丿', '小', '水', '疒']"
痹,13,104.8,"paralysis, numbness",Both,"('疒', '畀')","['一', '田', '疒']"
癈,17,104.12,"abrogate, terminate, discard",Traditional,"('疒', '發')","['殳', '癶', '弓', '疒']"
疙,8,104.3,"pimple, sore, boil, wart, pustule",Both,"('疒', '乞')","['一', '丿', '疒', '乙']"
痞,12,104.7,"dyspepsia, spleen infection",Both,"('疒', '否')","['丿', '卜', '疒', '一', '口']"
瘇,14,104.9,dropsy of the leg,Unknown,"('疒', '重')","['十', '里', '疒']"
癘,17,104.13,"a sore, ulcer; pestilence",Traditional,"('疒', '萬')","['二', '禸', '丨', '疒', '艸', '冂']"
癎,17,104.12,"epilepsy, convulsions",Traditional,"('疒', '間')","['門', '日', '疒']"
瘐,13,104.9,to die in prison from cold and hunger; to treat with cruelty,Both,"('疒', '臾')","['臼', '人', '疒']"
瘊,14,104.9,"warts, pimples",Both,"('疒', '侯')","['人', '疒', '矢']"
疔,7,104.2,"carbuncle, boil, ulcer",Both,"('疒', '丁')","['一', '亅', '疒']"
瘦,14,104.10,"thin, emaciated, lean; meager",Both,"('疒', '叟')","['臼', '丨', '疒', '又']"
痵,13,104.8,a heart symptom,Both,"('疒', '季')","['禾', '子', '疒']"
瘀,13,104.8,"a hematoma, contusion; extravasated blood",Both,"('疒', '於')","['人', '丶', '方', '疒']"
瘰,16,104.11,"scrofula, swellings",Both,"('疒', '累')","['田', '糸', '疒']"
癒,18,104.13,"get well, recover",Both,"('疒', '愈')","['心', '人', '刀', '疒', '月', '一']"
療,17,104.12,"be healed, cured, recover",Traditional,"('疒', '尞')","['八', '大', '小', '疒', '日']"
痔,11,104.6,"hemorrhoids, piles",Both,"('疒', '寺')","['土', '寸', '疒']"
痱,13,104.8,"heat rash, prickly heat; ulcers",Both,"('疒', '非')","['非', '疒']"
疬,9,104.4,scrofulous lumps or swellings,Simplified,"('疒', '历')","['力', '厂', '疒']"
瘂,13,104.8,dumb,Traditional,"('疒', '亞')","['二', '疒']"
痡,12,104.7,a disease; an ailment,Both,"('疒', '甫')","['十', '丶', '用', '疒']"
瘝,15,104.10,illness; pain; neglect; useless,Both,"('疒', '眔')","['网', '疒']"
癣,19,104.14,ringworms,Simplified,"('疒', '鲜')","['鱼', '羊', '疒']"
癉,17,104.12,to hate bitterly; drought; dry,Traditional,"('疒', '單')","['二', '丨', '十', '口', '疒', '冂']"
疯,9,104.4,"crazy, insane, mentally ill",Simplified,"('疒', '风')","['风', '疒']"
瘃,13,104.8,sores from cold,Both,"('疒', '豖')","['勹', '一', '丶', '疒']"
痮,13,104.8,a swelled belly; dropsical; to swell; inflated,Traditional,"('疒', '長')","['長', '疒']"
疗,7,104.2,"be healed, cured, recover",Simplified,"('疒', '了')","['亅', '疒']"
癱,24,104.19,"paralysis, palsy, numbness",Traditional,"('疒', '難')","['二', '人', '隹', '丨', '廾', '疒', '口']"
疠,8,104.3,"a sore, ulcer; pestilence",Simplified,"('疒', '万')","['丿', '一', '疒']"
瘶,16,104.11,to cough; to expectorate,Both,"('疒', '欶')","['口', '木', '欠', '疒']"
癊,15,104.11,a disease of the heart,Both,"('疒', '陰')","['二', '人', '丶', '厶', '阝', '疒']"
痊,11,104.6,"be healed, be cured; recover",Both,"('疒', '全')","['人', '玉', '疒']"
瘯,16,104.11,itch,Both,"('疒', '族')","['丿', '矢', '方', '疒', '一']"
痄,10,104.5,"scrofulous swellings and sores, mumps",Both,"('疒', '乍')","['丿', '二', '丨', '疒', '一']"
瘙,14,104.10,itch,Both,"('疒', '蚤')","['丶', '又', '虫', '疒']"
痙,12,104.7,"convulsions, fits",Traditional,"('疒', '巠')","['一', '川', '疒', '工']"
癢,19,104.15,itch,Traditional,"('疒', '飬')","['丶', '八', '羊', '艮', '疒']"
疧,9,104.4,sick,Both,"('疒', '氏')","['氏', '疒']"
癍,17,104.12,unhealthy marks on the skin,Both,"('疒', '斑')","['文', '王', '疒']"
痚,12,104.7,asthma,Both,"('疒', '孝')","['子', '老', '疒']"
瘻,16,104.11,"fistula, sore, ulcer, goiter",Traditional,"('疒', '婁')","['女', '十', '口', '疒']"
癆,17,104.12,consumption; tuberculosis,Traditional,"('疒', '勞')","['冖', '火', '力', '疒']"
疴,10,104.5,"illness, sickness, disease; pain",Both,"('疒', '可')","['一', '亅', '口', '疒']"
痴,13,104.8,"foolish, stupid, dumb, silly",Both,"('疒', '知')","['口', '疒', '矢']"
痦,12,104.7,a sudden outbreak of spots,Both,"('疒', '吾')","['一', '口', '力', '疒']"
瘡,15,104.10,"tumor, boil, sore, wound",Traditional,"('疒', '倉')","['人', '丶', '丨', '彐', '疒', '口']"
癩,21,104.16,"leprosy, scabies, mange; shoddy",Traditional,"('疒', '賴')","['刀', '木', '貝', '疒', '口']"
疼,10,104.5,"aches, pains; be fond of; love",Both,"('疒', '冬')","['夂', '疒', '丶']"
痁,10,104.5,chronic malaria,Both,"('疒', '占')","['口', '卜', '疒']"
瘴,16,104.11,malaria pestilential vapors,Both,"('疒', '章')","['日', '十', '立', '疒']"
痗,12,104.7,ill,Both,"('疒', '每')","['一', '丿', '毋', '疒']"
痎,11,104.6,two-days' fever or chills from malaria,Both,"('疒', '亥')","['人', '亠', '丨', '疒']"
痍,11,104.6,"wound, bruise, sore",Both,"('疒', '夷')","['大', '弓', '疒']"
痩,12,104.7,"thin, emaciated, lean; meager",Both,"('疒', '申又')","['日', '丨', '疒', '又']"
瘛,15,104.10,childhood disease,Both,"('疒', '恝')","['心', '二', '刀', '丨', '疒', '一']"
病,10,104.5,"illness, sickness, disease",Both,"('疒', '丙')","['冂', '一', '人', '疒']"
痭,13,104.8,menorrhagia,Both,"('疒', '朋')","['月', '疒']"
瘵,16,104.11,a wasting disease,Both,"('疒', '祭')","['月', '示', '疒', '卩']"
痉,10,104.5,"convulsions, fits",Simplified,"('疒', '𢀖')","['疒', '工']"
痛,12,104.7,"pain, ache; sorry, sad; bitter",Both,"('疒', '甬')","['用', '疒']"
癬,22,104.17,ringworms,Traditional,"('疒', '鮮')","['羊', '魚', '疒']"
痲,13,104.8,pock-marked; leprosy; measles,Both,"('疒', '𣏟')","['木', '疒']"
癨,21,104.16,"quickly, suddenly; surname",Both,"('疒', '霍')","['隹', '疒', '雨']"
痠,12,104.7,"aching of limbs, muscular pains",Traditional,"('疒', '夋')","['厶', '夂', '八', '疒']"
疮,9,104.4,"tumor, boil, sore, wound",Simplified,"('疒', '仓')","['人', '疒', '乙']"
瘋,14,104.9,"crazy, insane, mentally ill",Traditional,"('疒', '風')","['風', '疒']"
痏,11,104.6,a bruise or contusion,Both,"('疒', '有')","['月', '丿', '一', '疒']"
痫,12,104.7,"epilepsy, convulsions",Simplified,"('疒', '闲')","['门', '木', '疒']"
瘞,15,104.10,"bury, inter",Traditional,"('㾜', '土')","['土', '大', '人', '疒']"
痐,11,104.6,"whirlwind, cyclone, storm",Both,"('疒', '回')","['囗', '疒']"
瘏,13,104.9,ill,Both,"('疒', '者')","['日', '老', '疒']"
痑,11,104.6,a disease of horses,Both,"('疒', '多')","['疒', '夕']"
瘺,16,104.11,"anal fistula; tumor, sore",Traditional,"('疒', '屚')","['尸', '疒', '雨']"
瘧,14,104.9,intermittent fever; malaria,Traditional,"('疒', '虐')","['虍', '疒']"
痜,12,104.7,a scabby bald head,Both,"('疒', '秃')","['禾', '几', '疒']"
瘁,13,104.8,"feel tired, be weary, be worn out",Both,"('疒', '卒')","['十', '亠', '人', '疒']"
疝,8,104.3,"hernia, rupture",Both,"('疒', '山')","['山', '疒']"
瘢,15,104.10,"scar, mole",Both,"('疒', '般')","['殳', '舟', '疒']"
瘕,14,104.9,asthma; disease of the bowels,Both,"('疒', '叚')","['又', '二', '尸', '疒']"
痼,13,104.8,chronic disease,Both,"('疒', '固')","['囗', '口', '十', '疒']"
癃,16,104.12,"weakness, infirmity retention of urine",Both,"('疒', '隆')","['夂', '生', '阝', '疒', '一']"
疕,7,104.2,head sores,Both,"('疒', '匕')","['匕', '疒']"
疤,9,104.4,"scar, cicatrix; birthmark",Both,"('疒', '巴')","['丨', '疒', '乙']"
瘚,15,104.10,to hiccough; the humours of the body,Both,"('疒', '欮')","['八', '屮', '疒', '一', '欠']"
癟,19,104.14,"shrivelled up, dried up; vexed",Traditional,"('疒', '自亼冊')","['人', '疒', '一', '自', '艸', '冂']"
瘨,15,104.10,mad; ill,Both,"('疒', '真')","['八', '十', '目', '疒', '一']"
癲,24,104.19,"crazy, mad; madness, mania, insanity",Traditional,"('疒', '顛')","['八', '十', '目', '疒', '頁', '一']"
疹,10,104.5,measles; rash; fever,Both,"('疒', '㐱')","['人', '彡', '疒']"
疳,10,104.5,childhood diseases,Both,"('疒', '甘')","['甘', '疒']"
症,10,104.5,"disease, illness, ailment",Both,"('疒', '正')","['一', '疒', '止']"
癠,19,104.14,sick,Traditional,"('疒', '齊')","['齊', '疒']"
癌,17,104.12,cancer; marmoset,Both,"('疒', '嵒')","['口', '山', '疒']"
瘓,14,104.9,"paralysis, numbness of limbs",Traditional,"('疒', '奐')","['八', '刀', '大', '疒', '冂']"
瘤,15,104.10,"tumor, lump, goiter",Both,"('疒', '留')","['田', '疒', '卩']"
痤,12,104.7,a swelling of the lymph nodes,Both,"('疒', '坐')","['土', '人', '疒']"
疰,10,104.5,summer-time disease,Both,"('疒', '主')","['丶', '玉', '疒']"
癡,19,104.14,"silly, foolish, idiotic",Both,"('疒', '疑')","['疋', '匕', '疒', '矢']"
瘜,15,104.10,a polyp,Both,"('疒', '息')","['心', '自', '疒']"
癕,18,104.13,loss of the sense of smell,Both,"('疒', '雍')","['隹', '丿', '亠', '疒']"
瘭,16,104.11,a whitlow,Both,"('疒', '票')","['襾', '疒', '示']"
癰,23,104.18,"carbuncle, sore, ulcer, abscess",Traditional,"('疒', '雝')","['川', '隹', '邑', '疒']"
癫,21,104.16,"crazy, mad; madness, mania, insane",Simplified,"('疒', '颠')","['八', '页', '十', '目', '疒', '一']"
痕,11,104.6,scar; mark; trace,Both,"('疒', '艮')","['艮', '疒']"
痨,12,104.7,consumption; tuberculosis,Simplified,"('疒', '劳')","['冖', '力', '艸', '疒']"
疖,7,104.2,"pimple, sore, boil",Simplified,"('疒', '卩')","['丨', '疒']"
痃,10,104.5,"indigestion; buboes, lymphatic inflammation",Both,"('疒', '玄')","['玄', '疒']"
痌,11,104.6,"ache, be in pain; painful",Both,"('疒', '同')","['冂', '一', '口', '疒']"
瘉,14,104.9,"get well, recover",Both,"('疒', '兪')","['人', '刀', '疒', '月', '一']"
痻,13,104.8,suffer,Both,"('疒', '昏')","['日', '氏', '疒']"
痳,13,104.8,pock-marked; leprosy; measles,Both,"('疒', '林')","['木', '疒']"
癮,21,104.17,"rash; addiction, craving, habit",Traditional,"('疒', '隱')","['心', '爪', '彐', '阝', '疒', '工']"
痯,13,104.8,sick,Both,"('疒', '官')","['宀', '己', '疒']"
瘆,13,104.8,to shiver; frightening,Simplified,"('疒', '参')","['厶', '大', '彡', '疒']"
痿,13,104.8,paralysis; impotence,Both,"('疒', '委')","['禾', '女', '疒']"
瘲,16,104.11,"spasms or convulsions in young children, caused by indigestion",Traditional,"('疒', '從')","['人', '彳', '疒', '止']"
瘼,15,104.11,sickness; distress,Both,"('疒', '莫')","['日', '大', '艸', '疒']"
痘,12,104.7,smallpox,Both,"('疒', '豆')","['豆', '疒']"
痒,11,104.6,itch,Both,"('疒', '羊')","['羊', '疒']"
瘾,16,104.11,"rash; addiction, craving, habit",Simplified,"('疒', '隐')","['心', '刀', '彐', '阝', '疒']"
痂,10,104.5,scab,Both,"('疒', '加')","['口', '力', '疒']"
癧,21,104.16,scrofulous lumps or swellings,Traditional,"('疒', '歷')","['禾', '止', '厂', '疒']"
疲,10,104.5,"feel tired, be exhausted; weak",Both,"('疒', '皮')","['皮', '疒']"
瘅,13,104.8,to hate bitterly; drought; dry,Simplified,"('疒', '单')","['二', '八', '丨', '十', '疒', '冂']"
痾,12,104.8,chronic illness; dysentery,Traditional,"('疒', '阿')","['口', '阝', '疒', '一', '亅']"
癖,18,104.13,"craving, weakness for; indigestion",Both,"('疒', '辟')","['口', '尸', '辛', '疒']"
瘖,14,104.9,"dumb, mute, unable speak",Traditional,"('疒', '音')","['音', '疒']"
痪,12,104.7,"paralysis, numbness of limbs",Simplified,"('疒', '奂')","['冂', '刀', '大', '疒']"
癤,18,104.15,"pimple, sore, boil",Traditional,"('疒', '節')","['丶', '竹', '丨', '彐', '疒', '卩', '乙']"
疫,9,104.4,"epidemic, plague, pestilence",Both,"('疒', '殳')","['殳', '疒']"
疭,9,104.4,"spasms or convulsions in young children, caused by indigestion",Simplified,"('疒', '从')","['人', '疒']"
瘿,16,104.11,"swelling, goiter",Simplified,"('疒', '婴')","['女', '疒']"
癀,16,104.12 104.11,jaundice,Both,"('疒', '黄')","['二', '凵', '八', '丨', '疒', '一', '艸']"
癥,20,104.15,obstruction of bowels,Traditional,"('疒', '徵')","['彳', '山', '疒', '一', '玉', '攴']"
瘌,14,104.9,severe; poisonous; dangerous; itch and other skin diseases,Both,"('疒', '剌')","['口', '木', '刀', '疒']"
疵,11,104.5,"flaw, fault, defect; disease",Both,"('疒', '此')","['止', '匕', '疒']"
瘘,14,104.9,"fistula, sore, ulcer, goiter",Both,"('疒', '娄')","['女', '米', '疒']"
疽,10,104.5,"ulcer, carbuncle, abscess",Both,"('疒', '且')","['月', '一', '疒']"
痰,13,104.8,"phlegm, mucus, spittle",Both,"('疒', '炎')","['火', '疒']"
瘮,16,104.11,to shiver; frightening,Traditional,"('疒', '參')","['厶', '人', '彡', '疒']"
瘩,14,104.10,pimples,Both,"('疒', '荅')","['人', '疒', '一', '艸', '口']"
瘸,16,104.11,"lameness, paralysis of hands, leg",Both,"('疒', '𦙲')","['口', '力', '肉', '疒']"
疸,10,104.5,jaundice; disorders of stomach,Both,"('疒', '旦')","['日', '一', '疒']"
瘟,14,104.9 104.10,"epidemic, plague, pestilence",Both,"('疒', '𥁕')","['日', '皿', '疒']"
癯,23,104.18,"thin, emaciated; worn, tired",Both,"('疒', '瞿')","['目', '隹', '疒']"
痖,11,104.6,dumb,Simplified,"('疒', '亚')","['一', '八', '疒']"
癞,18,104.13,"leprosy, scabies, mange; shoddy",Simplified,"('疒', '赖')","['刀', '贝', '木', '疒', '口']"
癅,17,104.12,"a swelling, tumor",Unknown,"('疒', '畱')","['一', '田', '疒']"
疻,10,104.5,injury caused by being struck; a bruise,Both,"('疒', '只')","['口', '八', '疒']"
癜,18,104.13,erythema,Both,"('疒', '殿')","['八', '尸', '疒', '一', '艸', '殳']"
疢,9,104.4,"aching of limbs, muscular pains",Both,"('疒', '火')","['火', '疒']"
癔,18,104.13,hysterical,Both,"('疒', '意')","['心', '音', '疒']"
疚,8,104.3,"chronic disease, chronic illness; sorrow",Both,"('疒', '久')","['勹', '疒']"
痣,12,104.7,"spots, moles; birthmark",Both,"('疒', '志')","['心', '疒', '士']"
癙,18,104.13,ill,Both,"('疒', '鼠')","['鼠', '疒']"
疱,10,104.5,acne,Both,"('疒', '包')","['勹', '己', '疒']"
疿,10,104.5,"prickly heat, rash",Unknown,"('疒', '弗')","['弓', '疒']"
瘗,14,104.9,"bury, inter",Simplified,"('疒', '夹土')","['二', '人', '土', '八', '疒']"
瘥,14,104.10,to recover from any disease; an epidemic,Both,"('疒', '差')","['羊', '疒', '工']"
瘈,14,104.9,prolonged fever; chronic malaria,Both,"('疒', '契')","['二', '刀', '丨', '大', '疒', '一']"
疡,8,104.4,"ulcers, sores; infection",Simplified,"('疒', '𠃓')",['疒']
痀,10,104.5,to crouch; a hunchback,Both,"('疒', '句')","['勹', '口', '疒']"
瘳,16,104.11,to be healed; to reform,Both,"('疒', '翏')","['人', '羽', '彡', '疒']"
疟,8,104.3,intermittent fever; malaria,Simplified,"('疒', '匚一')",['疒']
疾,10,104.5,"illness, disease, sickness; to hate",Both,"('疒', '矢')","['疒', '矢']"
疣,9,104.4,wart; tumor; goiter; papule,Both,"('疒', '尤')","['尢', '丶', '疒']"
痈,10,104.5,"carbuncle, sore, ulcer, abscess",Simplified,"('疒', '用')","['用', '疒']"
疥,9,104.4,"scabies, itch",Both,"('疒', '介')","['人', '疒']"
瘪,15,104.10,"shrivelled up, dried up; vexed",Simplified,"('疒', '自仑')","['人', '自', '匕', '疒']"
癭,22,104.17,"swelling, goiter",Traditional,"('疒', '嬰')","['女', '貝', '疒']"
瘫,15,104.10,"paralysis, palsy, numbness",Simplified,"('疒', '难')","['隹', '又', '疒']"
瘍,14,104.9,"ulcers, sores; infection",Traditional,"('疒', '昜')","['日', '一', '勹', '疒']"
痺,13,104.8,"paralysis, numbness",Both,"('疒', '卑')","['二', '丶', '丨', '十', '疒', '冂']"
癇,17,104.12,"epilepsy, convulsions",Traditional,"('疒', '閒')","['門', '月', '疒']"
痢,12,104.7,dysentery,Both,"('疒', '利')","['禾', '刀', '疒']"
瘠,15,104.10,"thin, emaciated; barren",Both,"('疒', '脊')","['月', '人', '疒', '冫']"
驹,8,187'.5,"colt; fleet, swift; sun; surname",Simplified,"('马', '句')","['勹', '马', '口']"
馲,13,187.3,camel,Traditional,"('馬', '乇')","['馬', '一', '乙']"
騁,17,187.7,"gallop; hasten, hurry",Traditional,"('馬', '甹')","['二', '凵', '馬', '丨', '一']"
駰,16,187.6,grey horse,Traditional,"('馬', '因')","['馬', '囗', '大']"
駬,16,187.6,name of a legendary swift horse,Traditional,"('馬', '耳')","['馬', '耳']"
骕,11,187'.8,name of a famous horse,Simplified,"('马', '肃')","['马', '聿', '小']"
骞,13,187'.10,"raise, hold high; fly, soar",Simplified,"('𡨄', '马')","['二', '八', '马', '宀', '一']"
駾,17,187.7,run away,Traditional,"('馬', '兌')","['馬', '八', '口', '儿']"
骛,12,187'.9,"gallop; rush about; pursue, run",Simplified,"('敄', '马')","['马', '矛', '攴']"
駟,15,187.5,team of four horses,Traditional,"('馬', '四')","['馬', '囗', '儿']"
騑,18,187.8,horse; run,Traditional,"('馬', '非')","['馬', '非']"
駁,14,187.4,"varicolored, variegated; mixed; contradict, argue; suddenly",Traditional,"('馬', '爻')","['馬', '爻']"
騧,18,187.9,tan or piebald horse,Traditional,"('馬', '咼')","['馬', '口', '冂']"
駢,16,187.6,"team of horses; associate, join",Traditional,"('馬', '并')","['馬', '一', '廾', '八']"
騣,19,187.9,mane,Traditional,"('馬', '㚇')","['凵', '丿', '八', '夂', '馬']"
騄,18,187.8,name of a legendary swift horse,Traditional,"('馬', '录')","['馬', '水', '彐']"
骃,9,187'.6,grey horse,Simplified,"('马', '因')","['囗', '马', '大']"
骉,9,187'.6,running; herd of horses,Simplified,"('马', None)",['马']
駙,15,187.5,extra horse; imperial son-in-law,Traditional,"('馬', '付')","['馬', '人', '寸']"
骟,13,187'.10,"geld, castrate",Simplified,"('马', '扇')","['户', '马', '羽']"
骝,13,187'.10,famous horse,Simplified,"('马', '留')","['马', '田', '卩']"
驫,30,187.20,horses,Traditional,"('馬', None)",['馬']
驺,8,187'.5,mounted escort; groom,Simplified,"('马', '刍')","['马', '刀', '彐']"
騞,19,187.9,the sound of a knife cracking or breaking something; suddenly,Traditional,"('馬', '砉')","['二', '馬', '丨', '一', '石']"
驃,21,187.11,"charger, steed; swift, valiant",Traditional,"('馬', '票')","['馬', '襾', '示']"
騮,20,187.10,famous horse,Traditional,"('馬', '留')","['馬', '田', '卩']"
騢,19,187.9,bay,Traditional,"('馬', '叚')","['馬', '二', '尸', '又']"
馿,14,187.4,an ass; a donkey,Both,"('馬', '户')","['馬', '户']"
驕,22,187.12,spirited horse; haughty,Traditional,"('馬', '喬')","['馬', '冂', '大', '口']"
騏,18,187.8,piebald horse; excellent horse,Traditional,"('馬', '其')","['馬', '一', '甘', '八']"
馱,13,187.3,carry on back,Traditional,"('馬', '大')","['馬', '大']"
駝,15,187.5,a camel; humpbacked; to carry on the back,Traditional,"('馬', '它')","['馬', '匕', '宀']"
驛,23,187.13,relay station,Traditional,"('馬', '睪')","['土', '八', '馬', '干', '网']"
驝,24,187.14,a camel; the name of an office,Both,"('馬', '槖')","['士', '馬', '木', '冖', '石']"
駈,15,187.5,"spur a horse on; expel, drive away",Unknown,"('馬', '丘')","['馬', '一', '斤']"
駿,17,187.7,"excellent horse, noble steed",Traditional,"('馬', '夋')","['馬', '厶', '八', '夂']"
騌,18,187.8,a horse's mane; bristles,Traditional,"('馬', '宗')","['馬', '宀', '示']"
駻,17,187.7,"a fierce horse; to rage, run wild",Traditional,"('馬', '旱')","['馬', '干', '日']"
騃,17,187.7,stupid; foolish,Traditional,"('馬', '矣')","['馬', '厶', '矢']"
驴,7,187'.4,"donkey, ass",Simplified,"('马', '户')","['户', '马']"
骂,9,187'.6,"accuse, blame, curse, scold",Simplified,"('口', '马')","['马', '口']"
騸,20,187.10,"geld, castrate",Traditional,"('馬', '扇')","['馬', '户', '羽']"
骏,10,187'.7,"excellent horse, noble steed",Simplified,"('马', '夋')","['厶', '马', '八', '夂']"
駅,14,187.4,relay station,Both,"('馬', '尺')","['馬', '尸']"
骥,19,187'.16,thoroughbred horse; refined and,Simplified,"('马', '冀')","['八', '匕', '马', '田', '一', '艸']"
骎,10,187'.7,galloping; speeding,Simplified,"('马', '𠬶')","['冖', '马', '又', '彐']"
驁,20,187.11,"wild horse, mustang; wild",Traditional,"('敖', '馬')","['丿', '土', '馬', '一', '攴']"
驵,8,187'.5,"excellent horse, noble steed",Simplified,"('马', '且')","['月', '一', '马']"
骍,10,187'.7,"red, brown, bay; neat, harmonious",Simplified,"('马', '辛')","['马', '辛']"
駘,15,187.5,"an old, tired horse, a jade; tired, exhausted",Traditional,"('馬', '台')","['馬', '厶', '口']"
駱,16,187.6,a white horse with black mane; a camel,Traditional,"('馬', '各')","['馬', '口', '夂']"
駮,16,187.6,"a kind of fierce animal; join; argue; transfer; piebald horse, variegated",Traditional,"('馬', '交')","['馬', '丿', '亠', '八']"
馴,13,187.3,"tame, docile, obedient",Traditional,"('馬', '川')","['馬', '川']"
骄,9,187'.6,spirited horse; haughty,Simplified,"('马', '乔')","['马', '大']"
駜,15,187.5,strong horse,Traditional,"('馬', '必')","['馬', '丿', '心']"
駞,15,187.5,camel,Traditional,"('馬', '㐌')","['丿', '馬', '丨', '一', '乙']"
骢,14,187'.11,horse with a bluish white color,Simplified,"('马', '悤')","['心', '丶', '夂', '囗', '马']"
骐,11,187'.8,piebald horse; excellent horse,Simplified,"('马', '其')","['一', '马', '八', '甘']"
驳,7,187'.4,"varicolored, variegated; mixed",Simplified,"('马', '爻')","['马', '爻']"
騤,19,187.9,(of a horse) lively; vigorous,Traditional,"('馬', '癸')","['馬', '一', '大', '癶']"
騙,19,187.9,"swindle, cheat out of, defraud",Traditional,"('馬', '扁')","['馬', '户', '艸', '冂']"
骘,12,187'.9,stallion; promote,Simplified,"('陟', '马')","['丿', '止', '马', '阝', '小']"
駹,17,187.7,black horse with a white face,Traditional,"('馬', '尨')","['丿', '丶', '馬', '彡', '一', '乙']"
騲,19,187.10,"the female of certain animals such as horses, a mare",Traditional,"('馬', '草')","['馬', '十', '艸', '日']"
驾,8,187'.5,"to drive, sail, fly; a cart, carriage",Simplified,"('加', '马')","['口', '马', '力']"
騰,20,187.10,fly; gallop; run; prance; rise,Traditional,"('月', '駦')","['二', '八', '馬', '丨', '月']"
驶,8,187'.5,"sail, drive, pilot; fast, quick",Simplified,"('马', '史')","['丿', '马', '丨', '口']"
驻,8,187'.5,"to be stationed at, reside at; to stop",Simplified,"('马', '主')","['马', '玉', '丶']"
駸,17,187.7,galloping; speeding,Traditional,"('馬', '𠬶')","['馬', '又', '冖', '彐']"
駃,14,187.4,gallop,Traditional,"('馬', '夬')","['馬', '人', '丨']"
騵,20,187.10,bay,Traditional,"('馬', '原')","['馬', '白', '厂', '小']"
驼,8,187'.5,a camel; humpbacked; to carry on the back,Simplified,"('马', '它')","['宀', '马', '匕']"
験,18,187.8,"test, examine, inspect; verify",Unknown,"('馬', '㑒')","['人', '八', '馬', '丨', '一', '口']"
馹,14,187.4,"post horse, relay horse",Traditional,"('馬', '日')","['馬', '日']"
駑,15,187.5,"tired, old horse; old, weak",Traditional,"('奴', '馬')","['女', '又', '馬']"
骠,14,187'.11,"charger, steed; swift, valiant",Simplified,"('马', '票')","['襾', '马', '示']"
駪,16,187.6,crowd,Traditional,"('馬', '先')","['馬', '牛', '儿']"
馵,13,187.3,horse with white back legs,Traditional,"('馬', '廾')","['馬', '廾']"
駒,15,187.5,"colt; fleet, swift; sun; surname",Traditional,"('馬', '句')","['馬', '勹', '口']"
骁,9,187'.6,"excellent horse; brave, valiant",Simplified,"('马', '尧')","['一', '马', '儿']"
騍,18,187.8,mare,Traditional,"('馬', '果')","['馬', '田', '木']"
驍,22,187.12,"excellent horse; brave, valiant",Traditional,"('馬', '堯')","['馬', '一', '土', '儿']"
驊,20,187.12,an excellent horse,Traditional,"('馬', '華')","['二', '馬', '丨', '一', '艸']"
騘,19,187.9,a piebald horse,Both,"('馬', '怱')","['馬', '丶', '勹', '心']"
驌,23,187.12,name of a famous horse,Traditional,"('馬', '肅')","['馬', '一', '聿']"
驥,26,187.17,thoroughbred horse; refined,Traditional,"('馬', '冀')","['八', '馬', '匕', '田', '一', '艸']"
驆,20,187.11,used in transliterating Buddhist books,Both,"('馬', '畢')","['二', '馬', '丨', '田', '一', '艸']"
駓,15,187.5,gallop,Traditional,"('馬', '丕')","['馬', '一', '卜', '丿']"
驟,24,187.14,procedure; gallop; sudden(ly),Traditional,"('馬', '聚')","['馬', '丿', '又', '耳']"
騾,21,187.11,mule,Traditional,"('馬', '累')","['馬', '田', '糸']"
骇,9,187'.6,"terrify, frighten, scare; shock",Simplified,"('马', '亥')","['人', '马', '丨', '亠']"
骑,11,187'.8,ride horseback; mount; cavalry,Simplified,"('马', '奇')","['亅', '大', '马', '一', '口']"
騅,18,187.8,piebald horse,Traditional,"('馬', '隹')","['馬', '隹']"
骅,9,187'.6,an excellent horse,Simplified,"('马', '华')","['十', '马', '匕', '人']"
骜,13,187'.10,"wild horse, mustang; wild",Simplified,"('敖', '马')","['丿', '土', '马', '一', '攴']"
驄,21,187.11,horse with a bluish white color,Traditional,"('馬', '悤')","['心', '丶', '夂', '馬', '囗']"
騂,17,187.7,"red, brown, bay; neat, harmonious",Traditional,"('馬', '辛')","['馬', '辛']"
骙,12,187'.9,(of a horse) lively; vigorous,Simplified,"('马', '癸')","['大', '一', '马', '癶']"
驩,27,187.18,"happy, pleased, glad; joy; to enjoy",Traditional,"('馬', '雚')","['馬', '隹', '艸', '口']"
骚,12,187'.9,"harass, bother, annoy, disturb",Simplified,"('马', '蚤')","['马', '又', '虫', '丶']"
驒,22,187.12,dappled,Traditional,"('馬', '單')","['二', '馬', '丨', '十', '口', '冂']"
駉,15,187.5,big,Traditional,"('馬', '冋')","['馬', '口', '冂']"
駐,15,187.5,"to be stationed at, reside at; to stop",Traditional,"('馬', '主')","['馬', '丶', '玉']"
騺,21,187.11,heavy horse; horse unable to move because of twisted leg; plodding,Traditional,"('執', '馬')","['土', '丶', '丿', '八', '馬', '干']"
騉,18,187.8,fine horse,Traditional,"('馬', '昆')","['馬', '比', '日']"
騨,19,187.9,dappled,Unknown,"('馬', '単')","['二', '馬', '丨', '十', '小', '冂']"
骗,12,187'.9,"swindle, cheat out of, defraud",Simplified,"('马', '扁')","['户', '马', '艸', '冂']"
駴,17,187.7,drum,Traditional,"('馬', '戒')","['馬', '戈', '廾']"
馭,12,187.2,"drive, ride; manage, control",Traditional,"('馬', '又')","['馬', '又']"
駛,15,187.5,"sail, drive, pilot; fast, quick",Traditional,"('馬', '史')","['馬', '丿', '丨', '口']"
馮,12,187.2,surname; gallop; by dint of,Traditional,"('冫', '馬')","['馬', '冫']"
驸,8,187'.5,extra horse; imperial son-in-law,Simplified,"('马', '付')","['人', '马', '寸']"
骤,17,187'.14,procedure; gallop; sudden(ly),Simplified,"('马', '聚')","['丿', '马', '又', '耳']"
駽,17,187.7,grey,Traditional,"('馬', '肙')","['馬', '月', '口']"
骋,10,187'.7,"gallop horse; hasten, hurry",Simplified,"('马', '甹')","['二', '凵', '丨', '马', '一']"
骡,14,187'.11,mule,Simplified,"('马', '累')","['马', '田', '糸']"
騐,18,187.8,"to verity, to fulfil; to examine, to hold an inquest",Both,"('馬', '念')","['馬', '人', '丶', '心']"
驀,20,187.11,"suddenly, quickly, abruptly",Traditional,"('莫', '馬')","['日', '馬', '大', '艸']"
驱,7,187'.4,"spur a horse on; expel, drive away",Simplified,"('马', '区')","['丿', '匚', '马']"
驿,8,187'.5,relay station,Simplified,"('马', '夅')","['二', '马', '又', '丨']"
騒,18,187.8,"harass, bother, annoy, disturb",Unknown,"('馬', '𧈡')","['馬', '又', '虫']"
騖,19,187.9,"gallop; rush about; pursue, run",Traditional,"('敄', '馬')","['馬', '矛', '攴']"
騎,18,187.8,ride horseback; mount; cavalry,Traditional,"('馬', '奇')","['亅', '馬', '大', '一', '口']"
驢,26,187.16,"donkey, ass",Traditional,"('馬', '盧')","['馬', '虍', '田', '皿']"
驗,23,187.13,"test, examine, inspect; verify",Traditional,"('馬', '僉')","['馬', '人', '一']"
驈,22,187.12,black horses,Traditional,"('馬', '矞')","['八', '馬', '冂', '矛', '口']"
驉,21,187.12,a mule-like animal,Traditional,"('馬', '虚')","['馬', '虍', '八', '一']"
駦,16,187.6,"to mount, to ascend; to move, to turn out",Both,"('关', '馬')","['馬', '二', '丨', '八']"
驦,27,187.17,horse,Traditional,"('馬', '霜')","['馬', '目', '木', '雨']"
骊,10,187'.7,a pure black horse; a pair of horses,Simplified,"('马', '丽')","['一', '马']"
驂,21,187.11,two outside ones in three horse,Traditional,"('馬', '參')","['馬', '人', '厶', '彡']"
駆,14,187.4,"spur a horse on; expel, drive away",Unknown,"('馬', '区')","['馬', '匚', '丿']"
駕,15,187.5,"to drive, sail, fly; a cart, carriage",Traditional,"('加', '馬')","['馬', '口', '力']"
騗,19,187.9,to swindle; to cheat,Traditional,"('扁', '馬')","['馬', '户', '艸', '冂']"
騳,20,187.10,"run, race",Traditional,"('馬', None)",['馬']
驏,22,187.12,unsaddled horse,Traditional,"('馬', '孱')","['馬', '子', '尸']"
驤,27,187.17,gallop about with head uplifted,Traditional,"('馬', '襄')","['二', '馬', '衣', '一', '口']"
駔,15,187.5,"excellent horse, noble steed",Traditional,"('馬', '且')","['馬', '一', '月']"
骣,15,187'.12,horse without saddle,Simplified,"('马', '孱')","['子', '马', '尸']"
騕,19,187.9,name of a fabulous horse,Traditional,"('馬', '要')","['馬', '襾', '女']"
驪,29,187.19,a pure black horse; a pair of horses,Traditional,"('馬', '麗')","['馬', '一', '鹿']"
驮,6,187'.3,carry on back,Simplified,"('马', '大')","['马', '大']"
骦,20,187'.17,horse,Simplified,"('马', '霜')","['目', '马', '木', '雨']"
驰,6,187'.3,go quickly or swiftly; hurry,Simplified,"('马', '也')","['马', '丨', '乙']"
驭,5,187'.2,"drive, ride; manage, control",Simplified,"('马', '又')","['马', '又']"
骈,9,187'.6,"team of horses; associate, join",Simplified,"('马', '并')","['一', '马', '廾', '八']"
騶,20,187.10,mounted escort; groom,Traditional,"('馬', '芻')","['馬', '勹', '艸']"
驖,23,187.13,black (horse),Traditional,"('馬', '𢧜')","['土', '馬', '戈', '玉', '口']"
駭,16,187.6,"terrify, frighten, scare; shock",Traditional,"('馬', '亥')","['馬', '人', '亠', '丨']"
驘,23,187.13,mule,Both,"('𣎆', '馬')","['丶', '馬', '匸', '月', '几', '口']"
驷,8,187'.5,team of four horses; horses,Simplified,"('马', '四')","['囗', '马', '儿']"
騠,19,187.9,"a horse, mule",Traditional,"('馬', '是')","['馬', '一', '日', '止']"
骓,11,187'.8,piebald horse,Simplified,"('马', '隹')","['马', '隹']"
饟,25,184.17 187.17,rations and pay for soldiers; dried rice,Traditional,"('食', '襄')","['人', '丶', '二', '丨', '彐', '衣', '口', '一', '乙']"
驇,21,187.11,heavy horse; horse unable to move because of twisted leg; plodding,Unknown,"('埶', '馬')","['丿', '土', '丶', '八', '馬']"
驚,22,187.13,"frighten, surprise, startle",Traditional,"('敬', '馬')","['馬', '口', '勹', '艸', '攴']"
騷,19,187.10,"harass, bother, annoy, disturb, agitate; sad, grieved",Traditional,"('馬', '蚤')","['馬', '丶', '又', '虫']"
騯,20,187.10,"loud, noisy, boisterous; fight",Traditional,"('馬', '旁')","['八', '馬', '冖', '亠', '方']"
验,10,187'.7,"test, examine, inspect; verify",Simplified,"('马', '佥')","['一', '人', '马', '小']"
騭,19,187.10,stallion; promote,Traditional,"('陟', '馬')","['丿', '止', '馬', '阝', '小']"
驽,8,187'.5,"tired, old horse; old, weak",Simplified,"('奴', '马')","['女', '马', '又']"
驔,22,187.12,black horse,Traditional,"('馬', '覃')","['馬', '十', '日', '襾']"
骀,8,187'.5,"an old, tired horse, a jade; tired, exhausted",Simplified,"('马', '台')","['厶', '马', '口']"
驅,21,187.11,"spur a horse on; expel, drive away",Traditional,"('馬', '區')","['馬', '匚', '口']"
骆,9,187'.6,a white horse with black mane; a camel,Simplified,"('马', '各')","['马', '口', '夂']"
骔,11,187'.8,a horse's mane; bristles,Simplified,"('马', '宗')","['宀', '马', '示']"
驯,6,187'.3,"tame, docile, obedient",Simplified,"('马', '川')","['马', '川']"
駏,14,187.5,offspring of a stallion and a she-mule,Traditional,"('馬', '巨')","['馬', '匚']"
騋,18,187.8,tall (7 chi) horse,Traditional,"('馬', '來')","['馬', '人', '木']"
馳,13,187.3,go quickly or swiftly; hurry,Traditional,"('馬', '也')","['馬', '丨', '乙']"
骖,11,187'.8,two outside ones in three horse,Simplified,"('马', '参')","['厶', '马', '大', '彡']"
骧,20,187'.17,gallop about with head uplifted,Simplified,"('马', '襄')","['二', '马', '衣', '一', '口']"
骒,11,187'.8,mother horse,Simplified,"('马', '果')","['马', '田', '木']"
騈,18,187.8,team of horses; associate,Both,"('馬', '幷')","['馬', '干']"
騻,21,187.11,horse,Traditional,"('馬', '爽')","['馬', '爻', '大']"
駄,14,187.4,a horse load; a pack-horse,Traditional,"('馬', '太')","['馬', '丶', '大']"
騫,20,187.10,"raise, hold high; fly, soar",Traditional,"('𡨄', '馬')","['二', '八', '馬', '宀', '一']"
驲,7,187'.4,"post horse, relay horse",Simplified,"('马', '日')","['日', '马']"
秥,10,115.5,white rice,Both,"('禾', '占')","['禾', '卜', '口']"
穄,16,115.11,panicled millet,Both,"('禾', '祭')","['禾', '月', '示', '卩']"
秃,7,115.2,bald,Both,"('禾', '几')","['禾', '几']"
穗,17,115.12,ear of grain; tassel; Guangzhou,Both,"('禾', '惠')","['心', '丨', '日', '十', '禾']"
秖,9,115.4,grain that has started to ripen,Both,"('禾', '氏')","['禾', '氏']"
积,10,115.5,"accumulate, store up, amass",Simplified,"('禾', '只')","['禾', '八', '口']"
秄,8,115.3,to hoe,Both,"('禾', '子')","['禾', '子']"
秪,10,115.5,"only, merely",Both,"('禾', '氐')","['禾', '丶', '氏']"
穧,19,115.14,sheaf,Traditional,"('禾', '齊')","['禾', '齊']"
稟,13,115.8,"report to, petition",Traditional,"('㐭', '禾')","['禾', '囗', '亠']"
稅,12,115.7,"taxes, revenue, duty; tax",Traditional,"('禾', '兌')","['禾', '八', '口', '儿']"
稔,13,115.8,"ripe grain; harvest; to know, be familiar with",Both,"('禾', '念')","['禾', '人', '丶', '心']"
稞,13,115.8,grain ready for grinding; grain,Both,"('禾', '果')","['禾', '田', '木']"
秊,8,115.3,year; new-years; person's age,Unknown,"('禾', '千')","['禾', '十']"
稂,12,115.7,grass; weeds,Both,"('禾', '良')","['禾', '丶', '艮']"
穟,17,115.13,ear of grain; ripe grain,Both,"('禾', '遂')","['禾', '豕', '八', '辵']"
程,12,115.7,"journey, trip; schedule, agenda",Both,"('禾', '呈')","['禾', '玉', '口']"
種,14,115.9,seed; race; offspring; to plant,Traditional,"('禾', '重')","['禾', '十', '里']"
穡,18,115.13,"farm, harvest grain; stingy",Traditional,"('禾', '嗇')","['禾', '土', '囗', '人']"
秾,11,115.6,"thick, lush, in clusters",Simplified,"('禾', '农')","['禾', '巾']"
稈,12,115.7,stalk of grain; straw,Traditional,"('禾', '旱')","['禾', '干', '日']"
稑,13,115.8,rice,Both,"('禾', '坴')","['禾', '土', '八']"
稬,14,115.9,"glutinous, sticky",Both,"('禾', '耎')","['禾', '而', '大']"
穤,19,115.14,glutinous rice,Both,"('禾', '需')","['禾', '而', '雨']"
稍,12,115.7,"little, slightly; rather",Both,"('禾', '肖')","['禾', '月', '小']"
稆,11,115.6,wild grain,Simplified,"('禾', '吕')","['禾', '口']"
稚,13,115.8,"young, immature; childhood",Both,"('禾', '隹')","['禾', '隹']"
穊,14,115.9,plough deep; sown slowly,Both,"('禾', '既')","['丶', '无', '丨', '彐', '禾', '乙']"
稷,15,115.10,god of cereals; minister of agriculture,Both,"('禾', '畟')","['禾', '田', '八', '夂']"
秉,8,115.3,"grasp, hold; bundle; authority",Both,"('禾', '⺕')","['禾', '彐']"
种,9,115.4,"seed; race, breed; to plant",Both,"('禾', '中')","['禾', '丨', '口']"
稌,12,115.7,glutinous rice,Both,"('禾', '余')","['禾', '人', '干', '小']"
秏,9,115.4,"to waste, to destroy, to diminish; hence it came to mean, a rat",Both,"('禾', '毛')","['禾', '毛']"
秔,9,115.4,non-glutinous rice,Both,"('禾', '亢')","['禾', '亠', '几']"
秧,10,115.5,"rice seedlings, young rice plants",Both,"('禾', '央')","['禾', '大', '冂']"
穐,16,115.11,"fall, autumn",Unknown,"('禾', '亀')","['刀', '丨', '日', '田', '禾', '乙']"
稿,15,115.10,"draft, manuscript, rough copy",Both,"('禾', '高')","['禾', '高']"
秩,10,115.5,order; orderly; salary; decade,Both,"('禾', '失')","['禾', '人', '二']"
秣,10,115.5,"fodder, horse feed; feed horse",Both,"('禾', '末')","['禾', '一', '木']"
秽,11,115.6,"dirty, unclean; immoral, obscene",Simplified,"('禾', '岁')","['禾', '山', '夕']"
穰,22,115.17,"stalks of grain; lush, abundant",Both,"('禾', '襄')","['二', '衣', '禾', '一', '口']"
秫,10,115.5,glutinous variety of millet,Both,"('禾', '朮')","['禾', '丶', '木']"
移,11,115.6,"change place, shift; move about",Both,"('禾', '多')","['禾', '夕']"
稳,14,115.9,"stable, firm, solid, steady",Both,"('禾', '急')","['禾', '刀', '心', '彐']"
穆,16,115.11,"majestic, solemn, reverent; calm",Both,"('禾', '㣎')","['禾', '彡', '白', '小']"
私,7,115.2,"private, personal; secret",Simplified,"('禾', '厶')","['禾', '厶']"
秦,10,115.5,feudal state of Qin; the Qin dynasty (from which the name 'China' comes),Both,"('𡗗', '禾')","['二', '八', '丨', '禾', '一']"
穎,16,115.11,rice tassel; sharp point; clever,Traditional,"('禾', '頃')","['禾', '頁', '匕']"
稀,12,115.7,"rare, unusual, scarce; sparse",Both,"('禾', '希')","['禾', '丿', '一', '巾']"
穪,19,115.14,to praise,Both,"('禾', '爾')","['八', '巾', '丨', '爻', '禾', '一']"
稃,12,115.7,bran; seed capsules,Both,"('禾', '孚')","['禾', '子', '爪']"
穭,20,115.15,wild grain,Traditional,"('禾', '魯')","['禾', '魚', '日']"
秆,8,115.3,straw; stalk of grain,Both,"('禾', '干')","['禾', '干']"
稛,13,115.8,bind,Both,"('禾', '囷')","['禾', '囗']"
穮,20,115.15,weed,Both,"('禾', '麃')","['禾', '鹿', '火']"
科,9,115.4,"section, department, science",Both,"('禾', '斗')","['禾', '斗']"
秀,7,115.2,"ear of grain; flowering, luxuriant; refined, elegant, graceful",Both,"('禾', '乃')","['禾', '丿']"
秐,9,115.4,to weed,Both,"('禾', '云')","['禾', '二', '厶']"
租,10,115.5,"rent, lease; rental; tax",Both,"('禾', '且')","['禾', '一', '月']"
穩,19,115.14,"stable, firm, solid, steady",Traditional,"('禾', '')","['心', '爪', '彐', '工', '禾']"
稇,12,115.7,"to bind, as faggots of sheaves",Unknown,"('禾', '困')","['禾', '囗', '木']"
稻,15,115.10,"rice growing in field, rice plant",Both,"('禾', '舀')","['禾', '爪', '臼']"
穑,16,115.11,"farm, harvest grain; stingy",Simplified,"('禾', '啬')","['禾', '土', '囗', '八']"
稲,14,115.9,"rice growing in field, rice plant",Unknown,"('禾', '爫旧')","['禾', '丨', '日', '爪']"
秒,9,115.4,beard of grain or corn; a second,Both,"('禾', '少')","['禾', '丿', '小']"
秤,10,115.5,"balance, scale, steelyard",Both,"('禾', '平')","['禾', '干', '八']"
穇,16,115.11,"deccan grass, a barnyard grass",Traditional,"('禾', '參')","['禾', '人', '厶', '彡']"
穏,16,115.11,"calm, quiet, peace; moderation",Unknown,"('禾', '')","['禾', '牛', '心', '非']"
稹,15,115.10,"detailed, fine; closely woven",Both,"('禾', '真')","['八', '十', '目', '禾', '一']"
秋,9,115.4,"autumn, fall; year",Both,"('禾', '火')","['禾', '火']"
穈,16,115.11,millet,Both,"('麻', '禾')","['禾', '麻']"
秇,8,115.3,"skill, ability in handicraft a craft, an art, a calling; a trade; an accomplishment",Both,"('禾', '丸')","['禾', '丿', '丶']"
稺,15,115.10,"(variant of 穉) young grain; young, tender",Both,"('禾', '屖')","['禾', '尸', '辛']"
積,16,115.11,"accumulate, store up, amass",Traditional,"('禾', '責')","['禾', '貝', '土', '一']"
稘,13,115.8,"a full year, an anniversary",Both,"('禾', '其')","['禾', '一', '甘', '八']"
秠,10,115.5,millet,Both,"('禾', '丕')","['禾', '一', '卜', '丿']"
稊,12,115.7,"darnels, tares",Both,"('禾', '弟')","['禾', '丨', '弓', '八']"
秬,9,115.5,black millet,Both,"('禾', '巨')","['禾', '匚']"
稼,15,115.10,sow grain; sheaves of grain,Both,"('禾', '家')","['禾', '宀', '豕']"
稾,15,115.10,"draft, manuscript, rough copy",Both,"('高', '禾')","['禾', '高']"
禾,5,115.0,grain still on stalk; rice plant,Both,"('丿', '木')",['禾']
穉,17,115.12,"young grain; young, tender",Both,"('禾', '犀')","['禾', '牛', '尸', '水']"
稽,15,115.10,"examine, investigate; delay",Both,"('禾', '尤旨')","['丶', '匕', '日', '尢', '禾']"
秸,11,115.6,"stalks of millet, corn",Both,"('禾', '吉')","['禾', '口', '士']"
税,12,115.7,taxes,Simplified,"('禾', '兌')","['禾', '八', '口', '儿']"
稱,14,115.9,"call; name, brand; address; say",Traditional,"('禾', '爯')","['禾', '土', '冂', '爪']"
秭,9,115.5,one billion; also used for higher powers of ten; a county in Hubei province,Both,"('禾', '𠂔')","['禾', '丨']"
稠,13,115.8,"dense, crowded, packed; soupy",Both,"('禾', '周')","['禾', '田', '口']"
稉,12,115.7,non-glutinous rice,Both,"('禾', '更')","['丿', '丨', '日', '禾', '一']"
穣,18,115.13,"stalks of grain; lush, abundant",Unknown,"('禾', '㐮')","['二', '八', '亠', '禾', '一']"
禿,7,115.2,"bald, bare, stripped",Traditional,"('禾', '儿')","['禾', '儿']"
穠,18,115.13,"thick, lush, in clusters",Traditional,"('禾', '農')","['禾', '二', '凵', '辰']"
穋,16,115.11,rice,Both,"('禾', '翏')","['禾', '人', '羽', '彡']"
穂,15,115.10,ear of grain; tassel; Guangzhou,Unknown,"('禾', '恵')","['心', '二', '凵', '丨', '十', '禾']"
秕,9,115.4,"empty grain or rice husk, chaff",Both,"('禾', '比')","['禾', '比']"
穫,18,115.14,"harvest, cut grain",Traditional,"('禾', '蒦')","['禾', '隹', '又', '艸']"
稭,14,115.9,"stalk of grain, rice, corn, hemp",Both,"('禾', '皆')","['禾', '白', '比']"
称,10,115.5,"call; name, brand; address; say",Both,"('禾', '尔')","['禾', '刀', '小']"
稣,13,115.8,"revive, to rise again; collect",Simplified,"('鱼', '禾')","['鱼', '禾']"
穀,15,115.10,"corn, grain, cereal; lucky",Traditional,"('士冖禾', '殳')","['士', '冖', '禾', '一', '殳']"
稖,13,115.8,maize,Unknown,"('禾', '咅')","['禾', '立', '口']"
稜,13,115.8,"corner, edge, angle; square block",Both,"('禾', '夌')","['禾', '土', '八', '夂']"
稏,13,115.8,a kind of rice plant; shaking and waving of the rice plant,Traditional,"('禾', '亞')","['禾', '二']"
稗,13,115.8,"darnels, weeds, tares small",Both,"('禾', '卑')","['二', '丶', '丨', '十', '禾', '冂']"
秘,10,115.5,"secret, mysterious, abstruse",Both,"('禾', '必')","['禾', '丿', '心']"
稙,13,115.8,grain ready for grinding,Both,"('禾', '直')","['禾', '十', '目', '一']"
穅,16,115.11,"chaff, bran, husks of grain; poor, remiss",Both,"('禾', '康')","['禾', '广', '隶']"
穢,18,115.13,"dirty, unclean; immoral, obscene",Traditional,"('禾', '歲')","['止', '丿', '厂', '戈', '小', '禾', '一']"
穜,17,115.12,rice,Both,"('禾', '童')","['禾', '里', '立']"
穌,16,115.11,"revive, to rise again; collect",Traditional,"('魚', '禾')","['禾', '魚']"
穨,19,115.14,"ruined, decayed; to disintegrate",Traditional,"('秃', '貴')","['丨', '貝', '禾', '一', '几', '口']"
秈,8,115.3,non-glutinous long grain rice,Traditional,"('禾', '山')","['禾', '山']"
狁,7,94.4,a tribe of Scythian nomads,Both,"('犭', '允')","['厶', '犬', '儿']"
狆,7,94.4,"Pekinese dog, lap dog, pug; pup",Both,"('犭', '中')","['丨', '口', '犬']"
狘,8,94.5,jump,Both,"('犭', '戉')","['匚', '戈', '犬']"
猬,12,94.9,"vulgar; wanton; low; many; varied; a hedgehog, porcupine",Both,"('犭', '胃')","['月', '田', '犬']"
猕,11,94.8,macacus monkey,Both,"('犭', '弥')","['刀', '弓', '小', '犬']"
猎,11,94.8,hunt; field sports,Simplified,"('犭', '昔')","['日', '一', '艸', '犬']"
獢,15,94.12,dog,Traditional,"('犭', '喬')","['冂', '大', '口', '犬']"
獮,17,94.14,hunt; autumn hunting; to capture with a fine net,Traditional,"('犭', '爾')","['八', '巾', '丨', '爻', '犬', '一']"
猞,11,94.8,"a wild cat; 猞猁, a lynx",Both,"('犭', '舍')","['干', '人', '口', '犬']"
獒,14,94.11,"mastiff, large fierce dog",Both,"('敖', '犬')","['丿', '土', '犬', '一', '攴']"
狈,7,94.4,a legendary animal with short forelegs which rode a wolf,Simplified,"('犭', '贝')","['贝', '犬']"
狎,8,94.5,be familiar with; disrespect,Both,"('犭', '甲')","['二', '丨', '冂', '犬']"
獫,16,94.13,dog,Traditional,"('犭', '僉')","['一', '人', '犬']"
獀,12,94.10,to gather; to hunt or search for,Both,"('犭', '叟')","['臼', '丨', '又', '犬']"
猨,12,94.9,ape,Both,"('犭', '爰')","['又', '爪', '干', '犬', '亅']"
狙,8,94.5,"an ape, monkey; to spy, watch for; to lie",Both,"('犭', '且')","['月', '一', '犬']"
猫,11,94.9,cat,Both,"('犭', '苗')","['田', '艸', '犬']"
獧,16,94.13,rash; honest and straightforward,Both,"('犭', '睘')","['一', '网', '口', '犬']"
犴,6,94.3,"a wild dog, a not very large lock-up",Both,"('犭', '干')","['干', '犬']"
玀,22,94.19,pig; Lolo aboriginal tribe,Traditional,"('犭', '羅')","['隹', '网', '糸', '犬']"
猜,11,94.8,"guess, conjecture, suppose; feel",Both,"('犭', '靑')","['青', '犬']"
狯,9,94.6,"sly, cunning, crafty",Both,"('犭', '会')","['人', '厶', '二', '犬']"
犰,5,94.2,armadillo,Both,"('犭', '九')","['丿', '犬']"
猗,11,94.8,exclamation of admiration,Both,"('犭', '奇')","['亅', '大', '犬', '一', '口']"
獵,18,94.15,hunt; field sports,Traditional,"('犭', '巤')","['丿', '犬', '囗', '川', '冫']"
狐,8,94.5,fox,Both,"('犭', '瓜')","['瓜', '犬']"
狴,10,94.7,a kind of tapir; a fierce beast depicted on the door of prisons,Both,"('犭', '坒')","['比', '土', '犬']"
狝,8,94.5,hunt; autumn hunting; to capture with a fine net,Simplified,"('犭', '尔')","['刀', '小', '犬']"
猢,12,94.9,a kind of monkey found in western China,Both,"('犭', '胡')","['月', '十', '口', '犬']"
獸,19,94.15,"beast, animal; bestial",Traditional,"('嘼', '犬')","['一', '田', '口', '犬']"
猃,10,94.7,dog,Simplified,"('犭', '佥')","['一', '人', '小', '犬']"
猱,12,94.9,"a monkey with yellow hair, macaque",Both,"('犭', '柔')","['矛', '木', '犬']"
獞,15,94.12,name of a variety of dog; wild tribes in South China,Both,"('犭', '童')","['里', '立', '犬']"
獯,17,94.14,a tribe of Scythians which invaded China during the Xia dynasty,Both,"('犭', '熏')","['土', '火', '八', '丨', '犬', '十', '口']"
猷,13,94.9,"plan, scheme; plan, plot; way",Both,"('酋', '犬')","['八', '酉', '犬']"
猰,12,94.9,a legendary man-eating animal,Both,"('犭', '契')","['二', '刀', '丨', '大', '犬', '一']"
狮,9,94.6,lion,Simplified,"('犭', '师')","['一', '犬', '巾']"
狵,10,94.7,blend; variegated; striped,Both,"('犭', '尨')","['丿', '丶', '彡', '犬', '一', '乙']"
猄,11,94.8,a kind of deer,Both,"('犭', '京')","['小', '亠', '口', '犬']"
猟,11,94.8,hunt; field sports,Unknown,"('犭', '川用')","['二', '丨', '犬', '小', '几']"
献,13,94.9,"offer, present; show, display",Both,"('南', '犬')","['八', '干', '犬', '十', '冂']"
狄,7,94.4,tribe from northern China; surname,Both,"('犭', '火')","['火', '犬']"
獭,16,94.13,otter,Simplified,"('犭', '赖')","['刀', '贝', '木', '犬', '口']"
獼,20,94.17,macacus monkey,Traditional,"('犭', '彌')","['八', '巾', '丨', '弓', '爻', '犬', '一']"
猿,13,94.10,ape,Both,"('犭', '袁')","['土', '口', '犬']"
獝,15,94.12,devil,Both,"('犭', '矞')","['八', '犬', '冂', '矛', '口']"
獏,13,94.11,the panther; the tapir,Unknown,"('犭', '莫')","['日', '大', '艸', '犬']"
獗,15,94.12,"unruly, wild, violent, lawless",Both,"('犭', '厥')","['八', '屮', '厂', '犬', '一', '欠']"
獹,19,94.16,a hound,Traditional,"('犭', '盧')","['虍', '田', '皿', '犬']"
狃,7,94.4,to covet; to be accustomed,Both,"('犭', '丑')","['二', '刀', '犬']"
獾,20,94.18,the badger,Both,"('犭', '雚')","['隹', '艸', '口', '犬']"
狜,8,94.5,mother cattle,Both,"('犭', '古')","['十', '口', '犬']"
獱,17,94.14,a kind of otter,Traditional,"('犭', '賓')","['丿', '犬', '貝', '小', '宀', '一']"
狲,9,94.6,monkey,Simplified,"('犭', '孙')","['子', '小', '犬']"
犯,5,94.2,"commit crime, violate; criminal",Both,"('犭', '㔾')","['乙', '犬']"
猡,11,94.8,pig; Lolo aboriginal tribe,Simplified,"('犭', '罗')","['网', '犬', '夕']"
猩,12,94.9,species of orangutan,Both,"('犭', '星')","['日', '生', '犬']"
狗,8,94.5,"dog, Canis familiaris",Both,"('犭', '句')","['勹', '口', '犬']"
狉,8,94.5,fox-cub,Both,"('犭', '丕')","['丿', '一', '卜', '犬']"
獻,20,94.16,"offer, present; show, display",Traditional,"('鬳', '犬')","['虍', '鬲', '犬']"
犲,6,94.3,"wolf; cruel, wicked, mean",Both,"('犭', '才')","['一', '丿', '犬']"
猪,11,94.8 94.9,"pig, hog, wild boar",Both,"('犭', '者')","['日', '老', '犬']"
犷,6,94.3,"fierce, rude, uncivilized",Simplified,"('犭', '广')","['广', '犬']"
猛,11,94.8,"violent, savage, cruel; bold",Both,"('犭', '孟')","['子', '皿', '犬']"
狀,8,94.4,form; appearance; shape; official,Traditional,"('爿', '犬')","['爿', '犬']"
狩,9,94.6,winter hunting; imperial tour,Both,"('犭', '守')","['宀', '寸', '犬']"
狳,10,94.7,armadillo,Both,"('犭', '余')","['干', '人', '小', '犬']"
猺,13,94.10,jackal; name of a tribe,Both,"('犭', '䍃')","['缶', '爪', '犬']"
狺,10,94.7,the snarling of dogs,Both,"('犭', '言')","['犬', '言']"
狌,8,94.5,livestock,Unknown,"('犭', '生')","['生', '犬']"
犹,7,94.4,"like, similar to, just like, as",Both,"('犭', '尤')","['丶', '尢', '犬']"
獅,13,94.10,lion,Traditional,"('犭', '師')","['丶', '巾', '犬', '一', '己']"
狖,8,94.5,a gibbon with a long tail and prominent nose,Both,"('犭', '穴')","['穴', '犬']"
猘,11,94.8,"fierce dog; furious, frenzied",Both,"('犭', '制')","['牛', '刀', '犬', '巾']"
狥,9,94.6,follow,Both,"('犭', '旬')","['勹', '日', '犬']"
獁,13,94.9,mammoth,Traditional,"('犭', '馬')","['馬', '犬']"
獳,17,94.14,looking like a fierce dog; angry,Both,"('犭', '需')","['而', '犬', '雨']"
獰,17,94.14,ferocious appearance; hideous,Traditional,"('犭', '寜')","['心', '犬', '皿', '宀', '一', '亅']"
玁,22,94.20,a dog with a long snout or muzzle,Traditional,"('犭', '嚴')","['夂', '厂', '犬', '耳', '口']"
狱,9,94.6,"prison, jail; case; lawsuit",Simplified,"('犭', '訧')","['讠', '犬']"
猇,11,94.8,the scream or roar of a tiger; to intimidate; to scare,Both,"('犭', '虎')","['虍', '几', '犬']"
狷,10,94.7,"rash, impetuous, impulsive",Both,"('犭', '肙')","['月', '口', '犬']"
猓,11,94.8,monkey,Both,"('犭', '果')","['田', '木', '犬']"
獉,13,94.10,jungle,Both,"('犭', '秦')","['二', '八', '丨', '犬', '禾', '一']"
犸,6,94.3,mammoth,Simplified,"('犭', '马')","['马', '犬']"
犵,6,94.3,"resolute; a non-Han ethnic group in Guangxi, Hunan, and Guizhou",Both,"('犭', '乞')","['一', '丿', '乙', '犬']"
狍,8,94.5,species of deer found in north China,Both,"('犭', '包')","['勹', '己', '犬']"
狹,10,94.7,"narrow, limited; narrow-minded; to pinch",Traditional,"('犭', '夾')","['人', '大', '犬']"
狻,10,94.7,a fabulous beast,Both,"('犭', '夋')","['厶', '八', '夂', '犬']"
状,7,94.3 90.4,form; appearance; shape; official,Simplified,"('丬', '犬')","['爿', '犬']"
狡,9,94.6,"cunning, deceitful, treacherous",Both,"('犭', '交')","['丿', '亠', '八', '犬']"
犮,5,94.1,to pull up,Both,"('犬', '丿')","['一', '丿', '丶', '又']"
獷,17,94.15,"fierce, rude, uncivilized",Traditional,"('犭', '廣')","['二', '凵', '八', '广', '丨', '犬', '一', '艸']"
狼,10,94.7,wolf,Both,"('犭', '良')","['艮', '丶', '犬']"
狒,8,94.5,baboon,Both,"('犭', '弗')","['弓', '犬']"
獠,15,94.12,to hunt at night by torches,Both,"('犭', '尞')","['八', '大', '犬', '小', '日']"
狂,7,94.4,"insane, mad; violent; wild",Both,"('犭', '王')","['玉', '犬']"
猝,11,94.8,"abruptly, suddenly; abrupt",Both,"('犭', '卒')","['十', '亠', '人', '犬']"
狢,9,94.6,animal name,Unknown,"('犭', '各')","['口', '夂', '犬']"
獪,16,94.13,"sly, cunning, crafty",Traditional,"('犭', '會')","['人', '八', '丨', '犬', '日', '一', '口']"
猊,11,94.8,lion; wild beast; wild horse,Both,"('犭', '兒')","['臼', '犬', '儿']"
猙,11,94.8,"fierce-looking, ferocious",Traditional,"('犭', '爭')","['彐', '爪', '亅', '犬']"
猔,11,94.8,name of an ancient tribe,Both,"('犭', '宗')","['宀', '示', '犬']"
獎,15,94.11,"prize, reward; give award to",Traditional,"('將', '犬')","['月', '爿', '寸', '犬']"
獣,16,94.12,"beast, animal; bestial",Unknown,"('畄?口', '犬')","['犬', '田', '小', '一', '口']"
狞,8,94.5,ferocious appearance; hideous,Simplified,"('犭', '宁')","['宀', '一', '亅', '犬']"
獐,14,94.11,"roebuck, hornless river deer",Both,"('犭', '章')","['日', '十', '立', '犬']"
狠,9,94.6,"vicious, cruel; severely, extreme",Both,"('犭', '艮')","['艮', '犬']"
獃,14,94.10,"dull; dull-minded, simple, stupid",Both,"('豈', '犬')","['山', '豆', '犬']"
猲,12,94.9,smoke or flames from fire; roast,Both,"('犭', '曷')","['勹', '人', '曰', '犬']"
狰,9,94.6,"fierce-looking, ferocious",Simplified,"('犭', '争')","['刀', '彐', '亅', '犬']"
犼,7,94.4,a fierce Mongolian wolf dragon's head on roofs,Both,"('犭', '孔')","['子', '乙', '犬']"
獄,14,94.11,"prison, jail; case; lawsuit",Traditional,"('犭', '訧')","['犬', '言']"
猻,13,94.10,monkey,Traditional,"('犭', '孫')","['子', '糸', '犬']"
獋,15,94.12,roar; cry,Both,"('犭', '臯')","['十', '自', '犬', '冫']"
獘,15,94.12,collapse,Traditional,"('敝', '犬')","['冫', '犬', '攴', '巾']"
獨,16,94.13,"alone, single, solitary, only",Traditional,"('犭', '蜀')","['勹', '网', '虫', '犬']"
猾,12,94.10,"crafty, cunning, shrewd; deceitful",Both,"('犭', '骨')","['骨', '犬']"
猴,12,94.9,"monkey, ape; monkey-like",Both,"('犭', '侯')","['人', '犬', '矢']"
狛,8,94.5,lion-dog shrine guardians,Both,"('犭', '白')","['白', '犬']"
独,9,94.6,"alone, single, solitary, only",Both,"('犭', '虫')","['虫', '犬']"
獲,16,94.14,"obtain, get, receive; seize",Traditional,"('犭', '蒦')","['隹', '又', '艸', '犬']"
犺,7,94.4,animal,Both,"('犭', '亢')","['亠', '几', '犬']"
狽,10,94.7,a legendary animal with short forelegs which rode a wolf,Traditional,"('犭', '貝')","['貝', '犬']"
猖,11,94.8,"mad, wild, reckless, unruly",Both,"('犭', '昌')","['日', '犬']"
猁,10,94.7,a kind of monkey,Both,"('犭', '利')","['禾', '刀', '犬']"
猸,12,94.9,a ferret-badger (genus Melogale),Both,"('犭', '眉')","['目', '丨', '犬']"
獍,14,94.11,a mythical animal that eats its mother when it is born; Manchurian tiger,Both,"('犭', '竟')","['犬', '音', '儿']"
猥,12,94.9,"vulgar, low, cheap; wanton; obscene",Both,"('犭', '畏')","['一', '田', '乙', '犬']"
獬,16,94.13,a fabulous monster,Both,"('犭', '解')","['牛', '角', '刀', '犬']"
狨,9,94.6,monkey with gold-colored hair; golden lion tamarin,Both,"('犭', '戎')","['一', '丿', '戈', '犬']"
狭,9,94.6,"narrow, limited; narrow-minded",Simplified,"('犭', '夹')","['人', '八', '二', '犬']"
猶,12,94.9,"like, similar to, just like, as",Traditional,"('犭', '酋')","['八', '酉', '犬']"
獺,19,94.16,otter,Traditional,"('犭', '賴')","['刀', '木', '犬', '貝', '口']"
狸,10,94.7,fox,Both,"('犭', '里')","['里', '犬']"
獴,16,94.14,mongoose,Both,"('犭', '蒙')","['二', '犬', '冖', '勹', '艸']"
猹,12,94.9,wild animal mentioned in short story by Lu Xun,Both,"('犭', '查')","['日', '一', '木', '犬']"
玃,23,94.20,a large ape found in western China,Both,"('犭', '矍')","['目', '隹', '又', '犬']"
轈,18,159.11,turret on a chariot,Traditional,"('車', '巢')","['車', '川', '田', '木']"
车,4,159'.0,"cart, vehicle; carry in cart",Simplified,"('车', None)",['车']
輴,16,159.9,sled,Traditional,"('車', '盾')","['車', '十', '目', '⺁']"
軱,12,159.5,large bone,Traditional,"('車', '瓜')","['車', '瓜']"
辅,11,159'.7,cheek bone; protective; assist,Simplified,"('车', '甫')","['十', '车', '用', '丶']"
輩,15,159.8,"generation, lifetime; class",Traditional,"('非', '車')","['車', '非']"
輗,15,159.8,the cross-bar at the end of a carriage pole; linchpin of a large carriage,Traditional,"('車', '兒')","['車', '儿', '臼']"
輳,16,159.9,hubs of wheel; converge around,Traditional,"('車', '奏')","['二', '八', '丨', '大', '車', '一']"
软,8,159'.4,"soft, flexible, pliable; weak",Simplified,"('车', '欠')","['车', '欠']"
軻,12,159.5,axle; personal name of Mencius,Traditional,"('車', '可')","['車', '一', '口', '亅']"
輋,13,159.6,"沙田禾輋, Hong Kong toponym",Traditional,"('山大', '車')","['車', '大', '山']"
軼,12,159.5,"rush forth; surpass, excel",Traditional,"('車', '失')","['車', '人', '二']"
軔,10,159.3,a block that keeps a wheel from moving,Traditional,"('車', '刃')","['車', '刀', '丶']"
輘,15,159.8,a car-rut; rumbling of a cart,Traditional,"('車', '夌')","['車', '土', '八', '夂']"
轗,20,159.13,fail,Traditional,"('車', '感')","['心', '厂', '車', '戈', '一', '口']"
輞,15,159.8,"exterior rim of wheel, felly",Traditional,"('車', '罔')","['丶', '八', '匸', '車', '一', '冂']"
辌,12,159'.8,a hearse; a carriage,Simplified,"('车', '京')","['小', '车', '口', '亠']"
辙,16,159'.12,"wagon ruts, wheel tracks",Simplified,"('车', '育攵')","['厶', '车', '亠', '月', '攴']"
軍,9,159.2,"army, military; soldiers, troops",Traditional,"('冖', '車')","['冖', '車']"
轄,17,159.10,linchpin of wheel; control,Traditional,"('車', '害')","['二', '丨', '車', '宀', '一', '口']"
轰,8,159'.4,"rumble, explosion, blast",Simplified,"('车', '双')","['车', '又']"
輟,15,159.8,"stop, suspend, halt",Traditional,"('車', '叕')","['車', '又']"
辔,13,159'.9,"bridle of horse, reins",Simplified,"('纟车纟', '口')","['车', '口']"
輾,17,159.10,"turn over, roll",Traditional,"('車', '展')","['車', '尸', '一', '艸', '乙']"
轌,18,159.11,sled,Unknown,"('車', '雪')","['車', '彐', '雨']"
軨,12,159.5,wooden cross-piece on front inside of carriage box,Traditional,"('車', '令')","['車', '人', '丶']"
軥,12,159.5,yoke,Traditional,"('車', '句')","['車', '勹', '口']"
輜,15,159.8,"a supply cart, covered wagon, dray",Traditional,"('車', '甾')","['車', '川', '田']"
輻,16,159.9,spokes of wheel,Traditional,"('車', '畐')","['車', '一', '田', '口']"
轴,9,159'.5,"axle, axletree; pivot; axis",Simplified,"('车', '由')","['二', '车', '丨', '凵']"
輧,15,159.8,curtained carriage used by women,Both,"('車', '幷')","['車', '干']"
辁,10,159'.6,cart wheel with no spokes,Simplified,"('车', '全')","['人', '车', '玉']"
軺,12,159.5,small light carriage,Traditional,"('車', '召')","['車', '刀', '口']"
轺,9,159'.5,small light carriage,Simplified,"('车', '召')","['车', '刀', '口']"
軟,11,159.4,"soft, flexible, pliable; weak",Traditional,"('車', '欠')","['車', '欠']"
輙,15,159.8,then; each; rack on chariot for luggage or weapons,Traditional,"('車', '取')","['車', '又', '耳']"
轿,10,159'.6,"sedan-chair, palanquin",Simplified,"('车', '乔')","['车', '大']"
輀,13,159.6,hearse,Traditional,"('車', '而')","['車', '而']"
轡,22,159.15,"bridle of horse, reins",Traditional,"('𦆕', '口')","['車', '糸', '口']"
軜,11,159.4,reins,Traditional,"('車', '內')","['車', '人', '冂']"
輦,15,159.8,a handcart; capital city,Traditional,"('夫', '車')","['車', '人', '二']"
转,8,159'.4,"shift, move, turn",Simplified,"('车', '专')","['二', '车', '丨']"
轎,19,159.12,"sedan-chair, palanquin",Traditional,"('車', '喬')","['車', '冂', '大', '口']"
轩,7,159'.3,carriage; high; wide; balcony,Simplified,"('车', '干')","['干', '车']"
轧,5,159'.1,crush by weight; grind,Simplified,"('车', '乚')","['车', '乙']"
輶,16,159.9,"light carriage; trifling, light",Traditional,"('車', '酋')","['車', '八', '酉']"
輹,16,159.9,two pieces of wood underneath a cart,Traditional,"('車', '复')","['丿', '夂', '車', '日', '一']"
輭,16,159.9,"flexible, pliable; weak, feeble",Both,"('車', '耎')","['車', '而', '大']"
輯,16,159.9,"gather up, collect; edit, compile",Traditional,"('車', '咠')","['車', '耳', '口']"
轷,9,159'.5,surname,Simplified,"('车', '乎')","['一', '丿', '车', '八']"
轭,8,159'.4,"yoke, collar",Simplified,"('车', '厄')","['车', '厂', '乙']"
轜,21,159.14,hearse,Unknown,"('車', '需')","['車', '而', '雨']"
轝,20,159.14,"envy; hate, dislike; resentment",Traditional,"('與', '車')","['八', '丨', '車', '臼', '一']"
軿,13,159.6,curtained carriage used by women,Traditional,"('車', '并')","['車', '一', '廾', '八']"
载,10,159'.6,"load; carry; transport, convey",Simplified,"('𢦏', '车')","['土', '车', '戈']"
軹,12,159.5,end of axle; divergent,Traditional,"('車', '只')","['車', '八', '口']"
輝,15,159.8,"brightness, luster, brilliance",Traditional,"('光', '軍')","['冖', '車', '小', '儿', '一']"
轅,17,159.10,axle; magistrate's office; surname,Traditional,"('車', '袁')","['車', '土', '口']"
輵,16,159.9,great array of spears and chariots,Traditional,"('車', '曷')","['車', '人', '曰', '勹']"
軷,12,159.5,sacrifice,Traditional,"('車', '犮')","['丿', '丶', '又', '車', '一']"
辘,15,159'.11,"windlass, pulley, capstan; wheel",Simplified,"('车', '鹿')","['鹿', '车']"
轣,23,159.16,to gallop; a mule,Traditional,"('車', '歷')","['車', '止', '厂', '禾']"
轸,9,159'.5,cross board at rear of carriage,Simplified,"('车', '㐱')","['人', '车', '彡']"
轱,9,159'.5,wheel; to turn; to revolve,Simplified,"('车', '古')","['十', '车', '口']"
辄,11,159'.7,sides of chariot where weapons,Simplified,"('车', '耴')","['车', '耳', '乙']"
轍,19,159.12,"wagon ruts, wheel tracks",Traditional,"('車', '育攵')","['厶', '車', '亠', '月', '攴']"
辒,13,159'.9,hearse,Simplified,"('车', '昷')","['日', '车', '皿']"
轑,19,159.12,rut,Traditional,"('車', '尞')","['八', '大', '車', '小', '日']"
轏,19,159.12,sleeping cart,Traditional,"('車', '孱')","['車', '子', '尸']"
轖,20,159.13,framework of lattice on cart,Traditional,"('車', '嗇')","['車', '土', '囗', '人']"
轫,7,159'.3,a block that keeps a wheel from moving,Simplified,"('车', '刃')","['车', '刀', '丶']"
轇,18,159.11,"complicated, confused; dispute",Traditional,"('車', '翏')","['車', '人', '羽', '彡']"
軤,12,159.5,surname,Traditional,"('車', '乎')","['車', '丿', '八', '一']"
軎,10,159.3,a brass parts for a cart in ancient China,Traditional,"('車', '口')","['車', '口']"
載,13,159.6,"load; carry; transport, convey",Traditional,"('𢦏', '車')","['車', '土', '戈']"
輛,15,159.8,numerary adjunct for vehicles,Traditional,"('車', '兩')","['車', '一', '入', '巾']"
軽,12,159.5,"light; easy, simple; gentle",Unknown,"('車', '圣')","['車', '土', '又']"
軫,12,159.5,"cross-board at rear of a carriage; 28th lunar mansion, determinative star γ Corvi (Gienah)",Traditional,"('車', '㐱')","['車', '人', '彡']"
轵,9,159'.5,end of axle; divergent,Simplified,"('车', '只')","['车', '八', '口']"
辍,12,159'.8,"stop, suspend, halt",Simplified,"('车', '叕')","['车', '又']"
轒,19,159.12,chariot,Traditional,"('車', '賁')","['車', '十', '艸', '貝']"
辋,12,159'.8,"exterior rim of wheel, felly",Simplified,"('车', '罔')","['丶', '八', '车', '匸', '一', '冂']"
轔,19,159.12,rumbling of vehicles; threshold,Traditional,"('車', '粦')","['車', '舛', '米']"
軝,11,159.4,axle-tip,Traditional,"('車', '氏')","['車', '氏']"
轂,17,159.10,hub of wheel,Traditional,"('𣪊', '車')","['士', '冖', '車', '一', '殳']"
轢,22,159.15,run over something with vehicle,Traditional,"('車', '樂')","['車', '幺', '白', '木']"
辖,14,159'.10,linchpin of wheel; control,Simplified,"('车', '害')","['二', '车', '丨', '宀', '一', '口']"
输,13,159'.9,"transport, carry, haul",Simplified,"('车', '俞')","['人', '车', '刀', '月', '一']"
轼,10,159'.6,horizontal wooden bar in front,Simplified,"('车', '式')","['车', '弋', '工']"
輥,15,159.8,"turn round, revolve; roller",Traditional,"('車', '昆')","['車', '比', '日']"
転,11,159.4,"shift, move, turn",Unknown,"('車', '云')","['車', '二', '厶']"
轶,9,159'.5,"rush forth; surpass, excel",Simplified,"('车', '失')","['人', '车', '二']"
辇,12,159'.8,hand-cart; transport by carriage,Simplified,"('夫', '车')","['人', '车', '二']"
轪,7,159'.3,a hubcap; a wheel,Simplified,"('车', '大')","['车', '大']"
辕,14,159'.10,axle; magistrate's office; surname,Simplified,"('车', '袁')","['土', '车', '口']"
輓,14,159.7,mourn; pull; draw,Traditional,"('車', '免')","['乙', '刀', '丨', '車', '口']"
軋,8,159.1,crush by weight; grind,Traditional,"('車', '乚')","['車', '乙']"
輒,14,159.7,then; each; rack on chariot for luggage or weapons,Traditional,"('車', '耴')","['車', '耳', '乙']"
较,10,159'.6,"compare; comparatively, more",Simplified,"('车', '交')","['丿', '车', '八', '亠']"
辂,10,159'.6,"a chariot, carriage; a carriage pull-bar",Simplified,"('车', '各')","['车', '口', '夂']"
辀,10,159'.6,shaft,Simplified,"('车', '舟')","['车', '舟']"
辉,12,159'.8,"brightness, luster, brilliance",Simplified,"('光', '军')","['车', '冖', '小', '儿', '一']"
輕,14,159.7,"light; easy, simple; gentle",Traditional,"('車', '巠')","['車', '一', '川', '工']"
較,13,159.6,"compare; comparatively, more",Traditional,"('車', '交')","['車', '丿', '亠', '八']"
軙,11,159.4,a Chinese family name to arrange; to display wheel,Unknown,"('車', '攴')","['車', '攴']"
轲,9,159'.5,axle; personal name of Mencius,Simplified,"('车', '可')","['一', '车', '口', '亅']"
辗,14,159'.10,"turn over, roll",Simplified,"('车', '展')","['车', '尸', '一', '艸', '乙']"
軌,9,159.2,"track, rut, path",Traditional,"('車', '九')","['車', '丿']"
轞,21,159.14,a vehicle for transporting prisoners,Traditional,"('車', '監')","['丿', '丶', '臣', '車', '皿', '一']"
軏,10,159.3,cross-bar at the end of the poles of a cart,Traditional,"('車', '兀')","['車', '一', '儿']"
辊,12,159'.8,"turn round, revolve; roller",Simplified,"('车', '昆')","['日', '车', '比']"
輈,13,159.6,shaft,Traditional,"('車', '舟')","['車', '舟']"
轮,8,159'.4,"wheel; revolve, turn; recur",Simplified,"('车', '仑')","['人', '车', '匕']"
輸,16,159.9,"transport, carry, haul",Traditional,"('車', '俞')","['人', '刀', '車', '月', '一']"
轆,18,159.11,"windlass, pulley, capstan; wheel",Traditional,"('車', '鹿')","['車', '鹿']"
辚,16,159'.12,rumbling of vehicles; threshold,Simplified,"('车', '粦')","['舛', '车', '米']"
辐,13,159'.9,spokes of wheel,Simplified,"('车', '畐')","['一', '车', '田', '口']"
轘,20,159.13,tear asunder between chariots,Traditional,"('車', '睘')","['車', '一', '网', '口']"
轨,6,159'.2,"track, rut, path",Simplified,"('车', '九')","['丿', '车']"
輿,17,159.10,"cart, palanquin; public opinion",Traditional,"('兒*', '車')","['臼', '車', '八', '一']"
輽,17,159.10,vehicle,Unknown,"('車', '畚')","['車', '厶', '大', '田']"
軸,12,159.5,"axle, axletree; pivot; axis",Traditional,"('車', '由')","['車', '二', '丨', '凵']"
轾,10,159'.6,low rear portion of cart,Simplified,"('车', '至')","['车', '至']"
轟,21,159.14,"rumble, explosion, blast",Traditional,"('車', None)",['車']
轳,9,159'.5,"pulley, windlass, capstan",Simplified,"('车', '卢')","['车', '尸', '卜']"
轹,9,159'.5,run over something with vehicle,Simplified,"('车', '乐')","['车', '小']"
辆,11,159'.7,numerary adjunct for vehicles,Simplified,"('车', '两')","['一', '车', '人', '冂']"
軯,12,159.5,surname,Traditional,"('車', '平')","['車', '干', '八']"
輪,15,159.8,"wheel; revolve, turn; recur",Traditional,"('車', '侖')","['人', '車', '一', '艸', '冂']"
轕,19,159.13,great array of spears and chariots,Traditional,"('車', '葛')","['人', '車', '勹', '曰', '艸']"
軶,12,159.5,"yoke, collar; to restrain",Both,"('車', '戹')","['車', '户', '乙']"
轻,9,159'.5,"light; easy, simple; gentle",Simplified,"('车', '𢀖')","['车', '工']"
輤,15,159.8,a pall to cover a hearse,Traditional,"('車', '青')","['車', '青']"
輠,15,159.8,grease pot hung under axle of cart,Traditional,"('車', '果')","['車', '田', '木']"
輏,14,159.7,light; light carriage,Unknown,"('車', '酉')","['車', '酉']"
軣,11,159.4,"rumble, explosion, blast",Unknown,"('車', '冫冫')","['車', '冫']"
辎,12,159'.8,"a supply cart, covered wagon, dray",Simplified,"('车', '甾')","['车', '田', '川']"
軑,10,159.3,a hubcap; a wheel,Traditional,"('車', '大')","['車', '大']"
輔,14,159.7,cheek bone; protective; assist,Traditional,"('車', '甫')","['車', '十', '丶', '用']"
轙,20,159.13,rings on a yoke,Traditional,"('車', '義')","['車', '戈', '羊', '手']"
轀,17,159.10,hearse,Traditional,"('車', '𥁕')","['車', '囗', '皿', '人']"
辑,13,159'.9,"gather up, collect; edit, compile",Simplified,"('车', '咠')","['车', '耳', '口']"
軾,13,159.6,horizontal wooden bar in front of a sedan chair,Traditional,"('車', '式')","['車', '弋', '工']"
輌,13,159.6,numerary adjunct for vehicles,Unknown,"('車', '両')","['車', '一', '山', '冂']"
辏,13,159'.9,hubs of wheel; converge around,Simplified,"('车', '奏')","['二', '八', '车', '丨', '大', '一']"
輇,13,159.6,cart wheel with no spokes,Traditional,"('車', '全')","['車', '人', '玉']"
軒,10,159.3,carriage; high; wide; balcony; surname of the Yellow Emperor,Traditional,"('車', '干')","['車', '干']"
轉,18,159.11,"shift, move, turn",Traditional,"('車', '專')","['丨', '寸', '車', '十', '日']"
軛,11,159.4,"yoke, collar; to restrain",Traditional,"('車', '厄')","['車', '厂', '乙']"
輮,16,159.9,"exterior rim of wheel, felly",Traditional,"('車', '柔')","['車', '矛', '木']"
辈,12,159'.8,"generation, lifetime; class",Simplified,"('非', '车')","['车', '非']"
輊,13,159.6,low rear portion of cart,Traditional,"('車', '至')","['車', '至']"
軲,12,159.5,a wheel; to revolve,Traditional,"('車', '古')","['車', '十', '口']"
轤,23,159.16,"pulley, windlass, capstan",Traditional,"('車', '盧')","['車', '虍', '田', '皿']"
轊,18,159.11,axle-tip,Traditional,"('車', '彗')","['車', '彐']"
輡,15,159.8,"(same as 轗) to fail; a difficulty, misfortune",Traditional,"('車', '臽')","['車', '刀', '臼']"
輅,13,159.6,"a chariot, carriage; a carriage pull-bar",Traditional,"('車', '各')","['車', '口', '夂']"
輬,15,159.8,a hearse; a carriage,Traditional,"('車', '京')","['車', '小', '亠', '口']"
軘,11,159.4,war car,Traditional,"('車', '屯')","['車', '十', '屮', '乙']"
軰,12,159.5,"a row of carriages; a generation; a class, a series a kind; denotes the plural",Both,"('北', '車')","['車', '匕']"
餕,15,184.7,leftovers,Traditional,"('食', '夋')","['人', '丶', '八', '夂', '厶', '丨', '彐', '乙']"
餒,15,184.7,"hungry, starving, famished",Traditional,"('食', '妥')","['女', '人', '丶', '爪', '丨', '彐', '乙']"
馋,12,184'.9,"gluttonous, greedy; lewd, lecherous",Simplified,"('饣', '免冫')","['丶', '乙', '刀', '丨', '饣', '口']"
饨,7,184'.4,stuffed dumplings,Simplified,"('饣', '屯')","['屮', '十', '饣', '乙']"
饜,23,184.14,"be satiated, eat one's full",Traditional,"('厭', '食')","['月', '厂', '犬', '日', '食']"
餼,18,184.10,sacrificial victim; gift; grain,Traditional,"('食', '氣')","['人', '丶', '气', '丨', '彐', '米', '乙']"
饝,24,184.16,to feed an infant by hand steamed bread,Unknown,"('食', '磨')","['人', '丶', '丨', '彐', '石', '麻', '乙']"
餤,16,184.8,incite,Traditional,"('食', '炎')","['人', '丶', '火', '丨', '彐', '乙']"
飲,12,184.4,drink; swallow; kind of drink,Traditional,"('食', '欠')","['人', '丶', '丨', '彐', '欠', '乙']"
馃,11,184'.8,"cakes, biscuits, pastry",Simplified,"('饣', '果')","['木', '田', '饣']"
馇,12,184'.9,stir and cook,Simplified,"('饣', '查')","['日', '一', '木', '饣']"
餲,17,184.9,"spoiled, sour, moldy",Traditional,"('食', '曷')","['人', '丶', '丨', '彐', '勹', '曰', '乙']"
飫,12,184.4,"surfeited, satiated; confer",Traditional,"('食', '夭')","['人', '丶', '丨', '大', '彐', '乙']"
饈,18,184.11,"food, meal; eat; offer",Traditional,"('食', '羞')","['人', '丶', '二', '羊', '刀', '丨', '彐', '乙']"
餱,17,184.9,"dry goods, dry provisions",Traditional,"('食', '侯')","['人', '丶', '丨', '彐', '矢', '乙']"
飴,13,184.5,sweet-meats; sweet-cakes; syrup,Traditional,"('食', '台')","['人', '丶', '乙', '厶', '丨', '彐', '口']"
馕,25,184'.22,bread (Persian naan),Simplified,"('饣', '囊')","['二', '丨', '冖', '十', '饣', '一', '口']"
餄,14,184.6,(餄餎) buckwheat noodles,Traditional,"('食', '合')","['人', '丶', '乙', '丨', '彐', '一', '口']"
饵,9,184'.6,"bait; bait, entice; dumplings",Simplified,"('饣', '耳')","['饣', '耳']"
飦,11,184.3,"well-boiled congee or gruel; thick, rich",Traditional,"('食', '干')","['人', '丶', '干', '丨', '彐', '乙']"
餉,14,184.6,rations and pay for soldiers,Traditional,"('食', '向')","['人', '丶', '乙', '丨', '彐', '宀', '口']"
饪,7,184'.4,cooked food; cook until well done,Simplified,"('饣', '壬')","['饣', '士']"
餁,14,184.6,cooked food; cook until well done,Unknown,"('食', '任')","['人', '丶', '士', '丨', '彐', '乙']"
饿,10,184'.7,hungry; greedy for; hunger,Simplified,"('饣', '我')","['戈', '饣', '手']"
飿,13,184.5,(餶飿) glutinous rice,Traditional,"('食', '出')","['人', '丶', '丨', '彐', '山', '乙']"
饐,20,184.12,"spoiled, rotten, sour",Traditional,"('食', '壹')","['人', '丶', '士', '丨', '豆', '彐', '冖', '乙']"
饱,8,184'.5,eat heartily; eat one's fill,Simplified,"('饣', '包')","['勹', '己', '饣']"
餐,16,184.7,"eat, dine; meal; food",Both,"('𣦼', '食')","['食', '又', '歹']"
飾,13,184.5,"decorate, ornament, adorn; to deceive",Traditional,"('食', '布')","['丿', '人', '丶', '巾', '丨', '彐', '一', '乙']"
餷,17,184.9,stir and cook,Traditional,"('食', '查')","['人', '丶', '丨', '木', '彐', '日', '一', '乙']"
飨,12,184.3,host banquet; banquet,Simplified,"('乡', '食')","['丿', '食']"
餍,15,184.6 27.13,"be satiated, eat one's full",Simplified,"('厌', '食')","['食', '厂', '犬']"
館,16,184.8,public building,Traditional,"('食', '官')","['人', '丶', '丨', '彐', '宀', '己', '乙']"
饾,10,184'.7,food item set out for show only,Simplified,"('饣', '豆')","['豆', '饣']"
饋,20,184.12,offer food superior; send gift,Traditional,"('食', '貴')","['人', '丶', '乙', '丨', '彐', '貝', '一', '口']"
饠,27,184.19,rice cake,Traditional,"('食', '羅')","['人', '丶', '隹', '丨', '糸', '彐', '网', '乙']"
飩,12,184.4,stuffed dumplings,Traditional,"('食', '屯')","['人', '丶', '丨', '屮', '彐', '十', '乙']"
饔,22,184.13,breakfast; eat prepared food,Both,"('雍', '食')","['丿', '亠', '食', '隹']"
飶,13,184.5,odour,Traditional,"('食', '必')","['心', '人', '丶', '丿', '丨', '彐', '乙']"
餞,16,184.8,"farewell party; see off, send off",Traditional,"('食', '戔')","['人', '丶', '丨', '彐', '戈', '乙']"
馔,15,184'.12,"to feed, support, provide for; food",Simplified,"('饣', '巽')","['一', '艸', '八', '饣']"
餵,17,184.9,"to feed, to raise",Traditional,"('食', '畏')","['人', '丶', '丨', '彐', '田', '一', '乙']"
馏,13,184'.10,"distill, distillation",Simplified,"('饣', '留')","['田', '饣', '卩']"
饉,19,184.11,time of famine or crop failure,Traditional,"('食', '堇')","['人', '丶', '乙', '丨', '廾', '彐', '玉', '口']"
饫,7,184'.4,"surfeited, satiated; confer",Simplified,"('饣', '夭')","['大', '饣']"
飯,12,184.4,cooked rice; food; meal,Traditional,"('食', '反')","['人', '丶', '又', '乙', '丨', '彐', '⺁']"
馎,13,184'.10,rice cake,Simplified,"('饣', '尃')","['丶', '用', '寸', '十', '饣']"
饃,18,184.11,bread,Traditional,"('食', '莫')","['人', '丶', '丨', '大', '彐', '日', '艸', '乙']"
餀,13,184.6,tainted food,Traditional,"('食', '艾')","['人', '丶', '丿', '丨', '彐', '艸', '乙']"
餘,15,184.7,"surplus, excess, remainder",Traditional,"('食', '余')","['人', '丶', '干', '丨', '彐', '小', '乙']"
餂,14,184.6,to obtain by hook,Traditional,"('食', '舌')","['人', '丶', '乙', '丨', '彐', '舌']"
飼,13,184.5,raise animals; feed; nourish,Traditional,"('食', '司')","['人', '丶', '乙', '丨', '彐', '一', '口']"
飣,10,184.2,display food for show only; sacrifice,Traditional,"('食', '丁')","['人', '丶', '乙', '丨', '彐', '一', '亅']"
餛,16,184.8,"dumpling soup, wonton",Traditional,"('食', '昆')","['人', '丶', '丨', '比', '彐', '日', '乙']"
饬,7,184'.4,order; command; give command,Simplified,"('飤', '力')","['一', '丿', '饣', '力']"
餎,14,184.6,(餄餎) buckwheat noodles,Traditional,"('食', '各')","['人', '丶', '夂', '乙', '丨', '彐', '口']"
餟,16,184.8,libation,Traditional,"('食', '叕')","['人', '丶', '又', '丨', '彐', '乙']"
飢,10,184.2,"hunger, starving; hungry; a famine",Traditional,"('食', '几')","['人', '丶', '丨', '彐', '几', '乙']"
餑,15,184.7,"ferrule; cakes, biscuits",Traditional,"('食', '孛')","['人', '丶', '子', '丨', '彐', '冖', '十', '乙']"
餠,16,184.8,"rice-cakes, biscuits",Both,"('食', '幷')","['人', '丶', '干', '丨', '彐', '乙']"
餜,16,184.8,"cakes, biscuits, pastry",Traditional,"('食', '果')","['人', '丶', '丨', '木', '彐', '田', '乙']"
饎,20,184.12,wine and food eaten with wine,Traditional,"('食', '喜')","['人', '丶', '八', '士', '乙', '丨', '彐', '一', '口']"
饭,7,184'.4,"cooked rice; food, meal",Simplified,"('饣', '反')","['又', '饣', '⺁']"
饽,10,184'.7,ferrule,Simplified,"('饣', '孛')","['冖', '十', '饣', '子']"
馂,10,184'.7,leftovers,Simplified,"('饣', '夋')","['厶', '八', '饣', '夂']"
馊,12,184'.9,"spoiled, rotten, stale, rancid",Simplified,"('饣', '叟')","['臼', '丨', '饣', '又']"
飭,12,184.4,order; command; give command,Traditional,"('飤', '力')","['丿', '人', '丶', '乙', '丨', '彐', '一', '力']"
餻,18,184.10,"cakes, pastry",Both,"('食', '羔')","['人', '丶', '火', '羊', '丨', '彐', '乙']"
饥,5,184'.2,"hunger, starving; hungry; a famine",Simplified,"('饣', '几')","['几', '饣']"
馍,13,184'.10,bread,Simplified,"('饣', '莫')","['日', '艸', '大', '饣']"
餩,16,184.8,hiccough,Traditional,"('食', '侅')","['人', '丶', '丨', '彐', '亠', '乙']"
餈,15,184.6,rice cake,Both,"('次', '食')","['食', '欠', '冫']"
馄,11,184'.8,"dumpling soup, wonton",Simplified,"('饣', '昆')","['日', '比', '饣']"
餧,16,184.8,steamed bread; to feed,Traditional,"('食', '委')","['女', '人', '丶', '丨', '彐', '禾', '乙']"
饤,5,184'.2,display food for show only; sacrifice,Simplified,"('饣', '丁')","['一', '饣', '亅']"
饲,8,184'.5,raise animals; feed; nourish,Simplified,"('饣', '司')","['一', '饣', '口']"
馈,12,184'.9,offer food superior; send gift,Simplified,"('饣', '贵')","['丨', '贝', '饣', '一', '口']"
餮,18,184.9,a legendary animal; a greedy person,Both,"('殄', '食')","['人', '食', '彡', '歹']"
餡,16,184.8,"pastry filling, stuffing",Traditional,"('食', '臽')","['人', '丶', '刀', '丨', '彐', '臼', '乙']"
餌,14,184.6,"bait; bait, entice; dumplings",Traditional,"('食', '耳')","['人', '丶', '乙', '丨', '彐', '耳']"
饘,21,184.13,gruel,Traditional,"('食', '亶')","['人', '丶', '丨', '彐', '囗', '亠', '日', '一', '乙']"
餾,18,184.10,"distill, distillation",Traditional,"('食', '留')","['人', '丶', '丨', '彐', '田', '卩', '乙']"
馉,12,184'.10,(餶飿) glutinous rice,Simplified,"('饣', '骨')","['骨', '饣']"
餓,15,184.7,hungry; greedy for; hunger,Traditional,"('食', '我')","['人', '丶', '手', '丨', '彐', '戈', '乙']"
饦,6,184'.3,rice cake,Simplified,"('饣', '乇')","['一', '饣', '乙']"
饊,20,184.12,fried round cakes of wheat flour,Traditional,"('食', '散')","['人', '丶', '丨', '彐', '月', '一', '攴', '艸', '乙']"
饕,22,184.13,"gluttonous, greedy, covetous",Both,"('號', '食')","['食', '虍', '一', '几', '口']"
飧,12,184.3,"evening meal, supper; cooked food",Both,"('夕', '食')","['食', '夕']"
饹,9,184'.6,(餄餎) buckwheat noodles,Simplified,"('饣', '各')","['口', '饣', '夂']"
饺,9,184'.6,stuffed dumplings,Simplified,"('饣', '交')","['丿', '亠', '八', '饣']"
饢,30,184.22,bread (Persian 'naan'),Traditional,"('食', '囊')","['人', '丶', '二', '乙', '丨', '彐', '冖', '十', '一', '口']"
飮,13,184.4,drink; swallow; kind of drink,Unknown,"('食', '欠')","['食', '欠']"
餅,14,184.6,"rice-cakes, biscuits",Traditional,"('食', '并')","['人', '丶', '八', '丨', '廾', '彐', '一', '乙']"
饁,18,184.10,carry meal to workers in field,Traditional,"('食', '盍')","['土', '人', '丶', '厶', '丨', '彐', '皿', '乙']"
飡,11,184.2,meal; eat,Both,"('冫', '食')","['食', '冫']"
餔,15,184.7,eat; dinner time; sunset,Traditional,"('食', '甫')","['人', '丶', '丨', '用', '彐', '十', '乙']"
饑,20,184.12,"starve, be hungry; famine",Traditional,"('食', '幾')","['幺', '人', '丶', '丨', '彐', '戈', '乙']"
饧,6,184'.3,"sugar, syrup; malt sugar; sticky",Simplified,"('饣', '𠃓')",['饣']
饒,20,184.12,"bountiful, abundant, plentiful",Traditional,"('食', '堯')","['人', '丶', '土', '丨', '彐', '儿', '一', '乙']"
饳,8,184'.5,(馉饳) glutinous rice,Simplified,"('饣', '出')","['山', '饣']"
餚,16,184.8,prepared meat; food,Traditional,"('食', '肴')","['人', '丶', '丿', '丨', '彐', '月', '一', '乙']"
餃,14,184.6,stuffed dumplings,Traditional,"('食', '交')","['人', '丶', '丿', '八', '丨', '彐', '亠', '乙']"
饼,9,184'.6,"rice-cakes, biscuits",Simplified,"('饣', '并')","['一', '八', '廾', '饣']"
餇,14,184.6,food,Unknown,"('食', '同')","['人', '丶', '乙', '丨', '彐', '口', '一', '冂']"
饍,20,184.12,"meals, provisions, board",Both,"('食', '善')","['人', '丶', '八', '乙', '羊', '丨', '彐', '一', '口']"
饛,21,184.14,well-filled dish,Traditional,"('食', '蒙')","['人', '丶', '二', '丨', '彐', '冖', '勹', '艸', '乙']"
餫,17,184.9,dumpling; supply,Traditional,"('食', '軍')","['人', '丶', '丨', '彐', '冖', '車', '乙']"
馑,14,184'.11,time of famine or crop failure,Simplified,"('饣', '堇')","['丨', '廾', '饣', '玉', '口']"
饷,9,184'.6,rations and pay for soldiers,Simplified,"('饣', '向')","['宀', '饣', '口']"
饩,7,184'.4,sacrificial victim; gift; grain,Simplified,"('饣', '气')","['气', '饣']"
饂,17,184.10,Japanese noodles,Both,"('食', '𥁕')","['人', '丶', '丨', '彐', '皿', '日', '乙']"
飪,12,184.4,cooked food; cook until well done,Traditional,"('食', '王')","['人', '丶', '士', '丨', '彐', '乙']"
饶,9,184'.6,"bountiful, abundant, plentiful",Simplified,"('饣', '尧')","['一', '饣', '儿']"
馆,11,184'.8,public building,Simplified,"('饣', '官')","['宀', '己', '饣']"
飤,10,184.2,to feed; provisions,Traditional,"('食', '人')","['人', '丶', '丨', '彐', '乙']"
饸,9,184'.6,(餄餎) buckwheat noodles,Simplified,"('饣', '合')","['一', '人', '饣', '口']"
餽,17,184.10,make present of food; gift,Both,"('食', '鬼')","['人', '丶', '丨', '彐', '鬼', '乙']"
飽,13,184.5,eat heartily; eat one's fill,Traditional,"('食', '包')","['人', '丶', '丨', '彐', '勹', '己', '乙']"
餪,17,184.9,feast,Traditional,"('食', '耎')","['人', '丶', '而', '丨', '大', '彐', '乙']"
饌,20,184.12,"feed, support, provide for; food; fine meats, delicacies",Traditional,"('食', '巽')","['人', '丶', '八', '丨', '彐', '一', '艸', '乙']"
養,14,184.6,"raise, rear, bring up; support",Traditional,"('𦍌', '食')","['羊', '丶', '八', '艮']"
餭,17,184.9,dried sweetmeat,Traditional,"('食', '皇')","['人', '丶', '丨', '彐', '玉', '白', '乙']"
餖,15,184.7,food item set out for show only,Traditional,"('食', '豆')","['人', '丶', '丨', '豆', '彐', '乙']"
餗,15,184.7,a pot of cooked rice,Traditional,"('食', '束')","['人', '丶', '乙', '丨', '木', '彐', '口']"
飱,13,184.4 78.9,evening meal,Both,"('歹', '食')","['食', '歹']"
餶,17,184.10,(餶飿) glutinous rice,Traditional,"('食', '骨')","['人', '丶', '骨', '丨', '彐', '乙']"
饴,8,184'.5,sweet-meats; sweet-cakes; syrup,Simplified,"('饣', '台')","['厶', '饣', '口']"
餳,17,184.9,"sugar, syrup; malt sugar; sticky",Traditional,"('食', '昜')","['人', '丶', '丨', '勹', '彐', '日', '一', '乙']"
馀,10,184'.7,"surplus, excess, remainder",Simplified,"('饣', '余')","['干', '人', '饣', '小']"
饞,25,184.17,"gluttonous, greedy; lewd, lecherous",Traditional,"('食', '毚')","['人', '丶', '乙', '刀', '丨', '彐', '比', '口']"
餦,16,184.8,"candy, pastry",Traditional,"('食', '長')","['人', '丶', '長', '丨', '彐', '乙']"
饗,20,184.13,host banquet; banquet,Traditional,"('鄉', '食')","['丿', '丶', '丨', '彐', '阝', '食', '乙']"
馒,14,184'.11,steamed bread; steamed dumplings,Simplified,"('饣', '曼')","['日', '网', '又', '饣']"
餙,15,184.7,to adorn; ornaments; to deceive,Both,"('食', '希')","['人', '丶', '丿', '巾', '丨', '彐', '一', '乙']"
饇,19,184.11,"to eat too much, surfeited; to confer",Traditional,"('食', '區')","['人', '丶', '丨', '彐', '口', '匚', '乙']"
饰,8,184'.5,"decorate, ornament, adorn",Simplified,"('饣', '布')","['一', '丿', '饣', '巾']"
饮,7,184'.4,drink; swallow; kind of drink,Simplified,"('饣', '欠')","['欠', '饣']"
饯,8,184'.5,"farewell party; see off, send off",Simplified,"('饣', '𢦑')","['一', '戈', '饣']"
馓,15,184'.12,fried round cakes of wheat flour,Simplified,"('饣', '散')","['饣', '月', '一', '艸', '攴']"
馁,10,184'.7,"hungry, starving, famished",Simplified,"('饣', '妥')","['女', '饣', '爪']"
馅,11,184'.8,"filling, stuffing; secret",Simplified,"('饣', '臽')","['臼', '刀', '饣']"
餿,17,184.10,"spoiled, rotten, stale, rancid",Traditional,"('食', '叟')","['人', '丶', '又', '丨', '彐', '臼', '乙']"
餹,18,184.10,sugar; sugared; candy; crystallized sweetmeats,Traditional,"('食', '唐')","['人', '丶', '乙', '广', '丨', '彐', '聿', '口']"
饅,19,184.11,steamed bread; steamed dumplings,Traditional,"('食', '曼')","['人', '丶', '又', '丨', '彐', '日', '网', '乙']"
餺,18,184.10,rice cake,Traditional,"('食', '尃')","['人', '丶', '丨', '用', '彐', '寸', '十', '乙']"
飥,11,184.3,rice cake,Traditional,"('食', '乇')","['人', '丶', '丨', '彐', '一', '乙']"
餬,17,184.9,"porridge, gruel, congee; paste",Traditional,"('食', '胡')","['人', '丶', '乙', '丨', '彐', '十', '月', '口']"
馌,13,184'.10,carry meal to workers in field,Simplified,"('饣', '盍')","['厶', '土', '皿', '饣']"
馐,13,184'.10,"food, meal; eat; offer",Simplified,"('饣', '羞')","['羊', '二', '刀', '饣']"
剜,10,18.8,"cut, cut out, pick out, scoop out",Both,"('宛', '刂')","['宀', '刀', '乙', '夕']"
劆,15,18.13,sickle,Both,"('廉', '刂')","['八', '广', '刀', '彐', '一']"
剋,9,18.7,"subdue, overcome; cut down",Traditional,"('克', '刂')","['十', '刀', '口', '儿']"
刹,8,18.6,"temple, shrine, monastery",Both,"('杀', '刂')","['丿', '十', '刀', '小']"
删,7,18.5,to cut; delete,Both,"('册', '刂')","['一', '刀', '冂']"
剨,11,18.9,sound of something being smashed,Both,"('砉', '刂')","['二', '刀', '丨', '一', '石']"
劊,15,18.13,"amputate, cut off",Traditional,"('會', '刂')","['人', '八', '刀', '丨', '日', '一', '口']"
劓,16,18.14,cut off nose,Both,"('鼻', '刂')","['刀', '鼻']"
刪,7,18.5,"to cut; delete, erase; to geld",Traditional,"('冊', '刂')","['一', '刀', '冂']"
剣,10,18.8,"sword, dagger, saber",Unknown,"('㑒', '刂')","['人', '八', '刀', '丨', '一', '口']"
剩,12,18.10,"leftovers, residue, remains",Both,"('乘', '刂')","['禾', '刀', '匕']"
剁,8,18.6,"chop by pounding, mince, hash",Both,"('朵', '刂')","['几', '木', '刀']"
創,12,18.10,"establish, create; knife cut",Traditional,"('倉', '刂')","['人', '丶', '刀', '丨', '彐', '口']"
剡,10,18.8,"sharp, sharp-pointed; sharpen",Both,"('炎', '刂')","['火', '刀']"
划,6,18.4,to row or paddle boat; to scratch,Both,"('戈', '刂')","['刀', '戈']"
剝,10,18.8,"peel, peel off, to shell, strip; hexagram ䷖",Traditional,"('彔', '刂')","['刀', '水', '彐']"
列,6,18.4,"a line; to arrange in order, classify",Both,"('歹', '刂')","['刀', '歹']"
刌,5,18.3,cut up small; divide,Both,"('寸', '刂')","['刀', '寸']"
劘,21,18.19,make into mince,Both,"('靡', '刂')","['刀', '麻', '非']"
制,8,18.6,system; establish; overpower,Both,"('', '刂')","['牛', '刀', '巾']"
剽,13,18.11,"rob, plunder; slice off; fast",Both,"('票', '刂')","['襾', '刀', '示']"
剥,10,18.8,peel,Simplified,"('录', '刂')","['刀', '水', '彐']"
劍,15,18.13,"sword, dagger, saber",Traditional,"('僉', '刂')","['一', '人', '刀']"
刦,7,18.5,"take by force, coerce; disaster",Both,"('去', '刂')","['土', '刀', '厶']"
刄,3,18.1,"edged tool, cutlery, knife edge",Both,"('刀', '乀')",['刀']
剏,9,18.7,"establish, create; knife cut",Unknown,"('并', '刄')","['丶', '八', '刀', '廾', '一']"
刑,6,18.4,"punishment, penalty; law",Both,"('开', '刂')","['一', '刀', '廾']"
剌,9,18.7,"slash, cut in two; contradict",Both,"('束', '刂')","['刀', '木', '口']"
剟,10,18.8,"to prick; to cut blocks, to engrave",Both,"('叕', '刂')","['刀', '又']"
刴,8,18.6,"chop by pounding, mince, hash",Both,"('朶', '刂')","['丿', '刀', '木']"
劏,15,18.13,to butcher,Traditional,"('當', '刂')","['刀', '冖', '田', '小', '口']"
劎,15,18.13,"sword, dagger",Both,"('僉', '刀')","['一', '人', '刀']"
剎,9,18.7,temple,Traditional,"('𣏂', '刂')","['丿', '丶', '木', '刀']"
劈,15,18.13,"cut apart, split, chop",Both,"('辟', '刀')","['刀', '尸', '辛', '口']"
割,12,18.10,"cut, divide, partition; cede",Both,"('害', '刂')","['二', '刀', '丨', '宀', '一', '口']"
刭,7,18.5,cut throat,Simplified,"('𢀖', '刂')","['刀', '工']"
刱,8,18.6,"establish, create; knife cut",Both,"('井', '刅')","['二', '刀', '八']"
刼,8,18.6,to plunder; to rob openly,Both,"('去', '刃')","['土', '刀', '厶', '丶']"
剚,10,18.8,stab,Both,"('事', '刂')","['刀', '丨', '十', '口', '聿', '亅']"
刎,6,18.4,"behead, cut throat",Both,"('勿', '刂')","['勹', '刀']"
剰,11,18.9,"leftovers, residue, remains",Both,"('乗', '刂')","['禾', '一', '刀', '艸']"
剧,10,18.8,"theatrical plays, opera, drama",Both,"('居', '刂')","['十', '刀', '尸', '口']"
剦,10,18.8,to castrate,Both,"('奄', '刂')","['刀', '丨', '大', '日', '乙']"
剅,9,18.7,mouth of a stream; waterway beneath a dam,Both,"('豆', '刂')","['刀', '豆']"
剱,11,18.9,"sword, dagger, saber",Unknown,"('㑒', '刄')","['人', '丶', '八', '刀', '丨', '一', '口']"
劔,16,18.14,"sword, dagger, saber",Both,"('僉', '刄')","['一', '人', '刀']"
剉,9,18.7,"cut, file, trim; file",Both,"('坐', '刂')","['土', '刀', '人']"
刘,6,18.4,"surname; kill, destroy",Both,"('文', '刂')","['文', '刀']"
判,7,18.5,judge; discriminate; conclude,Both,"('半', '刂')","['二', '刀', '丨', '八']"
剿,13,18.11,"destroy, exterminate, annihilate",Both,"('巢', '刂')","['川', '田', '木', '刀']"
刷,8,18.6,"brush; clean with brush, scrub",Both,"('𡰯', '刂')","['刀', '尸', '巾']"
削,9,18.7,"scrape off, pare, trim",Both,"('肖', '刂')","['月', '刀', '小']"
刺,8,18.6,"stab; prick, irritate; prod",Both,"('朿', '刂')","['刀', '木', '冂']"
剐,9,18.7,"cut, cut flesh from bones",Simplified,"('呙', '刂')","['冂', '人', '刀', '口']"
刖,6,18.4,cutting off feet as form of punishment,Both,"('月', '刂')","['月', '刀']"
则,6,18.4,"rule, law, regulation; grades",Simplified,"('贝', '刂')","['刀', '贝']"
刀,2,18.0,knife; old coin; measure,Both,"('刀', None)",['刀']
剖,10,18.8,"split in two, slice; dissect",Both,"('咅', '刂')","['刀', '立', '口']"
剳,11,18.10,brief note; official communique,Both,"('荅', '刂')","['人', '刀', '一', '艸', '口']"
剾,13,18.11,to pick up with knife,Traditional,"('區', '刂')","['匚', '刀', '口']"
刡,7,18.5,to scrape; to pare,Both,"('民', '刂')","['一', '刀', '己']"
劙,23,18.21,"a divide, to partition",Both,"('蠡', '刂')","['勹', '刀', '虫', '彐']"
刁,2,18.0,"tricky, sly, crafty, cunning",Both,"('𠃌', '丿')",[]
刍,5,18.3 58.2,"mow, cut grass; hay, fodder",Simplified,"('⺈', '彐')","['刀', '彐']"
刚,6,18.4,"hard, tough, rigid, strong",Simplified,"('冈', '刂')","['丿', '刀', '冂']"
剕,10,18.8,to cut off the feet (one of the five punishments in ancient times),Both,"('非', '刂')","['刀', '非']"
剀,8,18.6,"sharpen; carefully, thorough",Simplified,"('岂', '刂')","['刀', '山', '己']"
剗,10,18.8,to level off; to trim; to pare down,Traditional,"('戔', '刂')","['刀', '戈']"
剙,10,18.8,"establish, create; knife cut",Both,"('并', '刅')","['一', '刀', '廾', '八']"
剺,13,18.11,mark,Both,"('𠩺', '刀')","['刀', '木', '厂', '一', '攴']"
劃,14,18.12,"divide, mark off, lay boundary",Traditional,"('畫', '刂')","['一', '聿', '田', '刀']"
券,8,18.6,"certificate, ticket; title deeds",Both,"('龹', '刀')","['二', '刀', '丨', '八']"
劂,14,18.12,chisel for engraving; engrave,Both,"('厥', '刂')","['八', '刀', '屮', '厂', '一', '欠']"
别,7,18.5,"separate, other; do not",Both,"('另', '刂')","['刀', '力', '口']"
剴,12,18.10,"sharpen; carefully, thorough",Traditional,"('豈', '刂')","['刀', '山', '豆']"
劚,23,18.21,cut,Traditional,"('屬', '刂')","['虫', '水', '刀', '尸', '勹', '网']"
刵,8,18.6,punishment by cutting off ears,Both,"('耳', '刂')","['刀', '耳']"
刅,4,18.2,"to create, to make to invent; to begin",Both,"('刀', '丷')","['刀', '八']"
剃,9,18.7,shave,Both,"('弟', '刂')","['刀', '丨', '弓', '八']"
前,9,18.7,"in front, forward; preceding",Both,"('止', '刖')","['月', '一', '刀', '八']"
別,7,18.5,"separate, other; do not",Traditional,"('𠮠', '刂')","['丿', '刀', '口']"
分,4,18.2,divide; small unit of time etc.,Both,"('八', '刀')","['刀', '八']"
剸,13,18.11,cut,Traditional,"('專', '刂')","['刀', '丨', '寸', '十', '日']"
刊,5,18.3,"publication, periodical; publish",Both,"('干', '刂')","['干', '刀']"
刓,6,18.4,trim,Both,"('元', '刂')","['二', '刀', '儿']"
劄,14,18.12,brief note; official communique,Both,"('答', '刂')","['人', '竹', '刀', '一', '口']"
刾,8,18.6,"stab; prick, irritate; prod",Both,"('夹', '刂')","['一', '刀', '木', '八']"
切,4,18.2,"cut, mince, slice, carve",Both,"('七', '刀')","['一', '刀', '乙']"
剛,10,18.8,"hard, tough, rigid, strong",Traditional,"('岡', '刂')","['八', '刀', '山', '一', '冂']"
剔,10,18.8,pick out; scrape off; scrape meat,Both,"('易', '刂')","['日', '刀', '勹']"
劒,16,18.14,"sword, dagger, saber",Both,"('僉', '刃')","['一', '人', '刀', '丶']"
刋,5,18.3,"publication, periodical; publish",Both,"('千', '刂')","['十', '刀']"
刈,4,18.2,"cut off, reap, mow; sickle",Both,"('乂', '刂')","['丿', '刀']"
劐,15,18.14,destroy,Both,"('蒦', '刂')","['隹', '又', '艸', '刀']"
劖,19,18.17,make into mince; cut,Both,"('毚', '刂')","['丶', '乙', '刀', '丨', '比', '口']"
剞,10,18.8,carving or engraving knife; grave,Both,"('奇', '刂')","['亅', '刀', '大', '一', '口']"
创,6,18.4,"establish, create; knife cut",Simplified,"('仓', '刂')","['人', '刀', '乙']"
剠,10,18.8,brand,Both,"('京', '刂')","['小', '亠', '刀', '口']"
刻,8,18.6,"carve, engrave; quarter hour",Both,"('亥', '刂')","['人', '亠', '丨', '刀']"
劁,14,18.12,"geld, castrate",Both,"('焦', '刂')","['火', '隹', '刀']"
刃,3,18.1,"edged tool, cutlery, knife edge",Both,"('刀', '丶')","['刀', '丶']"
刧,7,18.5,"disaster, misfortune; coerce",Both,"('去', '刀')","['土', '刀', '厶']"
剂,8,18.6,medicinal preparation,Simplified,"('齐', '刂')","['刀', '齐']"
剮,10,18.9,"cut, cut flesh from bones",Traditional,"('咼', '刂')","['口', '刀', '冂']"
劑,16,18.14,medicinal preparation,Traditional,"('齊', '刂')","['刀', '齊']"
刔,6,18.4,scoop out; gouge,Both,"('夬', '刂')","['人', '刀', '丨']"
刽,8,18.6,"amputate, cut off",Simplified,"('会', '刂')","['人', '刀', '厶', '二']"
劗,21,18.19,"to cut, clip",Traditional,"('贊', '刂')","['貝', '刀', '牛', '儿']"
剄,9,18.7,cut throat,Traditional,"('巠', '刂')","['一', '川', '刀', '工']"
刜,7,18.5,chop,Both,"('弗', '刂')","['刀', '弓']"
剑,9,18.7,"sword, dagger, saber",Simplified,"('佥', '刂')","['一', '人', '刀', '小']"
刿,8,18.6,"to cut, injure, stab, stick on",Simplified,"('岁', '刂')","['刀', '山', '夕']"
刬,7,18.5,to level off; to trim; to pare down,Simplified,"('戋', '刂')","['一', '刀', '戈']"
刮,8,18.6,"shave, pare off, scrape",Both,"('舌', '刂')","['刀', '舌']"
劌,15,18.13,"to cut, injure, stab, stick on",Traditional,"('歲', '刂')","['止', '丿', '刀', '厂', '戈', '小', '一']"
刨,7,18.5,"carpenter's plane; plane, level",Both,"('包', '刂')","['勹', '刀', '己']"
副,11,18.9,assist; supplement; assistant,Both,"('畐', '刂')","['一', '刀', '田', '口']"
刳,8,18.6,"cut out, dig, rip up, scoop out",Both,"('夸', '刂')","['二', '刀', '大']"
利,7,18.5,"gains, advantage, profit, merit",Both,"('禾', '刂')","['禾', '刀']"
則,9,18.7,"rule, law, regulation; grades",Traditional,"('貝', '刂')","['貝', '刀']"
劉,15,18.13,"surname; kill, destroy",Traditional,"('𨥫', '刂')","['刀', '金', '卩']"
刲,8,18.6,"cut, slice off",Both,"('圭', '刂')","['土', '刀']"
剪,11,18.9,"scissors; cut, divide, separate",Both,"('前', '刀')","['月', '一', '刀', '八']"
劇,15,18.13,"theatrical plays, opera, drama",Traditional,"('豦', '刂')","['虍', '刀', '豕']"
剷,13,18.11,"to level off, cut off, pare down, raze",Both,"('産', '刂')","['生', '刀', '立', '厂']"
剤,10,18.8 210''.2,medicinal preparation,Unknown,"('斉', '刂')","['文', '刀', '二']"
到,8,18.6,"go to, arrive, been to",Both,"('至', '刂')","['刀', '至']"
宔,8,40.5,"anciently, a stone box holding an image in an ancestral temple",Both,"('宀', '主')","['宀', '丶', '玉']"
寖,13,40.10,"gradually, step by step, little",Both,"('宀', '浸')","['又', '水', '彐', '冖', '宀']"
寃,11,40.8,"grievance, injustice, wrong",Both,"('宀', '兔')","['丶', '乙', '刀', '丨', '宀', '口']"
宙,8,40.5,time as concept; infinite time,Both,"('宀', '由')","['宀', '二', '丨', '凵']"
它,5,40.2,it; other,Both,"('宀', '匕')","['宀', '匕']"
宫,9,40.6,palace,Simplified,"('宀', '吕')","['宀', '口']"
寘,13,40.10,"put aside, put down; discard",Both,"('宀', '真')","['八', '十', '目', '宀', '一']"
审,8,40.5,"examine, investigate; judge",Simplified,"('宀', '申')","['宀', '丨', '日']"
宧,10,40.7,corner,Both,"('宀', '𦣞')","['宀', '匚', '口']"
宰,10,40.7,to slaughter; to rule,Both,"('宀', '辛')","['宀', '辛']"
実,8,40.5,"real, true; honest, sincere",Unknown,"('宀', '𡗗')","['二', '八', '丨', '宀', '一']"
寬,14,40.12,"broad, wide; spacious, vast",Traditional,"('宀', '萈')","['丶', '目', '儿', '宀', '艸']"
宄,5,40.2,a traitor; a villain,Both,"('宀', '九')","['宀', '丿']"
宪,9,40.6,"constitution, statute, law",Simplified,"('宀', '先')","['宀', '牛', '儿']"
宥,9,40.6,"forgive, pardon, indulge",Both,"('宀', '有')","['宀', '丿', '月', '一']"
宜,8,40.5,"suitable, right, fitting, proper",Both,"('宀', '且')","['宀', '一', '月']"
寅,11,40.8,"to respect, reverence; respectfully; third earthly branch",Both,"('宀', '一由八')","['二', '凵', '八', '丨', '宀', '一']"
寗,13,40.10,a surname; peaceful; rather,Both,"('宓', '冉')","['心', '丿', '土', '宀', '冂']"
寪,15,40.9,surname,Traditional,"('宀', '為')","['宀', '丿', '火', '爪']"
寧,14,40.11,"repose, serenity, peace; peaceful",Traditional,"('寍', '丁')","['心', '皿', '宀', '一', '亅']"
宛,8,40.5,"seem, as if, crooked",Both,"('宀', '夗')","['宀', '乙', '夕']"
寄,11,40.8,"send, transmit, mail; rely on",Both,"('宀', '奇')","['亅', '大', '宀', '一', '口']"
寞,13,40.11,"silent, still, lonely, solitary",Both,"('宀', '莫')","['宀', '大', '艸', '日']"
實,14,40.11,"real, true, solid, honest",Traditional,"('宀', '貫')","['宀', '囗', '十', '貝']"
宐,7,40.4,"right, fitting, seemly",Both,"('宀', '勺?一')","['宀', '一', '丶', '勹']"
審,15,40.12,"examine, investigate; judge",Traditional,"('宀', '番')","['宀', '田', '釆']"
宬,9,40.7,archives; surname,Both,"('宀', '成')","['宀', '一', '戈', '丿']"
寵,19,40.16,"favorite, concubine; favor",Traditional,"('宀', '龍')","['宀', '龍']"
寛,13,40.10,broad,Unknown,"('宀', '莧')","['宀', '艸', '見']"
宝,8,40.5,"treasure, jewel; precious, rare",Both,"('宀', '玉')","['宀', '玉']"
宴,10,40.7,"to entertain, feast; a feast, banquet",Both,"('宀', '妟')","['宀', '女', '日']"
容,10,40.7,"looks, appearance; figure, form",Both,"('宀', '谷')","['宀', '谷']"
寯,15,40.13,"to accumulate; to amass; to store up, superior, handsome, refined, eminent",Traditional,"('宀', '雋')","['宀', '隹', '丨']"
宁,5,40.2,"calm, peaceful, serene; healthy",Both,"('宀', '丁')","['宀', '一', '亅']"
宸,10,40.7,imperial; imperial palace,Both,"('宀', '辰')","['宀', '辰']"
寕,12,40.9,"repose, serenity, peace; peaceful",Both,"('宀', '')","['丿', '宀', '一', '网', '亅']"
宕,8,40.5,stone quarry; cave dwelling,Both,"('宀', '石')","['宀', '石']"
守,6,40.3,"defend, protect, guard, conserve",Both,"('宀', '寸')","['宀', '寸']"
寚,13,40.10,precious; rear; valuable treasure; bullion a jewel,Both,"('宀', '王缶')","['宀', '玉', '缶']"
寁,11,40.8,"quick, fast",Both,"('宀', '疌')","['宀', '十', '聿', '止']"
宇,6,40.3,"house; building, structure; eaves",Both,"('宀', '于')","['宀', '干', '亅']"
宼,10,40.7,"tyrannical, cruel; to rob to plunder; bandits, thieves, highwaymen",Both,"('宀', '元女')","['宀', '二', '女', '儿']"
安,6,40.3,"peaceful, tranquil, quiet",Both,"('宀', '女')","['宀', '女']"
寳,19,40.16,"treasure, jewel; precious, rare",Both,"('宀', '王尓貝')","['刀', '貝', '小', '宀', '玉']"
宂,5,40.2,"scattered, mixed affairs; duties; occupation business",Both,"('宀', '几')","['宀', '几']"
家,10,40.7,"house, home, residence; family",Both,"('宀', '豕')","['宀', '豕']"
室,9,40.6,"room, home, house, chamber; 13th lunar mansion, determinative star α Pegasi (Markab)",Both,"('宀', '至')","['宀', '至']"
寥,14,40.11,"few, scarce; empty, deserted",Both,"('宀', '翏')","['宀', '人', '羽', '彡']"
客,9,40.6,"guest, traveller; customer",Both,"('宀', '各')","['宀', '口', '夂']"
寶,20,40.17,"treasure, jewel; precious, rare",Traditional,"('𡩧', '貝')","['宀', '貝', '玉', '缶']"
寒,12,40.9,"cold, wintry, chilly",Both,"('𡨄', '冫')","['二', '丶', '八', '宀', '一']"
宮,10,40.7,"palace, temple, dwelling, enclose",Traditional,"('宀', '呂')","['宀', '丿', '口']"
富,12,40.9,"abundant, ample; rich, wealthy",Both,"('宀', '畐')","['宀', '一', '田', '口']"
宦,9,40.6,"officialdom, government official",Both,"('宀', '臣')","['宀', '臣']"
宅,6,40.3,"residence, dwelling, home; grave",Both,"('宀', '乇')","['宀', '一', '乙']"
寰,16,40.13,"great domain, country, world",Both,"('宀', '睘')","['宀', '一', '网', '口']"
寠,14,40.11,"poor, impoverished",Traditional,"('宀', '婁')","['宀', '十', '女', '口']"
定,8,40.5,"decide, settle, fix",Both,"('宀', '𤴓')","['宀', '一', '止']"
宽,10,40.7,"broad, wide; spacious, vast",Simplified,"('宀', '苋')","['宀', '见', '艸']"
宵,10,40.7,"night, evening, dark",Both,"('宀', '肖')","['宀', '月', '小']"
寔,12,40.9,"real, true, solid, honest",Both,"('宀', '是')","['宀', '一', '日', '止']"
密,11,40.8,"dense, thick, close; intimate",Both,"('宓', '山')","['宀', '丿', '山', '心']"
实,8,40.5,"real, true; honest, sincere",Both,"('宀', '头')","['宀', '丶', '大']"
寨,14,40.11,"stockade, stronghold, outpost; brothel",Both,"('𡨄', '朩')","['二', '八', '十', '小', '宀', '一']"
宿,11,40.8,"stop, rest, lodge, stay overnight; constellation",Both,"('宀', '佰')","['宀', '一', '白', '人']"
宗,8,40.5,"lineage, ancestry; ancestor, clan",Both,"('宀', '示')","['宀', '示']"
宠,8,40.5,"favorite, concubine; favor",Simplified,"('宀', '龙')","['宀', '龙']"
宻,10,40.7,"dense, thick, close; intimate",Both,"('宀', '又?山')","['宀', '又', '山', '八']"
官,8,40.5,"official, public servant",Both,"('宀', '㠯')","['宀', '己']"
寇,11,40.8,"bandits, thieves; enemy; invade",Both,"('宀', '元攴')","['宀', '二', '攴', '儿']"
寀,11,40.8,feudal estate,Traditional,"('宀', '采')","['宀', '木', '爪']"
寤,14,40.11,"few, scarce; empty, deserted",Both,"('宀', '𤕻')","['力', '宀', '一', '爿', '口']"
寜,13,40.10,"repose, serenity, peace; peaceful",Both,"('寍', '亅')","['心', '皿', '宀', '一', '亅']"
寍,12,40.9,used as a term of comparison:-rather; it is better; would that,Both,"('宀心', '皿')","['宀', '皿', '心']"
寢,14,40.11,"sleep, rest; bed chamber",Traditional,"('宀', '爿?冖又')","['又', '彐', '冖', '宀', '爿']"
寎,12,40.9,drowsy,Both,"('宀', '爿丙')","['人', '宀', '一', '爿', '冂']"
完,7,40.4,"complete, finish, settle; whole",Both,"('宀', '元')","['宀', '二', '儿']"
牢,7,93.3 40.4,"prison; stable, pen; secure",Both,"('宀', '牛')","['宀', '牛']"
寡,14,40.11,"widowed; alone, friendless",Both,"('宀', '丆且分')","['月', '丿', '八', '刀', '宀', '一']"
宾,10,40.7,"guest, visitor; surname; submit",Both,"('宀', '兵')","['宀', '一', '斤', '八']"
察,14,40.11,"examine, investigate; notice",Both,"('宀', '祭')","['宀', '月', '示', '卩']"
宓,8,40.5,"quiet, silent; in good health",Both,"('宀', '必')","['宀', '丿', '心']"
寂,11,40.8,"still, silent, quiet; desolate",Both,"('宀', '叔')","['又', '卜', '小', '宀', '一']"
寐,12,40.9,sleep; be asleep,Both,"('宀', '爿未')","['宀', '一', '爿', '木']"
害,10,40.7,"injure, harm; destroy, kill",Both,"('宀', ' 丯口')","['二', '丨', '宀', '一', '口']"
宋,7,40.4,Song dynasty; surname,Both,"('宀', '木')","['宀', '木']"
宣,9,40.6,"declare, announce, proclaim",Both,"('宀', '亘')","['宀', '一', '日']"
寮,15,40.12,"shanty, hut, shack",Both,"('宀', '尞')","['八', '大', '日', '小', '宀']"
寫,15,40.12,"write; draw, sketch; compose",Traditional,"('宀', '舄')","['宀', '火', '勹', '臼']"
寓,12,40.9,residence; lodge; dwell,Both,"('宀', '禺')","['二', '禸', '丨', '宀', '冂']"
宏,7,40.4,"wide, spacious, great, vast",Both,"('宀', '厷')","['宀', '厶', '一', '丿']"
寝,13,40.10,"sleep, rest; bed chamber",Simplified,"('宀', '丬彐冖又')","['又', '彐', '冖', '宀', '爿']"
糵,22,119.17,fermenting grain; grain which has sprouted; yeast,Unknown,"('薛', '米')","['丶', '米', '辛', '己', '艸']"
糁,14,119.8,a grain of rice; rice gruel mixed with meat,Simplified,"('米', '参')","['厶', '彡', '大', '米']"
粜,11,119.5,sell grain,Both,"('出', '米')","['山', '米']"
粧,12,119.6,toilet; make-up; dress up; adorn,Both,"('米', '庄')","['土', '广', '米']"
粉,10,119.4,"powder, face powder; plaster",Both,"('米', '分')","['刀', '八', '米']"
粿,14,119.8,rice cake,Both,"('米', '果')","['木', '田', '米']"
粆,10,119.4,coarse,Both,"('米', '少')","['丿', '米', '小']"
糔,15,119.10,juice,Both,"('米', '蚤')","['丶', '又', '虫', '米']"
粻,14,119.8,provisions,Traditional,"('米', '長')","['長', '米']"
粟,12,119.6,unhusked millet; grain,Both,"('覀', '米')","['襾', '米']"
粎,10,119.4,meter,Both,"('米', '尺')","['尸', '米']"
糍,15,119.9,food made of crushed and cooked rice,Both,"('米', '兹')","['幺', '一', '八', '米']"
糤,18,119.12,fried round cakes of wheat flour,Both,"('米', '散')","['米', '月', '一', '艸', '攴']"
粳,13,119.7,non-glutinous rice,Both,"('米', '更')","['丿', '丨', '米', '日', '一']"
糉,15,119.9,dumpling made of glutinous rice,Both,"('米', '㚇')","['丿', '凵', '八', '夂', '米']"
糇,15,119.9,"dried rice, dry provisions",Both,"('米', '侯')","['人', '米', '矢']"
粝,11,119.5,unpolished rice; brown rice,Simplified,"('米', '厉')","['丿', '一', '米', '厂']"
粼,14,119.8,clear like water; crystalline,Both,"('粦', '巜')","['舛', '川', '米']"
糗,16,119.10,parched wheat or rice; broken grain,Both,"('米', '臭')","['自', '米', '犬']"
糧,18,119.12,"food, grain, provisions",Traditional,"('米', '量')","['日', '一', '里', '米']"
粘,11,119.5,"viscous, mucous; glutinous",Both,"('米', '占')","['卜', '米', '口']"
粔,10,119.5,cakes made from rice flour twisted into rings,Both,"('米', '巨')","['匚', '米']"
糖,16,119.10,sugar; candy; sweets,Both,"('米', '唐')","['广', '聿', '米', '口']"
粕,11,119.5,"lees, dregs, sediments left after distilling liquor",Both,"('米', '白')","['白', '米']"
籹,9,119.3,cake,Both,"('米', '女')","['女', '米']"
粥,12,119.6,"rice gruel, congee",Both,"('弓', '米')","['弓', '米']"
粂,9,119.3,surname,Unknown,"('久', '米')","['勹', '米']"
籵,8,119.2,decimeter,Both,"('米', '十')","['十', '米']"
糰,20,119.14,rice ball,Traditional,"('米', '團')","['丨', '寸', '囗', '十', '米', '日']"
米,6,119.0,hulled or husked uncooked rice,Both,"('木', '丷')",['米']
精,14,119.8,essence; semen; spirit,Both,"('米', '青')","['青', '米']"
糠,17,119.11,"chaff, bran, husks; poor",Both,"('米', '康')","['隶', '广', '米']"
畨,11,119.5 102.6,foreign; to repeat,Unknown,"('米', '田')","['田', '米']"
粗,11,119.5,"rough, thick, course; rude",Both,"('米', '且')","['月', '一', '米']"
糅,15,119.9,"blend, mix; mixed",Both,"('米', '柔')","['矛', '木', '米']"
糜,17,119.11,"rice gruel, congee; mashed rice",Both,"('麻', '米')","['米', '麻']"
粤,12,119.6,Guangdong and Guangxi provinces; initial particle,Simplified,"('丶囗米', '丂')","['一', '囗', '丶', '米']"
籾,9,119.3,unhulled rice,Both,"('米', '刃')","['刀', '米', '丶']"
糡,17,119.11,"starch, paste; to starch",Both,"('米', '竟')","['音', '米', '儿']"
糴,22,119.16,purchase grains; store grain,Traditional,"('籴', '翟')","['入', '羽', '米', '隹']"
粢,12,119.6,grain offered in ritual sacrifice; millet,Both,"('次', '米')","['欠', '米', '冫']"
粹,14,119.8,pure; unadulterated; select,Both,"('米', '卒')","['十', '亠', '米', '人']"
糱,22,119.16,fermenting grain; yeast,Both,"('辥', '米')","['丶', '屮', '辛', '米', '己']"
糲,20,119.15,unpolished rice; brown rice,Traditional,"('米', '厲')","['二', '禸', '丨', '厂', '米', '艸', '冂']"
糈,15,119.9,sacrificial rice; rations; pay,Both,"('米', '胥')","['月', '疋', '米']"
糭,19,119.13,rice dumpling,Unknown,"('米', '凵?八夊')","['凵', '丿', '八', '夂', '米', '冫']"
粱,13,119.7,better varieties of millet,Both,"('氵刅', '米')","['刀', '水', '八', '米']"
粵,13,119.7,Guangdong and Guangxi provinces; initial particle,Traditional,"('丶囗釆', '丂')","['宀', '二', '釆']"
粍,10,119.4,millimetre,Both,"('米', '毛')","['毛', '米']"
粲,13,119.7,"polish; bright, radiant; smiling",Both,"('𣦼', '米')","['歹', '又', '米']"
粨,12,119.6,hectometer,Both,"('米', '百')","['一', '白', '米']"
糕,16,119.10,"cakes, pastry",Both,"('米', '羔')","['羊', '火', '米']"
粑,10,119.4,"bread, cake; tsamba (Tibetan barley bread)",Both,"('米', '巴')","['丨', '米', '乙']"
糊,15,119.9,"paste, stick on with paste",Both,"('米', '胡')","['月', '十', '米', '口']"
粬,12,119.6,"yeast, leaven",Unknown,"('米', '曲')","['二', '凵', '米']"
粺,14,119.8,polished rice or millet,Both,"('米', '卑')","['二', '丶', '丨', '十', '米', '冂']"
糯,20,119.14,"glutinous rice; glutinous, sticky",Both,"('米', '需')","['而', '米', '雨']"
粒,11,119.5,grain; small particle,Both,"('米', '立')","['立', '米']"
籴,8,119.2 11.6,purchase grains; store grain,Both,"('入', '米')","['入', '米']"
糙,16,119.11,"coarse, harsh, rough, unpolished rice",Both,"('米', '造')","['牛', '米', '口', '辵']"
糌,15,119.9,Tibetan tsampa; glutinous flour made from roasted barley or wheat,Both,"('米', '昝')","['日', '卜', '米', '夂']"
粁,9,119.3,kilometer,Both,"('米', '千')","['十', '米']"
糟,17,119.11,"sediment, dregs; pickle",Both,"('米', '曹')","['二', '凵', '米', '日', '艸']"
粋,10,119.4,pure; unadulterated; select,Unknown,"('米', '卆')","['丿', '十', '米']"
粞,12,119.6,to mash rice,Both,"('米', '西')","['襾', '米']"
糒,16,119.10,food for a journey; cakes,Both,"('米', '萹?')","['丿', '用', '米', '一', '艸']"
籸,9,119.3,powdery substance,Both,"('米', '卂')","['十', '米', '乙']"
糞,17,119.11,"manure, dung, night soil",Traditional,"('米', '異')","['八', '田', '米', '一', '艸']"
粦,12,119.6,"phosphorus (element 15, P)",Both,"('米', '舛')","['舛', '米']"
糶,25,119.19,sell grain,Traditional,"('粜', '翟')","['羽', '山', '米', '隹']"
粛,11,119.5,pay respects; reverently,Unknown,"('肀', '儿*米')","['人', '聿', '木', '糸']"
糓,16,119.10,"grain, corn",Both,"('𣪊', '米')","['士', '冖', '米', '一', '殳']"
籽,9,119.3,"seed, pip, pit, stone",Both,"('米', '子')","['子', '米']"
粇,10,119.4,"chaff, bran, husks",Unknown,"('米', '亢')","['亠', '几', '米']"
糎,15,119.9,(J) centimetre,Both,"('米', '厘')","['里', '米', '厂']"
粽,14,119.8,dumpling made of glutinous rice,Both,"('米', '宗')","['宀', '米', '示']"
类,9,119.3 37.6,"class, group, kind, category",Simplified,"('米', '大')","['大', '米']"
糏,16,119.10,rice grits left after hulling,Both,"('米', '屑')","['月', '尸', '米', '小']"
糝,17,119.11,scattered (grains of rice); mixed,Traditional,"('米', '參')","['厶', '人', '彡', '米']"
糨,18,119.11,"starch, paste; to starch",Both,"('𥸲', '𧈧')","['虫', '弓', '米', '口']"
籼,9,119.3,non-glutinous long grain rice,Simplified,"('米', '山')","['山', '米']"
粪,12,119.6,"manure, dung, excrement, night soil",Simplified,"('米', '共')","['一', '艸', '八', '米']"
粃,10,119.4,empty husks of grain,Both,"('米', '比')","['比', '米']"
糢,16,119.11,rice snacks,Both,"('米', '莫')","['日', '艸', '大', '米']"
粮,13,119.7,"food, grain, provisions",Both,"('米', '良')","['艮', '丶', '米']"
郭,10,163.8,outer part (of a city); surname,Both,"('享', '阝')","['子', '亠', '阝', '口']"
鄐,12,163.10,town in Henan province,Unknown,"('畜', '阝')","['玄', '田', '阝']"
酆,20,163.18,Zhou-era state in modern Sichuan,Both,"('豐', '阝')","['山', '阝', '豆']"
郿,11,163.9,county in Shaanxi province,Both,"('眉', '阝')","['目', '丨', '阝']"
郚,9,163.7,towns in Shandong province,Both,"('吾', '阝')","['一', '口', '阝', '力']"
郫,10,163.8,a county in Sichuan,Both,"('卑', '阝')","['二', '丶', '丨', '十', '阝', '冂']"
酈,21,163.19,place in today's Henan province; surname,Traditional,"('麗', '阝')","['一', '鹿', '阝']"
酅,20,163.18,raise feet; town in Shandong province,Both,"('巂', '阝')","['八', '隹', '口', '山', '阝', '冂']"
郰,10,163.8,"birthplace of Confucius, a place in Shandong",Both,"('取', '邓')","['又', '阝', '耳']"
邸,7,163.5,"official residence, residence of",Both,"('氐', '阝')","['丶', '氏', '阝']"
邮,7,163.5,"postal, mail; post office",Simplified,"('由', '阝')","['二', '丨', '阝', '凵']"
郐,8,163.6,state in today's Henan province,Simplified,"('会', '阝')","['人', '厶', '二', '阝']"
鄤,13,163.11,place in Henan province,Unknown,"('曼', '阝')","['日', '网', '又', '阝']"
鄘,13,163.11,state in Henan province,Both,"('庸', '阝')","['广', '聿', '用', '阝']"
郊,8,163.6,"suburbs; waste land, open spaces",Both,"('交', '阝')","['丿', '亠', '八', '阝']"
郑,8,163.6,state in today's Henan; surname,Both,"('关', '阝')","['一', '八', '大', '阝']"
邝,5,163.3,surname,Simplified,"('广', '阝')","['广', '阝']"
郞,9,163.7,gentleman,Both,"('良', '阝')","['艮', '丶', '阝']"
鄆,11,163.9,surname; an ancient town's name,Traditional,"('軍', '阝')","['冖', '車', '阝']"
郜,9,163.7,surname,Both,"('告', '阝')","['牛', '阝', '口']"
邛,5,163.3,in distress; a mound,Both,"('工', '阝')","['阝', '工']"
郸,10,163.8,county in Hebei province,Simplified,"('单', '阝')","['二', '八', '丨', '十', '阝', '冂']"
部,10,163.8,"part, division, section",Both,"('咅', '阝')","['立', '口', '阝']"
鄶,15,163.13,state in today's Henan province,Traditional,"('會', '阝')","['人', '八', '丨', '阝', '日', '一', '口']"
酂,18,163.16,collect; small administration,Simplified,"('赞', '阝')","['贝', '阝', '牛', '儿']"
鄬,14,163.12,place in Henan province,Traditional,"('為', '阝')","['丿', '火', '阝', '爪']"
郔,8,163.7,place name in Shandong province,Unknown,"('延', '阝')","['止', '廴', '阝']"
鄗,12,163.10,county in Hebei province,Both,"('高', '阝')","['高', '阝']"
鄙,13,163.11,mean; low,Both,"('啚', '阝')","['十', '囗', '阝', '口']"
鄇,11,163.9,a name of a town in Henan province,Unknown,"('侯', '阝')","['人', '阝', '矢']"
鄺,16,163.15,surname,Traditional,"('廣', '阝')","['二', '凵', '八', '广', '丨', '阝', '一', '艸']"
邨,6,163.4,"village, hamlet; rustic",Both,"('屯', '阝')","['十', '屮', '乙', '阝']"
鄍,12,163.10,a town in Shandong province,Both,"('冥', '阝')","['八', '冖', '亠', '阝', '日']"
鄰,14,163.12,neighbor; neighborhood,Traditional,"('粦', '阝')","['舛', '米', '阝']"
郏,8,163.6,county in Henan province; surname,Simplified,"('夹', '阝')","['人', '八', '阝', '二']"
鄄,11,163.9,a county in Shandong,Both,"('垔', '阝')","['土', '阝', '襾']"
那,6,163.4,"that, that one, those",Both,"('冄', '阝')","['二', '丨', '阝']"
郈,8,163.6,place in Shandong province,Unknown,"('后', '阝')","['一', '口', '阝', '⺁']"
郠,9,163.7,place in Shandong province,Unknown,"('更', '阝')","['丿', '丨', '阝', '日', '一']"
鄈,11,163.9,"slippers, sandals; dance shoes",Unknown,"('癸', '阝')","['一', '大', '癶', '阝']"
郉,8,163.6,surname; place name,Unknown,"('幵', '阝')","['干', '阝', '亅']"
鄌,12,163.10,a place in Shandong,Unknown,"('唐', '阝')","['广', '聿', '阝', '口']"
鄜,13,163.11,county in Shanxi province,Both,"('鹿', '阝')","['鹿', '阝']"
郳,10,163.8,state in Shandong province,Both,"('兒', '阝')","['臼', '阝', '儿']"
郾,11,163.9,county in Henan province,Both,"('匽', '阝')","['日', '匚', '阝', '女']"
酃,19,163.17,a county in Hunan,Both,"('霝', '阝')","['阝', '口', '雨']"
邗,5,163.3,an ancient place in the state of Wu,Both,"('干', '阝')","['干', '阝']"
郤,9,163.7,"crack, opening; surname",Both,"('谷', '阝')","['阝', '谷']"
鄲,14,163.12,county in Hebei province,Traditional,"('單', '阝')","['二', '丨', '十', '口', '阝', '冂']"
鄑,12,163.10,kick; place in Shandong province,Both,"('晉', '阝')","['日', '一', '八', '阝']"
鄣,13,163.11,"name of an ancient city in N. Jiangsu, near Shandong",Both,"('章', '阝')","['日', '十', '立', '阝']"
鄋,11,163.10,a Chunqiu-era state in modern Shandong,Both,"('叟', '阝')","['臼', '丨', '阝', '又']"
郄,8,163.6,surname,Both,"('𠫤', '阝')","['丿', '厶', '阝', '一']"
邳,7,163.5,"a department in the state of Lu, modern Shandong",Both,"('丕', '阝')","['丿', '一', '卜', '阝']"
鄾,17,163.15,place in Hubei province,Both,"('憂', '阝')","['心', '丿', '夂', '冖', '阝', '月', '一']"
邕,10,163.3,former or literary name for Nanning (in Guangxi),Both,"('巛', '邑')","['川', '邑']"
邵,7,163.5,surname; various place names,Both,"('召', '阝')","['刀', '阝', '口']"
郟,9,163.7,county in Henan province; surname,Traditional,"('夾', '阝')","['人', '大', '阝']"
邹,7,163.5,name of an ancient state; surname,Simplified,"('刍', '阝')","['刀', '阝', '彐']"
鄉,11,163.9,country; rural; village,Traditional,"('乡', '郎')","['丿', '丶', '丨', '彐', '阝', '乙']"
鄔,12,163.10,various place names; surname; transliteration of Sanskrit 'u',Traditional,"('烏', '阝')","['一', '丶', '火', '阝']"
邲,7,163.5,ancient name of a place in Henan,Both,"('必', '阝')","['心', '丿', '阝']"
鄩,14,163.12,county in Shandong province,Traditional,"('尋', '阝')","['寸', '彐', '阝', '工', '口']"
郕,8,163.7,state in Shandong province,Unknown,"('成', '阝')","['丿', '一', '戈', '阝']"
郷,10,163.8,country; rural; village,Both,"('乡', '郎')","['丿', '丶', '丨', '彐', '阝', '乙']"
鄚,12,163.11,place in today's Hebei province,Both,"('莫', '阝')","['日', '艸', '大', '阝']"
郎,8,163.6,"gentleman, young man; husband",Both,"('良', '阝')","['丶', '丨', '彐', '阝', '乙']"
郃,8,163.6,county in Shanxi province,Both,"('合', '阝')","['一', '人', '阝', '口']"
鄖,12,163.10,county in Hubei province,Traditional,"('員', '阝')","['貝', '阝', '口']"
邺,7,163.5,place in today's Henan province,Simplified,"('业', '阝')","['一', '八', '阝']"
郗,9,163.7,surname,Both,"('希', '阝')","['一', '丿', '阝', '巾']"
鄕,12,163.10,country; rural; village,Both,"('乡', '皀阝')","['丿', '匕', '白', '阝']"
郧,9,163.7,county in Hubei province,Simplified,"('员', '阝')","['贝', '阝', '口']"
鄏,12,163.10,place in Henan province,Both,"('辱', '阝')","['辰', '寸', '阝']"
邱,7,163.5,surname; hill; mound; grave,Both,"('丘', '阝')","['斤', '一', '阝']"
郇,8,163.6,an ancient feudal State in Shaanxi,Both,"('旬', '阝')","['勹', '阝', '日']"
邙,5,163.3,mountain in Henan province,Both,"('亡', '阝')","['丶', '匸', '阝']"
鄻,17,163.15,"spoil, ruin",Unknown,"('輦', '阝')","['車', '人', '阝', '二']"
郅,8,163.6,to go up to; flourishing; a superlative,Both,"('至', '阝')","['至', '阝']"
邻,7,163.5,neighbor; neighborhood,Simplified,"('令', '阝')","['人', '丶', '阝']"
郌,13,163.6,name of an ancient county in modern Gansu/Shaanxi area.,Unknown,"('圭', '邑')","['土', '邑']"
郙,9,163.7,to be exiled; delay payment for,Both,"('甫', '阝')","['十', '丶', '用', '阝']"
郝,9,163.7,surname; place in modern Shanxi,Both,"('赤', '阝')","['赤', '阝']"
郪,10,163.8,name of a stream in Sichuan province,Both,"('妻', '阝')","['女', '十', '聿', '阝']"
郡,9,163.7,administrative division,Both,"('君', '阝')","['丨', '阝', '口', '彐']"
鄧,14,163.12,a county in Henan; surname,Traditional,"('登', '阝')","['癶', '阝', '豆']"
鄫,14,163.12,state in today's Shandong province,Both,"('曾', '阝')","['八', '丨', '阝', '日', '口']"
鄂,11,163.9,Hubei province; startled,Both,"('咢', '阝')","['二', '阝', '口']"
鄢,13,163.11,name of a district in Honan,Both,"('焉', '阝')","['一', '火', '阝', '止']"
鄴,15,163.13,ancient place in modern Hebei province,Traditional,"('業', '阝')","['一', '八', '木', '阝']"
鄯,14,163.12,district in Gansu during the Tang dynasty,Both,"('善', '阝')","['八', '羊', '阝', '一', '口']"
鄞,13,163.11,county in Zhejiang province,Both,"('堇', '阝')","['丨', '廾', '阝', '玉', '口']"
酇,21,163.19,collect; small administration,Traditional,"('贊', '阝')","['貝', '阝', '牛', '儿']"
邠,6,163.4,county in Shaanxi province,Both,"('分', '阝')","['刀', '八', '阝']"
鄀,10,163.9,state in Henan province,Both,"('若', '阝')","['丿', '阝', '一', '艸', '口']"
鄹,16,163.14,name of an ancient state in modern Shandong; surname,Both,"('聚', '阝')","['丿', '又', '阝', '耳']"
郵,10,163.8,"postal, mail; post office",Traditional,"('垂', '阝')","['十', '艸', '阝', '士']"
邬,6,163.4,various place names; surname,Simplified,"('乌', '阝')","['一', '丶', '阝']"
邾,8,163.6,a feudal state which existed B.C.700-469; now in Shandong,Both,"('朱', '阝')","['一', '木', '阝']"
郛,9,163.7,outer walls of city; suburbs,Both,"('孚', '阝')","['子', '阝', '爪']"
邰,7,163.5,surname; state in modern Shanxi,Both,"('台', '阝')","['厶', '阝', '口']"
鄭,14,163.12,state in today's Henan; surname,Traditional,"('奠', '阝')","['八', '大', '酉', '阝']"
鄎,12,163.10,a place in Henan province,Unknown,"('息', '阝')","['心', '自', '阝']"
都,10,163.9,"metropolis, capital; all, the whole; elegant, refined",Both,"('者', '阝')","['日', '阝', '老']"
鄒,12,163.10,a Zhou-dynasty state in modern Shandong,Traditional,"('芻', '阝')","['勹', '艸', '阝']"
邴,7,163.5,"name of a city in the ancient state of Song, in what is now Shandong; pleased",Both,"('丙', '阝')","['一', '人', '冂', '阝']"
邧,6,163.4,town in Shanxi province,Both,"('元', '阝')","['二', '阝', '儿']"
鄱,14,163.12,county and lake in Jiangxi,Both,"('番', '阝')","['田', '阝', '釆']"
邽,8,163.6,name of a place in Shaanxi province,Both,"('圭', '阝')","['土', '阝']"
邢,6,163.4,surname; state in today's Hebei,Both,"('开', '阝')","['一', '廾', '阝']"
邡,6,163.4,name of a district in Sichuan,Both,"('方', '阝')","['阝', '方']"
邿,8,163.6,a Zhou-dynasty state in modern Shandong province,Both,"('寺', '阝')","['土', '寸', '阝']"
邯,7,163.5,city in Hebei province,Both,"('甘', '阝')","['甘', '阝']"
邘,5,163.3,state in Henan province,Both,"('于', '阝')","['干', '阝', '亅']"
邓,4,163.2,surname,Simplified,"('又', '阝')","['又', '阝']"
鄿,17,163.16,county in Xinjiang province,Unknown,"('蕇', '阝')","['二', '丨', '十', '口', '阝', '艸', '冂']"
鄠,13,163.11,county in Shanxi province,Both,"('雩', '阝')","['二', '阝', '雨']"
郢,9,163.7,ancient city in Hubei,Both,"('呈', '阝')","['玉', '阝', '口']"
邶,7,163.5,place in today's Henan province,Both,"('北', '阝')","['匕', '阝']"
郴,10,163.8,county in Hunan province; surname,Both,"('林', '阝')","['木', '阝']"
郦,9,163.7,place in today's Henan province,Simplified,"('丽', '阝')","['一', '阝']"
邪,6,163.4,"wrong, evil, depraved, vicious, perverse, heterodox",Both,"('牙', '阝')","['阝', '牙']"
郓,8,163.6,surname; an ancient town's name,Simplified,"('军', '阝')","['冖', '车', '阝']"
郯,10,163.8,a county in Shandong,Both,"('炎', '阝')","['火', '阝']"
邦,6,163.4,"nation, country, state",Both,"('丰', '阝')","['一', '丨', '阝', '二']"
隖,12,170.10,"entrenchment, bank, low wall",Traditional,"('阝', '烏')","['一', '丶', '火', '阝']"
際,13,170.11,"border, boundary, juncture",Traditional,"('阝', '祭')","['月', '阝', '示', '卩']"
隊,11,170.9,"team, group; army unit",Traditional,"('阝', '㒸')","['八', '豕', '阝']"
隕,12,170.10,"fall, slip; let fall; die",Traditional,"('阝', '員')","['貝', '阝', '口']"
陡,9,170.7,"steep, sloping; abruptly, sudden",Both,"('阝', '走')","['阝', '走']"
隴,18,170.16,short name for Gansu Province; a mountain on the border of Gansu and Shaanxi (Mount Long),Traditional,"('阝', '龍')","['龍', '阝']"
附,7,170.5,"adhere to, append; rely on near to",Both,"('阝', '付')","['人', '寸', '阝']"
陝,9,170.7,mountain pass; Shaanxi province,Traditional,"('阝', '㚒')","['入', '大', '阝']"
隉,11,170.9,in disorder; a dangerous condition of the State,Traditional,"('阝', '臼土')","['臼', '阝', '工']"
隐,11,170.9,"hide, conceal; hidden, secret",Both,"('阝', '急')","['心', '刀', '阝', '彐']"
陷,10,170.8,"submerge, sink, plunge; trap",Both,"('阝', '臽')","['臼', '刀', '阝']"
陾,11,170.9,in file,Both,"('阝', '耎')","['而', '大', '阝']"
阡,5,170.3,footpaths between fields; paths,Both,"('阝', '千')","['十', '阝']"
陬,10,170.8,"corner, cranny, nook, niche",Both,"('阝', '取')","['又', '阝', '耳']"
阢,5,170.3,"the stump of a tree, hence, sterility; a square stool",Both,"('阝', '兀')","['一', '阝', '儿']"
陂,7,170.5,"dam, embankment; reservoir",Both,"('阝', '皮')","['皮', '阝']"
隮,16,170.14,to rise up; a rainbow; to fall,Traditional,"('阝', '齊')","['齊', '阝']"
隆,11,170.9,"prosperous, plentiful, abundant",Both,"('阝', '夂生')","['一', '生', '阝', '夂']"
隂,11,170.9,"shady, secret, dark; mysterious; cold; the negative of female principle in nature",Both,"('阝', '人镸')","['長', '人', '阝']"
隘,12,170.10,"narrow, confined; a strategic pass",Both,"('阝', '益')","['一', '八', '阝', '皿']"
隨,14,170.13,"follow, listen to, submit; to accompany; subsequently, then; hexagram ䷐",Traditional,"('阝', '遀')","['丿', '阝', '工', '月', '一', '辵']"
阞,4,170.2,vein,Unknown,"('阝', '力')","['阝', '力']"
階,11,170.9,"stairs, steps; rank, degree",Traditional,"('阝', '皆')","['比', '白', '阝']"
险,9,170.7,"narrow pass, strategic point",Simplified,"('阝', '佥')","['一', '人', '阝', '小']"
陿,11,170.9,narrow,Traditional,"('阝', '匧')","['匚', '大', '阝', '人']"
隱,16,170.14,"hide, conceal; hidden, secret",Traditional,"('阝', '')","['心', '爪', '彐', '阝', '工']"
隧,14,170.13,"tunnel, underground passageway, path to a tomb",Both,"('阝', '遂')","['八', '豕', '阝', '辵']"
隃,11,170.9,to exceed; a state in Shanxi province,Unknown,"('阝', '俞')","['人', '刀', '阝', '月', '一']"
陨,9,170.7,"fall, slip; let fall; die",Simplified,"('阝', '员')","['贝', '阝', '口']"
険,10,170.8,"narrow pass, strategic point",Unknown,"('阝', '㑒')","['人', '八', '丨', '阝', '一', '口']"
隝,13,170.11,"dock, entrenchment, low wall",Both,"('阝', '鳥')","['鳥', '阝']"
降,8,170.6,"descend, fall, drop; lower, down",Both,"('阝', '夅')","['十', '丨', '阝', '夂']"
除,9,170.7,"eliminate, remove, except",Both,"('阝', '余')","['干', '人', '阝', '小']"
阵,6,170.4,"column, row or file of troops",Simplified,"('阝', '车')","['车', '阝']"
陟,9,170.7,"climb, scale, ascend; proceed",Both,"('阝', '步')","['丿', '止', '阝', '小']"
陋,8,170.6,"narrow; crude, coarse; ugly",Both,"('阝', '乚丙')","['一', '阝', '冂', '人']"
陘,9,170.7,"defile, mountain pass, gorge",Traditional,"('阝', '巠')","['一', '川', '阝', '工']"
阬,6,170.4,"pit, hole, shaft",Both,"('阝', '亢')","['亠', '几', '阝']"
阿,7,170.5,prefix for people's names; used in transliteration,Both,"('阝', '可')","['一', '口', '阝', '亅']"
陜,9,170.7,narrow; mountain pass,Both,"('阝', '夾')","['人', '大', '阝']"
陪,10,170.8,"accompany, be with, keep company",Both,"('阝', '咅')","['立', '阝', '口']"
陆,7,170.5,"land, continental; army",Simplified,"('阝', '击')","['二', '丨', '山', '阝']"
障,13,170.11,separate; shield; barricade,Both,"('阝', '章')","['日', '立', '十', '阝']"
隲,16,170.14,stallion; promote,Traditional,"('阝', '少馬')","['馬', '丿', '阝', '小']"
阧,6,170.4,"sloping, steep; suddenly, abruptly",Both,"('阝', '斗')","['阝', '斗']"
阱,6,170.4,"pitfall, trap, snare",Both,"('阝', '井')","['二', '阝']"
隣,14,170.12,neighbor; neighboring; adjacent,Both,"('阝', '粦')","['舛', '米', '阝']"
隩,14,170.13,"profound, subtle; warm",Both,"('阝', '奧')","['宀', '米', '大', '阝']"
陼,10,170.9,islet,Both,"('阝', '者')","['日', '阝', '老']"
阹,7,170.5,a pen; to surround,Both,"('阝', '去')","['厶', '土', '阝']"
陸,10,170.8,"land, continental; army",Traditional,"('阝', '坴')","['土', '八', '阝']"
隙,12,170.10,"crack, split, fissure; grudge",Both,"('阝', '𡭴')","['日', '阝', '小']"
陣,9,170.7,"column, row or file of troops",Traditional,"('阝', '車')","['車', '阝']"
阯,6,170.4,foundation; site; address,Unknown,"('阝', '止')","['止', '阝']"
陛,9,170.7,steps leading throne; throne,Both,"('阝', '坒')","['比', '土', '阝']"
阴,6,170.4,'female' principle; dark; secret,Simplified,"('阝', '月')","['月', '阝']"
隒,12,170.10,"the appearance of a mountain, as if two pots were standing one upon the other; the steep bank of a stream a rough mountain path",Both,"('阝', '兼')","['一', '八', '阝', '彐']"
防,6,170.4,defend; prevent; embankment,Both,"('阝', '方')","['阝', '方']"
險,15,170.13,"narrow pass, strategic point, dangerous",Traditional,"('阝', '僉')","['一', '人', '阝']"
际,7,170.5,"border, boundary, juncture",Both,"('阝', '示')","['阝', '示']"
阮,6,170.4,ancient musical instrument: surname,Both,"('阝', '元')","['二', '阝', '儿']"
陁,7,170.5,"a steep bank, a declivity",Both,"('阝', '㐌')","['丿', '丨', '阝', '一', '乙']"
陞,9,170.7,"promote, rise, ascend",Traditional,"('阝', '𡉼')","['土', '艸', '阝']"
隈,11,170.9,"cove, bay, inlet",Both,"('阝', '畏')","['一', '田', '阝', '乙']"
隰,16,170.14,"low, damp land, marsh, swamp",Both,"('阝', '㬎')","['日', '幺', '火', '阝']"
阼,7,170.5,the steps leading to the eastern door,Both,"('阝', '乍')","['丿', '二', '丨', '阝', '一']"
隳,17,170.15,to destroy; to overthrow,Both,"('隋', '𠇍')","['人', '丿', '丨', '阝', '工', '月', '一']"
隋,11,170.9,Sui dynasty; surname,Both,"('阝', '𤯝')","['丿', '阝', '工', '月', '一']"
队,4,170.2,"team, group; army unit",Simplified,"('阝', '人')","['人', '阝']"
陉,7,170.5,"defile, mountain pass, gorge",Simplified,"('阝', '𢀖')","['阝', '工']"
陴,10,170.8,a parapet on a city wall,Both,"('阝', '卑')","['二', '丶', '丨', '十', '阝', '冂']"
阽,7,170.5,wall ready to fall; danger,Both,"('阝', '占')","['卜', '阝', '口']"
阸,7,170.5,distress; difficulty,Both,"('阝', '戹')","['户', '阝', '乙']"
隔,12,170.10,"separate, partition",Both,"('阝', '鬲')","['阝', '鬲']"
陥,9,170.7,"submerge, sink, plunge; trap",Unknown,"('阝', '2旧')","['日', '刀', '丨', '阝']"
陵,10,170.8,"hill, mound; mausoleum",Both,"('阝', '夌')","['土', '八', '阝', '夂']"
隄,11,170.9,"dike, embankment",Both,"('阝', '是')","['日', '一', '阝', '止']"
陈,7,170.5,"exhibit, display; plead; a surname",Simplified,"('阝', '东')","['一', '阝', '小', '乙']"
陧,9,170.7,in disorder,Simplified,"('阝', '圼')","['日', '土', '阝']"
陶,10,170.8,"pottery, ceramics",Both,"('阝', '匋')","['勹', '阝', '缶']"
阶,6,170.4,"stairs, steps; rank, degree",Simplified,"('阝', '介')","['人', '阝']"
阪,6,170.4,hillside farmland; slope,Traditional,"('阝', '反')","['又', '阝', '⺁']"
阤,5,170.3,hill,Both,"('阝', '也')","['丨', '阝', '乙']"
隠,13,170.11,"to hide, conceal, cover; to disappear, lurk; an open secret",Both,"('阝', '')","['牛', '心', '阝', '非']"
陳,10,170.8,"exhibit, display; plead; surname",Traditional,"('阝', '東')","['日', '木', '阝']"
隗,11,170.10,high; lofty; surname,Both,"('阝', '鬼')","['鬼', '阝']"
陀,7,170.5,"steep bank, rough terrain",Both,"('阝', '它')","['宀', '匕', '阝']"
陗,9,170.7,a steep hill; precipitous,Both,"('阝', '肖')","['月', '阝', '小']"
随,11,170.10,"follow, listen to, submit to",Both,"('阝', '迶')","['丿', '阝', '月', '一', '辵']"
陽,11,170.9,"the active, male principle in Chinese philosophy (yang); light; sun",Traditional,"('阝', '昜')","['日', '一', '勹', '阝']"
隤,14,170.12,to fall in ruins; to collapse,Traditional,"('阝', '貴')","['丨', '貝', '阝', '一', '口']"
阳,6,170.4,'male' principle; light; sun,Simplified,"('阝', '日')","['日', '阝']"
隍,11,170.9,"dry ditch, dry moat",Both,"('阝', '皇')","['玉', '白', '阝']"
陇,7,170.5,mountain located between Shanxi,Simplified,"('阝', '龙')","['龙', '阝']"
陲,10,170.8,"frontier, border",Both,"('阝', '垂')","['十', '艸', '阝', '士']"
院,9,170.7,"courtyard, yard, court; school",Both,"('阝', '完')","['宀', '二', '阝', '儿']"
隅,11,170.9,"corner, nook, remote place",Both,"('阝', '禺')","['二', '禸', '丨', '阝', '冂']"
陻,11,170.9,"small hill, mound; bury; dam",Both,"('阝', '垔')","['土', '阝', '襾']"
陰,10,170.8,"the passive, female principle in Chinese philosophy (yin); dark; secret",Traditional,"('阝', '侌')","['人', '丶', '二', '厶', '阝']"
陕,8,170.6,mountain pass; Shanxi province,Simplified,"('阝', '夹')","['人', '八', '阝', '二']"
陔,8,170.6,"a step, a terrace, a grade a ledge",Both,"('阝', '亥')","['人', '亠', '丨', '阝']"
限,8,170.6,"boundary, limit, line",Both,"('阝', '艮')","['艮', '阝']"
陌,8,170.6,foot path between rice fields,Both,"('阝', '百')","['一', '白', '阝']"
陃,7,170.5,particle expressing the idea of repeating or reminding,Unknown,"('阝', '丙')","['一', '阝', '冂', '人']"
阻,7,170.5,"impede, hinder, obstruct; oppose",Both,"('阝', '且')","['月', '一', '阝']"
贼,10,154'.6,"thief, traitor; kill",Simplified,"('贝', '戎')","['一', '丿', '戈', '贝']"
賕,14,154.7,bribe,Traditional,"('貝', '求')","['丿', '丶', '水', '貝', '一']"
赖,13,154'.9,"rely, depend on; accuse falsely",Simplified,"('束', '负')","['刀', '贝', '木', '口']"
贅,17,154.11,"unnecessary, superfluous",Traditional,"('敖', '貝')","['丿', '土', '貝', '一', '攴']"
賧,15,154.8,fine,Traditional,"('貝', '炎')","['貝', '火']"
賭,15,154.9,"bet, gamble, wager; compete",Traditional,"('貝', '者')","['日', '貝', '老']"
貨,11,154.4,"goods, commodities, products",Traditional,"('化', '貝')","['貝', '匕', '人']"
赈,11,154'.7,"relieve, aid distressed; rich",Simplified,"('贝', '辰')","['贝', '辰']"
赂,10,154'.6,bribe; give present,Simplified,"('贝', '各')","['口', '贝', '夂']"
贻,9,154'.5,"give to, hand down, bequeath",Simplified,"('贝', '台')","['厶', '贝', '口']"
赃,10,154'.6,"booty, loot, stolen goods; bribe",Simplified,"('贝', '庄')","['土', '广', '贝']"
賓,14,154.7,"guest, visitor; surname; submit",Traditional,"('宀?少', '貝')","['丿', '貝', '小', '宀', '一']"
赍,12,154'.8,present,Simplified,"('夾', '贝')","['冖', '十', '贝', '人']"
賸,17,154.10,"leftovers, residue, remains",Traditional,"('月', '关貝')","['二', '八', '丨', '貝', '月']"
賂,13,154.6,bribe; give present,Traditional,"('貝', '各')","['貝', '口', '夂']"
賜,15,154.8,"give, bestow favors; appoint",Traditional,"('貝', '易')","['日', '貝', '勹']"
賛,15,154.8,"help, support, assist, aid",Both,"('夫', '貝')","['貝', '人', '二']"
赓,12,154'.8,continue,Simplified,"('庚', '贝')","['广', '聿', '贝', '八']"
贩,8,154'.4,"peddler, hawker, street merchant",Simplified,"('贝', '反')","['又', '贝', '⺁']"
貳,12,154.5,accounting numeral for two,Traditional,"('弍', '貝')","['二', '弋', '貝']"
贗,22,154.15,"counterfeit, false",Traditional,"('鴈', '貝')","['鳥', '貝', '厂', '人']"
賮,16,154.9,farewell gift,Traditional,"('焄*?', '貝')","['貝', '聿', '火']"
費,12,154.5,"expenses, expenditures, fee",Traditional,"('弗', '貝')","['貝', '弓']"
购,8,154'.4,"buy, purchase; hire",Simplified,"('贝', '勾')","['勹', '厶', '贝']"
贈,19,154.12,"give present; bestow, confer",Traditional,"('貝', '曽')","['八', '丨', '貝', '日', '口']"
貶,11,154.5,"decrease, lower; censure, criticize",Traditional,"('貝', '乏')","['貝', '丶', '戈', '玉']"
贑,21,154.14,Jiangxi province,Traditional,"('章', '貢')","['十', '貝', '工', '日', '立']"
贵,9,154'.5,"expensive, costly, valuable",Simplified,"('𠀐', '贝')","['一', '丨', '贝', '口']"
貫,11,154.4,a string of 1000 coins; to go through,Traditional,"('毌', '貝')","['囗', '十', '貝']"
赗,13,154'.9,gift,Simplified,"('贝', '冒')","['二', '目', '贝', '冂']"
責,11,154.4,"one's responsibility, duty",Traditional,"('龶', '貝')","['土', '貝', '一']"
貣,10,154.3,"to beg; to err, be mistaken",Traditional,"('弋', '貝')","['貝', '弋']"
賻,17,154.10,gift of money to help pay for a funeral,Traditional,"('貝', '尃')","['丶', '用', '寸', '貝', '十']"
買,12,154.5,"buy, purchase; bribe, persuade",Traditional,"('罒', '貝')","['貝', '网']"
贒,21,154.14,"virtuous, worthy, good; able",Both,"('臣忠', '貝')","['心', '丨', '臣', '貝', '口']"
賤,15,154.8,"mean, low; cheap, worthless",Traditional,"('貝', '戔')","['貝', '戈']"
赚,14,154'.10,"make money, earn; gain, profit",Simplified,"('贝', '兼')","['一', '贝', '八', '彐']"
贬,8,154'.4,"decrease, lower; censure, criticize",Simplified,"('贝', '乏')","['丶', '戈', '贝', '玉']"
賠,15,154.8,"indemnify, suffer loss",Traditional,"('貝', '咅')","['貝', '立', '口']"
賽,17,154.10,"compete, contend; contest, race",Traditional,"('𡨄', '貝')","['二', '八', '貝', '宀', '一']"
賒,14,154.7,buy and sell on credit; distant,Traditional,"('貝', '佘')","['貝', '人', '示']"
贪,8,154'.4,"be greedy, covet; covetous",Simplified,"('今', '贝')","['人', '丶', '贝']"
贿,10,154'.6,"bribe; bribes; riches, wealth",Simplified,"('贝', '有')","['月', '丿', '贝', '一']"
贯,8,154'.4,a string of 1000 coins; to go through,Simplified,"('毌', '贝')","['囗', '贝', '十']"
貴,12,154.5,"expensive, costly, valuable",Traditional,"('𠀐', '貝')","['貝', '一', '丨', '口']"
賷,17,154.10,take in both hands and offer to; present,Both,"('', '貝')","['冖', '十', '口', '貝']"
贡,7,154'.3,"offer tribute; tribute, gifts",Simplified,"('工', '贝')","['贝', '工']"
贊,19,154.12,"help, support, assist, aid",Traditional,"('先', '貝')","['貝', '牛', '儿']"
財,10,154.3,"wealth, valuables, riches",Traditional,"('貝', '才')","['丿', '貝', '一']"
赙,14,154'.10,gift of money help pay funeral,Simplified,"('贝', '尃')","['丶', '贝', '寸', '用', '十']"
贛,24,154.17,Jiangxi province; places therein,Traditional,"('章', '夂貢')","['夂', '十', '貝', '工', '日', '立']"
貮,11,154.4,number two,Unknown,"('一弋', '貝')","['一', '弋', '貝']"
质,8,154'.4,"matter, material, substance",Simplified,"('𣂑', '贝')","['十', '贝', '⺁']"
赀,10,154'.6,property; wealth; to count,Simplified,"('此', '贝')","['止', '贝', '匕']"
賰,16,154.9,"plentiful, wealthy or rich; handsome (pay, gifts, etc.)",Traditional,"('貝', '春')","['二', '八', '丨', '貝', '日', '一']"
賈,13,154.6,"surname; merchant; buy, trade",Traditional,"('覀', '貝')","['貝', '襾']"
赑,12,154'.8,strong,Simplified,"('贝', None)",['贝']
貞,9,154.2,"virtuous, chaste, pure; loyal",Traditional,"('卜', '貝')","['貝', '卜']"
赜,15,154'.11,"abstruse, deep, profound",Simplified,"('𦣞', '责')","['土', '贝', '一', '匚', '口']"
賏,14,154.7,pearls or shells strung together,Traditional,"('貝', None)",['貝']
貤,10,154.3,"steps, grade, strata; series",Traditional,"('貝', '也')","['貝', '丨', '乙']"
貭,11,154.4,"matter, material, substance",Both,"('𣂑', '貝')","['貝', '十', '⺁']"
赋,12,154'.8,tax; give; endow; army; diffuse,Simplified,"('贝', '武')","['一', '弋', '贝', '止']"
贁,18,66.14 154.11,to defeat to spoil or be spoiled; to corrupt or be corrupted,Unknown,"('貝貝', '攵')","['貝', '攴']"
资,10,154'.6,property; wealth; capital,Simplified,"('次', '贝')","['贝', '欠', '冫']"
贺,9,154'.5,congratulate; send present,Simplified,"('加', '贝')","['口', '贝', '力']"
贉,19,154.12,earnest money; silk label on books,Traditional,"('貝', '覃')","['日', '貝', '十', '襾']"
贷,9,154'.5,lend; borrow; pardon,Simplified,"('代', '贝')","['人', '弋', '贝']"
赝,16,154'.12,false; counterfeit; bogus; sham,Simplified,"('雁', '贝')","['人', '隹', '贝', '厂']"
貽,12,154.5,"give to, hand down, bequeath",Traditional,"('貝', '台')","['貝', '厶', '口']"
赘,14,154'.10,"unnecessary, superfluous",Simplified,"('敖', '贝')","['丿', '土', '贝', '一', '攴']"
贶,9,154'.5,"give, grant, bestow; surname",Simplified,"('贝', '兄')","['贝', '口', '儿']"
贠,6,154'.2,"member; personnel, staff member",Simplified,"('厶', '贝')","['厶', '贝']"
貢,10,154.3,"offer tribute; tribute, gifts",Traditional,"('工', '貝')","['貝', '工']"
賺,17,154.10,"make money, earn; gain, profit",Traditional,"('貝', '兼')","['一', '貝', '八', '彐']"
赣,21,154'.17,Jiangxi province; places therein,Simplified,"('章', '夂贡')","['夂', '贝', '十', '工', '日', '立']"
贴,9,154'.5,"paste to, stick on; attached to",Simplified,"('贝', '占')","['贝', '卜', '口']"
賣,15,154.8,sell; betray; show off,Traditional,"('士', '買')","['貝', '网', '士']"
贄,18,154.11,gift to a superior; gift given at first meeting,Traditional,"('執', '貝')","['土', '丶', '丿', '八', '干', '貝']"
賄,13,154.6,"bribe; riches, wealth",Traditional,"('貝', '有')","['月', '貝', '一', '丿']"
贳,9,154'.5,borrow; pardon; loan,Simplified,"('世', '贝')","['贝', '廾']"
贮,8,154'.4,"store, stockpile, hoard",Simplified,"('贝', '㝉')","['宀', '一', '贝']"
贞,6,154'.2,"virtuous, chaste, pure; loyal",Simplified,"('卜', '贝')","['贝', '卜']"
贸,9,154'.5,"trade, barter; mixed; rashly",Simplified,"('卯', '贝')","['贝', '卩']"
费,9,154'.5,"expenses, expenditures, fee",Simplified,"('弗', '贝')","['贝', '弓']"
賞,15,154.8,"reward, grant, bestow; appreciate",Traditional,"('尚', '貝')","['冖', '貝', '口', '小']"
賉,13,154.6,to give alms,Unknown,"('貝', '血')","['貝', '血']"
败,8,154'.4,"be defeated, decline, fail",Simplified,"('贝', '攵')","['贝', '攴']"
賾,18,154.11,"abstruse, deep, profound",Traditional,"('𦣞', '責')","['土', '一', '貝', '匚', '口']"
贓,21,154.14,"booty, loot, stolen goods; bribe",Traditional,"('貝', '臧')","['厂', '臣', '貝', '戈', '爿']"
负,6,154'.2,"load, burden; carry, bear",Simplified,"('⺈', '贝')","['刀', '贝']"
赆,10,154'.6,farewell present,Simplified,"('贝', '尽')","['丶', '尸', '贝']"
賢,15,154.8,"virtuous, worthy, good; able",Traditional,"('臤', '貝')","['貝', '又', '臣']"
赕,12,154'.8,fine,Simplified,"('贝', '炎')","['火', '贝']"
賡,15,154.8,continue,Traditional,"('庚', '貝')","['广', '聿', '八', '貝']"
賎,13,154.6,"mean, low; cheap, worthless",Unknown,"('貝', '𢦑')","['一', '貝', '戈']"
販,11,154.4,"peddler, hawker, street merchant",Traditional,"('貝', '反')","['貝', '又', '⺁']"
赒,12,154'.8,give for charity,Simplified,"('贝', '周')","['口', '贝', '田']"
賁,12,154.5,forge ahead; energetic; surname; hexagram ䷕,Traditional,"('卉', '貝')","['十', '艸', '貝']"
赠,16,154'.12,"give present; bestow, confer",Simplified,"('贝', '曾')","['八', '丨', '贝', '日', '口']"
赡,17,154'.13,"support, aid; rich, elegant",Simplified,"('贝', '詹')","['八', '刀', '贝', '厂', '言']"
赔,12,154'.8,"indemnify, suffer loss",Simplified,"('贝', '咅')","['贝', '立', '口']"
賚,15,154.8,"give, present, confer; surname",Traditional,"('來', '貝')","['貝', '木', '人']"
赞,16,154'.12,"help, support, assist, aid",Simplified,"('旡', '贝')","['贝', '牛', '儿']"
贾,10,154'.6,"surname; merchant; buy, trade",Simplified,"('覀', '贝')","['襾', '贝']"
赎,12,154'.8,"buy, redeem; ransom; atone for",Simplified,"('贝', '卖')","['丶', '大', '贝', '十', '乙']"
貼,12,154.5,"paste to, stick on; attached to",Traditional,"('貝', '占')","['貝', '卜', '口']"
赇,11,154'.7,bribe,Simplified,"('贝', '求')","['丿', '丶', '水', '贝', '一']"
賙,15,154.8,give for charity,Traditional,"('貝', '周')","['貝', '田', '口']"
贔,21,154.14,strong,Traditional,"('貝', None)",['貝']
货,8,154'.4,"goods, commodities, products",Simplified,"('化', '贝')","['人', '贝', '匕']"
贇,19,154.12,"affable, agreeable, pleasant",Traditional,"('斌', '貝')","['止', '弋', '文', '貝', '一']"
賬,15,154.8,"accounts; bill, debt; credit",Traditional,"('貝', '長')","['貝', '長']"
賵,16,154.9,gift,Traditional,"('貝', '冒')","['二', '貝', '目', '冂']"
贐,21,154.14,farewell present,Traditional,"('貝', '盡')","['貝', '聿', '皿', '火']"
貿,12,154.5,"trade, barter; mixed; rashly",Traditional,"('卯', '貝')","['貝', '卩']"
贋,19,154.12,false; counterfeit; bogus; sham,Traditional,"('雁', '貝')","['貝', '隹', '厂', '人']"
贤,8,154'.4,"virtuous, worthy, good; able",Simplified,"('収', '贝')","['又', '丨', '贝']"
贰,9,154'.5,number two,Simplified,"('弍', '贝')","['二', '弋', '贝']"
貺,12,154.5,"give, grant, bestow; surname",Traditional,"('貝', '兄')","['貝', '口', '儿']"
贏,20,154.13,"win; surplus, gain, profit",Traditional,"('𣎆', '貝')","['丶', '匸', '貝', '月', '几', '口']"
貸,12,154.5,lend; borrow; pardon,Traditional,"('代', '貝')","['貝', '弋', '人']"
赌,12,154'.8,"bet, gamble, wager; compete",Simplified,"('贝', '者')","['日', '贝', '老']"
貲,13,154.5,property; wealth; to count,Traditional,"('此', '貝')","['止', '匕', '貝']"
貯,12,154.5,"store, stockpile, hoard",Traditional,"('貝', '宁')","['宀', '貝', '亅', '一']"
贍,20,154.13,"support, aid; to be sufficient; rich, elegant",Traditional,"('貝', '詹')","['八', '刀', '厂', '貝', '言']"
購,17,154.10,"buy, purchase; hire",Traditional,"('貝', '冓')","['土', '二', '貝', '一', '冂']"
負,9,154.2,"load, burden; carry, bear",Traditional,"('⺈', '貝')","['貝', '刀']"
赢,17,154'.13,"win; surplus, gain, profit",Simplified,"('𣎆', '贝')","['丶', '匸', '贝', '月', '几', '口']"
赟,16,154'.12,"affable, agreeable, pleasant",Simplified,"('斌', '贝')","['止', '弋', '贝', '文', '一']"
賝,15,154.8,precious,Traditional,"('貝', '罙')","['貝', '网', '木']"
账,8,154'.4,"accounts; bill, debt; credit",Simplified,"('贝', '长')","['长', '贝']"
賃,13,154.6,"rent, hire; hired person",Traditional,"('任', '貝')","['貝', '人', '士']"
貪,11,154.4,"greedy, covet; covetous",Traditional,"('今', '貝')","['人', '丶', '貝']"
赊,11,154'.7,"buy and sell on credit, distant",Simplified,"('贝', '佘')","['人', '贝', '示']"
賦,15,154.8,tax; give; endow; army; diffuse,Traditional,"('貝', '武')","['一', '貝', '弋', '止']"
賑,14,154.7,"relieve, aid distressed; rich",Traditional,"('貝', '辰')","['貝', '辰']"
贝,4,154'.0,"sea shell; money, currency",Simplified,"('冂', '人')",['贝']
财,7,154'.3,"wealth, valuables, riches",Simplified,"('贝', '才')","['一', '丿', '贝']"
赐,12,154'.8,"give, bestow favors; appoint",Simplified,"('贝', '易')","['日', '勹', '贝']"
赛,14,154'.10,"compete, contend; contest, race",Simplified,"('𡨄', '贝')","['二', '八', '贝', '宀', '一']"
資,13,154.6,property; wealth; capital,Traditional,"('次', '貝')","['貝', '欠', '冫']"
赅,10,154'.6,prepared for; inclusive,Simplified,"('贝', '亥')","['人', '亠', '丨', '贝']"
賊,13,154.6,"thief, traitor",Traditional,"('貝', '戎')","['丿', '貝', '戈', '一']"
贜,24,154.18,"booty, loot, stolen goods; bribe",Traditional,"('貝', '藏')","['厂', '臣', '貝', '戈', '爿', '艸']"
賀,12,154.5,congratulate; send present,Traditional,"('加', '貝')","['貝', '口', '力']"
贱,9,154'.5,"mean, low; cheap, worthless",Simplified,"('贝', '戋')","['一', '戈', '贝']"
贽,10,154'.6,gift superior; gift given,Simplified,"('执', '贝')","['丿', '丶', '贝', '手']"
貰,12,154.5,borrow; pardon; loan,Traditional,"('世', '貝')","['貝', '廾']"
質,15,154.8,"matter, material, substance",Traditional,"('斤', '貝')","['斤', '貝']"
貧,11,154.4,"poor, impoverished, needy",Traditional,"('分', '貝')","['貝', '刀', '八']"
贲,9,154'.5,forge ahead; energetic; surname,Simplified,"('卉', '贝')","['十', '贝', '艸']"
賫,15,154.8,present,Traditional,"('夾', '貝')","['冖', '十', '人', '貝']"
贫,8,154'.4,"poor, impoverished, needy",Simplified,"('分', '贝')","['刀', '贝', '八']"
賍,13,154.6,"booty, loot, stolen goods; bribe",Both,"('貝', '庄')","['土', '貝', '广']"
赁,10,154'.6,"rent, hire; hired person",Simplified,"('任', '贝')","['人', '贝', '士']"
赉,11,154'.7,"give, present, confer; surname",Simplified,"('来', '贝')","['一', '贝', '木', '八']"
贖,22,154.15,"buy, redeem; ransom; atone for",Traditional,"('貝', '賣')","['貝', '网', '士']"
賴,16,154.9,"rely, depend on; accuse falsely",Traditional,"('束', '負')","['貝', '刀', '木', '口']"
貟,9,154.2,"member; personnel, staff member",Traditional,"('厶', '貝')","['厶', '貝']"
赏,12,154'.8,"reward, grant, bestow; appreciate",Simplified,"('尚', '贝')","['冖', '小', '贝', '口']"
賨,15,154.8,tribute paid in cloth by the tribes in Szechwan and Yunnan under the Han dynasty,Traditional,"('宗', '貝')","['宀', '貝', '示']"
责,8,154'.4,"one's responsibility, duty",Simplified,"('龶', '贝')","['一', '土', '贝']"
賅,13,154.6,prepared for; inclusive,Traditional,"('貝', '亥')","['貝', '亠', '丨', '人']"
賔,14,154.7,"guest, visitor; surname; submit",Both,"('宀', '貭*')","['宀', '貝', '丨']"
禪,16,113.12,"meditation, contemplation (dhyana); to level ground for altar; abdicate",Traditional,"('示', '單')","['二', '丨', '示', '十', '口', '冂']"
祔,9,113.5,worship one's ancestors; entomb,Both,"('礻', '付')","['人', '寸', '示']"
祩,10,113.6,red or short garments,Both,"('礻', '朱')","['一', '木', '示']"
禎,13,113.9,"lucky, auspicious, good omen",Traditional,"('礻', '貞')","['貝', '卜', '示']"
祲,11,113.7,ominous or sinister spirit; vigor,Both,"('礻', '𠬶')","['冖', '又', '彐', '示']"
禊,13,113.9,semi-annual ceremony of purification,Both,"('示', '契')","['二', '刀', '丨', '大', '示', '一']"
祂,7,113.3,"he (honorific form, generally used for the Abrahamic God)",Both,"('礻', '也')","['丨', '示', '乙']"
祗,9,113.5,"respect, look up to, revere",Both,"('示', '氐')","['丶', '氏', '示']"
祎,8,113.4,excellent,Simplified,"('礻', '韦')","['韦', '示']"
禜,15,113.10,sacrifice,Traditional,"('炏', '示')","['冖', '火', '示']"
祕,9,113.5,"mysterious, secret, abstruse",Both,"('示', '必')","['心', '丿', '示']"
祖,9,113.5,"ancestor, forefather; grandfather",Both,"('礻', '且')","['月', '一', '示']"
禰,18,113.14,one's deceased father,Traditional,"('礻', '爾')","['八', '巾', '丨', '爻', '示', '一']"
祭,11,113.6,"sacrifice to, worship",Both,"('月又', '示')","['月', '示', '卩']"
禛,14,113.10,to receive blessings in a sincere spirit,Both,"('示', '眞')","['八', '示', '十', '目', '一']"
禘,13,113.9,imperial ancestor worship,Both,"('礻', '帝')","['八', '巾', '示', '冖', '亠']"
禓,13,113.9,"to drive out demons, etc., as was done at the new-year",Traditional,"('礻', '昜')","['日', '一', '勹', '示']"
禡,14,113.10,a sacrifice at the beginning of a military campaign or on the 2nd and 16th day of the lunar month,Traditional,"('礻', '馬')","['馬', '示']"
祃,7,113.3,a sacrifice at the beginning of a military campaign,Simplified,"('礻', '马')","['马', '示']"
视,8,113.4,"look at, inspect, observe, see",Simplified,"('礻', '见')","['见', '示']"
禱,18,113.14,"pray; entreat, beg, plead; prayer",Traditional,"('示', '壽')","['士', '乙', '寸', '示', '工', '一', '口']"
禑,13,113.9,happy; used in historical names,Both,"('示', '禺')","['二', '禸', '丨', '示', '冂']"
禖,13,113.9,sacrifice,Both,"('礻', '某')","['甘', '木', '示']"
禧,16,113.12,happiness; congratulations,Both,"('示', '喜')",['示']
禦,17,113.11,"defend, resist, hold out against",Traditional,"('御', '示')","['止', '干', '彳', '示', '卩']"
祟,10,113.5,evil spirit; evil influence,Both,"('出', '示')","['山', '示']"
祜,9,113.5,"blessing, happiness, prosperity",Both,"('示', '古')","['十', '口', '示']"
禨,16,113.12,pray for good fortune,Traditional,"('礻', '幾')","['幺', '人', '戈', '示']"
祅,8,113.4,"calamities, disasters; Ormazda",Unknown,"('礻', '夭')","['大', '示']"
祥,10,113.6,"good luck, good omen; happiness",Both,"('礻', '羊')","['羊', '示']"
禅,12,113.8,"meditation, contemplation",Simplified,"('礻', '単')","['二', '八', '丨', '示', '十', '冂']"
禔,13,113.9,happiness; peace; good fortune,Both,"('示', '是')","['日', '一', '示', '止']"
禀,13,113.8,"report to, petition",Both,"('㐭', '示')","['囗', '亠', '示']"
視,11,113.7 147.5,"look at, inspect, observe, see",Traditional,"('礻', '見')","['見', '示']"
礿,7,113.3,sacrifice,Both,"('礻', '勺')","['勹', '丶', '示']"
祈,8,113.4,"pray; entreat, beseech",Both,"('礻', '斤')","['斤', '示']"
禢,14,113.10,surname,Both,"('礻', '𦐇')","['日', '羽', '示']"
票,11,113.6,slip of paper or bamboo; ticket,Both,"('覀', '示')","['襾', '示']"
祆,8,113.4,"Ormazda, god of the Zoroastrians; extended to god of the Manicheans",Both,"('礻', '天')","['一', '大', '示']"
祢,9,113.5,one's deceased father; used as a synonym for 你 when referring to deity,Both,"('礻', '尔')","['刀', '小', '示']"
祠,9,113.5,ancestral temple; offer sacrifice,Both,"('示', '司')","['一', '口', '示']"
礽,6,113.2,"blessings, happiness",Both,"('礻', '乃')","['丿', '示']"
福,13,113.9,"happiness, good fortune, blessing",Both,"('礻', '畐')","['一', '田', '口', '示']"
禩,15,113.12,"to sacrifice, worship",Unknown,"('礻', '異')","['八', '示', '田', '一', '艸']"
祊,8,113.4,river in Shāndōng; space inside,Both,"('礻', '方')","['方', '示']"
祚,9,113.5,"throne; bless; blessing, happiness",Both,"('示', '乍')","['丿', '二', '丨', '示', '一']"
祁,6,113.3,"pray; numerous, ample, abundant",Both,"('礻', '阝')","['阝', '示']"
禫,16,113.12,sacrifice offered at the end of the three years' mourning the death of a parent,Both,"('礻', '覃')","['日', '十', '示', '襾']"
禤,15,113.11,surname Xuan,Both,"('礻', '罒羽')","['羽', '网', '示']"
祦,11,113.7,happiness; good fortune good luck; blessing; bliss,Both,"('礻', '吴')","['一', '大', '口', '示']"
禮,17,113.13,social custom; manners; courtesy; rites,Traditional,"('示', '豊')","['二', '凵', '豆', '示']"
禍,12,113.9,"misfortune, calamity, disaster",Traditional,"('礻', '咼')","['口', '冂', '示']"
祉,8,113.4,"happiness, blessings, good luck",Both,"('礻', '止')","['止', '示']"
祧,10,113.6,an ancestral hall,Both,"('礻', '兆')","['冫', '示', '儿']"
禁,13,113.8,"restrict, prohibit, forbid",Both,"('木', '示')","['木', '示']"
祙,9,113.5,demon,Both,"('礻', '未')","['一', '木', '示']"
神,9,113.5,"spirit, god, supernatural being",Both,"('礻', '申')","['日', '丨', '示']"
禳,21,113.17,"pray or sacrifice, exorcise",Both,"('示', '襄')","['二', '示', '衣', '一', '口']"
祓,9,113.5,"exorcise, remove evil; clean",Both,"('示', '犮')","['丿', '丶', '又', '示', '一']"
祿,12,113.8,"blessing, happiness, prosperity",Traditional,"('示', '彔')","['水', '彐', '示']"
禕,13,113.9,"excellent, rare; beautiful, fine",Traditional,"('礻', '韋')","['韋', '示']"
祺,12,113.8,"good luck, good fortune",Both,"('示', '其')","['一', '甘', '八', '示']"
祘,10,113.5,to calculate,Unknown,"('示', None)",['示']
祯,10,113.6,"lucky, auspicious, good omen",Simplified,"('礻', '贞')","['贝', '卜', '示']"
社,7,113.3,"god of the soil and altars to him; group of families; company, society",Both,"('礻', '土')","['土', '示']"
禚,14,113.10,"name of a place in the kingdom of Qi during the Chunqiu era and now in Changqing county, Shandong province; surname",Both,"('礻', '羔')","['羊', '火', '示']"
祛,9,113.5,"expel, disperse, exorcise",Both,"('示', '去')","['土', '厶', '示']"
禴,21,113.17,sacrifice,Both,"('礻', '龠')","['龠', '示']"
祸,11,113.7,"misfortune, calamity, disaster",Simplified,"('礻', '呙')","['冂', '人', '口', '示']"
祇,8,113.4,"the spirit of the earth; (same as 只) only, merely, but",Both,"('礻', '氏')","['氏', '示']"
禋,13,113.9,offer sacrifice; sacrifice,Both,"('礻', '垔')","['土', '示', '襾']"
祐,9,113.5,"divine intervention, protection",Both,"('礻', '右')","['一', '丿', '口', '示']"
禠,14,113.10,happy,Both,"('礻', '虒')","['虍', '几', '⺁', '示']"
禄,12,113.7,"blessing, happiness, prosperity",Simplified,"('礻', '录')","['水', '彐', '示']"
礼,5,113.1,social custom; manners; courtesy; rites,Both,"('礻', '乚')","['示', '乙']"
祝,9,113.5,pray for happiness or blessings,Both,"('礻', '兄')","['示', '口', '儿']"
祷,11,113.7,"pray; entreat, beg, plead; prayer",Both,"('礻', '寿')","['二', '丨', '寸', '示', '一']"
祀,7,113.3,"to sacrifice, worship",Both,"('示', '巳')","['己', '示']"
祏,9,113.5,shrine,Both,"('礻', '石')","['石', '示']"
頴,16,181.7 113.11,rice tassel; sharp point; clever,Traditional,"('𥘈', '頁')","['頁', '匕', '示']"
禂,12,113.8,to pray; prayer,Both,"('礻', '周')","['田', '口', '示']"
祫,10,113.6,triennial sacrifice to one's ancestors,Both,"('礻', '合')","['一', '人', '口', '示']"
祼,12,113.8,libation,Both,"('礻', '果')","['田', '木', '示']"
顳,27,181.18,the temporal bone,Traditional,"('聶', '頁')","['頁', '耳']"
颃,10,181'.4,fly down or downward,Simplified,"('亢', '页')","['亠', '几', '页']"
頷,16,181.7,"chin, jowl; give nod",Traditional,"('含', '頁')","['頁', '人', '丶', '口']"
颌,12,181'.6,mouth; jaw,Simplified,"('合', '页')","['一', '人', '口', '页']"
颗,14,181'.8,"grain, kernel",Simplified,"('果', '页')","['田', '木', '页']"
顓,18,181.9,"good, honest; simple; respectful",Traditional,"('耑', '頁')","['頁', '而', '山']"
顾,10,181'.4,look back; look at; look after,Simplified,"('厄', '页')","['厂', '乙', '页']"
頉,13,181.3,cheeks; jaw; chin; rear; nourish,Unknown,"('止', '頁')","['頁', '止']"
顫,22,181.13,"shiver, tremble; trembling",Traditional,"('亶', '頁')","['頁', '囗', '亠', '日', '一']"
頭,16,181.7,"head; top; chief, first; boss",Traditional,"('豆', '頁')","['頁', '豆']"
頳,16,181.7,red,Unknown,"('赤', '頁')","['頁', '赤']"
顛,19,181.10,"top, peak, summit; upset",Traditional,"('真', '頁')","['八', '十', '目', '頁', '一']"
颐,13,181'.7,cheeks; jaw; chin; rear; to nourish,Simplified,"('𦣞', '页')","['匚', '口', '页']"
頏,13,181.4,fly down or downward,Traditional,"('亢', '頁')","['頁', '亠', '几']"
頑,13,181.4,"obstinate, stubborn; recalcitrant",Traditional,"('元', '頁')","['頁', '二', '儿']"
顆,17,181.8,"grain, kernel",Traditional,"('果', '頁')","['頁', '田', '木']"
颇,11,181'.5,"lean one side; very, rather",Simplified,"('皮', '页')","['皮', '页']"
颜,15,181'.9,"face, facial appearance",Simplified,"('彦', '页')","['彡', '立', '厂', '页']"
類,19,181.10,"class, group, kind, category",Traditional,"('类', '頁')","['頁', '米', '犬']"
额,15,181'.9,"forehead; tablet, plaque; fixed",Simplified,"('客', '页')","['宀', '口', '夂', '页']"
颁,10,181'.4,"confer, bestow; publish, promulgate",Simplified,"('分', '页')","['刀', '八', '页']"
题,15,181'.9,"forehead; title, headline; theme",Simplified,"('是', '页')","['日', '一', '止', '页']"
顋,18,181.9,lower part of face; jaw; gills of a fish,Traditional,"('思', '頁')","['心', '頁', '田']"
頮,16,181.7,wash,Traditional,"('水廾', '頁')","['頁', '廾', '水']"
頓,13,181.4,"pause, stop; bow, kowtow; arrange",Traditional,"('屯', '頁')","['頁', '十', '屮', '乙']"
頾,18,181.9,beard,Unknown,"('須', '此')","['頁', '彡', '匕', '止']"
顯,23,181.14,"manifest, display; evident, clear",Traditional,"('㬎', '頁')","['日', '幺', '頁', '火']"
頲,15,181.7,straight,Traditional,"('廷', '頁')","['頁', '廴', '士']"
颢,18,181'.12,"luminous; white, hoary",Simplified,"('景', '页')","['页', '亠', '小', '日', '口']"
颦,21,181'.15,"frown, knit brows; with knitted",Simplified,"('频', '卑')","['丿', '止', '二', '丶', '丨', '页', '十', '小', '冂']"
頤,16,181.7,cheeks; jaw; chin; rear; to nourish; hexagram ䷚,Traditional,"('𦣞', '頁')","['頁', '匚', '口']"
頙,14,181.5,correct,Both,"('正', '頁')","['頁', '一', '止']"
頻,16,181.7,"frequently, again and again",Traditional,"('步', '頁')","['丿', '止', '頁', '小']"
題,18,181.9,"forehead; title, headline; theme",Traditional,"('是', '頁')","['日', '一', '頁', '止']"
颍,12,181'.6,river in Anhui,Simplified,"('水', '顷')","['匕', '水', '页']"
頊,13,181.4,grieved; anxious,Traditional,"('王', '頁')","['頁', '玉']"
颖,13,181'.7,rice tassel; sharp point; clever,Simplified,"('禾', '顷')","['禾', '匕', '页']"
顖,19,181.10,top of the head; skull,Traditional,"('恖', '頁')","['心', '丿', '丶', '囗', '頁']"
顗,19,181.10,quiet,Traditional,"('豈', '頁')","['頁', '山', '豆']"
顺,9,181'.3,"obey, submit to, go along with",Simplified,"('川', '页')","['川', '页']"
項,12,181.3,"neck, nape of neck; sum; funds",Traditional,"('工', '頁')","['頁', '工']"
顽,10,181'.4,"obstinate, stubborn; recalcitrant",Simplified,"('元', '页')","['页', '二', '儿']"
顕,18,181.9,"manifest, display; evident, clear",Both,"('显', '頁')","['日', '一', '頁', '八']"
颤,19,181'.13,"shiver, tremble; trembling",Simplified,"('亶', '页')","['页', '囗', '亠', '日', '一']"
颛,15,181'.9,"good, honest; simple; respectful",Simplified,"('耑', '页')","['而', '山', '页']"
顶,8,181'.2,"top, summit, peak; to carry on the head",Simplified,"('丁', '页')","['一', '亅', '页']"
顢,20,181.11,"dawdling; thoughtless, careless",Traditional,"('㒼', '頁')","['頁', '入', '廾', '巾']"
領,14,181.5,"neck; collar; lead, guide",Traditional,"('令', '頁')","['頁', '人', '丶']"
预,10,181'.4,"prepare, arrange; in advance",Simplified,"('予', '页')","['乙', '亅', '页']"
颂,10,181'.4,"laud, acclaim; hymn; ode",Simplified,"('公', '页')","['厶', '八', '页']"
頎,13,181.4,tall and slim,Traditional,"('斤', '頁')","['斤', '頁']"
頟,15,181.6,the forehead; a fixed number,Traditional,"('各', '頁')","['頁', '口', '夂']"
顑,18,181.9,yellow,Traditional,"('咸', '頁')","['厂', '戈', '頁', '一', '口']"
頒,13,181.4,"confer, bestow; publish, promulgate",Traditional,"('分', '頁')","['頁', '刀', '八']"
颉,12,181'.6,"fly upward, soar; contest",Simplified,"('吉', '页')","['页', '口', '士']"
頼,16,181.7,"rely, depend on; accuse falsely",Both,"('束', '頁')","['頁', '木', '口']"
頹,16,181.7,"ruined, decayed; disintegrate",Traditional,"('禿', '頁')","['禾', '頁', '儿']"
顣,20,181.11,frown,Traditional,"('戚', '頁')","['卜', '厂', '戈', '小', '頁', '一']"
頍,13,181.4,to raise one's head,Traditional,"('支', '頁')","['頁', '支']"
颟,16,181'.10,"dawdling; thoughtless, careless",Simplified,"('艹两', '页')","['人', '页', '一', '艸', '冂']"
颈,11,181'.5,"neck, throat",Simplified,"('𢀖', '页')","['页', '工']"
頃,11,181.2,a moment; a measure of area equal to 100 mu or 6.7 hectares; to lean,Traditional,"('匕', '頁')","['頁', '匕']"
颙,15,181'.9,"solemn, large, grand, majestic",Simplified,"('禺', '页')","['二', '禸', '丨', '页', '冂']"
頦,15,181.6,chin,Traditional,"('亥', '頁')","['頁', '人', '亠', '丨']"
預,13,181.4,"prepare, arrange; in advance",Traditional,"('予', '頁')","['頁', '亅', '乙']"
顰,24,181.15,"frown, knit brows",Traditional,"('頻', '卑')","['丿', '止', '二', '丶', '丨', '十', '小', '頁', '冂']"
顱,25,181.16,skull,Traditional,"('盧', '頁')","['虍', '頁', '田', '皿']"
頂,11,181.2,"top, peak; carry on head; very",Traditional,"('丁', '頁')","['頁', '一', '亅']"
顬,23,181.14,the temporal bone,Traditional,"('需', '頁')","['頁', '而', '雨']"
顦,21,181.12,"be worn-out, emaciated, haggard",Traditional,"('焦', '頁')","['頁', '火', '隹']"
頬,15,181.6,"cheeks, jaw",Unknown,"('夹', '頁')","['頁', '人', '八', '二']"
須,12,181.3,"must, have to, necessary; moment; whiskers",Traditional,"('彡', '頁')","['頁', '彡']"
頽,16,181.7,ruined,Traditional,"('秃', '頁')","['禾', '几', '頁']"
頚,14,181.5,"neck, throat",Unknown,"('圣', '頁')","['頁', '土', '又']"
顧,21,181.12,look back; look at; look after,Traditional,"('雇', '頁')","['頁', '户', '隹']"
顇,17,181.8,"be worn out, be haggard",Traditional,"('卒', '頁')","['頁', '十', '亠', '人']"
願,19,181.10,"desire, want; wish; ambition",Traditional,"('原', '頁')","['頁', '白', '厂', '小']"
颧,23,181'.17,cheek bones,Simplified,"('雚', '页')","['隹', '艸', '口', '页']"
颊,12,181'.6,"cheeks, jaw",Simplified,"('夹', '页')","['人', '八', '二', '页']"
颣,18,181'.12,"knot; blemish, flaw, wicked",Simplified,"('絭', '页')","['糸', '米', '页']"
頋,13,181.4,"to care for, to look after to regard; to turn the head round to look",Both,"('厄', '頁')","['頁', '厂', '乙']"
顙,19,181.10,the forehead; to kowtow,Traditional,"('桑', '頁')","['頁', '又', '木']"
页,6,181'.0,"page, sheet, leaf; rad. no. 181",Simplified,"('丆', '贝')",['页']
颏,12,181'.6,chin,Simplified,"('亥', '页')","['人', '亠', '丨', '页']"
颓,13,181'.7,"ruined, decayed; disintegrate",Simplified,"('秃', '页')","['禾', '几', '页']"
颕,13,181'.7,rice tassel; sharp point; clever,Simplified,"('𥘈', '页')","['匕', '示', '页']"
项,9,181'.3,"neck, nape of neck; sum; funds",Simplified,"('工', '页')","['页', '工']"
顴,26,181.18,cheek bones,Traditional,"('雚', '頁')","['頁', '隹', '艸', '口']"
頰,16,181.7,"cheeks, jaw",Traditional,"('夾', '頁')","['頁', '人', '大']"
颅,11,181'.5,skull,Simplified,"('卢', '页')","['尸', '卜', '页']"
领,11,181'.5,"neck; collar; lead, guide",Simplified,"('令', '页')","['人', '丶', '页']"
颠,16,181'.10,"top, peak, summit; upset",Simplified,"('真', '页')","['八', '页', '十', '目', '一']"
颚,15,181'.9,jaw,Simplified,"('咢', '页')","['二', '口', '页']"
頌,13,181.4,"laud, acclaim; hymn; ode",Traditional,"('公', '頁')","['頁', '厶', '八']"
頞,15,181.6,(nose) bridge,Traditional,"('安', '頁')","['宀', '頁', '女']"
顔,18,181.9,"face, facial appearance",Traditional,"('彦', '頁')","['頁', '彡', '立', '厂']"
顸,9,181'.3,"large face, flat face; stupid",Simplified,"('干', '页')","['干', '页']"
颒,13,181'.7,wash,Simplified,"('水廾', '页')","['廾', '水', '页']"
頡,15,181.6,"fly upward, soar; contest; to rob",Traditional,"('吉', '頁')","['頁', '口', '士']"
颥,20,181'.14,the temporal bone,Simplified,"('需', '页')","['页', '而', '雨']"
顼,10,181'.4,grieved,Simplified,"('王', '页')","['玉', '页']"
须,9,181'.3,"must, have to, necessary",Simplified,"('彡', '页')","['彡', '页']"
颋,12,181'.6,straight,Simplified,"('廷', '页')","['页', '廴', '士']"
順,12,181.3,"obey, submit to, go along with",Traditional,"('川', '頁')","['頁', '川']"
顥,21,181.12,"luminous; white, hoary",Traditional,"('景', '頁')","['頁', '亠', '小', '日', '口']"
頇,12,181.3,"large face, flat face; stupid",Traditional,"('干', '頁')","['頁', '干']"
顷,8,181'.2,a moment; a measure of area equal to 100 mu or 6.7 hectares; to lean,Simplified,"('匕', '页')","['匕', '页']"
頔,14,181.5,good and beautiful,Traditional,"('由', '頁')","['頁', '二', '丨', '凵']"
頣,15,181.6,to view others with raised eyes,Both,"('臣', '頁')","['頁', '臣']"
顒,18,181.9,"solemn, large, grand, majestic",Traditional,"('禺', '頁')","['二', '禸', '丨', '頁', '冂']"
顚,19,181.10,"top, peak, summit; upset",Unknown,"('眞', '頁')","['頁', '目', '匕', '八']"
频,13,181'.7,"frequently, again and again",Simplified,"('步', '页')","['丿', '止', '小', '页']"
颞,16,181'.10,the temporal bone,Simplified,"('聂', '页')","['又', '耳', '页']"
頗,14,181.5,"lean one side; very, rather",Traditional,"('皮', '頁')","['頁', '皮']"
颎,12,181'.6,bright,Simplified,"('火', '顷')","['火', '匕', '页']"
額,18,181.9,"forehead; tablet, plaque; fixed",Traditional,"('客', '頁')","['宀', '口', '頁', '夂']"
頄,11,181.2,cheekbone,Traditional,"('九', '頁')","['頁', '丿']"
頠,15,181.6,quiet,Traditional,"('危', '頁')","['頁', '刀', '厂', '乙']"
颀,10,181'.4,tall and slim,Simplified,"('斤', '页')","['斤', '页']"
頜,15,181.6,mouth; jaw,Traditional,"('合', '頁')","['一', '人', '頁', '口']"
頯,16,181.7,cheekbone,Traditional,"('𢌳', '頁')","['月', '頁', '廾']"
颔,13,181'.7,"chin, jowl; give nod",Simplified,"('含', '页')","['人', '丶', '口', '页']"
頖,14,181.5,Zhou dynasty school; disperse; fall apart,Traditional,"('半', '頁')","['頁', '二', '丨', '八']"
顎,18,181.9,jaw,Traditional,"('咢', '頁')","['頁', '二', '口']"
頸,16,181.7,"neck, throat",Traditional,"('巠', '頁')","['頁', '一', '川', '工']"
颡,16,181'.10,the forehead; to kowtow,Simplified,"('桑', '页')","['又', '木', '页']"
頫,15,181.6,bow; nod; condescend,Traditional,"('兆', '頁')","['冫', '頁', '儿']"
顿,10,181'.4,"pause, stop; bow, kowtow; arrange",Simplified,"('屯', '页')","['十', '屮', '乙', '页']"
顏,18,181.9,"face, facial appearance",Traditional,"('彥', '頁')","['頁', '文', '彡', '厂']"
阙,13,169'.10,watch tower; palace,Simplified,"('门', '欮')","['门', '八', '屮', '一', '欠']"
阎,11,169'.8,village gate; surname,Simplified,"('门', '臽')","['门', '刀', '臼']"
閬,15,169.7,"high door; high gate; high, lofty",Traditional,"('門', '良')","['艮', '丶', '門']"
闑,18,169.10,the doorsill,Traditional,"('門', '臬')","['自', '木', '門']"
闹,8,169'.5,quarrel; dispute hotly,Simplified,"('门', '市')","['门', '亠', '巾']"
閫,15,169.7,threshold; women's quarters,Traditional,"('門', '困')","['囗', '木', '門']"
閾,16,169.8,"threshold; separated, confined",Traditional,"('門', '或')","['一', '口', '戈', '門']"
閼,16,169.8,"block, obstruct, stop up, conceal",Traditional,"('門', '於')","['人', '丶', '方', '門']"
闿,9,169'.6,open; peaceful,Simplified,"('门', '岂')","['门', '山', '己']"
阚,14,169'.11,"glance, peep; roar, growl",Simplified,"('门', '敢')","['门', '攴', '耳']"
闆,17,169.9,"boss, the owner, person in charge",Traditional,"('門', '品')","['口', '門']"
阏,11,169'.8,"block, obstruct, stop up",Simplified,"('门', '於')","['门', '人', '丶', '方']"
闕,18,169.10,watch tower; palace,Traditional,"('門', '欮')","['八', '屮', '一', '欠', '門']"
闓,18,169.10,open; peaceful,Traditional,"('門', '豈')","['豆', '山', '門']"
闃,17,169.9,"alone; quiet, still",Traditional,"('門', '狊')","['目', '門', '犬']"
阓,12,169'.9,gate of a market,Simplified,"('门', '贵')","['门', '丨', '贝', '一', '口']"
闢,21,169.13,"open; settle, develop, open up",Traditional,"('門', '辟')","['口', '尸', '辛', '門']"
閏,12,169.4,"intercalary; extra, surplus",Traditional,"('門', '王')","['玉', '門']"
闈,17,169.9,"gate, door; living quarters",Traditional,"('門', '韋')","['韋', '門']"
間,12,169.4,"interval, space; place, between",Traditional,"('門', '日')","['日', '門']"
阄,10,169'.7,lots (to be drawn); draw lots,Simplified,"('门', '龟')","['门', '龟']"
闶,7,169'.4,door,Simplified,"('门', '亢')","['门', '亠', '几']"
闗,18,169.10,a frontier pass or gate to shut or close; a custom-house; suburbs of a city,Both,"('門', '𢇁')","['幺', '火', '門']"
閈,11,169.3,village,Traditional,"('門', '干')","['干', '門']"
阈,11,169'.8,"threshold; separated, confined",Simplified,"('门', '或')","['门', '一', '戈', '口']"
閶,16,169.8,gate of heaven; main gate of palace,Traditional,"('門', '昌')","['日', '門']"
閭,14,169.7,village of twenty-five families,Traditional,"('門', '呂')","['口', '門']"
阂,9,169'.6,blocked or separated; to prevent,Simplified,"('门', '亥')","['门', '人', '亠', '丨']"
闩,4,169'.1,"bolt, latch, crossbar",Simplified,"('门', '一')","['门', '一']"
閲,15,169.7,examine,Traditional,"('門', '兌')","['口', '八', '門', '儿']"
閿,16,169.8,name of a district in Henan province,Traditional,"('門', '受')","['冖', '又', '門', '爪']"
開,12,169.4,"open; initiate, begin, start",Traditional,"('門', '开')","['一', '廾', '門']"
関,14,169.6,frontier pass; close; relation,Both,"('門', '关')","['一', '大', '八', '門']"
闉,17,169.9,"curved, bent; a curved wall",Traditional,"('門', '垔')","['土', '門', '襾']"
閥,14,169.6,powerful and influential group,Traditional,"('門', '伐')","['人', '戈', '門']"
闡,20,169.12,"explain, clarify, elucidate",Traditional,"('門', '單')","['門', '二', '丨', '十', '口', '冂']"
闫,6,169'.3,village gate,Simplified,"('门', '三')","['门', '一', '二']"
阍,11,169'.8,"gatekeeper; gate, door",Simplified,"('门', '昏')","['门', '氏', '日']"
閉,11,169.3,"shut, close; obstruct, block up",Traditional,"('門', '才')","['一', '丿', '門']"
闸,8,169'.5,"sluice; flood gate, canal lock",Simplified,"('门', '甲')","['门', '二', '丨', '冂']"
闌,17,169.9,door screen; railing fence,Traditional,"('門', '柬')","['門', '八', '丨', '木', '口']"
闰,7,169'.4,"intercalary; extra, surplus",Simplified,"('门', '王')","['门', '玉']"
阀,9,169'.6,powerful and influential group,Simplified,"('门', '伐')","['门', '人', '戈']"
閻,16,169.8,village gate; surname,Traditional,"('門', '臽')","['臼', '刀', '門']"
閡,14,169.6,blocked or separated; to prevent,Traditional,"('門', '亥')","['人', '亠', '丨', '門']"
阘,13,169'.10,upper-story door or window,Simplified,"('门', '𦐇')","['门', '羽', '日']"
阔,12,169'.9,"broad, ample, wide; be apart",Simplified,"('门', '活')","['门', '水', '舌']"
閴,15,169.7,quiet,Unknown,"('門', '貝')","['貝', '門']"
闱,7,169'.4,"gate, door; living quarters",Simplified,"('门', '韦')","['门', '韦']"
閽,16,169.8,"gatekeeper; gate, door",Traditional,"('門', '昏')","['日', '氏', '門']"
阕,12,169'.9,"close, shut; watch tower",Simplified,"('门', '癸')","['门', '一', '大', '癶']"
闪,5,169'.2,"flash; avoid, dodge, evade",Simplified,"('门', '人')","['门', '人']"
阊,11,169'.8,gate of heaven; main gate of a palace,Simplified,"('门', '昌')","['门', '日']"
闾,9,169'.6,village of twenty-five families,Simplified,"('门', '吕')","['门', '口']"
闬,6,169'.3,village,Simplified,"('门', '干')","['门', '干']"
阗,13,169'.10,a place in Xinjiang province,Simplified,"('门', '真')","['门', '八', '十', '目', '一']"
閑,12,169.4,"fence, barrier; defend; idle time",Traditional,"('門', '木')","['木', '門']"
阑,12,169'.9,door screen; railing fence,Simplified,"('门', '柬')","['门', '八', '丨', '木', '口']"
關,19,169.11,frontier pass; close; relation,Traditional,"('門', '𢇇')","['幺', '丨', '㇙', '門']"
閖,12,169.4,"(J) flower name; a water-gate, sluice; toponym",Unknown,"('門', '水')","['水', '門']"
閱,15,169.7,"examine, inspect, review, read",Traditional,"('門', '兌')","['口', '八', '門', '儿']"
閦,14,169.6,"crowd; transliteration of Sanskrit 'kso', e.g. 'aksobhya'",Traditional,"('門', '众')","['人', '門']"
闥,20,169.13,door; gate,Traditional,"('門', '達')","['羊', '土', '門', '辵']"
闍,16,169.9,tower over city gate,Traditional,"('門', '者')","['日', '老', '門']"
闳,7,169'.4,"gate, barrier; wide, vast, expand",Simplified,"('门', '厷')","['门', '厶', '一', '丿']"
闟,20,169.12,peacefully; quietly,Traditional,"('門', '翕')","['門', '人', '羽', '一', '口']"
闘,18,169.10,"struggle, fight, compete, contend",Traditional,"('門', '豆寸')","['豆', '寸', '門']"
閔,12,169.4,"mourn, grieve; urge on, incite",Traditional,"('門', '文')","['文', '門']"
閎,12,169.4,"gate, barrier; wide, vast, expand",Traditional,"('門', '厷')","['丿', '厶', '一', '門']"
间,7,169'.4,"midpoint, space; place, locality",Simplified,"('门', '日')","['门', '日']"
闚,19,169.11,flash; flashing; steal look,Traditional,"('門', '規')","['二', '人', '見', '門']"
门,3,169'.0,"gate, door, entrance, opening",Simplified,"('门', None)",['门']
闷,7,169'.4,"gloomy, depressed, melancholy",Simplified,"('门', '心')","['门', '心']"
閙,13,169.5,quarrel; dispute hotly,Both,"('門', '市')","['亠', '門', '巾']"
闐,18,169.10,a place in Xinjiang province,Traditional,"('門', '真')","['八', '十', '目', '一', '門']"
閟,13,169.5,"hide, keep secret; hideaway",Traditional,"('門', '必')","['心', '丿', '門']"
閂,9,169.1,"bolt, latch, crossbar",Traditional,"('門', '一')","['一', '門']"
闭,6,169'.3,"shut, close; obstruct, block up",Simplified,"('门', '才')","['门', '丿', '一']"
闒,18,169.10,upper-story door or window,Traditional,"('門', '𦐇')","['日', '羽', '門']"
阃,10,169'.7,threshold; women's quarters,Simplified,"('门', '困')","['门', '囗', '木']"
阒,12,169'.9,"alone; quiet, still",Simplified,"('门', '狊')","['门', '目', '犬']"
閤,14,169.6,small side door; chamber,Traditional,"('門', '合')","['一', '人', '口', '門']"
阋,11,169'.8,"feud, fight, quarrel",Simplified,"('门', '兒')","['门', '儿', '臼']"
閣,14,169.6,"chamber, pavilion; cabinet",Traditional,"('門', '各')","['夂', '口', '門']"
阆,10,169'.7,"high door; high gate; high, lofty",Simplified,"('门', '良')","['门', '丶', '艮']"
閨,14,169.6,small entrance; women's quarters,Traditional,"('門', '圭')","['土', '門']"
閃,10,169.2,"flash; avoid, dodge, evade",Traditional,"('門', '人')","['人', '門']"
闞,19,169.12,"glance, peep; roar, growl",Traditional,"('門', '敢')","['耳', '攴', '門']"
阅,10,169'.7,"examine, inspect, review, read",Simplified,"('门', '兌')","['门', '八', '口', '儿']"
闵,7,169'.4,"mourn, grieve; urge on, incite",Simplified,"('门', '文')","['门', '文']"
闝,19,169.11,"patronize prostitutes, frequent",Unknown,"('門', '敗')","['貝', '攴', '門']"
闲,7,169'.4,"fence, guard; defend; idle time",Simplified,"('门', '木')","['门', '木']"
闇,17,169.9,"close, shut; dark, dismal",Traditional,"('門', '音')","['音', '門']"
閩,14,169.6,Fujian province; a river; a tribe,Traditional,"('門', '虫')","['虫', '門']"
闔,18,169.10,"close; whole, entire; all; leaf",Traditional,"('門', '盍')","['土', '皿', '厶', '門']"
闻,9,169'.6,hear; smell; make known; news,Simplified,"('门', '耳')","['门', '耳']"
闊,17,169.9,"broad, ample, wide; be apart",Traditional,"('門', '活')","['水', '門', '舌']"
閹,16,169.8,castrate; eunuch,Traditional,"('門', '奄')","['乙', '丨', '大', '日', '門']"
阛,16,169'.13,wall around market place,Simplified,"('门', '睘')","['门', '一', '网', '口']"
闼,9,169'.6,door; gate,Simplified,"('门', '达')","['门', '大', '辵']"
阉,11,169'.8,castrate; eunuch,Simplified,"('门', '奄')","['门', '丨', '大', '日', '乙']"
閊,11,169.3,"to be obstructed, blocked; to break down",Unknown,"('門', '山')","['山', '門']"
闋,17,169.9,"close, shut; watch tower",Traditional,"('門', '癸')","['一', '大', '癶', '門']"
闠,20,169.12,gate of a market,Traditional,"('門', '貴')","['門', '丨', '貝', '一', '口']"
阌,11,169'.8,"wen xiang, Henan province",Simplified,"('门', '受')","['门', '又', '冖', '爪']"
阐,11,169'.8,"explain, clarify, elucidate",Simplified,"('门', '单')","['门', '二', '八', '丨', '十', '冂']"
閠,13,169.5,"intercalary; extra, surplus",Unknown,"('門', '玉')","['玉', '門']"
闺,9,169'.6,small entrance; women's quarters,Simplified,"('门', '圭')","['门', '土']"
闽,9,169'.6,fujian province; a river; a tribe,Simplified,"('门', '虫')","['门', '虫']"
闖,18,169.10,"rush in, burst in, charge in",Traditional,"('門', '馬')","['馬', '門']"
阁,9,169'.6,"chamber, pavilion; cabinet",Simplified,"('门', '各')","['门', '口', '夂']"
阖,13,169'.10,"close; whole, entire; all; leaf",Simplified,"('门', '盍')","['门', '土', '皿', '厶']"
闤,21,169.13,wall around market place,Traditional,"('門', '睘')","['一', '口', '网', '門']"
问,6,169'.3,"ask about, inquire after",Simplified,"('门', '口')","['门', '口']"
阇,11,169'.8,a Buddhist high priest,Simplified,"('门', '者')","['门', '老', '日']"
閒,12,169.4,"leisure; idle; peaceful, tranquil, calm",Traditional,"('門', '月')","['月', '門']"
閆,11,169.3,village gate,Traditional,"('門', '三')","['二', '一', '門']"
闯,6,169'.3,"rush in, burst in, charge in",Simplified,"('门', '马')","['门', '马']"
閧,14,169.6,"boisterous; clamor, noise",Traditional,"('門', '共')","['一', '八', '艸', '門']"
閌,12,169.4,door,Traditional,"('門', '亢')","['亠', '几', '門']"
閇,11,169.3,"shut, close; obstruct, block up",Both,"('門', '下')","['一', '卜', '門']"
閘,13,169.5,"sluice; flood gate, canal lock",Traditional,"('門', '甲')","['冂', '二', '丨', '門']"
霞,17,173.9,rosy clouds,Both,"('雨', '叚')","['又', '二', '尸', '雨']"
霋,16,173.8,"slight, passing",Unknown,"('雨', '妻')","['女', '十', '聿', '雨']"
雩,11,173.3,offer sacrifice for rain,Both,"('雨', '亏')","['二', '雨']"
霨,19,173.11,clouding,Unknown,"('雨', '尉')","['尸', '寸', '示', '雨']"
霉,15,173.7,"mildew, mold; moldy, mildewed",Both,"('雨', '每')","['一', '丿', '毋', '雨']"
霖,16,173.8,"long spell of rain, copious rain",Both,"('雨', '林')","['木', '雨']"
霜,17,173.9,frost; crystallized; candied,Both,"('雨', '相')","['目', '木', '雨']"
霈,15,173.7,"torrential rains, flow of water",Both,"('雨', '沛')","['巾', '十', '水', '雨']"
霾,22,173.14,"misty, foggy; dust storm",Both,"('雨', '貍')","['里', '豸', '雨']"
靂,24,173.16,"thunderclap, crashing thunder",Traditional,"('雨', '歷')","['禾', '止', '厂', '雨']"
霽,22,173.14,to clear up after rain; to cease to be angry,Traditional,"('雨', '齊')","['齊', '雨']"
雹,13,173.5,hail,Both,"('雨', '包')","['勹', '己', '雨']"
霸,21,173.13,rule by might rather than right,Both,"('雨', '䩗')","['月', '革', '雨']"
雯,12,173.4,"cloud patterns, coloring of cloud",Both,"('雨', '文')","['文', '雨']"
雲,12,173.4,clouds; Yunnan province,Traditional,"('雨', '云')","['二', '厶', '雨']"
霊,15,173.7,"spirit, soul; spiritual world",Unknown,"('雨', '一亚')","['一', '二', '八', '雨']"
電,13,173.5,"electricity, electric; lightning",Traditional,"('雨', '电')","['日', '丨', '乙', '雨']"
霧,18,173.11,"fog, mist, vapor, fine spray",Traditional,"('雨', '務')","['力', '矛', '夂', '雨']"
雰,12,173.4,"atmosphere; mist, fog",Both,"('雨', '分')","['刀', '八', '雨']"
霂,15,173.7,"fine rain, drizzle",Both,"('雨', '沐')","['木', '水', '雨']"
霫,19,173.11,heavy rain,Both,"('雨', '習')","['羽', '白', '雨']"
霭,19,173.11,"cloudy sky, haze; calm, peaceful",Simplified,"('雨', '谒')","['人', '讠', '雨', '勹', '曰']"
霣,18,173.10,fall,Traditional,"('雨', '員')","['貝', '口', '雨']"
霎,16,173.8,"light rain, drizzle; an instant; passing",Both,"('雨', '妾')","['女', '立', '雨']"
霑,16,173.8,"be moistened, soaked; moisten",Traditional,"('雨', '沾')","['卜', '水', '口', '雨']"
雱,12,173.4,snowing heavily,Both,"('雨', '方')","['方', '雨']"
霃,15,173.7,long continued rains,Both,"('雨', '沈')","['巾', '水', '乙', '雨']"
霹,21,173.13,"thunder, crashing thunder",Both,"('雨', '辟')","['尸', '辛', '口', '雨']"
霝,17,173.9,drops of rain; to fall in drops,Both,"('雨', '𠱠')","['口', '雨']"
靄,24,173.16,"cloudy sky, haze; calm, peaceful",Traditional,"('雨', '謁')","['人', '雨', '言', '勹', '曰']"
霓,16,173.8,"rainbow; variegated, colored",Both,"('雨', '兒')","['臼', '儿', '雨']"
霍,16,173.8,"quickly, suddenly; surname",Both,"('雨', '隹')","['隹', '雨']"
雫,11,173.3,"a drop, trickle, dripping",Both,"('雨', '下')","['一', '卜', '雨']"
靆,23,173.16,cloudy sky; not clear; dark,Traditional,"('雲', '逮')","['二', '厶', '雨', '隶', '辵']"
靈,24,173.16,"spirit, soul; spiritual world",Traditional,"('霝', '巫')","['人', '口', '工', '雨']"
靀,21,173.14,"drizzling, fine rain; mist",Both,"('雨', '蒙')","['二', '冖', '雨', '勹', '艸']"
霱,20,173.12,cloud,Both,"('雨', '矞')","['八', '冂', '雨', '矛', '口']"
露,21,173.12,"dew; bare, open, exposed",Both,"('雨', '路')","['⻊', '口', '夂', '雨']"
震,15,173.7,"shake, quake, tremor; excite; trigram ☳; hexagram ䷲",Both,"('雨', '辰')","['辰', '雨']"
靁,23,173.15,"thick, strong",Unknown,"('雨', '畾')","['田', '雨']"
霄,15,173.7,"sky; clouds, mist; night",Both,"('雨', '肖')","['月', '小', '雨']"
靉,25,173.17,"cloudy sky; dark, obscure",Traditional,"('雲', '愛')","['心', '二', '夂', '爪', '厶', '冖', '雨']"
霅,15,173.7,thunder,Both,"('雨', '言')","['言', '雨']"
霰,20,173.12,"hail, sleet",Both,"('雨', '散')","['雨', '月', '一', '艸', '攴']"
雷,13,173.5,thunder,Both,"('雨', '田')","['田', '雨']"
霁,14,173.6,to clear up after rain; to cease be angry,Simplified,"('雨', '齐')","['齐', '雨']"
零,13,173.5,"zero; fragment, fraction",Both,"('雨', '令')","['人', '丶', '雨']"
需,14,173.6,"need, require, must; hexagram ䷄",Both,"('雨', '而')","['而', '雨']"
霶,21,173.13,downpouring of rain,Both,"('雨', '滂')","['八', '水', '冖', '亠', '方', '雨']"
霡,17,173.10,drizzling rain; to soak-- used fig. of favours,Both,"('雨', '脉')","['月', '丶', '雨']"
雾,13,173.5,"fog, mist, vapor, fine spray",Simplified,"('雨', '务')","['力', '夂', '雨']"
霪,19,173.11,long and heavy rain,Both,"('雨', '淫')","['士', '水', '爪', '雨']"
霥,18,173.10,"drizzle, mist",Both,"('雨', '冡')","['冖', '二', '勹', '雨']"
霙,16,173.9,sleet,Both,"('雨', '英')","['大', '艸', '冂', '雨']"
雳,12,173.4,"thunderclap, crashing thunder",Simplified,"('雨', '历')","['厂', '力', '雨']"
霢,18,173.10,dust,Traditional,"('雨', '脈')","['月', '⺁', '雨']"
雪,11,173.3,"snow; wipe away shame, avenge",Both,"('雨', '彐')","['彐', '雨']"
霤,18,173.10,drip; rain-water catcher,Both,"('雨', '留')","['田', '卩', '雨']"
霆,14,173.7,a sudden peal of thunder,Both,"('雨', '廷')","['士', '廴', '雨']"
霏,16,173.8,falling of snow and rain,Both,"('雨', '非')","['非', '雨']"
廄,12,53.11,stable; barnyard,Traditional,"('广', '艮殳')","['丶', '乙', '广', '丨', '彐', '殳']"
庇,7,53.4,"cover, shield, shelter, protect",Both,"('广', '比')","['比', '广']"
庫,10,53.7,"armory, treasury, storehouse",Traditional,"('广', '車')","['車', '广']"
序,7,53.4,"series, serial order, sequence",Both,"('广', '予')","['广', '亅', '乙']"
庆,6,53.3,"congratulate, celebrate",Simplified,"('广', '大')","['广', '大']"
廁,12,53.9,"toilet, lavatory; mingle with",Traditional,"('广', '則')","['广', '刀', '貝']"
廩,16,53.13,"granary; stockpile, store",Traditional,"('广', '稟')","['禾', '广', '亠', '囗']"
廝,15,53.12,servant,Traditional,"('广', '斯')","['八', '广', '斤', '一', '甘']"
廰,20,53.17,"hall, central room",Unknown,"('广', '聴')","['心', '广', '十', '网', '耳']"
庻,11,53.8,"numerous, various; multitude",Unknown,"('广', '苁')","['广', '廾', '人']"
广,3,53.0,"wide, extensive, broad; rad. 53",Both,"('广', None)",['广']
座,10,53.7,"seat; stand, base",Both,"('广', '坐')","['土', '广', '人']"
庶,11,53.8,"numerous, various; multitude",Both,"('广', '炗')","['广', '火', '廾']"
廑,14,53.11,a hut; careful,Both,"('广', '堇')","['广', '丨', '廾', '玉', '口']"
廙,14,53.12,respectful,Both,"('广', '異')","['八', '广', '田', '一', '艸']"
廖,14,53.11,surname; name of an ancient state,Both,"('广', '翏')","['广', '羽', '彡', '人']"
廆,12,53.10,a room; the wall of a house a man's name,Both,"('广', '鬼')","['广', '鬼']"
廎,14,53.11,room,Traditional,"('广', '頃')","['頁', '广', '匕']"
廏,14,53.11,stable; barnyard,Unknown,"('广', '𣪘')","['广', '匕', '白', '殳']"
庁,5,53.2,"hall, central room",Unknown,"('广', '丁')","['一', '广', '亅']"
庭,9,53.7,courtyard; spacious hall or yard,Both,"('广', '廷')","['广', '廴', '士']"
廤,15,53.12,to place,Both,"('庫', '叱')","['乙', '广', '車', '一', '口']"
廬,19,53.16,"hut, cottage; name of a mountain",Traditional,"('广', '盧')","['虍', '广', '田', '皿']"
廌,13,53.10,unicorn,Both,"('廌', None)","['广', '火', '襾']"
廪,16,53.13,granary; stockpile,Simplified,"('广', '禀')","['广', '亠', '囗', '示']"
龐,19,53.16 212.3,"disorderly, messy; huge, big",Traditional,"('广', '龍')","['广', '龍']"
廧,16,53.13,wall,Traditional,"('广', '嗇')","['土', '广', '囗', '人']"
庋,7,53.4,a cupboard or pantry to store,Both,"('广', '支')","['广', '支']"
废,8,53.5,"abrogate, terminate, discard",Simplified,"('广', '发')","['又', '广', '丶', '丨']"
廕,13,53.11,"shade; protect, shade, cover",Traditional,"('广', '陰')","['二', '丶', '人', '广', '厶', '阝']"
庥,9,53.6,"shade; shelter, protection",Both,"('广', '休')","['广', '木', '人']"
府,8,53.5,prefecture; prefect; government,Both,"('广', '付')","['广', '寸', '人']"
底,8,53.5,"bottom, underneath, underside",Both,"('广', '氐')","['广', '丶', '氏']"
廢,15,53.12,"abrogate, terminate, discard",Traditional,"('广', '發')","['广', '殳', '癶', '弓']"
床,7,53.4,"bed, couch; framework, chassis",Both,"('广', '木')","['广', '木']"
廃,12,53.9,"abrogate, terminate, discard",Unknown,"('广', '発')","['癶', '广', '廾', '一', '乙']"
庄,6,53.3,"village, hamlet; villa, manor",Both,"('广', '土')","['土', '广']"
廓,13,53.11,"broad, wide, open, empty; to expand",Both,"('广', '郭')","['子', '广', '亠', '阝', '口']"
庾,11,53.9,granary; storehouse,Both,"('广', '臾')","['臼', '广', '人']"
库,7,53.4,"armory, treasury, storehouse",Simplified,"('广', '车')","['广', '车']"
庉,7,53.4,a village; to dwell together,Both,"('广', '屯')","['屮', '广', '十', '乙']"
庖,8,53.5,"kitchen; cooking, cuisine",Both,"('广', '包')","['勹', '广', '己']"
庸,11,53.8,"usual, common, ordinary, mediocre",Both,"('广', '肀用')","['广', '聿', '用']"
廠,15,53.12,"factory, plant, workshop, mill",Traditional,"('广', '敞')","['广', '冂', '小', '攴', '口']"
应,7,53.4,"should, ought to, must",Both,"('广', '小一')","['一', '广', '小']"
廔,14,53.11,building of two or more stories,Traditional,"('广', '婁')","['女', '广', '十', '口']"
廂,12,53.9,"side-room, wing; theatre box",Traditional,"('广', '相')","['广', '目', '木']"
庿,11,53.9,"temple, shrine",Unknown,"('广', '苗')","['广', '田', '艸']"
廉,13,53.10,"upright, honorable, honest",Both,"('广', '兼')","['一', '广', '八', '彐']"
廨,16,53.13,"government office, public office",Both,"('广', '解')","['牛', '广', '刀', '角']"
店,8,53.5,"shop, store; inn, hotel",Both,"('广', '占')","['广', '卜', '口']"
庅,6,53.3,an interrogative particle,Both,"('广', '么')","['丿', '广', '厶']"
廀,12,53.9,to conceal; to search into,Both,"('广', '叜')","['宀', '广', '火', '又']"
広,5,53.2,"broad, wide, extensive",Unknown,"('广', '厶')","['广', '厶']"
廐,12,53.11,stable; barnyard,Both,"('广', '旣')","['广', '匕', '白', '无']"
庹,11,53.8,the length of one's two outstretched arms,Both,"('广艹', '尺')","['广', '尸', '廾']"
廈,13,53.10,"big building, mansion",Traditional,"('广', '夏')","['一', '广', '自', '夂']"
廊,11,53.9,"corridor, porch, veranda",Both,"('广', '郎')","['丶', '广', '丨', '彐', '阝', '乙']"
廟,15,53.12,"temple, shrine; imperial court",Traditional,"('广', '朝')","['日', '广', '月', '十']"
康,11,53.8,"peaceful, quiet; happy, healthy",Both,"('广', '隶')","['隶', '广']"
廱,21,53.18,harmonious; pool; hall,Both,"('广', '雝')","['广', '隹', '邑', '川']"
廋,12,53.10,"conceal, hide; search for, seek",Both,"('广', '叟')","['臼', '广', '丨', '又']"
廡,15,53.12,"corridor, hallway; luxuriant",Traditional,"('广', '無')","['广', '火']"
庤,9,53.6,prepare,Both,"('广', '寺')","['土', '广', '寸']"
庼,11,53.8,room,Simplified,"('广', '顷')","['广', '匕', '页']"
廞,15,53.12,to prepare horses and chariots for battle,Traditional,"('广', '欽')","['广', '欠', '金']"
庳,11,53.8,a low-built house,Both,"('广', '卑')","['二', '丶', '广', '丨', '十', '冂']"
廛,15,53.12,"a store, shop; ground allotted to a retainer",Both,"('㢆', '𡉀')","['土', '广', '里', '八']"
廳,25,53.22,"hall, central room",Traditional,"('广', '聽')","['心', '广', '十', '一', '玉', '网', '耳']"
庈,7,53.4,used in person's names,Both,"('广', '今')","['广', '丶', '人']"
廒,13,53.11,a granary,Both,"('广', '敖')","['土', '丿', '广', '一', '攴']"
庵,11,53.8,Buddhist monastery or nunnery,Both,"('广', '奄')","['广', '丨', '大', '日', '乙']"
廚,15,53.12,kitchen; closet; cupboard,Traditional,"('广', '尌')","['广', '寸', '豆', '十']"
庬,10,53.7,abundant; mixed,Both,"('广', '尨')","['丿', '丶', '广', '彡', '一', '乙']"
庽,12,53.9,residence; lodge,Unknown,"('广', '禺')","['二', '禸', '广', '丨', '冂']"
庚,8,53.5,7th heavenly stem,Both,"('广', '彐+人')","['广', '聿', '八']"
庙,8,53.5,"temple, shrine; imperial court",Both,"('广', '由')","['广', '丨', '二', '凵']"
庠,9,53.6,village school; teach,Both,"('广', '羊')","['羊', '广']"
庑,7,53.4,"corridor, hallway; luxuriant",Simplified,"('广', '无')","['广', '无']"
庀,5,53.2,to prepare; to regulate to hand up,Both,"('广', '匕')","['广', '匕']"
庐,7,53.4,"hut, cottage; name of a mountain",Both,"('广', '户')","['广', '户']"
度,9,53.6,"degree, system; manner; to consider",Both,"('广廿', '又')","['广', '又', '廾']"
廣,14,53.12,"broad, wide, extensive",Traditional,"('广', '黄')","['二', '凵', '八', '广', '丨', '一', '艸']"
庞,8,53.5,"disorderly, messy; huge, big",Simplified,"('广', '龙')","['广', '龙']"
敘,11,66.7,"express, state, relate, narrate",Traditional,"('余', '攵')","['金', '攴']"
故,9,66.5,"ancient, old; reason, because",Both,"('古', '攵')","['十', '攴', '口']"
敜,12,66.8,fill up,Both,"('念', '攵')","['心', '人', '丶', '攴']"
敯,13,66.9,"to defy, dare; strong; to suffocate",Both,"('昬', '攴')","['日', '一', '己', '攴']"
敽,16,66.12,bind,Unknown,"('喬', '攴')","['冂', '攴', '大', '口']"
攷,6,66.2,"examine, test; investigate",Both,"('丂', '攵')","['一', '攴']"
斂,17,66.13,"draw back, fold back; collect",Traditional,"('僉', '攵')","['一', '人', '攴']"
攽,8,66.4,"to divide, allot; to send to",Both,"('分', '攵')","['刀', '八', '攴']"
斁,17,66.13,dislike; be weary of; explain,Traditional,"('睪', '攵')","['土', '八', '干', '网', '攴']"
數,15,66.11,number; several; count; fate,Traditional,"('婁', '攵')","['女', '十', '攴', '口']"
敹,15,66.11,to sew; keep tidy and repaired,Both,"('⺊冖釆', '攵')","['冖', '卜', '攴', '釆']"
敍,11,66.7,"express, state, relate, narrate",Both,"('余', '攴')","['干', '人', '攴', '小']"
敬,12,66.9,"respect, honor; respectfully",Both,"('苟', '攵')","['勹', '攴', '艸', '口']"
敃,9,66.5,strong; robust; vigorous,Both,"('民', '攵')","['一', '己', '攴']"
敋,10,66.6,to strike,Both,"('各', '攵')","['攴', '口']"
政,9,66.4,"government, political affairs",Both,"('正', '攵')","['一', '攴', '止']"
敂,9,66.5,deduct,Unknown,"('句', '攵')","['勹', '攴', '口']"
救,11,66.7,"save, rescue, relieve; help, aid",Both,"('求', '攵')","['丿', '丶', '水', '一', '攴']"
数,13,66.9,"number; several, count; fate",Both,"('娄', '攵')","['女', '米', '攴']"
改,7,66.3,"change, alter; improve, remodel",Both,"('己', '攵')","['己', '攴']"
敦,12,66.8,"esteem; honest, candid, sincere",Both,"('享', '攵')","['子', '亠', '攴', '口']"
敚,11,66.7,"take by force, rob",Both,"('兌', '攵')","['攴', '八', '口', '儿']"
敲,14,66.10,"strike, beat, pound, hammer; rap",Both,"('高', '攴')","['高', '攴']"
敝,11,66.8,"break, destroy; broken, tattered",Both,"('㡀', '攵')","['冫', '攴', '巾']"
敌,10,66.6 135.4,"enemy, foe, rival; resist",Simplified,"('舌', '攵')","['攴', '舌']"
敪,12,66.8,to weigh; cut; come without being invited,Both,"('叕', '攵')","['又', '攴']"
敢,11,66.8,"to dare, venture; bold, brave",Both,"('乛耳', '攵')","['攴', '耳']"
散,12,66.8,"scatter, disperse, break up",Both,"('?', '攵')","['月', '一', '艸', '攴']"
敞,12,66.8,"roomy, spacious, open, broad",Both,"('尚', '攵')","['小', '口', '攴', '冂']"
斅,20,66.16,"teach, instruct; be aroused; awake; intelligent",Traditional,"('學', '攴')","['子', '爻', '冖', '臼', '攴']"
收,6,66.2,"gather together, collect; harvest",Both,"('丩', '攵')","['丨', '攴']"
攻,7,66.3,"attack, assault; criticize",Both,"('工', '攵')","['攴', '工']"
敿,16,66.12,bind,Traditional,"('喬', '攵')","['冂', '攴', '大', '口']"
斆,20,66.16,"teach, instruct; be aroused; awake; intelligent",Traditional,"('學', '攵')","['子', '爻', '冖', '臼', '攴']"
敉,10,66.6,"pacify, soothe, stabilize",Both,"('米', '攵')","['米', '攴']"
效,10,66.6,"result, effect; effectiveness",Both,"('交', '攵')","['丿', '亠', '八', '攴']"
敠,12,66.8,to weigh; cut; come without being invited,Both,"('叕', '攴')","['又', '攴']"
敔,11,66.7,gavel,Both,"('吾', '攵')","['一', '口', '攴', '力']"
整,16,66.11,"orderly, neat, tidy; whole",Both,"('敕', '正')","['止', '木', '口', '一', '攴']"
敎,11,66.7,teach,Both,"('𡥉', '攵')","['丿', '子', '攴', '一']"
斃,17,66.14,kill; die violent death,Traditional,"('敝', '死')","['歹', '巾', '匕', '冫', '攴']"
敡,12,66.8,rebuke,Both,"('易', '攴')","['日', '勹', '攴']"
攸,7,66.3,"distant, far; adverbial prefix",Both,"('亻丨', '攵')","['人', '丨', '攴']"
敺,15,66.11,"expel, drive away; beat, assault",Traditional,"('區', '攴')","['匚', '口', '攴']"
敫,13,66.9,ancient musical instrument,Both,"('白方', '攵')","['攴', '白', '方']"
敩,12,66.8,"teach, instruct; be aroused; awake; intelligent",Simplified,"('学', '攵')","['冖', '子', '攴', '小']"
敕,11,66.7,an imperial order or decree,Both,"('束', '攵')","['攴', '木', '口']"
放,8,66.4,"put, release, free, liberate",Both,"('方', '攵')","['攴', '方']"
敖,10,66.7,"ramble, play about; leisurely; surname",Both,"('土方', '攵')","['丿', '一', '土', '攴']"
敛,11,66.7,"draw back, fold back; collect",Simplified,"('佥', '攵')","['一', '人', '攴', '小']"
敭,13,66.8,"scatter, spread; praise; raise",Unknown,"('昜', '攵')","['日', '一', '勹', '攴']"
敗,11,66.7,"be defeated, decline, fail",Traditional,"('貝', '攵')","['貝', '攴']"
敁,9,66.5,"to weigh in the hand, to estimate; to shake",Both,"('占', '攴')","['攴', '卜', '口']"
敄,9,66.5,to put forth effort,Unknown,"('矛', '攵')","['矛', '攴']"
敳,14,66.10,to govern forcefully,Traditional,"('豈', '攵')","['攴', '山', '豆']"
敾,16,66.12,to rule,Unknown,"('善', '攵')","['八', '羊', '口', '一', '攴']"
敏,11,66.7,"fast, quick, clever, smart",Both,"('每', '攵')","['一', '丿', '毋', '攴']"
敧,12,66.8,to pick up thing with chopsticks or pincers.,Unknown,"('奇', '攴')","['亅', '大', '一', '攴', '口']"
敵,15,66.11,"enemy, foe, rival; resist",Traditional,"('啇', '攵')","['八', '冂', '十', '亠', '攴', '口']"
敻,15,66.11,"long, faraway; pre-eminent",Unknown,"('⺈内', '𡕥')","['人', '刀', '目', '攴', '冂']"
敷,15,66.11,"spread, diffuse; apply, paint",Both,"('甫方', '攵')","['丶', '用', '十', '方', '攴']"
教,11,66.7,"teach, class",Both,"('孝', '攵')","['子', '攴', '老']"
幋,13,50.10,belt,Both,"('般', '巾')","['舟', '殳', '巾']"
幫,17,50.14,"to help, assist; to defend; shoe upper",Traditional,"('封', '帛')","['土', '白', '寸', '巾']"
帔,8,50.5,"a skirt; long robe for women, having no sleeves and fasten down the front",Both,"('巾', '皮')","['皮', '巾']"
幟,15,50.12,"flag, pennant; sign; fasten",Traditional,"('巾', '戠')","['戈', '音', '巾']"
幪,16,50.14,"cover, shelter, screen; protect",Both,"('巾', '蒙')","['二', '巾', '冖', '勹', '艸']"
帆,6,50.3,sail; boat,Both,"('巾', '凡')","['几', '丶', '巾']"
帟,9,50.6,tent,Both,"('亦', '巾')","['八', '巾', '丨', '亠', '亅']"
帵,11,50.8,"remnants, tailor's cutting",Both,"('巾', '宛')","['宀', '夕', '乙', '巾']"
市,5,50.2,"market, fair; city, town; trade",Both,"('亠', '巾')","['亠', '巾']"
幔,14,50.11,"curtain, screen, tent",Both,"('巾', '曼')","['日', '网', '又', '巾']"
帚,8,50.5,"broom, broomstick",Both,"('彐', '巾')","['冖', '彐', '巾']"
帖,8,50.5,invitation card; notice,Both,"('巾', '占')","['卜', '口', '巾']"
帢,9,50.6,a silk hat worn by ancient scholars,Both,"('巾', '合')","['一', '人', '口', '巾']"
幛,14,50.11,scroll of silk or cloth bearing a congratulatory message,Both,"('巾', '章')","['日', '十', '立', '巾']"
帗,8,50.5,a multicolored prop used in dancing,Both,"('巾', '犮')","['丿', '丶', '又', '巾', '一']"
帲,11,50.8,shelter,Both,"('巾', '幷')","['干', '巾']"
带,9,50.6,"belt, girdle, band, strap, zone",Simplified,"('卅', '巾')","['冖', '一', '川', '巾']"
幑,14,50.11,"(same as 徽 揮) mark; sign; indication; flags; pennants, streamers, etc., to prance, to brandish, to shake; to rattle, name of a flag",Both,"('微', '帀')","['彳', '山', '攴', '巾']"
幮,18,50.15,a screen used to make a temporary kitchen,Traditional,"('巾', '廚')","['巾', '广', '豆', '寸', '十']"
幕,13,50.11,"curtain, screen, tent",Both,"('莫', '巾')","['日', '大', '艸', '巾']"
帯,10,50.7,belt,Unknown,"('丗', '巾')","['冖', '一', '山', '巾']"
幃,12,50.9,curtain that forms wall,Traditional,"('巾', '韋')","['韋', '巾']"
幎,13,50.10,"cover-cloth, cover with cloth",Unknown,"('巾', '冥')","['八', '巾', '冖', '亠', '日']"
帿,12,50.9,"marquis, lord; target in archery",Unknown,"('巾', '侯')","['人', '矢', '巾']"
幂,12,50.9 14.10,"cover-cloth, cover with cloth",Both,"('𠖇', '巾')","['冖', '大', '日', '巾']"
帋,7,50.4,paper; stationary; document,Both,"('氏', '巾')","['氏', '巾']"
幘,14,50.11,turban; conical cap,Traditional,"('巾', '責')","['土', '貝', '一', '巾']"
帒,8,50.5,"a bag, a sack; a case; a pocket, a pouch",Both,"('代', '巾')","['人', '弋', '巾']"
幠,15,50.12,cover,Traditional,"('巾', '無')","['火', '巾']"
幬,17,50.14,cover up; curtain,Traditional,"('巾', '壽')","['士', '巾', '乙', '寸', '工', '一', '口']"
幓,14,50.11,"(simplified form of 幓; same as 縿) the long bands or ribbons attached to flags and banners (same as 襂) the feather decorated carriages or dresses; flapping and dangling, headdress used by man in ancient times",Traditional,"('巾', '參')","['厶', '人', '彡', '巾']"
幡,15,50.12,"pennant, banner, streamer, flag",Both,"('巾', '番')","['田', '釆', '巾']"
幅,12,50.9,"piece, strip, breadth of, hem",Both,"('巾', '畐')","['一', '田', '口', '巾']"
帮,9,50.7,"help, assist; defend; shoe upper",Both,"('邦', '巾')","['二', '巾', '丨', '阝', '一']"
幣,14,50.12,"currency, coins, legal tender",Traditional,"('敝', '巾')","['冫', '攴', '巾']"
帕,8,50.5,"turban, kerchief, veil; wrap",Both,"('巾', '白')","['白', '巾']"
帜,8,50.5,"flag, pennant; sign; fasten",Simplified,"('巾', '只')","['八', '口', '巾']"
布,5,50.2,"cotton cloth, textiles, linen",Simplified,"('𠂇', '巾')","['一', '丿', '巾']"
幇,12,50.9,"help, assist; defend; shoe upper",Both,"('封', '巾')","['土', '寸', '巾']"
帼,11,50.8,women's headgear; mourning cap,Simplified,"('巾', '国')","['囗', '玉', '巾']"
帏,7,50.4,curtain that forms wall,Simplified,"('巾', '韦')","['韦', '巾']"
巿,4,50.1,"revolve, make circuit, turn",Both,"('巾', '一')","['十', '巾']"
帥,9,50.6,"commander, commander-in-chief",Traditional,"('𠂤', '巾')","['丶', '己', '巾']"
帽,12,50.9,"hat, cap; cap-like tops",Both,"('巾', '冒')","['二', '目', '冂', '巾']"
币,4,50.1,"currency, coins, legal tender",Simplified,"('丿', '巾')",['巾']
幙,13,50.11,"a curtain, a screen",Both,"('巾', '莫')","['日', '大', '艸', '巾']"
席,10,50.7,seat; mat; take seat; banquet,Simplified,"('广', '芇')","['广', '廾', '巾']"
幨,16,50.13,curtain,Both,"('巾', '詹')","['八', '巾', '刀', '厂', '言']"
幤,15,50.12,"evil, wrong, bad; criminal",Unknown,"('敞', '巾')","['巾', '冂', '小', '攴', '口']"
帝,9,50.6,"supreme ruler, emperor; god",Both,"('六', '巾')","['冖', '亠', '八', '巾']"
幢,15,50.12,carriage curtain; sun screen,Both,"('巾', '童')","['里', '立', '巾']"
师,6,50.3,"teacher, master, specialist",Both,"('刂', '帀')","['一', '巾']"
帊,7,50.4,"napkin, kerchief",Both,"('巾', '巴')","['丨', '乙', '巾']"
幰,19,50.16,curtain at front of carriage,Traditional,"('巾', '憲')","['心', '土', '巾', '宀', '一', '网']"
帙,8,50.5,book cover; satchel or bag,Both,"('巾', '失')","['人', '二', '巾']"
帘,8,50.5,flag-sign of a tavern,Both,"('穴', '巾')","['穴', '巾']"
帷,11,50.8,"tent; curtain, screen",Both,"('巾', '隹')","['隹', '巾']"
幦,16,50.13,cover,Both,"('辟', '巾')","['尸', '辛', '口', '巾']"
帑,8,50.5,a treasury; public funds,Both,"('奴', '巾')","['女', '又', '巾']"
幄,12,50.9,tent; mosquito net,Both,"('巾', '屋')","['尸', '至', '巾']"
帀,4,50.1,"to go round, to make a circuit, to make a revolution, to turn round",Both,"('一', '巾')","['一', '巾']"
帰,10,50.7,"return; return to, revert to",Unknown,"('刂', '帚')","['冖', '彐', '巾']"
幀,12,50.9,"picture, scroll; one of pair of",Traditional,"('巾', '貞')","['貝', '卜', '巾']"
帨,10,50.7,"handkerchief, kerchief, shawl",Both,"('巾', '兌')","['儿', '八', '口', '巾']"
帡,9,50.6,"shelter, screen, awning",Both,"('巾', '并')","['一', '廾', '八', '巾']"
師,10,50.7,"teacher, master, specialist; multitude, troops; hexagram ䷆",Traditional,"('𠂤', '帀')","['一', '丶', '己', '巾']"
帧,9,50.6,"picture, scroll; one of pair of",Simplified,"('巾', '贞')","['贝', '卜', '巾']"
帱,10,50.7,cover up; curtain,Simplified,"('巾', '寿')","['二', '巾', '丨', '寸', '一']"
希,7,50.4,"rare; hope, expect, strive for",Both,"('乂', '布')","['一', '丿', '巾']"
幭,17,50.15,cover,Both,"('巾', '蔑')","['丶', '巾', '厂', '戈', '网', '艸']"
幩,15,50.13,trappings,Traditional,"('巾', '賁')","['十', '艸', '貝', '巾']"
帛,8,50.5,"silks, fabrics; wealth, property",Both,"('白', '巾')","['白', '巾']"
帣,9,50.6,bag,Both,"('龹', '巾')","['二', '丨', '八', '巾']"
幌,13,50.10,"curtain, cloth screen",Both,"('巾', '晃')","['巾', '小', '儿', '日', '一']"
幞,15,50.12,turban,Both,"('巾', '菐')","['羊', '一', '八', '巾']"
帅,5,50.2,"commander, commander-in-chief",Simplified,"('刂', '巾')",['巾']
幚,14,50.12,"help, assist; defend; shoe upper",Unknown,"('邦', '帛')","['二', '巾', '丨', '阝', '一', '白']"
帶,11,50.8,"belt, girdle, band, strap, zone",Traditional,"('卌', '巾')","['冖', '巾', '廾', '儿']"
帳,11,50.8,"tent; screen, mosquito net",Traditional,"('巾', '長')","['長', '巾']"
帻,11,50.8,turban; conical cap,Simplified,"('巾', '责')","['一', '土', '贝', '巾']"
幗,14,50.11,women's headgear; mourning cap,Traditional,"('巾', '國')","['巾', '囗', '戈', '一', '口']"
帐,7,50.4,"tent; screen, mosquito net",Simplified,"('巾', '长')","['长', '巾']"
幱,20,50.17,official dress,Traditional,"('巾', '闌')","['門', '八', '巾', '丨', '木', '口']"
常,11,50.8,"common, normal, frequent, regular",Both,"('小', '吊')","['冖', '小', '口', '巾']"
帬,10,50.7,the skirt of a lady's dress; petticoat,Both,"('君', '巾')","['丨', '彐', '口', '巾']"
幈,12,50.11,a folding screen,Unknown,"('巾', '屏')","['八', '巾', '廾', '尸', '一']"
究,7,116.2,"examine, investigate",Both,"('穴', '九')","['丿', '穴']"
窮,15,116.10,"poor, destitute, impoverished",Traditional,"('穴', '躬')","['身', '穴', '弓']"
穸,8,116.3,the gloom of the grave; a tomb or grave; death,Both,"('穴', '夕')","['穴', '夕']"
窝,12,116.7,"nest; cave, den; hiding place",Simplified,"('穴', '呙')","['冂', '人', '穴', '口']"
窑,11,116.6,kiln; coal mine pit,Simplified,"('穴', '缶')","['缶', '穴']"
窄,10,116.5,"narrow, tight; narrow-minded",Both,"('穴', '乍')","['丿', '二', '丨', '穴', '一']"
窗,12,116.7,window,Both,"('穴', '囱')","['囗', '丶', '穴', '夂']"
竇,20,116.15,"surname; hole, burrow; corrupt",Traditional,"('穴', '賣')","['貝', '网', '穴', '士']"
窶,16,116.11,"poor, impoverished",Traditional,"('穴', '婁')","['女', '十', '穴', '口']"
窽,16,116.11,empty; vacant,Both,"('穴', '疑')","['匕', '穴', '欠', '矢']"
窯,15,116.10,kiln; coal mine pit,Traditional,"('穴', '羔')","['羊', '火', '穴']"
窬,14,116.9,a small door or window; a hole in the wall to cut through a wall,Both,"('穴', '俞')","['人', '刀', '穴', '月', '一']"
窍,10,116.5,"hole, opening, aperture",Simplified,"('穴', '巧')","['一', '穴', '工']"
突,9,116.4,"suddenly, abruptly, unexpectedly",Both,"('穴', '犬')","['穴', '犬']"
竄,18,116.13,"run away; revise, edit; expel",Traditional,"('穴', '鼠')","['鼠', '穴']"
窕,11,116.6,"slender; quiet and modest, charming",Both,"('穴', '兆')","['冫', '穴', '儿']"
窻,16,116.11,window,Both,"('穴', '悤')","['心', '丶', '夂', '囗', '穴']"
窌,10,116.5,"pit, vault; store in pit",Both,"('穴', '卯')","['穴', '卩']"
窿,16,116.12,"mine shaft; cavity, hole",Both,"('穴', '隆')","['夂', '生', '穴', '阝', '一']"
窞,13,116.8,pit,Both,"('穴', '臽')","['臼', '刀', '穴']"
窘,12,116.7,embarrassed; hard-pressed,Both,"('穴', '君')","['丨', '穴', '彐', '口']"
窖,12,116.7,"pit, cellar",Both,"('穴', '告')","['牛', '穴', '口']"
穹,8,116.3,high and vast; elevated; arched,Both,"('穴', '弓')","['穴', '弓']"
窴,15,116.10,"glance at, look at; wink at",Both,"('穴', '真')","['八', '十', '目', '穴', '一']"
窜,12,116.7,"run away; revise, edit; expel",Simplified,"('穴', '串')","['穴', '口', '丨']"
窎,10,116.5,deep; distant,Simplified,"('穴', '鸟')","['穴', '鸟']"
窰,15,116.10,brick kiln; furnace; coal mine pit,Both,"('穴', '䍃')","['缶', '穴', '爪']"
竉,21,116.16,a hole; a cleft; empty,Traditional,"('穴', '龍')","['龍', '穴']"
竈,21,116.16,furnace; kitchen stove,Traditional,"('穴土', '黽')","['土', '黽', '穴']"
穽,9,116.4,"hole; pitfall, trap",Both,"('穴', '井')","['二', '穴']"
窒,11,116.6,"stop up, obstruct",Both,"('穴', '至')","['穴', '至']"
竃,17,116.12,furnace; kitchen range,Unknown,"('穴土', '田*电')","['土', '丨', '穴', '田', '日', '乙']"
窩,13,116.9,"nest; cave, den; hiding place",Traditional,"('穴', '咼')","['口', '穴', '冂']"
穵,6,116.1,"deep hollow;, gouge, dig out",Both,"('穴', '乙')","['穴', '乙']"
窈,10,116.5,"obscure, secluded; refined",Both,"('穴', '幼')","['幺', '穴', '力']"
窸,16,116.11,"faint sound, whisper",Both,"('穴', '悉')","['心', '穴', '釆']"
空,8,116.3,"empty, hollow, bare, deserted",Both,"('穴', '工')","['穴', '工']"
窥,13,116.8,"peep, watch, spy on, pry",Simplified,"('穴', '规')","['人', '见', '穴', '二']"
竊,22,116.17,"secretly, stealthily; steal; thief",Traditional,"('穴', '釆卜?禸')","['人', '卜', '厶', '穴', '冂', '釆']"
穷,7,116.2 19.5,"poor, destitute, impoverished",Both,"('穴', '力')","['穴', '力']"
窅,10,116.5,"far, deep; sunken eyes; sad",Both,"('穴', '目')","['目', '穴']"
竅,18,116.13,"hole, opening, aperture",Traditional,"('穴', '敫')","['白', '穴', '方', '攴']"
穿,9,116.4,"penetrate, pierce, drill; wear",Both,"('穴', '牙')","['穴', '牙']"
窳,15,116.10,"dirty, useless, weak, powerless; cracked, a flaw",Both,"('穴', '㼌')","['穴', '瓜']"
窪,14,116.9,hollow; pit; depression; swamp,Traditional,"('穴', '洼')","['土', '穴', '水']"
窺,16,116.11,"peep, watch, spy on, pry",Traditional,"('穴', '規')","['人', '穴', '見', '二']"
窭,14,116.9,"poor, impoverished",Simplified,"('穴', '娄')","['女', '穴', '米']"
窨,14,116.9,"a cellar, a store-room",Both,"('穴', '音')","['穴', '音']"
竁,17,116.12,bore,Both,"('穴', '毳')","['毛', '穴']"
窔,11,116.6,corner,Both,"('穴', '交')","['丿', '亠', '穴', '八']"
窆,9,116.5,to put a coffin in a grave,Both,"('穴', '乏')","['丶', '戈', '穴', '玉']"
窠,13,116.8,"nest; hole, indention; den",Both,"('穴', '果')","['穴', '木', '田']"
窀,9,116.4,to bury,Both,"('穴', '屯')","['十', '穴', '屮', '乙']"
窓,11,116.6,window,Both,"('穴', '厶心')","['心', '厶', '穴']"
窵,16,116.11,deep; distant,Traditional,"('穴', '鳥')","['鳥', '穴']"
窣,13,116.8,"to rush out of a den; rustling, whispering",Both,"('穴', '卒')","['十', '亠', '穴', '人']"
窦,13,116.8,"surname; hole, burrow; corrupt",Simplified,"('穴', '卖')","['丶', '大', '十', '穴', '乙']"
窾,17,116.12,hole; hallow; empty,Both,"('穴', '款')","['欠', '穴', '示', '士']"
竆,18,116.14,exhausted; impoverished; poor,Both,"('穴', '躳')","['身', '穴', '口']"
窃,9,116.4,"secretly, stealthily; steal; thief",Both,"('穴', '切')","['一', '刀', '穴', '乙']"
窟,13,116.8,"hole, cave; cellar; underground",Both,"('穴', '屈')","['尸', '穴', '山']"
酤,12,164.5,to deal in spirits,Both,"('酉', '古')","['十', '酉', '口']"
配,10,164.3,"match, pair; equal; blend",Both,"('酉', '己')","['己', '酉']"
釄,26,164.19,wine brewed for a second time,Both,"('酉', '靡')","['麻', '酉', '非']"
酏,10,164.3,millet wine,Both,"('酉', '也')","['丨', '酉', '乙']"
醬,18,164.11,any jam-like or paste-like food,Traditional,"('將', '酉')","['月', '爿', '酉', '寸']"
醯,19,164.12,vinegar; pickle; acid,Both,"('酉', '㐬皿')","['厶', '丨', '酉', '亠', '皿', '儿']"
酝,11,164.4,"liquor, spirits, wine; ferment",Simplified,"('酉', '云')","['厶', '二', '酉']"
醇,15,164.8,"rich, good as wine; pure, unmixed",Both,"('酉', '享')","['子', '亠', '酉', '口']"
醭,19,164.12,molds on liquids; scum,Both,"('酉', '菐')","['羊', '一', '八', '酉']"
酷,14,164.7,"strong, stimulating; very",Both,"('酉', '告')","['牛', '酉', '口']"
醺,21,164.14,"get drunk, be intoxicated",Both,"('酉', '熏')","['土', '火', '八', '丨', '酉', '十', '口']"
醼,23,164.16,offer food and wine one's guests,Unknown,"('酉', '燕')","['火', '匕', '廾', '酉', '口']"
醉,15,164.8,"intoxicated, drunk; addicted to",Both,"('酉', '卒')","['十', '亠', '酉', '人']"
醱,19,164.12,to brew for the second time,Traditional,"('酉', '發')","['殳', '癶', '酉', '弓']"
酞,11,164.4,phthalein,Both,"('酉', '太')","['丶', '大', '酉']"
酐,10,164.3,anhydride,Both,"('酉', '干')","['干', '酉']"
酎,10,164.3,"double-fermented wine, vintage wine",Both,"('酉', '寸')","['寸', '酉']"
醴,20,164.13,sweet wine; sweet spring,Both,"('酉', '豊')","['二', '凵', '豆', '酉']"
醒,16,164.9,wake up; sober up; startle,Both,"('酉', '星')","['日', '酉', '生']"
醊,15,164.8,to pour wine in a libation,Both,"('酉', '叕')","['又', '酉']"
醽,24,164.17,kind of wine,Both,"('酉', '霝')","['酉', '口', '雨']"
酌,10,164.3,serve wine; feast; deliberate,Both,"('酉', '勺')","['勹', '丶', '酉']"
酽,14,164.7,"thick, strong (beverage)",Simplified,"('酉', '严')","['一', '八', '酉', '厂']"
醂,15,164.8,to remove astringency; to bleach in water,Both,"('酉', '林')","['木', '酉']"
醓,16,164.9,salted meat; brine from pickled mince,Unknown,"('酉', '冘皿')","['皿', '酉', '乙', '巾']"
醲,20,164.13,"strong wine; dense, thick",Traditional,"('酉', '農')","['二', '凵', '辰', '酉']"
酮,13,164.6,ketones,Both,"('酉', '同')","['一', '口', '酉', '冂']"
酕,11,164.4,drunk,Unknown,"('酉', '毛')","['毛', '酉']"
酔,11,164.4,"intoxicated, drunk; addicted to",Both,"('酉', '卆')","['丿', '十', '酉']"
醁,15,164.8,a kind of green-colored wine,Both,"('酉', '录')","['水', '酉', '彐']"
醿,24,164.17,a kind of liquor,Both,"('酉', '縻')","['麻', '糸', '酉']"
醄,15,164.8,drunk,Unknown,"('酉', '匋')","['勹', '酉', '缶']"
醆,15,164.8,wine cup; muddy wine,Traditional,"('酉', '戔')","['戈', '酉']"
釅,26,164.20,"thick, strong (beverage)",Traditional,"('酉', '嚴')","['酉', '厂', '口', '攴', '耳']"
酲,14,164.7,hangover; uncomfortable,Both,"('酉', '呈')","['玉', '酉', '口']"
醸,20,164.13,"brew, ferment",Unknown,"('酉', '㐮')","['二', '八', '酉', '亠', '一']"
酰,13,164.6,acyl,Both,"('酉', '先')","['牛', '酉', '儿']"
醵,20,164.13,contribute for drinks; pool money,Both,"('酉', '豦')","['虍', '豕', '酉']"
酸,14,164.7,"tart, sour; acid; stiff; spoiled",Simplified,"('酉', '夋')","['厶', '八', '酉', '夂']"
酒,10,164.3,"wine, spirits, liquor, alcoholic beverage",Both,"('氵', '酉')","['水', '酉']"
酪,13,164.6,"cream, cheese; koumiss",Both,"('酉', '各')","['口', '酉', '夂']"
醞,17,164.10,"liquor, spirits, wine; ferment",Traditional,"('酉', '𥁕')","['囗', '皿', '酉', '人']"
醢,17,164.10,minced pickled meat; mince,Both,"('酉', '𥁓')","['丿', '酉', '皿', '一', '口']"
醜,16,164.10,"ugly looking, homely; disgraceful",Traditional,"('酉', '鬼')","['鬼', '酉']"
釁,26,164.18,"smear with blood in sacrifice; rift, quarrel",Traditional,"('臼同', '酉分')","['八', '刀', '酉', '冖', '冂', '臼', '一', '口']"
酯,13,164.6,ester,Both,"('酉', '旨')","['日', '匕', '酉']"
酵,14,164.7,"yeast, leaven",Both,"('酉', '孝')","['子', '酉', '老']"
醨,17,164.11,dregs of wine,Both,"('酉', '离')","['丿', '凵', '禸', '酉', '亠']"
酧,13,164.6,to pledge with wine,Both,"('酉', '守')","['宀', '寸', '酉']"
酊,9,164.2,"drunk, intoxicated",Both,"('酉', '丁')","['一', '酉', '亅']"
醝,16,164.10,white wine,Both,"('酉', '差')","['羊', '酉', '工']"
酢,12,164.5,toast one's host with wine; to express juice by pressing,Both,"('酉', '乍')","['丿', '二', '丨', '酉', '一']"
醅,15,164.8,unstrained spirits,Both,"('酉', '咅')","['立', '酉', '口']"
醮,19,164.12,religious service; Daoist or Buddhist ceremony,Both,"('酉', '焦')","['火', '隹', '酉']"
酗,11,164.4,"drunk, to become violent under the influence of alcohol",Both,"('酉', '凶')","['丿', '凵', '酉']"
醋,15,164.8,"vinegar; jealousy, envy",Both,"('酉', '昔')","['日', '一', '艸', '酉']"
酖,11,164.4,wine with bird poison added,Both,"('酉', '冘')","['酉', '乙', '巾']"
酹,14,164.7,to pour out a libation; to sprinkle,Both,"('酉', '寽')","['寸', '酉', '爪']"
酚,11,164.4,carbolic acid; phenol,Both,"('酉', '分')","['刀', '八', '酉']"
酡,12,164.5,flushed; rubicund,Both,"('酉', '它')","['宀', '匕', '酉']"
酾,14,164.7,strain,Simplified,"('酉', '丽')","['一', '酉']"
醹,21,164.14,strong wine,Both,"('酉', '需')","['而', '酉', '雨']"
酩,13,164.6,drunk; intoxicated; tipsy,Both,"('酉', '名')","['酉', '口', '夕']"
酥,12,164.5,"butter; flaky, crispy, light, fluffy",Both,"('酉', '禾')","['禾', '酉']"
醪,18,164.11,"unclear wine, wine with dregs",Both,"('酉', '翏')","['人', '羽', '彡', '酉']"
醚,16,164.10,ether,Both,"('酉', '迷')","['米', '酉', '辵']"
醣,17,164.10,carbohydrates,Traditional,"('酉', '唐')","['广', '聿', '酉', '口']"
酬,13,164.6,"toast; reward, recompense",Both,"('酉', '州')","['川', '酉', '丶']"
醑,16,164.9,to strain spirits,Both,"('酉', '胥')","['月', '疋', '酉']"
醡,17,164.10,wine press,Both,"('酉', '窄')","['丿', '二', '丨', '酉', '穴', '一']"
酦,12,164.6,"fermentation, brewing",Simplified,"('酉', '发')","['又', '丶', '丨', '酉']"
醤,17,164.10,any jam-like or paste-like food,Unknown,"('将', '酉')","['爿', '酉', '寸', '爪']"
醩,18,164.11,"sediment, dregs; grains from a distillery; disordered, spoilt",Both,"('酉', '曹')","['二', '凵', '酉', '日', '艸']"
醻,21,164.14,"to pledge, thank",Both,"('酉', '壽')","['士', '乙', '酉', '寸', '工', '一', '口']"
釃,26,164.19,strain,Traditional,"('酉', '麗')","['一', '鹿', '酉']"
醍,16,164.9,essential oil of butter,Both,"('酉', '是')","['日', '一', '酉', '止']"
釂,24,164.18,drain,Unknown,"('酉', '爵')","['丶', '爪', '丨', '寸', '酉', '彐', '网', '乙']"
醰,19,164.12,bitter taste in wine; rich; full flavoured,Both,"('酉', '覃')","['日', '十', '酉', '襾']"
酱,13,164.6,any jam-like or paste-like food,Simplified,"('丬夕', '酉')","['爿', '酉', '夕']"
醛,16,164.10,aldehyde,Both,"('酉', '荃')","['人', '艸', '玉', '酉']"
醫,18,164.11,"medicine; to cure, heal; physician",Traditional,"('殹', '酉')","['匚', '酉', '殳', '矢']"
酿,14,164.7,"brew, ferment",Simplified,"('酉', '良')","['艮', '丶', '酉']"
醌,15,164.8,quinone,Both,"('酉', '昆')","['日', '比', '酉']"
酋,9,164.2,"chief of tribe, chieftain",Both,"('丷', '酉')","['八', '酉']"
釀,24,164.17,"brew, ferment",Traditional,"('酉', '襄')","['二', '酉', '衣', '一', '口']"
酣,12,164.5,enjoy intoxicants,Both,"('酉', '甘')","['甘', '酉']"
醖,16,164.9,liquor,Both,"('酉', '昷')","['日', '皿', '酉']"
醐,16,164.9,purest cream,Both,"('酉', '胡')","['月', '十', '酉', '口']"
醾,24,164.17,a kind of liquor,Both,"('酉', '糜')","['麻', '米', '酉']"
醗,16,164.9,to brew for the second time,Unknown,"('酉', '発')","['癶', '廾', '酉', '一', '乙']"
醃,15,164.8,"marinate, pickle; salt",Both,"('酉', '奄')","['丨', '大', '酉', '日', '乙']"
酴,14,164.7,"leaven, yeast; wine",Both,"('酉', '余')","['干', '人', '酉', '小']"
酺,14,164.7,drink with others; drink heavily,Both,"('酉', '甫')","['十', '用', '酉', '丶']"
畴,12,102.7,"farmland, arable land; category",Simplified,"('田', '寿')","['二', '丨', '寸', '田', '一']"
甾,8,102.3,"ground that has been under cultivation for one year; evil, calamity",Both,"('巛', '田')","['川', '田']"
畫,12,102.7,"delineate, painting, picture, drawing; draw",Traditional,"('聿', '田一')","['一', '聿', '田']"
畐,9,102.4,to fill; a roll of cloth,Both,"('𠮛', '田')","['一', '田', '口']"
畎,9,102.4,"a drain between fields, irrigation; to flow",Both,"('田', '犬')","['田', '犬']"
甿,8,102.3,farming population,Both,"('田', '亡')","['丶', '匸', '田']"
电,5,102.0,electricity; electric; lightning,Both,"('曰', '乚')","['日', '丨', '乙']"
由,5,102.0,"cause, reason; from",Both,"('曰', '丨')","['二', '丨', '凵']"
畚,10,102.5,"straw basket, hamper",Both,"('厶', '奋')","['厶', '大', '田']"
畋,9,102.4,"till land, cultivate; hunt",Both,"('田', '攵')","['田', '攴']"
畿,15,102.10,imperial domain; area near capital,Both,"('幺戈幺', '田')","['幺', '戈', '田']"
畵,13,102.8,"delineate, painting, picture, drawing; draw",Both,"('聿', '田凵')","['凵', '聿', '田']"
畹,13,102.8,"a unit of area, thirty mou",Both,"('田', '宛')","['宀', '田', '乙', '夕']"
畸,13,102.8,"odd, fractional, remainder, odds",Both,"('田', '奇')","['亅', '大', '田', '一', '口']"
疃,17,102.12,hamlet; area outside city,Both,"('田', '童')","['里', '田', '立']"
畺,13,102.8,"boundary, border",Both,"('三', '畕')","['一', '田', '二']"
畱,12,102.9,to detain; to entertain to keep; to put by,Both,"('丣', '田')","['一', '田']"
田,5,102.0,"field, arable land, cultivated",Both,"('田', None)",['田']
畾,15,102.10,fields divided by dikes,Both,"('田', None)",['田']
畆,9,102.4,Chinese land measure; fields,Both,"('亩', '厶')","['厶', '亠', '田']"
甲,5,102.0,"armor, shell; fingernails; 1st heavenly stem",Both,"('曰', '丨')","['二', '丨', '冂']"
畬,12,102.7,reclaimed field,Both,"('余', '田')","['干', '人', '田', '小']"
畝,10,102.5,Chinese land measure; fields,Traditional,"('亩', '久')","['勹', '亠', '田']"
畯,12,102.7,rustic; crude,Both,"('田', '夋')","['厶', '田', '八', '夂']"
畳,12,102.7,"repeat, duplicate; repetitious",Unknown,"('田', '且')","['冖', '一', '田', '月']"
界,9,102.4,"boundary, limit; domain; society; the world",Both,"('田', '介')","['人', '田']"
疉,20,102.17,"repeat, duplicate; repetitious",Both,"('畾', '宐')","['冖', '田', '彐']"
申,5,102.0,"to state to a superior, report; extend; ninth earthly branch",Both,"('曰', '丨')","['日', '丨']"
畢,10,102.6,"end, finish, conclude; completed; 19th lunar mansion, determinative star ε Tauri (Ain)",Traditional,"('畢', None)","['二', '丨', '田', '一', '艸']"
畀,8,102.3,to give,Both,"('田', '丌')","['一', '田']"
疆,19,102.14,"boundary, border, frontier",Both,"('弓土', '畺')","['土', '二', '弓', '田', '一']"
畇,9,102.4,land,Both,"('田', '匀')","['勹', '亠', '田']"
疇,19,102.14,"farmland, arable land; category",Traditional,"('田', '壽')","['士', '乙', '寸', '田', '工', '一', '口']"
畧,11,102.6,"approximately, roughly; outline",Both,"('田', '各')","['口', '田', '夂']"
画,8,102.3 1.7,"a painting, picture, drawing; to draw",Both,"('一由', '凵')","['一', '凵', '田']"
甸,7,102.2,suburbs of capital; govern; crops,Both,"('勹', '田')","['勹', '田']"
疂,16,102.11,"repeat, duplicate; repetitious",Unknown,"('界?', '且')","['冖', '田', '冫', '月', '一']"
異,11,102.6,"different, unusual, strange",Traditional,"('田', '共')","['一', '艸', '田', '八']"
畁,8,102.3,to give to; to confer on,Unknown,"('由', '丌')","['一', '二', '丨', '凵']"
甽,8,102.3,"drain between fields, irrigation",Both,"('田', '川')","['川', '田']"
町,7,102.2,raised path between fields,Both,"('田', '丁')","['一', '田', '亅']"
畛,10,102.5,"border, boundary; raised path",Both,"('田', '㐱')","['人', '田', '彡']"
毗,9,81.5 102.4,"help, assist; connect, adjoin",Both,"('田', '比')","['比', '田']"
畲,12,102.7,to cultivate land by first setting fire to it,Both,"('佘', '田')","['人', '田', '示']"
略,11,102.6,"approximately, roughly; outline",Both,"('田', '各')","['口', '田', '夂']"
疊,22,102.17,"repeat, duplicate; repetitious",Traditional,"('畾', '且')","['冖', '一', '月', '田']"
畅,8,102.3,"smoothly, freely, unrestrained",Simplified,"('申', '𠃓')","['日', '丨']"
畽,14,102.9,ground,Both,"('田', '重')","['十', '里', '田']"
畟,10,102.5,plough,Both,"('田', '儿夂')","['田', '八', '夂']"
畔,10,102.5,boundary path dividing fields,Both,"('田', '半')","['二', '丨', '田', '八']"
畒,9,102.4,Chinese land measure; fields,Unknown,"('亩', '人')","['人', '亠', '田']"
畦,11,102.6,sections in vegetable farm,Both,"('田', '圭')","['土', '田']"
畜,10,102.5,"livestock, domestic animals",Both,"('玄', '田')","['玄', '田']"
男,7,102.2,"male, man; son; baron; surname",Both,"('田', '力')","['田', '力']"
畄,8,102.3,"stop, halt; stay, detain, keep",Both,"('小', '田')","['田', '小']"
畤,11,102.6,place for worshipping heaven,Both,"('田', '寺')","['土', '田', '寸']"
畈,9,102.4,field; farm,Both,"('田', '反')","['又', '田', '⺁']"
留,10,102.5,"stop, halt; stay, detain, keep",Both,"('卯', '田')","['田', '卩']"
番,12,102.7,"to take turns; a turn, a time; to repeat",Both,"('釆', '田')","['田', '釆']"
當,13,102.8,"bear, accept, undertake; just",Traditional,"('尚', '田')","['冖', '小', '田', '口']"
畊,9,102.4,"plow, cultivate",Both,"('田', '井')","['二', '田']"
畷,13,102.8,raised path between fields,Both,"('田', '叕')","['又', '田']"
甼,7,102.2,raised path between fields,Both,"('田', '丁')","['一', '田', '亅']"
畏,9,102.4,"fear, dread, awe, reverence",Both,"('田', '氏')","['一', '田', '乙']"
鞸,19,177.11,leather arm guard,Traditional,"('革', '畢')","['二', '丨', '田', '革', '一', '艸']"
鞮,18,177.9,leather shoes,Both,"('革', '是')","['日', '一', '革', '止']"
靪,11,177.2,"to cobble, to patch",Both,"('革', '丁')","['一', '革', '亅']"
靫,12,177.3,"strong and pliable, resilient",Both,"('革', '叉')","['丶', '又', '革']"
鞒,15,177.6,"mud shoe, sledge for the feet",Simplified,"('革', '乔')","['大', '革']"
鞫,18,177.9,"interrogate, question",Both,"('革', '訇')","['勹', '革', '言']"
韂,22,177.13,a saddle-flap; trappings,Both,"('革', '詹')","['八', '刀', '厂', '革', '言']"
鞋,15,177.6,"shoes, footwear in general",Both,"('革', '圭')","['土', '革']"
韀,22,177.13,a saddle fastener,Unknown,"('革', '廌')","['广', '火', '革', '襾']"
鞏,15,177.6,"bind; firm, secure, strong",Traditional,"('巩', '革')","['革', '几', '丶', '工']"
鞾,19,177.12,boots,Traditional,"('革', '華')","['二', '丨', '革', '一', '艸']"
韅,23,177.14,harness,Both,"('革', '㬎')","['日', '幺', '火', '革']"
靰,12,177.3,leg warmer,Both,"('革', '兀')","['一', '革', '儿']"
鞄,14,177.5,to work hides; leather bag,Both,"('革', '包')","['勹', '己', '革']"
鞦,18,177.9,leather stap; swing,Traditional,"('革', '秋')","['禾', '火', '革']"
鞜,17,177.8,"shoes, boots",Both,"('革', '沓')","['日', '水', '革']"
鞅,14,177.5,leather strap over horse's neck,Both,"('革', '央')","['大', '革', '冂']"
鞚,17,177.8,bridle,Both,"('革', '空')","['穴', '革', '工']"
靽,14,177.5,leather strap on the back of a horse,Both,"('革', '半')","['二', '丨', '八', '革']"
鞓,16,177.7,leather belt,Both,"('革', '呈')","['玉', '革', '口']"
靶,13,177.4,target; splashboard on chariot,Both,"('革', '巴')","['丨', '革', '乙']"
韉,25,177.17,saddle blanket,Traditional,"('革', '薦')","['火', '广', '革', '襾', '艸']"
鞀,14,177.5,drum,Traditional,"('革', '召')","['刀', '革', '口']"
鞥,18,177.9,reins,Both,"('革', '弇')","['人', '廾', '革', '一', '口']"
鞴,19,177.10,saddle up horse; drive horse,Both,"('革', '萹?')","['丿', '用', '革', '一', '艸']"
鞑,15,177.6,the Tatars,Simplified,"('革', '达')","['大', '革', '辵']"
靭,12,177.3,"strong and pliable, resilient",Both,"('革', '刃')","['刀', '革', '丶']"
鞭,18,177.9,whip; whip; string of firecrackers,Both,"('革', '便')","['人', '丿', '丨', '革', '日', '一']"
鞗,15,177.7,reins,Both,"('攸', '革')","['人', '丨', '革', '夂']"
韈,23,177.15,"socks, stockings",Both,"('革', '蔑')","['丶', '厂', '戈', '革', '网', '艸']"
靸,12,177.4,a child's shoes; slippers,Both,"('革', '及')","['丿', '革']"
鞞,17,177.8,sheath,Both,"('革', '卑')","['二', '丶', '丨', '十', '革', '冂']"
韆,24,177.15,swing,Traditional,"('革', '遷')","['大', '革', '襾', '己', '辵']"
靺,14,177.5,stocking; the Tungusic tribe,Both,"('革', '末')","['一', '木', '革']"
靳,13,177.4,strap on a horse's breast,Both,"('革', '斤')","['斤', '革']"
鞌,15,177.6,saddle; any saddle-shaped object,Both,"('安', '革')","['宀', '革', '女']"
鞍,15,177.6,saddle; any saddle-shaped object,Both,"('革', '安')","['宀', '革', '女']"
鞝,17,177.8,the piece of leather used for soles; a patch,Traditional,"('革', '尚')","['小', '口', '革', '冂']"
鞣,18,177.9,tan; soften,Both,"('革', '柔')","['矛', '木', '革']"
鞙,16,177.7,"scabbard; traces, reins",Both,"('革', '肙')","['月', '革', '口']"
鞡,17,177.8,leg warmer,Both,"('革', '拉')","['立', '革', '手']"
靷,13,177.4,the leather belt that connects a horse with a cart,Both,"('革', '引')","['丨', '弓', '革']"
靮,12,177.3,bridle,Both,"('革', '勺')","['勹', '丶', '革']"
韃,21,177.13,the Tatars,Traditional,"('革', '達')","['羊', '土', '革', '辵']"
鞨,18,177.9,tribe,Both,"('革', '曷')","['勹', '人', '曰', '革']"
鞠,17,177.8,"bow, bend; rear, raise, nourish",Both,"('革', '匊')","['勹', '米', '革']"
鞺,20,177.11,the sound of drums,Unknown,"('革', '堂')","['土', '冖', '革', '小', '口']"
靿,14,177.5,the leg of a boot,Both,"('革', '幼')","['幺', '革', '力']"
靱,12,177.3,"strong and pliable, resilient",Unknown,"('革', '刄')","['刀', '革']"
鞆,14,177.5,an archer's arm-protector,Both,"('革', '丙')","['一', '革', '冂', '人']"
鞧,18,177.9,a leather strap,Both,"('革', '酋')","['八', '酉', '革']"
鞃,14,177.5,board,Both,"('革', '弘')","['厶', '弓', '革']"
鞯,18,177.9,saddle blanket,Simplified,"('革', '荐')","['丿', '子', '人', '革', '一', '艸']"
韁,22,177.13,"reins, halter; bridle",Traditional,"('革', '畺')","['一', '田', '革', '二']"
鞹,19,177.11,skin,Both,"('革', '郭')","['子', '亠', '革', '阝', '口']"
鞟,17,177.8,skin; leather,Both,"('革', '享')","['子', '亠', '革', '口']"
鞵,19,177.10,shoes; boots,Both,"('革', '奚')","['幺', '大', '革', '爪']"
韊,29,177.21,a case for a bow,Traditional,"('革', '蘭')","['門', '八', '丨', '木', '革', '艸', '口']"
鞁,14,177.5,tack (of a horse),Both,"('革', '皮')","['皮', '革']"
鞽,21,177.12,"mud shoe, sledge for the feet",Traditional,"('革', '喬')","['冂', '大', '革', '口']"
鞲,19,177.10,leather arm guard,Both,"('革', '冓')","['二', '土', '革', '一', '冂']"
鞶,19,177.10,big leather belt,Both,"('般', '革')","['舟', '殳', '革']"
鞉,15,177.6,drum,Both,"('革', '兆')","['冫', '革', '儿']"
鞘,16,177.7,"scabbard, sheath",Both,"('革', '肖')","['月', '革', '小']"
靼,14,177.5,Tatars,Both,"('革', '旦')","['日', '一', '革']"
鞬,17,177.9,a quiver on a horse; a store,Both,"('革', '建')","['聿', '廴', '革']"
靴,13,177.4,boots,Both,"('革', '化')","['人', '匕', '革']"
趄,12,156.5,"weak, lame",Both,"('走', '且')","['月', '一', '走']"
赵,9,156.2,surname; ancient state,Simplified,"('走', '乂')","['丿', '走']"
趙,14,156.7,surname; Warring States-era kingdom in modern Hebei and Shanxi,Traditional,"('走', '肖')","['月', '小', '走']"
赶,10,156.3,"pursue, follow; expel, drive away",Both,"('走', '干')","['干', '走']"
赳,9,156.2,"grand, valiant",Both,"('走', '丩')","['丨', '走']"
趟,15,156.8,"time, occasion; take journey",Both,"('走', '尚')","['冂', '小', '口', '走']"
趕,14,156.7,"pursue, follow; expel, drive away",Traditional,"('走', '旱')","['日', '干', '走']"
趦,16,156.9,unable to move; to falter,Both,"('走', '咨')","['口', '欠', '走', '冫']"
起,10,156.3,"rise, stand up; go up; begin",Both,"('走', '巳')","['己', '走']"
趱,23,156.16,"go in hurry, hasten; urge",Simplified,"('走', '赞')","['贝', '走', '牛', '儿']"
趖,14,156.7,"to walk, go",Both,"('走', '坐')","['土', '人', '走']"
趑,13,156.6,can't move; to falter,Both,"('走', '次')","['欠', '走', '冫']"
趫,19,156.12,nimble,Traditional,"('走', '喬')","['冂', '口', '大', '走']"
趨,17,156.10,"hasten, hurry; be attracted to",Traditional,"('走', '芻')","['勹', '艸', '走']"
趋,12,156.5,"hasten, hurry; be attracted to",Both,"('走', '刍')","['刀', '彐', '走']"
超,12,156.5,"jump over, leap over; surpass",Both,"('走', '召')","['刀', '口', '走']"
趝,15,156.8,to pursue; to follow up,Unknown,"('走', '念')","['心', '人', '丶', '走']"
赸,10,156.3,"abuse, slander; vilify; ridicule",Both,"('走', '山')","['山', '走']"
趣,15,156.8,what attracts one's attention,Both,"('走', '取')","['耳', '又', '走']"
趔,13,156.6,not progressing; to be checked,Both,"('走', '列')","['刀', '歹', '走']"
趮,20,156.13,"easily provoked, hasty; fierce, cruel",Both,"('走', '喿')","['口', '木', '走']"
赴,9,156.2,"go to; attend, be present",Both,"('走', '卜')","['卜', '走']"
趁,12,156.5,"take advantage of, avail oneself",Both,"('走', '㐱')","['人', '彡', '走']"
趯,21,156.14,jump,Both,"('走', '翟')","['隹', '羽', '走']"
趒,13,156.6,"to jump, to climb over, to leap, to posture; a gangway",Both,"('走', '兆')","['冫', '走', '儿']"
趡,15,156.8,place,Both,"('走', '隹')","['隹', '走']"
趲,26,156.19,"go in hurry, hasten; urge",Traditional,"('走', '贊')","['貝', '走', '牛', '儿']"
赱,6,156.0,"walk, go on foot; run; leave",Unknown,"('土', '丷人')",['走']
趂,12,156.5,to take advantage of; to avail oneself of. to follow; to go,Both,"('走', '尔')","['小', '刀', '走']"
赿,11,156.4,late slow; dilatory; tardy to delay; dull; stupid,Both,"('走', '氏')","['氏', '走']"
越,12,156.5,"exceed, go beyond; the more ...",Both,"('走', '戉')","['匚', '戈', '走']"
