char,decomposition
蒸,"['火', '水', '一', '艸', '乙']"
蔸,"['白', '艸', '儿']"
菲,"['艸', '非']"
芒,"['丶', '匸', '艸']"
莊,"['爿', '艸', '士']"
芙,"['人', '艸', '二']"
萨,"['立', '艸', '阝', '厂']"
芍,"['勹', '丶', '艸']"
萄,"['勹', '艸', '缶']"
苁,"['人', '艸']"
蔂,"['艸', '田', '糸']"
芹,"['斤', '艸']"
藺,"['隹', '艸', '門']"
莟,"['人', '丶', '艸', '口']"
蕺,"['耳', '戈', '艸', '口']"
荄,"['人', '亠', '丨', '艸']"
薉,"['止', '丿', '厂', '戈', '小', '一', '艸']"
葭,"['又', '二', '尸', '艸']"
茠,"['人', '木', '艸']"
蒽,"['心', '囗', '大', '艸']"
蘭,"['門', '八', '丨', '木', '艸', '口']"
苛,"['一', '口', '艸', '亅']"
薄,"['丶', '水', '寸', '用', '十', '艸']"
芑,"['己', '艸']"
薓,"['又', '水', '巾', '彐', '冖', '艸']"
蕣,"['冖', '舛', '艸', '爪']"
蔭,"['人', '丶', '二', '厶', '阝', '艸']"
蕒,"['貝', '网', '艸']"
蒋,"['人', '手', '十', '亠', '小', '爿', '艸']"
蕾,"['田', '艸', '雨']"
薷,"['而', '艸', '雨']"
藏,"['厂', '臣', '戈', '爿', '艸']"
茯,"['人', '艸', '犬']"
蒹,"['一', '八', '艸', '彐']"
葉,"['廾', '木', '艸']"
苘,"['口', '艸', '冂']"
蕨,"['八', '屮', '厂', '一', '欠', '艸']"
荏,"['人', '艸', '士']"
蘓,"['禾', '艸', '魚']"
薤,"['艸', '歹', '非']"
荧,"['冖', '火', '艸']"
莳,"['日', '艸', '寸']"
苡,"['人', '丶', '艸', '乙']"
茼,"['一', '口', '艸', '冂']"
薘,"['羊', '土', '艸', '辵']"
茄,"['口', '艸', '力']"
蔯,"['日', '艸', '木', '阝']"
荃,"['人', '玉', '艸']"
蔿,"['丿', '火', '艸', '爪']"
薙,"['隹', '艸', '矢']"
薏,"['心', '艸', '音']"
薀,"['人', '水', '囗', '皿', '艸']"
菘,"['厶', '艸', '木', '八']"
蒞,"['人', '艸', '水', '立']"
蕳,"['日', '艸', '門']"
薊,"['艸', '魚', '刀']"
蓬,"['二', '夂', '丨', '一', '艸', '辵']"
荆,"['一', '刀', '廾', '艸']"
艺,"['艸', '乙']"
藓,"['鱼', '羊', '艸']"
葷,"['冖', '車', '艸']"
茫,"['水', '丶', '匸', '艸']"
芔,"['屮', '艸']"
茅,"['矛', '艸']"
蓥,"['冖', '金', '艸']"
蔟,"['丿', '方', '矢', '一', '艸']"
苫,"['卜', '艸', '口']"
荫,"['月', '艸', '阝']"
荟,"['人', '艸', '厶', '二']"
虆,"['糸', '艸', '田']"
葁,"['羊', '艸', '女']"
藦,"['艸', '麻', '手']"
蔞,"['女', '十', '艸', '口']"
芿,"['丿', '艸', '人']"
菎,"['日', '艸', '比']"
茴,"['囗', '艸']"
蘞,"['一', '人', '艸', '攴']"
芾,"['十', '艸', '巾']"
蔫,"['一', '火', '艸', '止']"
菡,"['凵', '艸', '亅', '冫']"
苦,"['十', '艸', '口']"
塟,"['土', '艸', '匕', '歹']"
茸,"['艸', '耳']"
莻,"['丿', '乙', '一', '艸', '口']"
蕋,"['止', '艸']"
茣,"['一', '大', '艸', '口']"
萝,"['网', '艸', '夕']"
茷,"['人', '戈', '艸']"
蓌,"['土', '艸', '夂', '人']"
蒇,"['艸', '戈', '贝', '厂']"
萱,"['宀', '一', '艸', '日']"
蕪,"['火', '艸']"
荦,"['冖', '牛', '艸']"
荪,"['子', '艸', '小']"
蓗,"['彳', '艸', '走']"
蒻,"['弓', '艸', '冫']"
菏,"['亅', '水', '一', '艸', '口']"
莶,"['一', '人', '艸', '小']"
蔛,"['角', '艸', '斗']"
蕑,"['月', '艸', '門']"
苠,"['一', '己', '艸']"
莛,"['廴', '艸', '士']"
蘋,"['丿', '止', '小', '頁', '艸']"
莒,"['艸', '口']"
藇,"['八', '丨', '臼', '一', '艸']"
蕗,"['口', '艸', '夂', '⻊']"
薌,"['丿', '丶', '丨', '彐', '阝', '艸', '乙']"
薿,"['疋', '匕', '艸', '矢']"
荵,"['心', '刀', '艸', '丶']"
蒴,"['八', '屮', '月', '一', '艸']"
芰,"['支', '艸']"
菹,"['月', '一', '水', '艸']"
荍,"['丨', '艸', '攴']"
蘸,"['火', '隹', '艸', '酉']"
蕹,"['丿', '亠', '艸', '隹']"
薛,"['丶', '艸', '己', '辛']"
薹,"['士', '冖', '至', '艸', '口']"
蔣,"['月', '艸', '爿', '寸']"
芃,"['几', '艸', '丶']"
荷,"['人', '亅', '一', '艸', '口']"
莨,"['艮', '丶', '艸']"
莎,"['丿', '水', '艸', '小']"
蓐,"['艸', '辰', '寸']"
蒜,"['艸', '示']"
苲,"['丿', '二', '丨', '一', '艸']"
菩,"['艸', '立', '口']"
菱,"['土', '八', '艸', '夂']"
藚,"['貝', '网', '艸', '士']"
薜,"['艸', '尸', '辛', '口']"
蒲,"['丶', '水', '用', '十', '艸']"
莙,"['丨', '艸', '口', '彐']"
薶,"['里', '艸', '豸']"
薯,"['日', '网', '艸', '老']"
蒙,"['冖', '二', '勹', '艸']"
莉,"['禾', '刀', '艸']"
薑,"['一', '田', '艸', '二']"
苻,"['人', '艸', '寸']"
蔇,"['丶', '无', '丨', '彐', '艸', '乙']"
蕉,"['火', '隹', '艸']"
萏,"['臼', '刀', '艸']"
藁,"['艸', '木', '高']"
苄,"['亠', '艸', '卜']"
苔,"['厶', '艸', '口']"
萕,"['文', '艸', '二']"
荖,"['艸', '老']"
薺,"['齊', '艸']"
薈,"['人', '八', '丨', '日', '一', '艸', '口']"
蓏,"['艸', '瓜']"
茑,"['鸟', '艸']"
葳,"['女', '厂', '戈', '一', '艸']"
苟,"['勹', '艸', '口']"
蒐,"['鬼', '艸']"
菾,"['一', '丨', '大', '艸']"
蓺,"['丿', '土', '丶', '八', '艸']"
蕸,"['二', '又', '尸', '艸', '辵']"
茏,"['艸', '龙']"
蓙,"['土', '广', '艸', '人']"
葶,"['冖', '亠', '口', '一', '艸', '亅']"
葹,"['丿', '丨', '方', '一', '艸', '乙']"
蒟,"['勹', '艸', '立', '口']"
萦,"['冖', '糸', '艸']"
蓷,"['隹', '艸', '手']"
荚,"['人', '八', '艸', '二']"
莜,"['人', '丨', '艸', '攴']"
芽,"['艸', '牙']"
苣,"['匚', '艸']"
菰,"['子', '艸', '瓜']"
蓋,"['土', '艸', '皿', '厶']"
蔚,"['艸', '尸', '寸', '示']"
菽,"['又', '卜', '小', '一', '艸']"
芷,"['止', '艸']"
蕙,"['心', '丨', '十', '日', '艸']"
苐,"['丨', '弓', '艸']"
茆,"['艸', '卩']"
菠,"['皮', '水', '艸']"
蔘,"['厶', '人', '艸', '彡']"
菟,"['丶', '乙', '刀', '丨', '艸', '口']"
芨,"['丿', '艸']"
葜,"['二', '刀', '丨', '大', '一', '艸']"
蔉,"['亠', '八', '艸', '口']"
苕,"['刀', '艸', '口']"
葑,"['土', '艸', '寸']"
蘐,"['又', '爪', '干', '言', '艸', '亅']"
茧,"['虫', '艸']"
莠,"['禾', '丿', '艸']"
蓖,"['丿', '囗', '丶', '艸']"
蓝,"['丿', '丶', '丨', '皿', '一', '艸']"
蓨,"['人', '夂', '丨', '月', '艸']"
蒱,"['丶', '手', '用', '十', '艸']"
莝,"['土', '艸', '人']"
苙,"['艸', '立']"
薆,"['心', '夂', '爪', '冖', '艸']"
莰,"['土', '欠', '艸']"
苞,"['勹', '己', '艸']"
葚,"['匚', '甘', '艸', '儿']"
苾,"['心', '丿', '艸']"
萌,"['日', '月', '艸']"
薁,"['宀', '艸', '大', '米']"
薐,"['土', '八', '夂', '禾', '艸']"
苊,"['艸', '厂', '乙']"
茩,"['一', '口', '艸', '⺁']"
荸,"['冖', '十', '艸', '子']"
蕞,"['又', '曰', '艸', '耳']"
菑,"['川', '田', '艸']"
蕲,"['二', '八', '丨', '十', '斤', '艸', '冂']"
薫,"['十', '里', '火', '艸']"
芎,"['弓', '艸']"
莫,"['日', '大', '艸']"
藻,"['水', '木', '艸', '口']"
芯,"['心', '艸']"
葖,"['穴', '艸', '犬']"
茭,"['丿', '亠', '八', '艸']"
藹,"['人', '言', '勹', '曰', '艸']"
芶,"['勹', '厶', '艸']"
荳,"['豆', '艸']"
萧,"['聿', '艸', '小']"
菸,"['人', '丶', '艸', '方']"
萇,"['艸', '長']"
蘩,"['丿', '糸', '毋', '一', '艸', '攴']"
菊,"['勹', '艸', '米']"
芪,"['氏', '艸']"
菔,"['月', '又', '艸', '卩']"
苋,"['见', '艸']"
蕎,"['冂', '大', '艸', '口']"
蘀,"['土', '八', '手', '干', '网', '艸']"
芳,"['艸', '方']"
荝,"['刀', '贝', '艸']"
蔼,"['人', '讠', '勹', '曰', '艸']"
萤,"['冖', '虫', '艸']"
荊,"['一', '刀', '廾', '艸']"
荥,"['冖', '艸', '水']"
菐,"['羊', '一', '八']"
蔌,"['欠', '木', '艸', '口']"
蘧,"['虍', '豕', '艸', '辵']"
藙,"['勹', '艸', '立', '殳']"
蒗,"['艮', '丶', '水', '艸']"
蕘,"['土', '一', '艸', '儿']"
苓,"['人', '丶', '艸']"
薽,"['瓦', '土', '艸', '襾']"
蕭,"['一', '聿', '艸']"
薗,"['土', '囗', '艸', '口']"
蕢,"['丨', '貝', '一', '艸', '口']"
芫,"['二', '艸', '儿']"
芊,"['十', '艸']"
荽,"['女', '艸', '爪']"
蘿,"['隹', '糸', '网', '艸']"
茶,"['人', '艸', '十', '小']"
蓼,"['人', '羽', '艸', '彡']"
莢,"['人', '大', '艸']"
荒,"['丶', '丨', '匸', '儿', '艸']"
蔺,"['土', '尸', '辛', '雨', '艸', '口']"
茀,"['弓', '艸']"
草,"['日', '十', '艸']"
苳,"['丶', '艸', '夂']"
蔲,"['二', '儿', '宀', '艸', '攴']"
萚,"['二', '又', '手', '丨', '艸']"
葯,"['勹', '丶', '糸', '艸']"
蓦,"['日', '马', '大', '艸']"
蕤,"['艸', '豕', '生']"
蕿,"['火', '又', '爪', '干', '艸', '亅']"
茲,"['幺', '艸']"
鿒,[]
蓣,"['乙', '艸', '亅', '页']"
薰,"['土', '火', '八', '丨', '十', '艸', '口']"
蘺,"['凵', '禸', '丿', '隹', '亠', '艸']"
茳,"['水', '艸', '工']"
蕴,"['日', '艸', '皿', '纟']"
藜,"['人', '水', '勹', '禾', '艸']"
蒯,"['月', '刀', '艸']"
蒨,"['人', '青', '艸']"
蔦,"['鳥', '艸']"
薅,"['女', '艸', '辰', '寸']"
苈,"['艸', '厂', '力']"
藥,"['幺', '艸', '白', '木']"
藩,"['水', '田', '艸', '釆']"
茕,"['冖', '十', '艸', '乙']"
茜,"['襾', '艸']"
芼,"['毛', '艸']"
菂,"['勹', '丶', '白', '艸']"
薦,"['广', '火', '艸', '襾']"
蓴,"['丨', '寸', '十', '日', '艸']"
蓽,"['二', '丨', '田', '一', '艸']"
芚,"['十', '艸', '屮', '乙']"
蘯,"['水', '勹', '皿', '日', '一', '艸']"
蘄,"['二', '丨', '十', '口', '斤', '艸', '冂']"
葆,"['人', '木', '艸', '口']"
菅,"['宀', '己', '艸']"
蒉,"['丨', '贝', '一', '艸', '口']"
藾,"['刀', '木', '貝', '艸', '口']"
莖,"['一', '川', '艸', '工']"
蓑,"['一', '囗', '衣', '艸']"
藪,"['女', '十', '口', '艸', '攴']"
莼,"['纟', '屮', '十', '艸', '乙']"
葱,"['勹', '丶', '艸', '心']"
获,"['艸', '犬']"
苺,"['毋', '艸']"
蕊,"['心', '艸']"
葵,"['一', '大', '癶', '艸']"
葤,"['艸', '糸', '寸']"
茍,"['勹', '卜', '口']"
虋,"['八', '刀', '酉', '冖', '冂', '臼', '一', '艸', '口']"
萊,"['人', '木', '艸']"
芻,"['勹', '艸']"
蒖,"['八', '十', '目', '一', '艸']"
韮,"['艸', '韭']"
蓄,"['玄', '田', '艸']"
蘷,"['止', '八', '卜', '夂', '一', '自', '己']"
蘨,"['缶', '糸', '艸', '爪']"
蓚,"['人', '夂', '彡', '丨', '艸']"
藕,"['二', '耒', '禸', '丨', '艸', '冂']"
葙,"['目', '木', '艸']"
菫,"['丨', '一', '玉', '艸', '口']"
莅,"['人', '艸', '立']"
萍,"['干', '水', '八', '艸']"
莿,"['刀', '木', '艸', '冂']"
蓮,"['車', '艸', '辵']"
芭,"['丨', '艸', '乙']"
芘,"['比', '艸']"
薸,"['襾', '水', '艸', '示']"
菀,"['宀', '艸', '乙', '夕']"
蘆,"['虍', '田', '艸', '皿']"
藟,"['田', '艸']"
茉,"['一', '木', '艸']"
苯,"['一', '木', '艸']"
荇,"['艸', '行']"
莧,"['艸', '見']"
蓰,"['止', '彳', '艸']"
芧,"['艸', '亅', '乙']"
萼,"['二', '艸', '口']"
莦,"['月', '艸', '小']"
蓫,"['豕', '艸', '辵']"
苜,"['目', '艸']"
茝,"['匚', '艸', '口']"
蕝,"['色', '糸', '艸']"
萋,"['女', '十', '聿', '艸']"
萃,"['十', '亠', '艸', '人']"
蔽,"['冫', '艸', '攴', '巾']"
苑,"['艸', '乙', '夕']"
蒓,"['糸', '屮', '十', '艸', '乙']"
蓠,"['丿', '凵', '禸', '亠', '艸']"
莸,"['丶', '艸', '尢', '犬']"
茹,"['女', '艸', '口']"
菆,"['又', '艸', '耳']"
荣,"['冖', '木', '艸']"
菴,"['丨', '大', '日', '艸', '乙']"
莴,"['冂', '人', '艸', '口']"
萠,"['月', '艸']"
葊,"['人', '廾', '一', '艸', '口']"
茎,"['艸', '工']"
荐,"['丿', '子', '人', '一', '艸']"
芗,"['丿', '艸']"
菥,"['斤', '木', '艸']"
莪,"['艸', '戈', '手']"
花,"['人', '匕', '艸']"
芤,"['子', '艸', '乙']"
藎,"['火', '聿', '皿', '艸']"
苏,"['八', '艸', '力']"
藉,"['一', '耒', '艸', '日']"
荁,"['日', '一', '艸']"
蒡,"['八', '冖', '亠', '方', '艸']"
萜,"['卜', '艸', '口', '巾']"
芜,"['艸', '无']"
荤,"['冖', '车', '艸']"
萲,"['又', '爪', '干', '艸', '亅']"
蒺,"['艸', '疒', '矢']"
荡,"['水', '艸']"
蔬,"['厶', '丨', '亠', '疋', '儿', '艸']"
鿓,[]
荼,"['干', '人', '艸', '小']"
莚,"['止', '廴', '艸']"
蘊,"['人', '糸', '囗', '皿', '艸']"
节,"['丨', '艸']"
莞,"['宀', '二', '艸', '儿']"
苅,"['丿', '刀', '艸']"
薬,"['艸', '白', '木', '冫']"
薖,"['口', '艸', '冂', '辵']"
蔡,"['月', '艸', '示', '卩']"
茱,"['一', '木', '艸']"
葓,"['一', '水', '八', '艸']"
蘗,"['木', '尸', '辛', '艸', '口']"
蔷,"['土', '囗', '八', '艸']"
莹,"['冖', '玉', '艸']"
菪,"['宀', '艸', '石']"
蔔,"['田', '勹', '一', '艸', '口']"
芝,"['丶', '戈', '玉', '艸']"
蕡,"['十', '艸', '貝']"
蘼,"['艸', '麻', '非']"
茦,"['木', '艸', '冂']"
芩,"['人', '丶', '艸']"
芬,"['刀', '八', '艸']"
蒎,"['匚', '水', '艸', '⺁']"
葠,"['人', '又', '彐', '冖', '艸']"
芄,"['丿', '丶', '艸']"
菖,"['日', '艸']"
茚,"['一', '艸', '卩']"
蕓,"['二', '艸', '厶', '雨']"
艽,"['丿', '艸']"
蘑,"['艸', '石', '麻']"
藘,"['虍', '艸', '田', '心']"
蒂,"['八', '巾', '冖', '亠', '艸']"
葍,"['一', '田', '艸', '口']"
茘,"['刀', '艸']"
莺,"['冖', '鸟', '艸']"
苎,"['宀', '一', '艸']"
茨,"['欠', '艸', '冫']"
薵,"['士', '乙', '寸', '工', '一', '艸', '口']"
蔓,"['日', '网', '又', '艸']"
薾,"['八', '巾', '丨', '爻', '一', '艸']"
苹,"['干', '八', '艸']"
蔕,"['巾', '廾', '冖', '儿', '艸']"
茔,"['冖', '土', '艸']"
荔,"['艸', '力']"
茓,"['穴', '艸']"
营,"['冖', '艸', '口']"
蒿,"['艸', '高']"
茈,"['止', '匕', '艸']"
萑,"['隹', '艸']"
莱,"['一', '八', '木', '艸']"
芸,"['二', '艸', '厶']"
蘤,"['丿', '火', '爪', '白', '艸']"
茌,"['人', '艸', '士']"
菶,"['二', '八', '丨', '一', '艸']"
范,"['水', '艸', '乙']"
茁,"['山', '艸']"
苪,"['一', '艸', '人', '冂']"
茞,"['艸', '臣']"
葄,"['丿', '二', '丨', '月', '一', '艸']"
藊,"['禾', '户', '艸', '冂']"
蔾,"['禾', '勹', '木', '艸']"
菢,"['勹', '己', '艸', '手']"
藴,"['日', '糸', '皿', '艸']"
蓁,"['二', '八', '丨', '禾', '一', '艸']"
莘,"['艸', '辛']"
蕁,"['寸', '彐', '工', '艸', '口']"
芟,"['艸', '殳']"
藍,"['丿', '丶', '臣', '皿', '一', '艸']"
菇,"['女', '十', '艸', '口']"
蔵,"['艸', '戈', '厂', '臣']"
藐,"['艸', '白', '豸', '儿']"
蓇,"['骨', '艸']"
茗,"['艸', '口', '夕']"
茺,"['厶', '亠', '艸', '儿']"
蘥,"['龠', '艸']"
蕃,"['田', '艸', '釆']"
薟,"['一', '人', '艸']"
茖,"['口', '艸', '夂']"
若,"['一', '丿', '艸', '口']"
荬,"['丶', '大', '艸', '乙']"
莽,"['艸', '犬']"
葡,"['丶', '用', '十', '勹', '艸']"
薮,"['女', '艸', '米', '攴']"
蔑,"['丶', '厂', '戈', '网', '艸']"
苍,"['人', '艸', '乙']"
苧,"['宀', '一', '艸', '亅']"
蔗,"['广', '火', '廾', '艸']"
苢,"['己', '艸']"
茢,"['艸', '歹', '刀']"
莓,"['一', '丿', '毋', '艸']"
莵,"['丿', '丶', '乙', '丨', '艸', '口']"
葬,"['艸', '匕', '歹']"
蘴,"['山', '艸', '豆']"
苴,"['月', '一', '艸']"
蘢,"['龍', '艸']"
葒,"['糸', '艸', '工']"
英,"['大', '艸', '冂']"
荨,"['艸', '寸', '彐']"
落,"['口', '水', '艸', '夂']"
蘇,"['禾', '艸', '魚']"
葛,"['勹', '人', '曰', '艸']"
茇,"['丿', '丶', '又', '一', '艸']"
蓆,"['广', '廾', '艸', '巾']"
蕚,"['二', '艸', '口']"
薴,"['心', '皿', '宀', '一', '艸', '亅']"
蓯,"['人', '彳', '艸', '止']"
蒔,"['日', '土', '艸', '寸']"
艿,"['丿', '艸']"
蔆,"['土', '八', '水', '夂', '艸']"
荀,"['勹', '艸', '日']"
藶,"['禾', '止', '艸', '厂']"
葩,"['丨', '白', '艸', '乙']"
蕻,"['長', '一', '八', '艸']"
荘,"['爿', '艸', '士']"
苒,"['土', '艸', '冂']"
荙,"['大', '艸', '辵']"
萩,"['禾', '火', '艸']"
荞,"['大', '艸']"
薪,"['十', '立', '小', '斤', '艸']"
芲,"['人', '匕', '艸']"
華,"['一', '丨', '艸', '二']"
蕆,"['貝', '艸', '戈', '厂']"
茛,"['艮', '艸']"
苤,"['丿', '一', '艸', '卜']"
萴,"['貝', '刀', '艸']"
药,"['勹', '丶', '艸', '纟']"
薇,"['彳', '山', '一', '几', '艸', '攴']"
莕,"['木', '艸', '口']"
蕕,"['艸', '八', '酉', '犬']"
荻,"['火', '艸', '犬']"
苌,"['长', '艸']"
苶,"['人', '艸', '小']"
薧,"['歹', '匕', '冖', '亠', '艸', '口']"
薩,"['生', '厂', '艸', '阝', '立']"
萁,"['一', '甘', '八', '艸']"
葺,"['耳', '艸', '口']"
菝,"['丿', '丶', '又', '手', '一', '艸']"
菓,"['艸', '田', '木']"
蔻,"['二', '儿', '宀', '艸', '攴']"
藿,"['隹', '艸', '雨']"
藠,"['白', '艸']"
莀,"['辰', '艸']"
荩,"['丶', '尸', '艸']"
萅,"['屮', '十', '日', '艸', '乙']"
荛,"['一', '艸', '儿']"
虀,"['八', '丨', '亠', '韭', '艸']"
蔹,"['人', '小', '一', '艸', '攴']"
荅,"['一', '人', '艸', '口']"
茂,"['艸', '戈', '厂']"
蕐,"['二', '人', '丨', '一', '艸']"
蘘,"['二', '衣', '一', '艸', '口']"
董,"['十', '里', '艸']"
芣,"['丿', '一', '艸', '卜']"
葸,"['心', '田', '艸']"
苽,"['艸', '瓜']"
蘽,"['木', '艸', '田']"
薢,"['牛', '角', '刀', '艸']"
藝,"['丿', '土', '丶', '八', '二', '厶', '艸']"
蕩,"['水', '勹', '日', '一', '艸']"
萐,"['十', '聿', '艸', '止']"
芡,"['欠', '艸']"
蓟,"['鱼', '刀', '艸']"
蕖,"['匚', '水', '木', '艸']"
萹,"['户', '艸', '冂']"
萸,"['臼', '人', '艸']"
蓂,"['八', '冖', '亠', '日', '艸']"
苇,"['韦', '艸']"
蓍,"['日', '艸', '老']"
蓀,"['子', '糸', '艸']"
荠,"['齐', '艸']"
蔥,"['心', '丶', '夂', '囗', '艸']"
菼,"['火', '艸']"
芦,"['户', '艸']"
薔,"['土', '囗', '艸', '人']"
苉,"['匚', '艸', '儿']"
萎,"['禾', '艸', '女']"
荮,"['艸', '寸', '纟']"
蘡,"['女', '貝', '艸']"
芏,"['土', '艸']"
茬,"['丿', '土', '人', '一', '艸']"
莲,"['车', '艸', '辵']"
菜,"['木', '艸', '爪']"
萵,"['口', '艸', '冂']"
蒦,"['隹', '又', '艸']"
蓓,"['人', '艸', '立', '口']"
葽,"['女', '襾', '艸']"
蔧,"['艸', '彐']"
萘,"['大', '艸', '示']"
蒼,"['人', '丶', '丨', '彐', '艸', '口']"
艾,"['丿', '艸']"
蓉,"['宀', '艸', '谷']"
蓊,"['厶', '羽', '八', '艸']"
藭,"['身', '穴', '艸', '弓']"
蒈,"['比', '白', '艸']"
菁,"['青', '艸']"
芋,"['干', '艸', '亅']"
芥,"['人', '艸']"
蘚,"['羊', '艸', '魚']"
荑,"['大', '艸', '弓']"
葦,"['艸', '韋']"
蓧,"['人', '夂', '丨', '十', '小', '艸']"
苷,"['甘', '艸']"
荜,"['比', '十', '艸']"
蕰,"['日', '水', '皿', '艸']"
蕷,"['頁', '艸', '亅', '乙']"
蓿,"['人', '宀', '一', '白', '艸']"
蕂,"['二', '八', '丨', '月', '艸', '力']"
葢,"['丶', '大', '艸', '皿']"
芀,"['刀', '艸']"
葎,"['聿', '彳', '艸']"
荭,"['艸', '纟', '工']"
蘅,"['刀', '大', '田', '艸', '行']"
菉,"['水', '艸', '彐']"
藨,"['鹿', '火', '艸']"
薨,"['歹', '匕', '冖', '网', '艸']"
萬,"['二', '禸', '丨', '艸', '冂']"
菌,"['禾', '囗', '艸']"
莩,"['子', '艸', '爪']"
葫,"['月', '十', '艸', '口']"
藷,"['日', '艸', '老', '言']"
葈,"['厶', '木', '艸', '口']"
蘂,"['心', '木', '艸']"
蕈,"['日', '十', '艸', '襾']"
藤,"['二', '八', '水', '丨', '月', '艸']"
蓪,"['艸', '用', '辵']"
蔀,"['艸', '立', '口', '阝']"
芮,"['人', '艸', '冂']"
茵,"['囗', '大', '艸']"
藄,"['八', '糸', '一', '甘', '艸']"
莆,"['十', '丶', '艸', '用']"
蘖,"['丶', '木', '辛', '己', '艸']"
蒌,"['女', '艸', '米']"
芈,"['二', '丨', '卜']"
萆,"['二', '丶', '丨', '十', '艸', '冂']"
蒭,"['勹', '艸']"
苗,"['田', '艸']"
蔴,"['艸', '麻']"
注,"['丶', '玉', '水']"
泒,"['水', '瓜']"
漵,"['人', '水', '干', '小', '攴']"
汀,"['一', '水', '亅']"
滇,"['八', '水', '十', '目', '一']"
滊,"['气', '水', '米']"
游,"['丿', '子', '水', '方', '一']"
潺,"['子', '尸', '水']"
潕,"['火', '水']"
濱,"['丿', '水', '貝', '小', '宀', '一']"
潭,"['日', '十', '水', '襾']"
渗,"['厶', '水', '大', '彡']"
瀍,"['土', '八', '水', '广', '里']"
湑,"['月', '疋', '水']"
水,['水']
汪,"['玉', '水']"
汤,['水']
澉,"['攴', '水', '耳']"
泣,"['水', '立']"
湢,"['一', '田', '水', '口']"
澎,"['十', '水', '豆', '彡']"
洚,"['十', '丨', '水', '夂']"
沟,"['勹', '厶', '水']"
潜,"['日', '人', '水', '二']"
浞,"['水', '足']"
渋,"['止', '水', '冫']"
潼,"['里', '水', '立']"
氹,"['水', '乙']"
永,['丶']
湔,"['八', '水', '刀', '月', '一']"
涎,"['止', '廴', '水']"
潗,"['隹', '木', '水']"
洹,"['日', '一', '水']"
漘,"['月', '辰', '水']"
漓,"['丿', '凵', '禸', '水', '亠']"
淀,"['宀', '一', '水', '止']"
瀽,"['二', '八', '足', '水', '宀', '一']"
濺,"['貝', '戈', '水']"
湊,"['二', '八', '水', '丨', '大', '一']"
洶,"['勹', '凵', '水', '丿']"
潎,"['冫', '水', '攴', '巾']"
泽,"['二', '丨', '又', '水']"
漫,"['日', '网', '又', '水']"
洼,"['土', '水']"
汞,"['水', '工']"
浑,"['冖', '车', '水']"
灘,"['二', '人', '水', '隹', '丨', '廾', '口']"
浅,"['一', '戈', '水']"
潤,"['玉', '水', '門']"
濈,"['耳', '戈', '水', '口']"
涔,"['人', '丶', '山', '水']"
洩,"['曰', '水']"
涼,"['小', '亠', '水', '口']"
浙,"['斤', '水', '手']"
沃,"['大', '水']"
淒,"['女', '十', '聿', '水']"
瀠,"['冖', '火', '糸', '水']"
涊,"['心', '刀', '水', '丶']"
汰,"['丶', '大', '水']"
渺,"['丿', '目', '水', '小']"
淨,"['彐', '水', '亅', '爪']"
沒,"['丿', '又', '水']"
溁,"['冖', '艸', '木', '水']"
滚,"['厶', '衣', '八', '水']"
沢,"['尸', '水']"
浈,"['卜', '贝', '水']"
滿,"['入', '廾', '水', '巾']"
沴,"['人', '水', '彡']"
漚,"['匚', '水', '口']"
沪,"['户', '水']"
瀌,"['鹿', '火', '水']"
潸,"['月', '木', '水']"
潖,"['王', '丨', '水', '乙']"
洳,"['女', '水', '口']"
澍,"['十', '水', '豆', '寸']"
洨,"['丿', '亠', '八', '水']"
洟,"['大', '水', '弓']"
滗,"['竹', '毛', '水']"
汹,"['丿', '凵', '水']"
沥,"['水', '厂', '力']"
渓,"['人', '水', '二', '爪']"
渧,"['八', '水', '巾', '冖', '亠']"
溱,"['二', '八', '水', '丨', '禾', '一']"
涛,"['二', '水', '丨', '寸', '一']"
潵,"['水', '月', '一', '艸', '攴']"
滄,"['人', '丶', '水', '丨', '彐', '口']"
潠,"['一', '艸', '八', '水']"
滑,"['骨', '水']"
汽,"['气', '水']"
滢,"['冖', '玉', '艸', '水']"
浤,"['丿', '水', '厶', '宀', '一']"
洴,"['一', '八', '廾', '水']"
浚,"['厶', '八', '水', '夂']"
泌,"['心', '丿', '水']"
浃,"['人', '八', '水', '二']"
澰,"['一', '人', '水']"
涶,"['十', '艸', '水', '士']"
沮,"['月', '一', '水']"
溆,"['人', '又', '水', '干', '小']"
沓,"['日', '水']"
濃,"['二', '凵', '辰', '水']"
氾,"['水', '乙']"
瀺,"['丶', '水', '乙', '刀', '丨', '比', '口']"
溝,"['二', '土', '水', '一', '冂']"
泝,"['斤', '丶', '水']"
漏,"['尸', '水', '雨']"
滔,"['臼', '水', '爪']"
瀁,"['丶', '八', '水', '羊', '艮']"
泳,"['丶', '水']"
渉,"['丿', '止', '水', '小']"
測,"['貝', '刀', '水']"
淶,"['人', '木', '水']"
瀦,"['日', '豕', '水', '老']"
污,"['二', '水']"
洫,"['血', '水']"
溓,"['一', '八', '水', '彐']"
滪,"['乙', '水', '亅', '页']"
漣,"['車', '水', '辵']"
浯,"['一', '口', '水', '力']"
涌,"['水', '用']"
湧,"['水', '用', '力']"
浛,"['人', '丶', '水', '口']"
湣,"['日', '一', '己', '水']"
淞,"['厶', '水', '木', '八']"
浇,"['一', '水', '儿']"
渇,"['日', '勹', '匕', '水']"
氷,"['丶', '水']"
汙,"['干', '水', '亅']"
潚,"['一', '聿', '水']"
治,"['厶', '水', '口']"
滴,"['子', '八', '水', '亠', '欠']"
濵,"['宀', '貝', '丨', '水']"
滷,"['鹵', '水']"
漷,"['子', '水', '亠', '阝', '口']"
氶,"['水', '乙']"
澑,"['一', '田', '水']"
濬,"['人', '八', '水', '卜', '冖', '目', '一']"
濩,"['艸', '隹', '又', '水']"
浔,"['水', '寸', '彐']"
洸,"['一', '水', '小', '儿']"
洙,"['一', '木', '水']"
淡,"['火', '水']"
泔,"['甘', '水']"
溪,"['幺', '大', '水', '爪']"
沭,"['丶', '木', '水']"
濞,"['水', '鼻']"
沖,"['丨', '水', '口']"
潮,"['日', '十', '月', '水']"
淪,"['人', '水', '一', '艸', '冂']"
淚,"['户', '水', '犬']"
瀉,"['火', '水', '勹', '宀', '臼']"
洲,"['川', '水', '丶']"
淅,"['斤', '木', '水']"
湩,"['十', '里', '水']"
淆,"['月', '丿', '水', '一']"
淇,"['一', '甘', '八', '水']"
瀚,"['人', '水', '羽', '十', '日']"
溶,"['宀', '水', '谷']"
港,"['八', '水', '一', '己', '艸']"
漑,"['无', '匕', '白', '水']"
漯,"['水', '田', '糸']"
溽,"['水', '辰', '寸']"
瀧,"['龍', '水']"
渦,"['口', '水', '冂']"
濙,"['冖', '火', '水']"
泛,"['丶', '戈', '玉', '水']"
润,"['门', '玉', '水']"
泱,"['大', '水', '冂']"
涞,"['一', '八', '木', '水']"
溼,"['土', '一', '水', '幺']"
涿,"['勹', '一', '丶', '水']"
漂,"['襾', '水', '示']"
濟,"['齊', '水']"
清,"['青', '水']"
湘,"['目', '木', '水']"
湖,"['月', '十', '水', '口']"
涟,"['车', '水', '辵']"
瀨,"['水', '刀', '木', '貝', '口']"
泗,"['囗', '水', '儿']"
泪,"['目', '水']"
漬,"['土', '貝', '水', '一']"
汉,"['又', '水']"
洣,"['水', '米']"
灄,"['水', '耳']"
滌,"['人', '水', '夂', '丨', '十', '小']"
澼,"['水', '尸', '辛', '口']"
潿,"['囗', '水', '韋']"
泙,"['干', '八', '水']"
泖,"['水', '卩']"
浬,"['里', '水']"
澂,"['水', '山', '一', '玉', '攴']"
汜,"['己', '水']"
滬,"['户', '水', '邑']"
沆,"['亠', '几', '水']"
溳,"['貝', '水', '口']"
泃,"['勹', '水', '口']"
淬,"['十', '亠', '水', '人']"
沄,"['二', '水', '厶']"
漢,"['二', '人', '水', '丨', '廾', '口']"
濂,"['八', '水', '广', '彐', '一']"
沚,"['止', '水']"
淩,"['土', '八', '水', '夂']"
澇,"['冖', '火', '水', '力']"
滥,"['丿', '丶', '水', '丨', '皿', '一']"
滃,"['厶', '羽', '八', '水']"
泂,"['口', '水', '冂']"
潟,"['臼', '火', '勹', '水']"
湄,"['目', '丨', '水']"
瀼,"['二', '水', '衣', '一', '口']"
瀬,"['頁', '木', '水', '口']"
淋,"['木', '水']"
溴,"['自', '水', '犬']"
涒,"['丨', '水', '口', '彐']"
瀡,"['丿', '水', '阝', '工', '月', '一', '辵']"
澶,"['水', '囗', '亠', '日', '一']"
澮,"['人', '八', '水', '丨', '日', '一', '口']"
澴,"['一', '网', '水', '口']"
氿,"['丿', '水']"
渴,"['勹', '人', '曰', '水']"
溇,"['女', '水', '米']"
湃,"['二', '水', '手', '丨', '一']"
淹,"['水', '丨', '大', '日', '乙']"
灑,"['一', '鹿', '水']"
溷,"['囗', '豕', '水']"
渭,"['月', '田', '水']"
決,"['人', '丨', '水']"
濇,"['土', '囗', '水', '人']"
淮,"['隹', '水']"
滘,"['网', '水', '口', '工']"
瀇,"['二', '凵', '八', '水', '广', '丨', '一', '艸']"
瀕,"['丿', '止', '水', '小', '頁']"
洇,"['囗', '大', '水']"
涅,"['日', '土', '水']"
湝,"['比', '白', '水']"
澨,"['竹', '人', '水', '工']"
渨,"['一', '田', '水', '乙']"
瀾,"['門', '八', '水', '丨', '木', '口']"
汈,['水']
浊,"['虫', '水']"
汲,"['丿', '水']"
淤,"['人', '丶', '水', '方']"
满,"['人', '水', '一', '艸', '冂']"
湲,"['又', '水', '爪', '干', '亅']"
滏,"['父', '金', '水']"
涙,"['户', '大', '水']"
淢,"['一', '戈', '水', '口']"
泮,"['二', '丨', '八', '水']"
灏,"['水', '页', '亠', '小', '日', '口']"
濊,"['止', '丿', '水', '厂', '戈', '小', '一']"
滩,"['隹', '又', '水']"
涖,"['人', '水', '立']"
沾,"['卜', '水', '口']"
添,"['一', '丨', '大', '水']"
濡,"['而', '水', '雨']"
沰,"['水', '石']"
瀛,"['女', '丶', '水', '匸', '月', '几', '口']"
瀞,"['水', '刀', '彐', '青', '亅']"
泉,"['白', '水']"
沺,"['田', '水']"
淄,"['川', '田', '水']"
浪,"['艮', '丶', '水']"
涝,"['冖', '艸', '水', '力']"
灋,"['土', '火', '水', '广', '厶', '襾']"
涓,"['月', '水', '口']"
湅,"['八', '水', '丨', '木', '口']"
漆,"['人', '木', '水']"
灥,"['白', '水']"
潾,"['舛', '水', '米']"
洽,"['一', '人', '水', '口']"
漩,"['丿', '水', '疋', '方', '一']"
澜,"['门', '八', '水', '丨', '木', '口']"
测,"['刀', '贝', '水']"
澠,"['黽', '水']"
沩,"['丶', '水', '力']"
済,"['文', '水', '二']"
漲,"['水', '弓', '長']"
激,"['攴', '白', '水', '方']"
泻,"['冖', '一', '水']"
湮,"['土', '水', '襾']"
潬,"['二', '水', '丨', '十', '口', '冂']"
泠,"['人', '丶', '水']"
滈,"['水', '高']"
济,"['齐', '水']"
渠,"['匚', '木', '水']"
汁,"['十', '水']"
澆,"['土', '一', '水', '儿']"
濾,"['虍', '水', '田', '心']"
渣,"['日', '一', '木', '水']"
灌,"['隹', '艸', '水', '口']"
澗,"['日', '水', '門']"
涯,"['土', '水', '厂']"
漿,"['月', '水', '爿', '寸']"
浉,"['一', '水', '巾']"
濁,"['勹', '网', '虫', '水']"
淌,"['小', '口', '水', '冂']"
浄,"['刀', '水', '亅', '彐']"
淸,"['青', '水']"
滺,"['心', '人', '水', '丨', '攴']"
漪,"['亅', '水', '大', '犬', '一', '口']"
灣,"['糸', '水', '弓', '言']"
瀑,"['八', '水', '日', '一', '艸']"
浏,"['文', '刀', '水']"
洭,"['匚', '玉', '水']"
澐,"['二', '水', '厶', '雨']"
汶,"['文', '水']"
温,"['日', '皿', '水']"
漈,"['月', '水', '示', '卩']"
沲,"['丿', '水', '丨', '一', '乙']"
漙,"['水', '丨', '寸', '十', '日']"
演,"['二', '凵', '八', '水', '丨', '宀', '一']"
涤,"['小', '十', '水', '夂']"
渢,"['水', '風']"
派,"['匚', '水', '⺁']"
汴,"['亠', '水', '卜']"
溫,"['囗', '水', '皿', '人']"
汧,"['一', '廾', '水']"
淴,"['勹', '水', '心']"
涇,"['一', '川', '水', '工']"
涑,"['木', '水', '口']"
泜,"['丶', '氏', '水']"
沫,"['一', '木', '水']"
瀲,"['一', '人', '水', '攴']"
滉,"['水', '小', '儿', '日', '一']"
浐,"['水', '立', '厂']"
溟,"['八', '水', '冖', '亠', '日']"
浦,"['十', '丶', '水', '用']"
潈,"['勹', '网', '水']"
滞,"['水', '巾', '冖', '川', '一']"
求,"['一', '丿', '丶', '水']"
濯,"['羽', '水', '隹']"
泵,"['水', '石']"
沘,"['比', '水']"
沼,"['刀', '水', '口']"
漱,"['欠', '木', '水', '口']"
満,"['水', '山', '一', '艸', '冂']"
洑,"['人', '水', '犬']"
汾,"['刀', '八', '水']"
湫,"['禾', '火', '水']"
滦,"['八', '水', '丨', '木', '亠', '亅']"
溈,"['丿', '丶', '火', '水']"
汫,"['二', '水']"
溻,"['日', '羽', '水']"
湋,"['水', '韋']"
泼,"['又', '丶', '丨', '水']"
泯,"['一', '己', '水']"
濚,"['冖', '火', '木', '水']"
津,"['聿', '水']"
湟,"['玉', '白', '水']"
流,"['水', '厶', '丨', '亠', '儿']"
潔,"['二', '水', '刀', '丨', '糸', '一']"
濑,"['水', '刀', '贝', '木', '口']"
濮,"['人', '八', '水', '羊', '一']"
涸,"['囗', '水', '十', '口']"
漁,"['水', '魚']"
準,"['十', '隹', '水']"
濠,"['水', '豕', '冖', '亠', '口']"
滤,"['虍', '水', '心']"
濉,"['目', '隹', '水']"
溏,"['广', '聿', '水', '口']"
汛,"['十', '水', '乙']"
溲,"['臼', '丨', '水', '又']"
滯,"['水', '巾', '廾', '冖', '儿']"
海,"['一', '丿', '毋', '水']"
漍,"['水', '囗', '戈', '一', '口']"
洛,"['口', '水', '夂']"
沽,"['十', '水', '口']"
況,"['水', '口', '儿']"
澱,"['八', '水', '尸', '一', '艸', '殳']"
滂,"['八', '水', '冖', '亠', '方']"
泡,"['勹', '己', '水']"
瀣,"['歹', '又', '水', '韭']"
渎,"['丶', '水', '大', '十', '乙']"
凼,"['凵', '水']"
泾,"['水', '工']"
淟,"['二', '凵', '八', '水']"
泓,"['厶', '弓', '水']"
泺,"['水', '小']"
潘,"['田', '水', '釆']"
沤,"['丿', '匚', '水']"
洺,"['水', '口', '夕']"
澝,"['宀', '用', '水', '心']"
浩,"['牛', '水', '口']"
渚,"['日', '水', '老']"
汍,"['丿', '丶', '水']"
泭,"['人', '水', '寸']"
溺,"['弓', '水', '冫']"
泑,"['幺', '水', '力']"
汗,"['干', '水']"
活,"['水', '舌']"
洞,"['一', '口', '水', '冂']"
湞,"['貝', '卜', '水']"
浮,"['子', '水', '爪']"
滋,"['幺', '一', '八', '水']"
滸,"['干', '水', '言']"
溮,"['丶', '水', '巾', '一', '己']"
濰,"['隹', '糸', '水']"
汚,"['二', '水']"
淙,"['宀', '水', '示']"
沈,"['水', '乙', '巾']"
涵,"['凵', '水', '亅', '冫']"
涕,"['八', '丨', '弓', '水']"
池,"['丨', '水', '乙']"
澥,"['牛', '角', '刀', '水']"
渌,"['水', '彐']"
泸,"['卜', '尸', '水']"
洒,"['襾', '水']"
洋,"['羊', '水']"
淵,"['一', '水']"
浥,"['水', '邑']"
湎,"['水', '面']"
濤,"['水', '士', '乙', '寸', '工', '一', '口']"
灢,"['二', '水', '丨', '冖', '十', '一', '口']"
沅,"['二', '水', '儿']"
漦,"['水', '木', '厂', '一', '攴']"
濛,"['二', '水', '冖', '勹', '艸']"
浣,"['宀', '二', '水', '儿']"
溅,"['一', '戈', '贝', '水']"
涠,"['囗', '韦', '水']"
泚,"['止', '匕', '水']"
汭,"['人', '水', '冂']"
瀰,"['八', '水', '巾', '丨', '弓', '爻', '一']"
汋,"['勹', '丶', '水']"
渥,"['水', '尸', '至']"
湼,"['臼', '水', '工']"
沦,"['人', '匕', '水']"
渰,"['人', '水', '廾', '一', '口']"
漊,"['女', '十', '水', '口']"
濄,"['口', '水', '冂', '辵']"
潰,"['水', '丨', '貝', '一', '口']"
澒,"['頁', '水', '工']"
洊,"['丿', '子', '人', '水', '一']"
泅,"['囗', '水', '人']"
瀹,"['龠', '水']"
滾,"['亠', '八', '水', '口']"
渤,"['子', '水', '冖', '十', '力']"
渾,"['冖', '車', '水']"
畓,"['田', '水']"
滕,"['二', '八', '水', '丨', '月']"
澾,"['羊', '土', '水', '辵']"
泊,"['白', '水']"
深,"['网', '木', '水']"
潴,"['日', '水', '老', '犬']"
浼,"['水', '乙', '刀', '丨', '口']"
江,"['水', '工']"
灞,"['月', '水', '革', '雨']"
潍,"['隹', '水', '纟']"
洏,"['而', '水']"
澽,"['虍', '豕', '水']"
滆,"['水', '鬲']"
淑,"['又', '卜', '水', '小', '一']"
渟,"['水', '冖', '亠', '口', '一', '亅']"
潞,"['口', '水', '夂', '⻊']"
灠,"['丿', '丶', '水', '見', '臣', '一', '网']"
泫,"['玄', '水']"
灉,"['隹', '水', '邑', '川']"
滓,"['宀', '水', '辛']"
溃,"['水', '丨', '贝', '一', '口']"
瀆,"['貝', '网', '水', '士']"
灧,"['色', '山', '水', '豆']"
涨,"['长', '弓', '水']"
溠,"['羊', '水', '工']"
滠,"['又', '水', '耳']"
渍,"['一', '土', '贝', '水']"
消,"['月', '水', '小']"
沱,"['宀', '匕', '水']"
浡,"['冖', '十', '水', '子']"
澀,"['止', '刀', '水', '丶']"
涩,"['止', '刀', '水', '丶']"
沉,"['冖', '几', '水']"
湏,"['頁', '水']"
氼,"['人', '水']"
瀝,"['禾', '止', '水', '厂']"
洧,"['月', '丿', '水', '一']"
灤,"['水', '糸', '木', '言']"
泐,"['水', '阝', '力']"
源,"['水', '白', '厂', '小']"
漸,"['車', '斤', '水']"
湛,"['匚', '甘', '水', '儿']"
淫,"['水', '爪', '士']"
渕,"['八', '水', '刀', '大', '一']"
瀸,"['人', '戈', '水', '韭']"
溜,"['田', '水', '卩']"
汕,"['山', '水']"
潇,"['艸', '聿', '水', '小']"
湻,"['日', '亠', '水', '口']"
滹,"['丿', '八', '水', '虍', '一']"
漕,"['二', '凵', '水', '日', '艸']"
潀,"['人', '网', '水']"
澡,"['木', '水', '口']"
澷,"['日', '网', '水', '方']"
沂,"['斤', '水']"
沐,"['木', '水']"
泰,"['二', '八', '水', '丨', '一']"
浍,"['人', '水', '厶', '二']"
漉,"['鹿', '水']"
濧,"['八', '水', '羊', '寸', '一']"
滽,"['广', '聿', '水', '用']"
灩,"['土', '水', '厶', '豆', '皿', '山']"
沏,"['一', '刀', '水', '乙']"
渮,"['亅', '水', '一', '艸', '口']"
滝,"['水', '丨', '日', '立', '乙']"
涷,"['日', '木', '水']"
淊,"['臼', '刀', '水']"
灎,"['土', '二', '凵', '水', '厶', '豆', '皿']"
潯,"['水', '寸', '彐', '工', '口']"
漭,"['艸', '水', '犬']"
湍,"['而', '山', '水']"
沧,"['人', '水', '乙']"
浸,"['冖', '又', '水', '彐']"
灒,"['貝', '水', '牛', '儿']"
瀋,"['宀', '田', '水', '釆']"
澈,"['水', '厶', '亠', '月', '攴']"
溢,"['一', '八', '水', '皿']"
渔,"['鱼', '水']"
浒,"['干', '讠', '水']"
洮,"['冫', '水', '儿']"
淯,"['月', '厶', '亠', '水']"
瀘,"['虍', '田', '水', '皿']"
湌,"['食', '水']"
渼,"['羊', '大', '水']"
潅,"['丿', '水', '隹', '十', '一']"
浕,"['丶', '尸', '水']"
洌,"['刀', '水', '歹']"
汊,"['丶', '又', '水']"
沨,"['风', '水']"
滨,"['斤', '八', '水', '宀', '一']"
潣,"['文', '水', '門']"
濆,"['十', '艸', '水', '貝']"
潷,"['竹', '聿', '水']"
灔,"['二', '凵', '水', '色', '豆']"
浴,"['水', '谷']"
澁,"['止', '水']"
沷,"['丿', '丶', '又', '水', '一']"
潁,"['頁', '匕', '水']"
涣,"['刀', '大', '水', '冂']"
洗,"['牛', '水', '儿']"
沔,"['一', '丨', '水']"
淳,"['子', '亠', '水', '口']"
潙,"['丿', '火', '水', '爪']"
淺,"['戈', '水']"
潲,"['禾', '月', '水', '小']"
湉,"['心', '水', '舌']"
澳,"['宀', '水', '大', '米']"
濼,"['幺', '水', '白', '木']"
濜,"['火', '聿', '皿', '水']"
濘,"['心', '水', '皿', '宀', '一', '亅']"
洱,"['水', '耳']"
汇,"['匚', '水']"
潨,"['丿', '丶', '网', '水']"
泆,"['人', '水', '二']"
滀,"['玄', '田', '水']"
洪,"['一', '艸', '八', '水']"
潦,"['八', '水', '大', '小', '日']"
洎,"['自', '水']"
涢,"['贝', '水', '口']"
湜,"['日', '一', '水', '止']"
灃,"['山', '水', '豆']"
漳,"['日', '十', '水', '立']"
減,"['水', '厂', '戈', '一', '口']"
沛,"['十', '水', '巾']"
湓,"['刀', '八', '水', '皿']"
渊,"['人', '糸', '木', '水']"
澔,"['牛', '白', '水', '口']"
泞,"['宀', '一', '水', '亅']"
湿,"['日', '一', '八', '水']"
沙,"['丿', '水', '小']"
瀅,"['冖', '火', '玉', '水']"
溦,"['水', '山', '一', '几', '攴']"
溎,"['土', '木', '水']"
滍,"['一', '水', '虫', '屮']"
渡,"['广', '又', '廾', '水']"
浹,"['人', '大', '水']"
没,"['水', '殳']"
涂,"['干', '人', '水', '小']"
鿌,[]
洤,"['人', '玉', '水']"
澹,"['八', '水', '刀', '厂', '言']"
泄,"['廾', '水']"
沁,"['心', '水']"
泷,"['水', '龙']"
泥,"['尸', '匕', '水']"
汝,"['女', '水']"
滲,"['厶', '人', '水', '彡']"
澄,"['癶', '水', '豆']"
渫,"['廾', '木', '水']"
澤,"['土', '八', '水', '干', '网']"
汨,"['日', '水']"
滁,"['人', '水', '干', '阝', '小']"
渖,"['宀', '丨', '水', '日']"
澧,"['二', '凵', '豆', '水']"
汆,"['入', '水']"
沸,"['弓', '水']"
涪,"['水', '立', '口']"
滫,"['人', '水', '夂', '丨', '月']"
涧,"['门', '水', '日']"
洄,"['囗', '水']"
淦,"['金', '水']"
沍,"['一', '水', '彐']"
瀔,"['水', '士', '冖', '禾', '一', '殳']"
湾,"['八', '水', '丨', '弓', '亠', '亅']"
法,"['土', '水', '厶']"
渙,"['八', '水', '刀', '大', '冂']"
渝,"['人', '水', '刀', '月', '一']"
溌,"['癶', '水', '廾', '一', '乙']"
溯,"['八', '水', '屮', '月', '一']"
涉,"['丿', '止', '水', '小']"
漾,"['羊', '丶', '水']"
濿,"['二', '禸', '水', '丨', '厂', '艸', '冂']"
浠,"['一', '丿', '水', '巾']"
濳,"['日', '水', '牛', '儿']"
灝,"['水', '頁', '亠', '小', '日', '口']"
濒,"['丿', '止', '水', '页', '小']"
溵,"['丶', '水', '丨', '彐', '殳']"
沇,"['厶', '水', '儿']"
涮,"['刀', '尸', '水', '巾']"
淘,"['勹', '水', '缶']"
滙,"['匚', '隹', '水']"
澦,"['頁', '水', '亅', '乙']"
油,"['二', '丨', '水', '凵']"
渲,"['宀', '一', '水', '日']"
潆,"['冖', '艸', '糸', '水']"
潝,"['人', '水', '羽', '一', '口']"
淖,"['日', '十', '卜', '水']"
沿,"['几', '水', '口']"
混,"['日', '水', '比']"
潑,"['殳', '癶', '水', '弓']"
溍,"['日', '一', '八', '水']"
波,"['皮', '水']"
汩,"['曰', '水']"
潛,"['日', '无', '水', '丿']"
涘,"['厶', '水', '矢']"
汔,"['一', '丿', '水', '乙']"
漎,"['人', '彳', '水', '止']"
漼,"['隹', '山', '水']"
漥,"['土', '穴', '水']"
涜,"['冖', '儿', '水', '士']"
沣,"['一', '丨', '水', '二']"
汐,"['水', '夕']"
濕,"['日', '幺', '火', '水']"
洁,"['水', '口', '士']"
瀟,"['一', '艸', '聿', '水']"
灕,"['凵', '禸', '丿', '水', '隹', '亠']"
浓,"['水', '巾']"
滟,"['二', '水', '色', '丨', '一']"
湨,"['目', '水', '犬']"
滎,"['冖', '火', '水']"
洵,"['勹', '水', '日']"
汎,"['几', '水', '丶']"
河,"['一', '口', '水', '亅']"
淠,"['一', '田', '水']"
滅,"['火', '水', '厂', '戈', '一']"
漠,"['日', '艸', '大', '水']"
涴,"['宀', '水', '乙', '夕']"
灨,"['水', '夂', '十', '貝', '工', '日', '立']"
浜,"['斤', '一', '八', '水']"
潏,"['八', '水', '冂', '矛', '口']"
渑,"['黾', '水']"
溧,"['襾', '木', '水']"
渹,"['勹', '水', '言']"
滻,"['生', '水', '立', '厂']"
淜,"['月', '水']"
湱,"['二', '水', '丨', '一', '石']"
泲,"['丨', '水']"
漰,"['月', '山', '水']"
淼,['水']
淝,"['月', '丨', '水', '乙']"
液,"['人', '丶', '水', '夂', '亠']"
渐,"['斤', '车', '水']"
瀒,"['人', '水', '木', '囗', '一']"
洿,"['二', '大', '水']"
漶,"['心', '水', '口', '丨']"
濔,"['八', '水', '巾', '丨', '爻', '一']"
漤,"['女', '木', '水']"
湯,"['日', '一', '勹', '水']"
涬,"['干', '土', '八', '水']"
澌,"['八', '水', '斤', '一', '甘']"
溘,"['土', '水', '皿', '厶']"
濫,"['丿', '丶', '水', '臣', '皿', '一']"
溥,"['丶', '水', '寸', '用', '十']"
涡,"['冂', '人', '水', '口']"
潢,"['二', '凵', '八', '水', '丨', '一', '艸']"
瀏,"['刀', '金', '水', '卩']"
濶,"['水', '門', '舌']"
溉,"['丶', '水', '无', '丨', '彐', '乙']"
澣,"['人', '水', '干', '十', '日']"
浆,"['爿', '水', '夕']"
沌,"['十', '水', '屮', '乙']"
潋,"['人', '水', '小', '一', '攴']"
嘲,"['日', '十', '月', '口']"
吃,"['一', '丿', '口', '乙']"
呭,"['廾', '口']"
嗃,"['高', '口']"
咲,"['一', '大', '八', '口']"
啧,"['一', '土', '贝', '口']"
噦,"['止', '丿', '厂', '戈', '小', '一', '口']"
哝,"['口', '巾']"
員,"['貝', '口']"
吚,"['丨', '彐', '口']"
噂,"['寸', '八', '酉', '口']"
嚮,"['丿', '丶', '乙', '丨', '彐', '阝', '宀', '口']"
嘵,"['土', '一', '口', '儿']"
喇,"['刀', '木', '口']"
呆,"['木', '口']"
嘠,"['丿', '冖', '戈', '月', '一', '口']"
名,"['口', '夕']"
呛,"['人', '口', '乙']"
嗣,"['冂', '一', '艸', '口']"
唫,"['金', '口']"
叧,"['刀', '口']"
啣,"['干', '卩', '口', '止']"
嘬,"['又', '耳', '曰', '口']"
后,"['一', '口', '⺁']"
咆,"['勹', '己', '口']"
嗷,"['丿', '土', '口', '一', '攴']"
咺,"['日', '一', '口']"
哉,"['土', '戈', '口']"
呸,"['丿', '一', '卜', '口']"
哰,"['宀', '牛', '口']"
叫,"['丨', '口']"
喑,"['音', '口']"
吟,"['人', '丶', '口']"
和,"['禾', '口']"
嗑,"['土', '皿', '厶', '口']"
嚓,"['月', '示', '卩', '宀', '口']"
喏,"['一', '丿', '艸', '口']"
啮,"['齿', '口']"
吊,"['口', '巾']"
啔,"['户', '戈', '口']"
唷,"['月', '厶', '亠', '口']"
咳,"['人', '亠', '丨', '口']"
呜,"['一', '丶', '口']"
唯,"['隹', '口']"
喚,"['八', '刀', '大', '口', '冂']"
呠,"['一', '木', '口']"
啖,"['火', '口']"
囃,"['人', '隹', '木', '亠', '口']"
唠,"['冖', '力', '艸', '口']"
哮,"['子', '老', '口']"
咱,"['自', '口']"
咝,"['一', '口']"
吕,['口']
君,"['丨', '彐', '口']"
啐,"['十', '亠', '人', '口']"
吳,"['大', '口']"
呈,"['玉', '口']"
噁,"['心', '二', '口']"
嘩,"['二', '丨', '一', '艸', '口']"
吿,"['牛', '口']"
启,"['户', '口']"
嘘,"['虍', '一', '八', '口']"
嘿,"['黑', '口']"
嚶,"['女', '貝', '口']"
嗽,"['欠', '木', '口']"
叴,"['丿', '口']"
咾,"['老', '口']"
咈,"['弓', '口']"
啈,"['干', '土', '八', '口']"
嗌,"['一', '皿', '八', '口']"
嘸,"['火', '口']"
唡,"['冂', '一', '人', '口']"
哞,"['牛', '厶', '口']"
喃,"['八', '干', '十', '口', '冂']"
唢,"['小', '贝', '口']"
呎,"['尸', '口']"
哏,"['艮', '口']"
喫,"['二', '刀', '丨', '大', '一', '口']"
噹,"['冖', '小', '田', '口']"
咨,"['欠', '口', '冫']"
噕,"['丿', '火', '口', '爪']"
嚬,"['止', '丿', '小', '頁', '口']"
噣,"['勹', '网', '虫', '口']"
嗢,"['日', '皿', '口']"
只,"['八', '口']"
叺,"['入', '口']"
喨,"['冖', '亠', '几', '口']"
咬,"['丿', '亠', '八', '口']"
嚴,"['口', '攴', '厂', '耳']"
囒,"['八', '丨', '木', '口', '艸', '門']"
哄,"['一', '八', '艸', '口']"
响,"['宀', '口']"
哲,"['斤', '手', '口']"
哕,"['山', '口', '夕']"
嘜,"['麥', '口']"
唗,"['口', '走']"
唟,"['土', '乙', '厶', '一', '口']"
咤,"['宀', '一', '口', '乙']"
呇,"['水', '口']"
嗒,"['一', '人', '艸', '口']"
哴,"['艮', '丶', '口']"
售,"['隹', '口']"
喪,"['土', '口', '乙']"
囓,"['二', '齒', '刀', '丨', '一', '口']"
嚨,"['龍', '口']"
哩,"['里', '口']"
嚕,"['日', '魚', '口']"
嚱,"['虍', '戈', '豆', '口']"
咵,"['二', '大', '口']"
嘻,"['一', '八', '口', '士']"
唆,"['厶', '夂', '八', '口']"
喹,"['土', '大', '口']"
噥,"['二', '凵', '辰', '口']"
吩,"['刀', '八', '口']"
嗾,"['丿', '方', '矢', '一', '口']"
咢,"['二', '口']"
唈,"['邑', '口']"
咥,"['至', '口']"
囑,"['虫', '水', '尸', '勹', '网', '口']"
嗿,"['貝', '人', '丶', '口']"
吥,"['丿', '一', '卜', '口']"
嚣,"['口', '页']"
嚃,"['网', '口', '辵']"
司,"['一', '口']"
命,"['一', '人', '口', '卩']"
嚄,"['隹', '又', '艸', '口']"
呓,"['艸', '口', '乙']"
唚,"['冖', '又', '彐', '口']"
呗,"['贝', '口']"
嚜,"['土', '黑', '口']"
喦,"['山', '口']"
駡,"['馬', '口']"
嗓,"['又', '木', '口']"
召,"['刀', '口']"
唙,"['火', '口', '犬']"
唎,"['禾', '刀', '口']"
呴,"['勹', '口']"
呕,"['丿', '匚', '口']"
喸,"['丶', '乙', '用', '十', '一', '口']"
叱,"['匕', '口']"
喒,"['日', '夂', '卜', '口']"
啵,"['皮', '水', '口']"
喝,"['勹', '人', '曰', '口']"
問,"['口', '門']"
咊,"['禾', '口']"
呟,"['玄', '口']"
嚀,"['心', '亅', '皿', '宀', '一', '口']"
噍,"['火', '隹', '口']"
啉,"['木', '口']"
另,"['力', '口']"
商,"['亠', '八', '口', '冂']"
嘆,"['二', '人', '丨', '廾', '口']"
呤,"['人', '丶', '口']"
古,"['十', '口']"
号,"['一', '口']"
嘧,"['心', '丿', '山', '宀', '口']"
囁,"['耳', '口']"
嗇,"['土', '囗', '人']"
咉,"['冂', '大', '口']"
呫,"['卜', '口']"
嘟,"['日', '老', '阝', '口']"
唽,"['斤', '木', '口']"
吹,"['欠', '口']"
噜,"['鱼', '日', '口']"
哌,"['⺁', '匚', '口']"
嘨,"['人', '木', '糸', '聿', '口']"
吭,"['亠', '几', '口']"
嗯,"['心', '囗', '大', '口']"
嘦,"['女', '襾', '八', '口']"
吱,"['支', '口']"
啎,"['一', '干', '口', '力']"
咣,"['小', '一', '口', '儿']"
嗝,"['鬲', '口']"
咎,"['口', '卜', '夂']"
呷,"['冂', '二', '丨', '口']"
周,"['田', '口']"
唲,"['臼', '口', '儿']"
吸,"['丿', '口']"
営,"['冖', '口', '小']"
喊,"['一', '戈', '厂', '口']"
嚙,"['齒', '口']"
叮,"['一', '亅', '口']"
唉,"['厶', '口', '矢']"
咫,"['尸', '八', '口']"
咯,"['夂', '口']"
哗,"['十', '匕', '人', '口']"
噢,"['宀', '大', '米', '口']"
嚼,"['丶', '爪', '乙', '丨', '寸', '彐', '网', '口']"
呰,"['止', '匕', '口']"
嗦,"['冖', '十', '糸', '口']"
哓,"['一', '口', '儿']"
句,"['勹', '口']"
呙,"['冂', '人', '口']"
啢,"['一', '入', '口', '巾']"
嗙,"['八', '冖', '亠', '方', '口']"
嘓,"['一', '囗', '戈', '口']"
嚢,"['二', '八', '丨', '冖', '十', '一', '口']"
哨,"['月', '小', '口']"
呦,"['幺', '力', '口']"
嗄,"['一', '夂', '自', '口']"
噪,"['木', '口']"
喳,"['日', '一', '木', '口']"
啦,"['立', '口', '手']"
吞,"['一', '大', '口']"
喙,"['勹', '彐', '口']"
啚,"['十', '囗', '口']"
噆,"['日', '丿', '无', '口']"
咚,"['夂', '口', '丶']"
啶,"['宀', '一', '口', '止']"
哥,"['一', '口', '亅']"
嚲,"['子', '二', '丨', '十', '亠', '口', '冂']"
嘏,"['二', '又', '十', '尸', '口']"
可,"['一', '口', '亅']"
唬,"['虍', '几', '口']"
喂,"['一', '田', '口', '乙']"
噫,"['心', '音', '口']"
噞,"['一', '人', '口']"
嚔,"['止', '厶', '冖', '十', '田', '口']"
呪,"['口', '儿']"
喩,"['人', '川', '月', '一', '口']"
喣,"['勹', '火', '口']"
兽,"['一', '田', '八', '口']"
吣,"['心', '口']"
咧,"['刀', '歹', '口']"
呱,"['瓜', '口']"
喘,"['而', '山', '口']"
唹,"['人', '丶', '方', '口']"
噳,"['虍', '一', '大', '口']"
嗔,"['八', '十', '目', '一', '口']"
呣,"['毋', '口']"
哎,"['丿', '艸', '口']"
唛,"['麦', '口']"
嚳,"['牛', '爻', '冖', '臼', '口']"
嚥,"['火', '匕', '廾', '口']"
吒,"['一', '口', '乙']"
嗜,"['日', '老', '口']"
噗,"['羊', '一', '八', '口']"
史,"['丿', '丨', '口']"
唱,"['日', '口']"
啜,"['又', '口']"
喭,"['彡', '厂', '立', '口']"
嚚,"['口', '臣']"
噇,"['里', '立', '口']"
叼,['口']
呡,"['一', '己', '口']"
叵,"['匚', '口']"
唑,"['土', '人', '口']"
吁,"['干', '亅', '口']"
噋,"['子', '亠', '攴', '口']"
唰,"['刀', '尸', '口', '巾']"
啯,"['囗', '玉', '口']"
嗶,"['二', '丨', '田', '一', '艸', '口']"
哜,"['齐', '口']"
哵,"['刀', '力', '口']"
啕,"['勹', '口', '缶']"
嗵,"['用', '口', '辵']"
吗,"['马', '口']"
哫,"['足', '口']"
噷,"['欠', '音', '口']"
咴,"['丿', '火', '一', '口']"
吲,"['丨', '弓', '口']"
呏,"['艸', '口']"
呵,"['一', '亅', '口']"
吠,"['口', '犬']"
喈,"['比', '白', '口']"
噀,"['一', '八', '艸', '口']"
嗚,"['一', '丶', '火', '口']"
喧,"['宀', '一', '日', '口']"
叩,"['口', '卩']"
哭,"['口', '犬']"
嗖,"['臼', '丨', '口', '又']"
唕,"['十', '白', '口']"
吉,"['口', '士']"
呌,"['斗', '口']"
吼,"['子', '口', '乙']"
吡,"['比', '口']"
嚠,"['刀', '金', '口', '卩']"
哀,"['衣', '口']"
哑,"['一', '八', '口']"
嘗,"['匕', '冖', '小', '日', '口']"
嗍,"['八', '屮', '月', '一', '口']"
呝,"['户', '口', '乙']"
嘣,"['月', '山', '口']"
噺,"['十', '小', '斤', '立', '口']"
啡,"['非', '口']"
嘁,"['卜', '厂', '戈', '小', '一', '口']"
噝,"['糸', '口']"
嘂,"['丨', '口']"
嗁,"['虍', '⺁', '几', '口']"
呹,"['二', '人', '口']"
囍,"['一', '八', '口', '士']"
吪,"['人', '匕', '口']"
呋,"['二', '人', '口']"
啇,"['子', '亠', '欠', '八']"
哙,"['二', '人', '厶', '口']"
唪,"['二', '八', '丨', '一', '口']"
呻,"['日', '丨', '口']"
喲,"['勹', '丶', '糸', '口']"
嘀,"['子', '八', '亠', '欠', '口']"
喰,"['食', '口']"
呶,"['女', '又', '口']"
呼,"['一', '丿', '八', '口']"
哺,"['十', '丶', '用', '口']"
嗅,"['自', '口', '犬']"
嚷,"['一', '二', '衣', '口']"
呬,"['囗', '口', '儿']"
啊,"['一', '亅', '阝', '口']"
哟,"['勹', '丶', '纟', '口']"
咙,"['龙', '口']"
囔,"['二', '丨', '冖', '十', '一', '口']"
咍,"['厶', '口']"
叶,"['十', '口']"
啙,"['止', '匕', '口']"
呲,"['止', '匕', '口']"
囀,"['丨', '寸', '車', '十', '日', '口']"
啰,"['网', '口', '夕']"
啁,"['田', '口']"
吢,"['心', '口']"
啭,"['二', '车', '丨', '口']"
嚏,"['冖', '十', '疋', '田', '口']"
噎,"['冖', '豆', '口', '士']"
嘡,"['冖', '土', '口', '小']"
咔,"['一', '卜', '口']"
咮,"['一', '木', '口']"
吆,"['幺', '口']"
哽,"['丿', '丨', '日', '一', '口']"
啪,"['白', '手', '口']"
唤,"['冂', '刀', '大', '口']"
嗆,"['人', '丶', '丨', '彐', '口']"
喾,"['冖', '小', '牛', '口']"
喌,"['川', '口', '丶']"
嘹,"['八', '大', '小', '日', '口']"
咅,"['立', '口']"
吧,"['丨', '口', '乙']"
噽,"['丿', '八', '卜', '士', '一', '口']"
嗟,"['羊', '口', '工']"
啟,"['户', '攴', '口']"
噲,"['人', '八', '丨', '日', '一', '口']"
哶,"['干', '卜', '口']"
哳,"['斤', '手', '口']"
唵,"['乙', '丨', '大', '日', '口']"
嗈,"['川', '邑', '口']"
噐,"['口', '工']"
嚎,"['冖', '亠', '豕', '口']"
咠,"['耳', '口']"
噑,"['十', '白', '口', '冫']"
叾,"['口', '亅']"
咋,"['丿', '二', '丨', '一', '口']"
囂,"['頁', '口']"
呂,"['囗', '丶', '口']"
嗡,"['厶', '羽', '八', '口']"
嗎,"['馬', '口']"
咡,"['耳', '口']"
囅,"['二', '乙', '丨', '十', '口', '尸', '一', '艸', '冂']"
唏,"['一', '丿', '口', '巾']"
嘋,"['子', '老', '攴', '口']"
啥,"['干', '人', '口']"
咀,"['月', '一', '口']"
咸,"['一', '戈', '厂', '口']"
噶,"['人', '勹', '曰', '艸', '口']"
噻,"['二', '土', '八', '宀', '一', '口']"
哧,"['赤', '口']"
咖,"['力', '口']"
唣,"['一', '白', '口', '乙']"
啷,"['丶', '乙', '丨', '彐', '阝', '口']"
嘮,"['冖', '火', '力', '口']"
呃,"['厂', '口', '乙']"
啤,"['二', '丶', '丨', '十', '口', '冂']"
啓,"['户', '攴', '口']"
咷,"['冫', '口', '儿']"
台,"['厶', '口']"
嚵,"['丶', '乙', '刀', '丨', '比', '口']"
噌,"['日', '丨', '八', '口']"
啞,"['二', '口']"
嗫,"['耳', '又', '口']"
嘖,"['土', '貝', '一', '口']"
咜,"['宀', '匕', '口']"
嘴,"['止', '角', '匕', '口']"
噅,"['丿', '火', '口', '爪']"
啴,"['二', '八', '丨', '十', '口', '冂']"
哈,"['一', '人', '口']"
嘤,"['女', '口']"
唼,"['女', '立', '口']"
呒,"['无', '口']"
唳,"['户', '口', '犬']"
吏,"['丿', '十', '丨', '口']"
嘌,"['襾', '口', '示']"
吵,"['丿', '小', '口']"
嘉,"['八', '士', '口', '一', '力']"
吾,"['一', '口', '力']"
囊,"['二', '丨', '冖', '十', '一', '口']"
吻,"['勹', '口']"
咻,"['人', '木', '口']"
喜,"['一', '八', '口', '士']"
呐,"['冂', '人', '口']"
嗸,"['丿', '土', '口', '一', '攴']"
喵,"['田', '艸', '口']"
囈,"['丿', '土', '丶', '八', '二', '厶', '艸', '口']"
哒,"['大', '口', '辵']"
吰,"['丿', '厶', '一', '口']"
喋,"['木', '廾', '口']"
咦,"['大', '弓', '口']"
哆,"['口', '夕']"
吓,"['一', '卜', '口']"
啌,"['穴', '口', '工']"
各,"['口', '夂']"
嗥,"['十', '大', '白', '口']"
啻,"['八', '巾', '冖', '亠', '口']"
咐,"['人', '寸', '口']"
嘍,"['女', '十', '口']"
啗,"['臼', '刀', '口']"
噤,"['木', '口', '示']"
嘽,"['二', '丨', '十', '口', '冂']"
呖,"['力', '厂', '口']"
噯,"['心', '夂', '爪', '冖', '口']"
咽,"['囗', '大', '口']"
囉,"['隹', '网', '糸', '口']"
虽,"['虫', '口']"
喷,"['十', '贝', '艸', '口']"
嚇,"['赤', '口']"
喿,"['木', '口']"
嚆,"['艸', '高', '口']"
嗹,"['車', '口', '辵']"
叽,"['几', '口']"
噙,"['人', '凵', '禸', '丿', '亠', '口']"
嗩,"['小', '貝', '口']"
呧,"['丶', '氏', '口']"
咒,"['几', '口']"
喆,['吉']
啾,"['禾', '火', '口']"
唸,"['心', '人', '丶', '口']"
噸,"['乙', '屮', '十', '頁', '口']"
啸,"['小', '聿', '口']"
嘱,"['冂', '尸', '虫', '口']"
咏,"['丶', '口']"
喉,"['人', '口', '矢']"
唇,"['辰', '口']"
啑,"['十', '聿', '口', '止']"
咿,"['人', '丨', '彐', '口']"
囌,"['禾', '艸', '魚', '口']"
啼,"['八', '巾', '冖', '亠', '口']"
嘐,"['人', '羽', '彡', '口']"
嗛,"['一', '八', '彐', '口']"
口,['口']
唖,"['二', '口']"
噬,"['竹', '人', '口', '工']"
噓,"['丨', '㇙', '虍', '一', '口']"
嗨,"['丿', '水', '毋', '一', '口']"
嗤,"['一', '虫', '屮', '口']"
叨,"['刀', '口']"
员,"['贝', '口']"
嚭,"['丿', '八', '卜', '士', '一', '口']"
唝,"['贝', '口', '工']"
咄,"['山', '口']"
咛,"['宀', '一', '亅', '口']"
嚐,"['匕', '冖', '小', '日', '口']"
哔,"['比', '十', '口']"
同,"['一', '口', '冂']"
吮,"['厶', '口', '儿']"
器,"['口', '犬']"
嗐,"['二', '丨', '宀', '一', '口']"
吷,"['人', '丨', '口']"
右,"['一', '丿', '口']"
喀,"['宀', '夂', '口']"
喬,"['冂', '大', '口']"
喻,"['人', '刀', '月', '一', '口']"
咕,"['十', '口']"
嘒,"['彐', '口']"
唁,"['口', '言']"
嗧,"['人', '冂', '力', '一', '艸', '口']"
夻,"['大', '口']"
嗭,"['乙', '十', '目', '一', '口']"
噭,"['方', '白', '口', '攴']"
嗳,"['丿', '又', '爪', '冖', '一', '口']"
合,"['一', '人', '口']"
嗉,"['一', '土', '糸', '口']"
嚅,"['而', '口', '雨']"
喤,"['玉', '白', '口']"
喟,"['月', '田', '口']"
哐,"['匚', '玉', '口']"
噠,"['羊', '土', '口', '辵']"
告,"['牛', '口']"
嘷,"['十', '自', '口', '冫']"
品,['口']
啃,"['月', '止', '口']"
吋,"['寸', '口']"
噴,"['貝', '十', '艸', '口']"
噩,"['玉', '口']"
哪,"['二', '丨', '阝', '口']"
嘔,"['匚', '口']"
噛,"['⻭', '口']"
唄,"['貝', '口']"
呑,"['大', '口']"
卟,"['卜', '口']"
單,"['二', '丨', '冂', '十', '口']"
哇,"['土', '口']"
喔,"['尸', '至', '口']"
吴,"['一', '大', '口']"
喽,"['女', '米', '口']"
味,"['一', '木', '口']"
呺,"['一', '口']"
嗞,"['幺', '一', '八', '口']"
叹,"['又', '口']"
吶,"['冂', '入', '口']"
嚦,"['禾', '止', '厂', '口']"
喁,"['二', '禸', '丨', '口', '冂']"
叭,"['八', '口']"
吐,"['土', '口']"
哢,"['玉', '廾', '口']"
嗪,"['二', '八', '丨', '禾', '一', '口']"
噘,"['八', '屮', '厂', '一', '欠', '口']"
嗼,"['日', '大', '艸', '口']"
哤,"['丿', '丶', '乙', '彡', '一', '口']"
哿,"['一', '口', '亅', '力']"
唾,"['十', '艸', '口', '士']"
否,"['丿', '一', '卜', '口']"
嚻,"['頁', '口']"
含,"['人', '丶', '口']"
嘛,"['麻', '口']"
嗊,"['貝', '口', '工']"
向,"['宀', '口']"
呿,"['土', '厶', '口']"
善,"['羊', '一', '八', '口']"
嘯,"['一', '聿', '口']"
咼,"['口', '冂']"
噚,"['寸', '彐', '口', '工']"
哦,"['戈', '手', '口']"
嘎,"['一', '戈', '自', '口']"
呉,"['一', '八', '口']"
喱,"['里', '厂', '口']"
唶,"['日', '一', '艸', '口']"
嘰,"['幺', '人', '戈', '口']"
唐,"['广', '聿', '口']"
吝,"['文', '口']"
喞,"['匕', '白', '口', '卩']"
嘈,"['二', '凵', '日', '艸', '口']"
噱,"['虍', '豕', '口']"
啬,"['土', '囗', '八']"
听,"['斤', '口']"
機,"['幺', '人', '戈', '木']"
樿,"['二', '丨', '木', '十', '口', '冂']"
櫜,"['卜', '夂', '丨', '木', '冖', '十', '口']"
樹,"['十', '木', '寸', '豆']"
柽,"['土', '又', '木']"
檴,"['隹', '又', '木', '艸']"
檠,"['木', '口', '勹', '艸', '攴']"
樊,"['爻', '大', '木']"
枕,"['木', '乙', '巾']"
梿,"['车', '木', '辵']"
槭,"['卜', '木', '厂', '戈', '小', '一']"
槽,"['二', '凵', '木', '日', '艸']"
槐,"['鬼', '木']"
株,"['一', '木']"
植,"['一', '十', '目', '木']"
染,"['丿', '木', '水']"
栖,"['襾', '木']"
椹,"['匚', '甘', '木', '儿']"
栃,"['丿', '一', '木', '⺁']"
栰,"['人', '戈', '木']"
權,"['隹', '木', '艸', '口']"
桩,"['土', '广', '木']"
梼,"['二', '丨', '木', '寸', '一']"
橵,"['木', '月', '一', '艸', '攴']"
榆,"['人', '刀', '木', '月', '一']"
檞,"['牛', '角', '刀', '木']"
檩,"['囗', '亠', '木', '示']"
榱,"['一', '囗', '衣', '木']"
栳,"['木', '老']"
棢,"['丶', '八', '匸', '木', '一', '冂']"
椑,"['二', '丶', '丨', '木', '十', '冂']"
檢,"['一', '人', '木']"
板,"['又', '木', '⺁']"
棥,"['爻', '木']"
極,"['亅', '又', '木', '一', '口']"
橙,"['癶', '木', '豆']"
棰,"['十', '木', '艸', '士']"
榎,"['一', '自', '木', '夂']"
楎,"['冖', '車', '木']"
枏,"['二', '木', '冂']"
橒,"['二', '木', '厶', '雨']"
櫞,"['勹', '木', '糸', '彐']"
樗,"['二', '木', '雨']"
柂,"['丿', '丨', '木', '一', '乙']"
樓,"['女', '十', '木', '口']"
楊,"['日', '一', '勹', '木']"
橐,"['丨', '木', '冖', '十', '石', '口']"
樛,"['人', '羽', '木', '彡']"
楳,"['甘', '木']"
榧,"['匚', '木', '非']"
杻,"['二', '刀', '木']"
榴,"['木', '田', '卩']"
檎,"['人', '凵', '禸', '丿', '木', '亠']"
枇,"['比', '木']"
柸,"['丿', '一', '木', '卜']"
檳,"['丿', '木', '貝', '小', '宀', '一']"
柈,"['二', '丨', '木', '八']"
桨,"['爿', '木', '夕']"
樺,"['二', '丨', '木', '一', '艸']"
橿,"['田', '一', '木', '二']"
梲,"['木', '八', '口', '儿']"
標,"['襾', '木', '示']"
杶,"['十', '木', '屮', '乙']"
榘,"['匚', '木', '矢']"
桤,"['己', '木', '山']"
楀,"['虫', '木', '冂']"
杤,"['丿', '一', '木']"
樏,"['木', '糸', '田']"
槹,"['十', '白', '木', '冫']"
柘,"['木', '石']"
栗,"['襾', '木']"
橛,"['八', '木', '屮', '厂', '一', '欠']"
枾,"['二', '丨', '木']"
構,"['二', '土', '木', '一', '冂']"
桌,"['日', '木', '卜']"
椭,"['丿', '木', '阝', '月', '一']"
檔,"['木', '冖', '田', '小', '口']"
杈,"['丶', '又', '木']"
梠,"['木', '口']"
桫,"['丿', '木', '水', '小']"
栅,"['一', '木', '冂']"
欞,"['人', '雨', '木', '工', '口']"
柳,"['木', '卩']"
棚,"['月', '木']"
橧,"['八', '丨', '木', '日', '口']"
朴,"['木', '卜']"
榉,"['二', '八', '丨', '木', '小', '一']"
椁,"['子', '亠', '木', '口']"
枓,"['木', '斗']"
樠,"['入', '木', '廾', '巾']"
栩,"['羽', '木']"
枰,"['干', '木', '八']"
枻,"['木', '廾']"
檨,"['羊', '欠', '木', '冫']"
椲,"['木', '韋']"
梮,"['尸', '木', '口']"
棁,"['木', '八', '口', '儿']"
檇,"['隹', '丨', '木']"
杨,['木']
槎,"['羊', '木', '工']"
柄,"['一', '木', '人', '冂']"
楬,"['勹', '人', '曰', '木']"
桄,"['一', '木', '小', '儿']"
桜,"['女', '木', '小']"
槛,"['丿', '丶', '丨', '木', '皿', '一']"
楄,"['户', '木', '艸', '冂']"
栟,"['一', '八', '木', '廾']"
椴,"['丨', '木', '殳']"
杆,"['干', '木']"
槿,"['丨', '木', '廾', '玉', '口']"
柏,"['白', '木']"
柞,"['丿', '二', '丨', '木', '一']"
椎,"['隹', '木']"
椰,"['木', '阝', '耳']"
杸,"['木', '殳']"
桴,"['子', '木', '爪']"
检,"['一', '人', '木', '小']"
枵,"['一', '木', '口']"
棓,"['木', '立', '口']"
柬,"['丨', '木', '八', '口']"
槀,"['木', '高']"
桯,"['玉', '木', '口']"
橕,"['木', '冖', '口', '小', '牙']"
檜,"['人', '八', '丨', '木', '日', '一', '口']"
桁,"['木', '行']"
橴,"['止', '匕', '木', '糸']"
橊,"['一', '木', '田']"
楯,"['十', '目', '木', '⺁']"
欒,"['糸', '木', '言']"
李,"['子', '木']"
業,"['一', '木', '八']"
棲,"['女', '十', '聿', '木']"
桉,"['宀', '木', '女']"
栛,"['木', '力']"
柹,"['丨', '木']"
杩,"['马', '木']"
槌,"['丶', '木', '己', '辵']"
橫,"['黃', '木']"
橼,"['勹', '木', '纟', '彐']"
桮,"['丿', '卜', '木', '一', '口']"
檯,"['士', '木', '冖', '至', '口']"
榾,"['骨', '木']"
柠,"['宀', '一', '木', '亅']"
槖,"['冖', '木', '石', '士']"
槻,"['人', '木', '見', '二']"
枹,"['勹', '木', '己']"
椧,"['人', '木', '卩', '一', '口']"
案,"['宀', '木', '女']"
槥,"['木', '彐']"
棳,"['又', '木']"
橹,"['鱼', '木', '日']"
楷,"['比', '白', '木']"
杵,"['干', '木']"
槩,"['无', '匕', '白', '木']"
橅,"['火', '木']"
柶,"['囗', '木', '儿']"
梃,"['廴', '木', '士']"
楼,"['女', '木', '米']"
檼,"['心', '爪', '木', '彐', '工']"
樳,"['木', '寸', '彐', '工', '口']"
柮,"['木', '山']"
樫,"['土', '又', '木', '臣']"
林,['木']
櫆,"['鬼', '木', '斗']"
榮,"['冖', '火', '木']"
桊,"['二', '丨', '八', '木']"
柝,"['斤', '丶', '木']"
枪,"['人', '木', '乙']"
棨,"['户', '木', '攴']"
棙,"['户', '木', '犬']"
榛,"['二', '八', '丨', '木', '禾', '一']"
构,"['勹', '厶', '木']"
梖,"['貝', '木']"
榨,"['丿', '二', '丨', '木', '穴', '一']"
桎,"['木', '至']"
梻,"['人', '木', '弓']"
棯,"['心', '人', '丶', '木']"
杙,"['弋', '木']"
栫,"['丿', '子', '人', '木', '一']"
柲,"['心', '丿', '木']"
橰,"['十', '自', '木', '冫']"
杂,"['丿', '十', '小']"
根,"['艮', '木']"
栵,"['刀', '木']"
橄,"['攴', '木', '耳']"
梹,"['斤', '一', '木', '八']"
枼,"['木', '廾']"
框,"['匚', '玉', '木']"
樻,"['丨', '木', '貝', '一', '口']"
杲,"['日', '木']"
橓,"['冖', '舛', '木', '爪']"
櫧,"['日', '木', '老', '言']"
椠,"['斤', '车', '木']"
欑,"['貝', '木', '牛', '儿']"
梏,"['牛', '木', '口']"
櫃,"['匚', '丨', '木', '貝', '一', '口']"
杓,"['勹', '丶', '木']"
楨,"['貝', '木', '卜']"
棗,"['木', '冂']"
楠,"['八', '干', '木', '十', '冂']"
柒,"['一', '木', '水', '乙']"
榄,"['丿', '丶', '丨', '木', '见', '一']"
棜,"['人', '丶', '木', '方']"
橤,"['心', '木']"
樕,"['欠', '木', '口']"
榫,"['十', '隹', '木']"
森,['木']
栭,"['而', '木']"
楹,"['丿', '又', '木', '皿']"
枝,"['支', '木']"
极,"['丿', '木']"
樵,"['火', '隹', '木']"
梆,"['二', '丨', '木', '阝', '一']"
机,"['几', '木']"
榀,"['木', '口']"
槕,"['日', '木', '卜']"
桭,"['木', '辰']"
杠,"['木', '工']"
梯,"['丨', '木', '八', '弓']"
橚,"['一', '聿', '木']"
榕,"['宀', '木', '谷']"
枥,"['木', '厂', '力']"
枴,"['刀', '木', '口']"
枉,"['玉', '木']"
枑,"['一', '木', '彐']"
槜,"['丿', '隹', '木']"
棻,"['刀', '艸', '八', '木']"
棅,"['禾', '木', '彐']"
櫌,"['心', '丿', '夂', '木', '冖', '月', '一']"
榌,"['飛', '木']"
栿,"['人', '木', '犬']"
椳,"['一', '木', '田', '乙']"
查,"['日', '一', '木']"
档,"['小', '木', '彐']"
梎,"['白', '匕', '木']"
橁,"['勹', '木', '竹', '日']"
栻,"['弋', '木', '工']"
槚,"['襾', '贝', '木']"
橱,"['寸', '木', '厂', '豆']"
椮,"['厶', '大', '木', '彡']"
樞,"['匚', '木', '口']"
杞,"['木', '己']"
栎,"['木', '小']"
柊,"['丶', '木', '夂']"
楘,"['矛', '木', '攴']"
樁,"['二', '八', '丨', '木', '臼', '一']"
枬,"['亠', '木', '冂']"
檥,"['羊', '戈', '木', '手']"
椅,"['亅', '大', '木', '一', '口']"
朵,"['几', '木']"
欏,"['隹', '木', '糸', '网']"
枭,"['丶', '木']"
栉,"['丨', '木', '艸']"
楽,"['白', '木', '冫']"
槍,"['人', '丶', '丨', '木', '彐', '口']"
櫂,"['羽', '木', '隹']"
格,"['口', '木', '夂']"
杢,"['木', '工']"
桚,"['川', '木', '夕']"
檿,"['月', '木', '厂', '犬', '日']"
榖,"['士', '木', '冖', '一', '殳']"
樾,"['匚', '戈', '木', '走']"
棹,"['日', '十', '木', '卜']"
椌,"['穴', '木', '工']"
棖,"['木', '長']"
楩,"['人', '丿', '丨', '木', '日', '一']"
樽,"['八', '寸', '木', '酉']"
檄,"['白', '木', '方', '攴']"
楣,"['目', '丨', '木']"
櫟,"['幺', '白', '木']"
桔,"['木', '口', '士']"
槇,"['目', '匕', '木', '八']"
横,"['二', '凵', '八', '丨', '木', '一', '艸']"
楔,"['二', '刀', '丨', '木', '大', '一']"
杳,"['日', '木']"
東,"['日', '木']"
棐,"['木', '非']"
柵,"['一', '木', '冂']"
梳,"['厶', '丨', '木', '亠', '儿']"
栽,"['土', '戈', '木']"
櫸,"['二', '八', '丨', '木', '臼', '一']"
楥,"['又', '爪', '干', '木', '亅']"
柰,"['木', '示']"
楙,"['矛', '木']"
桃,"['冫', '木', '儿']"
樚,"['鹿', '木']"
槮,"['厶', '人', '木', '彡']"
栴,"['丿', '木', '亠', '一', '冂']"
榇,"['十', '木', '立', '小']"
楓,"['木', '風']"
桿,"['日', '干', '木']"
槳,"['月', '爿', '木', '寸']"
樋,"['木', '用', '辵']"
椏,"['二', '木']"
榲,"['囗', '木', '人', '皿']"
朱,"['一', '木']"
棉,"['白', '木', '巾']"
榤,"['舛', '木']"
梧,"['一', '口', '木', '力']"
樑,"['刀', '水', '木', '八']"
桝,"['舛', '木']"
橔,"['子', '木', '亠', '攴', '口']"
検,"['人', '八', '丨', '木', '一', '口']"
椚,"['木', '門']"
槤,"['車', '木', '辵']"
棟,"['日', '木']"
桛,"['一', '木', '卜']"
杴,"['欠', '木']"
椊,"['十', '亠', '木', '人']"
槼,"['人', '木', '見', '二']"
楡,"['人', '木', '川', '月', '一']"
榊,"['日', '丨', '木', '示']"
杗,"['丶', '匸', '木']"
杇,"['二', '木']"
樣,"['羊', '丶', '木']"
椈,"['勹', '木', '米']"
椤,"['网', '木', '夕']"
棺,"['宀', '木', '己']"
札,"['木', '乙']"
欛,"['月', '木', '革', '雨']"
槔,"['大', '十', '白', '木']"
棠,"['冖', '小', '木', '口']"
样,"['羊', '木']"
欝,"['丶', '丨', '爻', '寸', '彐', '木', '网', '乙']"
楚,"['疋', '木']"
欅,"['八', '手', '丨', '木', '臼', '一']"
櫨,"['虍', '皿', '木', '田']"
楮,"['日', '木', '老']"
檣,"['土', '囗', '木', '人']"
樂,"['幺', '白', '木']"
栋,"['一', '木', '小', '乙']"
欃,"['丶', '乙', '刀', '丨', '木', '比', '口']"
棋,"['一', '甘', '木', '八']"
桦,"['十', '匕', '木', '人']"
桲,"['冖', '十', '木', '子']"
核,"['人', '亠', '丨', '木']"
楪,"['木', '廾']"
榷,"['隹', '木', '巾']"
槱,"['火', '木', '酉']"
椽,"['勹', '木', '彐']"
梗,"['丿', '丨', '木', '日', '一']"
槪,"['白', '匕', '木', '无']"
栾,"['八', '丨', '木', '亠', '亅']"
柚,"['二', '丨', '木', '凵']"
树,"['又', '木', '寸']"
杪,"['丿', '木', '小']"
棂,"['火', '木', '彐']"
櫼,"['人', '戈', '木', '韭']"
棕,"['宀', '木', '示']"
未,"['一', '木']"
檸,"['心', '木', '皿', '宀', '一', '亅']"
櫪,"['禾', '止', '木', '厂']"
棬,"['二', '八', '丨', '木', '乙']"
橦,"['里', '木', '立']"
楢,"['八', '木', '酉']"
柣,"['人', '木', '二']"
梴,"['止', '廴', '木']"
樒,"['心', '丿', '木', '山', '宀']"
椷,"['木', '厂', '戈', '一', '口']"
櫓,"['日', '木', '魚']"
杮,"['十', '木', '巾']"
棵,"['木', '田']"
櫅,"['齊', '木']"
椟,"['丶', '大', '木', '十', '乙']"
櫬,"['木', '見', '十', '小', '立']"
栍,"['木', '生']"
柿,"['亠', '木', '巾']"
條,"['人', '夂', '丨', '十', '小']"
梊,"['斤', '木', '手']"
檁,"['禾', '囗', '亠', '木']"
枠,"['丿', '木', '十']"
欙,"['木', '糸', '田']"
棪,"['火', '木']"
桐,"['一', '口', '木', '冂']"
棑,"['木', '非']"
棫,"['一', '戈', '木', '口']"
樘,"['土', '木', '冖', '小', '口']"
杯,"['丿', '一', '木', '卜']"
樨,"['牛', '尸', '木', '水']"
棱,"['土', '木', '八', '夂']"
栌,"['尸', '木', '卜']"
桀,"['舛', '木']"
槾,"['日', '网', '又', '木']"
柾,"['一', '木', '止']"
櫱,"['丶', '木', '屮', '辛', '己']"
桼,"['人', '木', '水']"
梂,"['丿', '丶', '水', '木', '一']"
樸,"['人', '二', '八', '木', '一']"
槑,"['木', '口']"
楦,"['宀', '一', '木', '日']"
柤,"['月', '一', '木']"
梅,"['一', '丿', '木', '毋']"
柎,"['人', '木', '寸']"
楞,"['网', '木', '方']"
榦,"['日', '十', '木', '人']"
橡,"['刀', '丨', '木', '勹', '口']"
模,"['日', '大', '木', '艸']"
榭,"['身', '木', '寸']"
檮,"['士', '乙', '木', '寸', '工', '一', '口']"
栓,"['人', '玉', '木']"
柺,"['力', '木', '口']"
梵,"['几', '木', '丶']"
术,"['丶', '木']"
櫈,"['癶', '八', '木', '一', '几', '口']"
枯,"['十', '木', '口']"
梢,"['月', '木', '小']"
楸,"['禾', '火', '木']"
枷,"['口', '木', '力']"
柯,"['一', '口', '木', '亅']"
梦,"['木', '夕']"
梔,"['乙', '丨', '木', '一', '⺁']"
杕,"['大', '木']"
柱,"['丶', '玉', '木']"
栝,"['木', '舌']"
栱,"['一', '艸', '木', '八']"
枚,"['木', '攴']"
槠,"['日', '木', '老', '讠']"
楅,"['田', '一', '木', '口']"
柁,"['宀', '匕', '木']"
梐,"['比', '土', '木']"
梱,"['囗', '木']"
櫝,"['貝', '网', '木', '士']"
枒,"['木', '牙']"
校,"['丿', '亠', '木', '八']"
杷,"['丨', '木', '乙']"
槙,"['八', '木', '十', '目', '一']"
栂,"['木', '毋']"
檍,"['心', '木', '音']"
樷,"['又', '木', '耳']"
枧,"['见', '木']"
榼,"['土', '木', '厶', '皿']"
榿,"['豆', '木', '山']"
桢,"['贝', '木', '卜']"
果,"['田', '木']"
桋,"['大', '木', '弓']"
杰,"['火', '木']"
杀,"['丿', '十', '小']"
橇,"['毛', '木']"
檾,"['冖', '火', '木']"
栘,"['木', '夕']"
朿,"['木', '冂']"
櫽,"['心', '爪', '木', '彐', '阝', '工']"
椛,"['人', '匕', '木', '艸']"
橋,"['冂', '大', '木', '口']"
杼,"['木', '亅', '乙']"
杌,"['一', '木', '儿']"
椒,"['又', '卜', '木', '小', '一']"
櫾,"['缶', '木', '糸', '爪']"
槢,"['羽', '白', '木']"
枋,"['木', '方']"
椵,"['又', '二', '尸', '木']"
楰,"['臼', '人', '木']"
檉,"['口', '玉', '木', '耳']"
樲,"['二', '弋', '木', '貝']"
榃,"['田', '木']"
梟,"['一', '丶', '木']"
樝,"['虍', '一', '木', '月']"
樢,"['鳥', '木']"
栊,"['木', '龙']"
村,"['木', '寸']"
杉,"['彡', '木']"
棧,"['戈', '木']"
析,"['斤', '木']"
朾,"['一', '木', '亅']"
柑,"['甘', '木']"
枌,"['刀', '木', '八']"
桹,"['艮', '丶', '木']"
枩,"['厶', '木', '八']"
欕,"['木', '厂', '耳', '攴', '口']"
柜,"['匚', '木']"
桷,"['角', '木']"
槧,"['車', '斤', '木']"
枟,"['二', '木', '厶']"
槨,"['子', '木', '亠', '阝', '口']"
桺,"['一', '木']"
樯,"['土', '囗', '木', '八']"
棒,"['二', '八', '丨', '木', '一']"
棊,"['一', '甘', '八', '木']"
栏,"['一', '木', '八', '二']"
橢,"['丿', '木', '阝', '工', '月', '一']"
櫻,"['女', '貝', '木']"
械,"['戈', '木', '艸']"
栒,"['勹', '木', '日']"
榜,"['八', '木', '冖', '亠', '方']"
桡,"['一', '木', '儿']"
楫,"['耳', '木', '口']"
檫,"['月', '木', '示', '卩', '宀']"
枞,"['人', '木']"
樱,"['女', '木']"
榈,"['门', '木', '口']"
梡,"['宀', '二', '木', '儿']"
梁,"['刀', '水', '八', '木']"
栀,"['一', '木', '⺁', '乙']"
榢,"['宀', '木', '豕']"
榻,"['日', '羽', '木']"
梩,"['里', '木']"
櫶,['木']
梫,"['冖', '又', '木', '彐']"
柩,"['勹', '匚', '木']"
桶,"['木', '用']"
木,['木']
櫺,"['木', '口', '雨']"
条,"['小', '十', '夂']"
梭,"['厶', '木', '八', '夂']"
杜,"['土', '木']"
橆,['木']
桠,"['一', '木', '八']"
櫫,"['日', '豕', '木', '老']"
櫛,"['丶', '竹', '丨', '木', '彐', '卩', '乙']"
棃,"['禾', '勹', '木']"
棼,"['刀', '八', '木']"
椿,"['二', '八', '丨', '木', '日', '一']"
桪,"['木', '寸', '彐']"
椀,"['宀', '木', '乙', '夕']"
棍,"['日', '木', '比']"
枲,"['厶', '木', '口']"
杏,"['木', '口']"
枫,"['风', '木']"
檬,"['二', '木', '冖', '勹', '艸']"
栲,"['一', '木', '老']"
栈,"['一', '戈', '木']"
枣,"['丶', '木', '冂']"
査,"['月', '一', '木']"
檟,"['貝', '木', '襾']"
檪,"['白', '木', '冫']"
束,"['木', '口']"
某,"['甘', '木']"
桥,"['大', '木']"
柟,"['土', '木', '冂']"
橘,"['八', '木', '冂', '矛', '口']"
樶,"['又', '曰', '木', '耳']"
欄,"['門', '八', '丨', '木', '口']"
栔,"['二', '刀', '丨', '木', '一']"
橈,"['土', '一', '木', '儿']"
棣,"['隶', '木']"
柙,"['二', '丨', '木', '冂']"
杝,"['丨', '木', '乙']"
榥,"['木', '小', '儿', '日', '一']"
榅,"['日', '木', '皿']"
楂,"['日', '一', '木']"
梶,"['毛', '尸', '木']"
本,"['一', '木']"
槲,"['角', '木', '斗']"
桑,"['又', '木']"
様,"['羊', '木', '水']"
欐,"['一', '鹿', '木']"
柷,"['木', '口', '儿']"
桂,"['土', '木']"
櫚,"['口', '木', '門']"
樟,"['日', '十', '木', '立']"
棡,"['八', '木', '山', '一', '冂']"
楗,"['聿', '廴', '木']"
槟,"['斤', '八', '木', '宀', '一']"
檗,"['尸', '木', '辛', '口']"
棘,"['木', '冂']"
枸,"['勹', '木', '口']"
杅,"['干', '木', '亅']"
杧,"['丶', '匸', '木']"
檝,"['耳', '戈', '木', '口']"
梘,"['木', '見']"
柅,"['匕', '尸', '木']"
桕,"['臼', '木']"
橾,"['木', '口']"
梽,"['心', '木', '士']"
棸,"['又', '木', '耳']"
椪,"['一', '木', '八']"
枡,"['木', '艸']"
栁,"['木', '卩', '夕']"
椫,"['二', '八', '丨', '木', '十', '冂']"
柴,"['止', '匕', '木']"
檖,"['木', '八', '豕', '辵']"
梨,"['禾', '刀', '木']"
椋,"['小', '亠', '木', '口']"
檑,"['木', '田', '雨']"
棆,"['人', '木', '一', '艸', '冂']"
来,"['一', '木', '八']"
桟,"['一', '戈', '木']"
梄,"['木', '酉']"
栢,"['一', '白', '木']"
楕,"['丿', '木', '工', '月', '一']"
棄,"['厶', '木', '亠', '山', '一']"
架,"['口', '木', '力']"
柢,"['丶', '氏', '木']"
松,"['厶', '木', '八']"
椝,"['人', '见', '木', '二']"
椓,"['勹', '一', '丶', '木']"
檵,"['一', '木']"
榔,"['丶', '丨', '木', '彐', '阝', '乙']"
欓,"['木', '黑', '冖', '小', '口']"
朶,"['丿', '木']"
楛,"['十', '木', '艸', '口']"
椥,"['木', '口', '矢']"
檛,"['口', '木', '冂', '辵']"
梜,"['人', '大', '木']"
末,"['一', '木']"
柔,"['矛', '木']"
槺,"['隶', '广', '木']"
檐,"['八', '刀', '木', '厂', '言']"
椺,"['人', '木', '口']"
樐,"['鹵', '木']"
概,"['丶', '无', '丨', '木', '彐', '乙']"
标,"['木', '示']"
櫳,"['龍', '木']"
橜,"['八', '木', '屮', '厂', '一', '欠']"
权,"['又', '木']"
欋,"['目', '隹', '木']"
桧,"['人', '木', '厶', '二']"
朳,"['木', '八']"
樅,"['人', '彳', '木', '止']"
椇,"['一', '目', '木', '八']"
栞,"['干', '木', '亅']"
椄,"['女', '木', '立']"
梍,"['一', '白', '木', '乙']"
桓,"['日', '一', '木']"
栄,"['冖', '木', '小']"
楟,"['亅', '木', '冖', '亠', '一', '口']"
槃,"['木', '舟', '殳']"
杖,"['丿', '十', '木']"
檀,"['木', '囗', '亠', '日', '一']"
桵,"['女', '木', '爪']"
材,"['一', '丿', '木']"
櫥,"['广', '木', '寸', '豆', '十']"
楝,"['丨', '木', '八', '口']"
梓,"['木', '辛']"
桅,"['刀', '木', '厂', '乙']"
朮,"['十', '丶', '儿']"
椶,"['丿', '凵', '八', '夂', '木']"
榪,"['馬', '木']"
杣,"['木', '山']"
欖,"['丿', '丶', '木', '見', '臣', '一', '网']"
桬,"['丿', '木', '水', '小']"
枘,"['人', '木', '冂']"
枱,"['厶', '木', '口']"
椗,"['宀', '一', '木', '止']"
朽,"['一', '木']"
槁,"['木', '高']"
橥,"['日', '木', '老', '犬']"
椸,"['丿', '丨', '木', '方', '一', '乙']"
枢,"['丿', '匚', '木']"
檻,"['丿', '丶', '木', '臣', '皿', '一']"
権,"['丿', '隹', '木', '十', '一']"
槊,"['八', '木', '屮', '月', '一']"
杭,"['亠', '木', '几']"
攉,"['隹', '手', '雨']"
揈,"['勹', '手', '言']"
揀,"['八', '手', '丨', '木', '口']"
抹,"['一', '木', '手']"
擕,"['隹', '丨', '手']"
擖,"['人', '手', '勹', '曰', '艸']"
抵,"['丶', '氏', '手']"
掾,"['勹', '手', '彐']"
拝,"['一', '丨', '手', '二']"
拼,"['一', '八', '廾', '手']"
擽,"['幺', '白', '木', '手']"
拷,"['一', '手', '老']"
扯,"['止', '手']"
摯,"['土', '丶', '丿', '八', '手', '干']"
掞,"['火', '手']"
攔,"['門', '八', '手', '丨', '木', '口']"
扑,"['卜', '手']"
扢,"['一', '丿', '手', '乙']"
摮,"['丿', '土', '手', '一', '攴']"
挼,"['女', '手', '爪']"
摂,"['手', '耳', '冫']"
搡,"['又', '木', '手']"
搕,"['土', '皿', '厶', '手']"
拠,"['几', '手', '攴']"
折,"['斤', '手']"
捎,"['月', '手', '小']"
掼,"['囗', '贝', '十', '手']"
搌,"['手', '尸', '一', '艸', '乙']"
拨,"['又', '丶', '丨', '手']"
揵,"['聿', '廴', '手']"
撖,"['攴', '手', '耳']"
扛,"['手', '工']"
手,['手']
掷,"['八', '手', '大', '阝', '一']"
攢,"['貝', '手', '牛', '儿']"
摄,"['又', '手', '耳']"
挙,"['一', '八', '手', '小']"
把,"['丨', '手', '乙']"
抮,"['人', '彡', '手']"
摠,"['心', '丶', '手', '夂', '囗']"
捫,"['手', '門']"
撙,"['寸', '八', '酉', '手']"
撓,"['土', '一', '手', '儿']"
拗,"['幺', '手', '力']"
擯,"['丿', '手', '貝', '小', '宀', '一']"
插,"['臼', '十', '手']"
抃,"['亠', '卜', '手']"
揪,"['禾', '火', '手']"
拊,"['人', '寸', '手']"
摁,"['心', '囗', '大', '手']"
抠,"['丿', '匚', '手']"
搊,"['勹', '艸', '手']"
拂,"['弓', '手']"
握,"['尸', '至', '手']"
擅,"['手', '囗', '亠', '日', '一']"
揺,"['干', '山', '手', '爪']"
据,"['十', '尸', '手', '口']"
擀,"['人', '手', '干', '十', '日']"
挂,"['土', '手']"
掔,"['又', '手', '臣']"
擗,"['尸', '辛', '口', '手']"
揭,"['勹', '人', '曰', '手']"
抱,"['勹', '己', '手']"
扒,"['八', '手']"
抖,"['手', '斗']"
拉,"['立', '手']"
搤,"['一', '八', '手', '皿']"
排,"['手', '非']"
搏,"['丶', '手', '寸', '用', '十']"
挖,"['穴', '手', '乙']"
拡,"['广', '厶', '手']"
摻,"['厶', '人', '彡', '手']"
掙,"['彐', '手', '亅', '爪']"
搖,"['月', '手', '缶']"
擣,"['手', '士', '乙', '寸', '工', '一', '口']"
擷,"['頁', '手', '口', '士']"
揲,"['廾', '木', '手']"
搛,"['一', '八', '手', '彐']"
擦,"['月', '手', '示', '卩', '宀']"
扼,"['厂', '乙', '手']"
拴,"['人', '玉', '手']"
捼,"['女', '大', '手']"
捻,"['心', '人', '丶', '手']"
捏,"['日', '土', '手']"
擢,"['羽', '手', '隹']"
扫,"['手', '彐']"
摔,"['幺', '手', '十', '亠', '冫']"
搪,"['广', '聿', '手', '口']"
攫,"['目', '隹', '又', '手']"
拜,"['一', '丨', '手', '二']"
挷,"['二', '手', '丨', '阝', '一']"
掲,"['日', '勹', '匕', '手']"
攧,"['八', '手', '十', '目', '頁', '一']"
捄,"['丿', '丶', '水', '手', '一']"
扮,"['刀', '八', '手']"
擥,"['丿', '丶', '手', '臣', '一', '网']"
擜,"['八', '手', '干', '犬', '十', '冂']"
攏,"['龍', '手']"
撂,"['口', '田', '手', '夂']"
掦,"['日', '勹', '手']"
掛,"['土', '卜', '手']"
摲,"['車', '斤', '手']"
扞,"['干', '手']"
挲,"['丿', '水', '手', '小']"
捷,"['十', '聿', '手', '止']"
搒,"['八', '手', '冖', '亠', '方']"
撣,"['二', '手', '丨', '十', '口', '冂']"
扽,"['十', '屮', '乙', '手']"
托,"['一', '手', '乙']"
摝,"['鹿', '手']"
掳,"['虍', '手', '力']"
搧,"['户', '手', '羽']"
擫,"['月', '手', '厂', '犬', '日']"
才,"['一', '丿']"
摳,"['匚', '手', '口']"
攅,"['貝', '手', '二', '人']"
搳,"['二', '手', '丨', '宀', '一', '口']"
拄,"['丶', '玉', '手']"
捥,"['宀', '手', '乙', '夕']"
摧,"['隹', '山', '手']"
抝,"['幺', '手']"
捐,"['月', '手', '口']"
拎,"['人', '丶', '手']"
掆,"['八', '手', '山', '一', '冂']"
拵,"['丿', '子', '人', '手', '一']"
搬,"['舟', '殳', '手']"
攞,"['隹', '糸', '网', '手']"
撅,"['八', '手', '屮', '厂', '一', '欠']"
揉,"['矛', '木', '手']"
掴,"['囗', '玉', '手']"
挣,"['刀', '手', '亅', '彐']"
掌,"['冖', '小', '手', '口']"
拍,"['白', '手']"
擻,"['女', '手', '十', '口', '攴']"
押,"['二', '丨', '手', '冂']"
揝,"['日', '卜', '夂', '手']"
撥,"['殳', '癶', '手', '弓']"
撋,"['玉', '手', '門']"
拚,"['厶', '艸', '手']"
搂,"['女', '米', '手']"
揎,"['宀', '一', '手', '日']"
撱,"['丿', '手', '阝', '工', '月', '一']"
搯,"['臼', '手', '爪']"
振,"['辰', '手']"
擡,"['手', '士', '冖', '至', '口']"
攪,"['手', '爻', '見', '冖', '臼']"
掸,"['二', '八', '手', '丨', '十', '冂']"
捂,"['一', '口', '手', '力']"
撲,"['羊', '一', '八', '手']"
払,"['厶', '手']"
搲,"['穴', '瓜', '手']"
接,"['女', '立', '手']"
捅,"['用', '手']"
扡,"['丨', '手', '乙']"
掐,"['臼', '刀', '手']"
撊,"['月', '手', '門']"
揣,"['而', '山', '手']"
摹,"['日', '艸', '大', '手']"
拓,"['石', '手']"
捱,"['土', '厂', '手']"
摋,"['丿', '手', '十', '小', '殳']"
捧,"['二', '八', '手', '丨', '一']"
揞,"['音', '手']"
挺,"['廴', '手', '士']"
捿,"['女', '十', '聿', '手']"
拥,"['用', '手']"
抌,"['手', '乙', '巾']"
撟,"['冂', '大', '手', '口']"
撒,"['手', '月', '一', '艸', '攴']"
挦,"['寸', '彐', '手']"
抴,"['廾', '手']"
攝,"['手', '耳']"
撇,"['冫', '手', '攴', '巾']"
擬,"['疋', '匕', '手', '矢']"
拽,"['曰', '手']"
挪,"['二', '丨', '阝', '手']"
挥,"['冖', '车', '手']"
撕,"['八', '手', '斤', '一', '甘']"
捯,"['刀', '至', '手']"
搗,"['一', '丶', '山', '手']"
攮,"['二', '手', '丨', '冖', '十', '一', '口']"
搀,"['丶', '手', '乙', '刀', '丨', '口']"
撆,"['冫', '手', '攴', '巾']"
挞,"['大', '手', '辵']"
拯,"['一', '水', '乙', '手']"
搓,"['羊', '手', '工']"
摇,"['缶', '手', '爪']"
揥,"['八', '手', '巾', '冖', '亠']"
擉,"['勹', '网', '虫', '手']"
攩,"['手', '黑', '冖', '小', '口']"
揿,"['钅', '欠', '手']"
擠,"['齊', '手']"
掊,"['立', '口', '手']"
撝,"['丿', '火', '手', '爪']"
拇,"['毋', '手']"
捭,"['二', '丶', '手', '丨', '十', '冂']"
揖,"['耳', '手', '口']"
擾,"['心', '丿', '手', '夂', '冖', '月', '一']"
揑,"['臼', '手', '工']"
攥,"['手', '竹', '大', '糸', '目']"
揄,"['人', '手', '刀', '月', '一']"
扎,"['手', '乙']"
撩,"['八', '手', '大', '小', '日']"
拑,"['甘', '手']"
擿,"['八', '手', '冂', '十', '亠', '口', '辵']"
摈,"['斤', '八', '手', '宀', '一']"
揚,"['日', '一', '勹', '手']"
擇,"['土', '八', '手', '干', '网']"
摦,"['二', '大', '瓜', '手']"
撾,"['口', '手', '冂', '辵']"
搘,"['日', '手', '老']"
扵,"['人', '丶', '手']"
擒,"['人', '凵', '禸', '丿', '手', '亠']"
擲,"['八', '手', '大', '酉', '阝']"
挿,"['日', '十', '丨', '手']"
攟,"['禾', '鹿', '囗', '手']"
抪,"['一', '丿', '手', '巾']"
撦,"['日', '大', '手', '老']"
挛,"['八', '手', '丨', '亠', '亅']"
攄,"['虍', '田', '心', '手']"
找,"['戈', '手']"
搾,"['丿', '二', '手', '丨', '穴', '一']"
指,"['日', '匕', '手']"
搙,"['辰', '寸', '手']"
摶,"['手', '丨', '寸', '十', '日']"
摊,"['隹', '又', '手']"
撉,"['子', '手', '亠', '口', '攴']"
担,"['日', '一', '手']"
搦,"['弓', '手', '冫']"
攆,"['車', '人', '手', '二']"
拕,"['宀', '匕', '手']"
摒,"['八', '手', '廾', '尸', '一']"
揩,"['比', '白', '手']"
擺,"['月', '厶', '网', '手']"
挑,"['冫', '手', '儿']"
抒,"['手', '亅', '乙']"
揕,"['匚', '甘', '手', '儿']"
挵,"['玉', '廾', '手']"
擴,"['二', '凵', '八', '手', '广', '丨', '一', '艸']"
揍,"['二', '八', '手', '丨', '大', '一']"
护,"['户', '手']"
擂,"['田', '手', '雨']"
播,"['田', '手', '釆']"
捔,"['角', '手']"
摴,"['二', '手', '雨']"
揷,"['臼', '十', '手']"
挡,"['小', '手', '彐']"
摜,"['囗', '十', '貝', '手']"
按,"['宀', '手', '女']"
揆,"['一', '大', '癶', '手']"
挠,"['一', '手', '儿']"
抉,"['人', '丨', '手']"
攂,"['田', '手']"
揮,"['冖', '車', '手']"
摀,"['一', '丶', '火', '手']"
摸,"['日', '艸', '大', '手']"
擐,"['一', '网', '手', '口']"
掘,"['尸', '山', '手']"
搥,"['丶', '己', '手', '辵']"
擃,"['二', '凵', '辰', '手']"
捲,"['二', '八', '手', '丨', '乙']"
採,"['木', '手', '爪']"
授,"['冖', '又', '手', '爪']"
拏,"['女', '又', '手']"
捡,"['一', '人', '手', '小']"
掃,"['冖', '手', '彐', '巾']"
搎,"['子', '糸', '手']"
掉,"['日', '十', '卜', '手']"
捺,"['大', '手', '示']"
援,"['干', '又', '手', '爪']"
扭,"['二', '刀', '手']"
攙,"['丶', '手', '乙', '刀', '丨', '比', '口']"
搽,"['人', '手', '十', '小', '艸']"
括,"['手', '舌']"
掺,"['厶', '大', '彡', '手']"
撃,"['車', '手', '殳']"
挜,"['一', '八', '手']"
拱,"['一', '艸', '八', '手']"
撈,"['冖', '火', '手', '力']"
拖,"['丿', '手', '丨', '一', '乙']"
携,"['丿', '隹', '手']"
擞,"['女', '米', '攴', '手']"
挫,"['土', '手', '人']"
擄,"['虍', '田', '手', '力']"
拶,"['川', '手', '夕']"
挤,"['齐', '手']"
挨,"['厶', '手', '矢']"
揔,"['勹', '丶', '心', '手']"
抔,"['丿', '一', '卜', '手']"
捨,"['干', '人', '手', '口']"
投,"['手', '殳']"
捬,"['广', '人', '寸', '手']"
搷,"['八', '手', '十', '目', '一']"
掏,"['勹', '手', '缶']"
技,"['支', '手']"
揜,"['人', '手', '廾', '一', '口']"
抚,"['无', '手']"
挚,"['丿', '丶', '手']"
拔,"['丿', '丶', '又', '手', '一']"
抢,"['人', '手', '乙']"
掀,"['斤', '欠', '手']"
掂,"['广', '卜', '手', '口']"
撏,"['手', '寸', '彐', '工', '口']"
換,"['八', '手', '刀', '大', '冂']"
扳,"['又', '手', '⺁']"
捘,"['厶', '八', '手', '夂']"
搃,"['心', '八', '手', '口']"
摆,"['土', '网', '厶', '手']"
提,"['日', '一', '手', '止']"
掩,"['手', '丨', '大', '日', '乙']"
摩,"['麻', '手']"
揽,"['丿', '丶', '手', '丨', '见', '一']"
捉,"['足', '手']"
捃,"['丨', '手', '口', '彐']"
摺,"['羽', '白', '手']"
招,"['刀', '手', '口']"
抄,"['丿', '手', '小']"
拣,"['一', '八', '手', '乙']"
搴,"['二', '八', '手', '宀', '一']"
擧,"['八', '手', '丨', '臼', '一']"
掠,"['小', '亠', '手', '口']"
换,"['刀', '大', '手', '冂']"
批,"['比', '手']"
扱,"['丿', '手']"
掖,"['人', '丶', '手', '夂', '亠']"
掬,"['勹', '米', '手']"
扰,"['丶', '手', '尢']"
撷,"['页', '手', '口', '士']"
撺,"['穴', '手', '口', '丨']"
撿,"['一', '人', '手']"
揹,"['月', '匕', '手']"
搨,"['日', '羽', '手']"
撢,"['日', '十', '手', '襾']"
扨,"['刀', '手', '丶']"
扤,"['一', '手', '儿']"
择,"['二', '丨', '又', '手']"
掻,"['又', '虫', '手']"
挎,"['二', '大', '手']"
拾,"['一', '人', '手', '口']"
掗,"['二', '手']"
披,"['皮', '手']"
拳,"['二', '丨', '八', '手']"
擔,"['八', '手', '刀', '厂', '言']"
抡,"['人', '匕', '手']"
搅,"['冖', '见', '手', '小']"
掭,"['一', '丨', '大', '手']"
捶,"['十', '艸', '手', '士']"
扬,['手']
拘,"['勹', '手', '口']"
挐,"['女', '手', '口']"
據,"['虍', '豕', '手']"
挓,"['宀', '一', '手', '乙']"
承,"['一', '水', '二', '乙']"
搶,"['人', '丶', '手', '丨', '彐', '口']"
摰,"['丿', '土', '丶', '八', '手']"
捜,"['日', '丨', '手', '又']"
擓,"['匚', '隹', '水', '手']"
撞,"['里', '立', '手']"
捞,"['冖', '艸', '手', '力']"
抗,"['亠', '几', '手']"
擎,"['手', '口', '勹', '艸', '攴']"
損,"['貝', '手', '口']"
擊,"['車', '山', '手', '殳']"
攖,"['女', '貝', '手']"
抈,"['月', '手']"
揶,"['阝', '耳', '手']"
揠,"['日', '匚', '手', '女']"
掣,"['牛', '刀', '手', '巾']"
擭,"['艸', '隹', '又', '手']"
扠,"['丶', '又', '手']"
挽,"['手', '乙', '刀', '丨', '口']"
撵,"['人', '车', '手', '二']"
抛,"['丿', '手', '力']"
撚,"['月', '火', '手', '犬']"
揁,"['貝', '卜', '手']"
擘,"['尸', '辛', '口', '手']"
摎,"['人', '羽', '彡', '手']"
持,"['土', '寸', '手']"
损,"['贝', '手', '口']"
拧,"['宀', '一', '手', '亅']"
挶,"['尸', '手', '口']"
撑,"['冖', '小', '手', '口']"
搫,"['舟', '殳', '手']"
搉,"['隹', '手', '巾']"
摟,"['女', '十', '手', '口']"
擋,"['手', '冖', '田', '小', '口']"
捋,"['寸', '爪', '手']"
擱,"['夂', '口', '門', '手']"
掎,"['亅', '手', '大', '一', '口']"
搔,"['丶', '又', '虫', '手']"
抽,"['二', '丨', '手', '凵']"
撰,"['一', '艸', '八', '手']"
抰,"['大', '手', '冂']"
掱,['手']
摣,"['虍', '一', '月', '手']"
挝,"['寸', '辵', '手']"
擩,"['而', '手', '雨']"
抜,"['一', '丿', '又', '手']"
捗,"['丿', '止', '手', '小']"
抑,"['手', '卩']"
擰,"['心', '手', '皿', '宀', '一', '亅']"
捌,"['刀', '力', '手', '口']"
挾,"['人', '大', '手']"
摛,"['丿', '凵', '禸', '手', '亠']"
攬,"['丿', '丶', '手', '見', '臣', '一', '网']"
捓,"['阝', '牙', '手']"
擪,"['月', '手', '厂', '犬', '日']"
挢,"['大', '手']"
揫,"['禾', '火', '手']"
択,"['尸', '手']"
攘,"['二', '手', '衣', '一', '口']"
拋,"['力', '手', '尢']"
擤,"['手', '鼻']"
拆,"['斤', '丶', '手']"
捕,"['十', '丶', '用', '手']"
拈,"['卜', '手', '口']"
摡,"['丶', '手', '无', '丨', '彐', '乙']"
抓,"['手', '爪']"
拌,"['二', '丨', '八', '手']"
撮,"['又', '曰', '手', '耳']"
掫,"['又', '手', '耳']"
报,"['又', '手', '卩']"
搋,"['虍', '几', '手', '⺁']"
撐,"['手', '冖', '口', '小', '牙']"
挌,"['口', '手', '夂']"
擵,"['麻', '手']"
撤,"['手', '厶', '亠', '月', '攴']"
挟,"['人', '八', '手', '二']"
扶,"['人', '手', '二']"
抨,"['干', '八', '手']"
摭,"['广', '火', '廾', '手']"
撬,"['毛', '手']"
攃,"['手', '示', '卩', '月', '艸']"
搁,"['门', '口', '手', '夂']"
搢,"['日', '一', '八', '手']"
拦,"['一', '八', '手', '二']"
扪,"['门', '手']"
捩,"['户', '手', '犬']"
控,"['穴', '手', '工']"
拒,"['匚', '手']"
扺,"['氏', '手']"
撳,"['欠', '金', '手']"
抶,"['人', '手', '二']"
捆,"['囗', '木', '手']"
摽,"['襾', '手', '示']"
搭,"['人', '手', '一', '艸', '口']"
摑,"['手', '囗', '戈', '一', '口']"
掽,"['一', '八', '手']"
掇,"['又', '手']"
挈,"['二', '手', '刀', '丨', '一']"
扦,"['十', '手']"
拐,"['力', '手', '口']"
擁,"['丿', '亠', '手', '隹']"
搠,"['八', '手', '屮', '月', '一']"
捣,"['丶', '山', '手']"
挹,"['邑', '手']"
搞,"['高', '手']"
拟,"['人', '丶', '手', '乙']"
拙,"['山', '手']"
抆,"['文', '手']"
捽,"['十', '亠', '手', '人']"
扔,"['丿', '手']"
扣,"['手', '口']"
攣,"['糸', '手', '言']"
抟,"['二', '丨', '手']"
撫,"['火', '手']"
攀,"['木', '爻', '大', '手']"
探,"['网', '木', '手']"
攤,"['二', '人', '手', '隹', '丨', '廾', '口']"
描,"['艸', '田', '手']"
打,"['一', '手', '亅']"
扩,"['广', '手']"
抅,"['勹', '厶', '手']"
拿,"['一', '人', '手', '口']"
掄,"['人', '手', '一', '艸', '冂']"
擙,"['宀', '大', '手', '釆']"
搜,"['臼', '丨', '手', '又']"
揳,"['二', '手', '刀', '丨', '大', '一']"
操,"['木', '手', '口']"
摞,"['田', '糸', '手']"
撽,"['攴', '白', '手', '方']"
摘,"['子', '八', '手', '亠', '欠']"
拭,"['弋', '手', '工']"
扐,"['手', '力']"
挱,"['丿', '水', '手', '小']"
拃,"['丿', '二', '手', '丨', '一']"
执,"['丿', '丶', '手']"
搆,"['二', '土', '手', '一', '冂']"
拢,"['龙', '手']"
撹,"['冖', '見', '小', '手']"
措,"['日', '一', '艸', '手']"
揌,"['心', '田', '手']"
掯,"['月', '止', '手']"
攜,"['八', '手', '隹', '口', '山', '冂']"
搐,"['玄', '田', '手']"
扻,"['欠', '手']"
抿,"['一', '己', '手']"
抬,"['厶', '手', '口']"
揾,"['日', '皿', '手']"
拮,"['手', '口', '士']"
抻,"['日', '丨', '手']"
攒,"['贝', '手', '牛', '儿']"
抍,"['艸', '手']"
摅,"['虍', '心', '手']"
撴,"['子', '手', '亠', '口', '攴']"
撄,"['女', '手']"
推,"['隹', '手']"
摐,"['人', '彳', '手', '止']"
捍,"['日', '干', '手']"
掮,"['月', '户', '手']"
鈃,"['一', '金', '廾']"
铖,"['丿', '一', '戈', '钅']"
钟,"['丨', '钅', '口']"
锣,"['网', '钅', '夕']"
鎰,"['一', '金', '八', '皿']"
錢,"['戈', '金']"
錕,"['日', '金', '比']"
鍐,"['丿', '凵', '金', '八', '夂']"
镳,"['鹿', '火', '钅']"
锯,"['十', '钅', '尸', '口']"
铅,"['几', '钅', '口']"
鉛,"['几', '金', '口']"
镶,"['二', '衣', '钅', '一', '口']"
锤,"['十', '钅', '艸', '士']"
鉤,"['勹', '金', '口']"
鎊,"['金', '八', '冖', '亠', '方']"
锡,"['日', '钅', '勹']"
鉌,"['禾', '金']"
鐸,"['土', '金', '八', '干', '网']"
铒,"['钅', '耳']"
鍥,"['二', '金', '刀', '丨', '大', '一']"
鈳,"['一', '口', '金', '亅']"
銚,"['冫', '金', '儿']"
鑼,"['隹', '金', '糸', '网']"
镠,"['人', '羽', '钅', '彡']"
铡,"['刀', '钅', '贝']"
錆,"['金', '青']"
镥,"['鱼', '钅', '日']"
鉚,"['金', '卩']"
銍,"['金', '至']"
鈧,"['亠', '金', '几']"
鈍,"['十', '金', '屮', '乙']"
釵,"['丶', '又', '金']"
镓,"['宀', '钅', '豕']"
锠,"['日', '钅']"
鏚,"['金', '卜', '厂', '戈', '小', '一']"
鋺,"['宀', '金', '乙', '夕']"
鎒,"['金', '寸', '辰']"
锞,"['钅', '田', '木']"
铤,"['钅', '廴', '士']"
鉭,"['日', '一', '金']"
銒,"['干', '金', '亅']"
銱,"['金', '口', '巾']"
鍬,"['禾', '火', '金']"
欽,"['欠', '金']"
鉿,"['一', '人', '金', '口']"
錟,"['火', '金']"
鉱,"['广', '金', '厶']"
鎧,"['豆', '金', '山']"
钕,"['女', '钅']"
铞,"['钅', '口', '巾']"
鏛,"['金', '巾', '冖', '小', '口']"
鐲,"['勹', '虫', '网', '金']"
鋮,"['丿', '一', '戈', '金']"
銣,"['女', '金', '口']"
鏽,"['一', '聿', '金']"
钦,"['钅', '欠']"
錯,"['日', '一', '金', '艸']"
锆,"['牛', '钅', '口']"
鐒,"['冖', '火', '金', '力']"
镛,"['广', '聿', '钅', '用']"
鏇,"['丿', '金', '疋', '方', '一']"
铷,"['女', '钅', '口']"
鎌,"['一', '金', '八', '彐']"
锖,"['钅', '青']"
銮,"['金', '八', '丨', '亠', '亅']"
鎲,"['金', '冖', '小', '儿', '口']"
铃,"['人', '丶', '钅']"
鋨,"['戈', '金', '手']"
锁,"['钅', '贝', '小']"
镞,"['丿', '钅', '方', '矢', '一']"
鎍,"['冖', '十', '金', '糸']"
鉴,"['丿', '丶', '金', '丨', '一']"
鉬,"['目', '金']"
鎢,"['一', '丶', '金', '火']"
铰,"['丿', '亠', '钅', '八']"
鋑,"['厶', '金', '八', '夂']"
锛,"['十', '钅', '大', '艸']"
钴,"['十', '钅', '口']"
鈣,"['一', '金', '卜']"
镖,"['襾', '钅', '示']"
鐀,"['金', '丨', '貝', '一', '口']"
鑣,"['鹿', '火', '金']"
鈈,"['丿', '一', '金', '卜']"
铙,"['一', '钅', '儿']"
锄,"['月', '一', '钅', '力']"
镲,"['月', '示', '钅', '卩', '宀']"
鿏,[]
鏴,"['口', '金', '夂', '⻊']"
銼,"['土', '金', '人']"
鎛,"['丶', '金', '寸', '用', '十']"
镵,"['丶', '乙', '刀', '丨', '钅', '比', '口']"
鏾,"['金', '月', '一', '艸', '攴']"
銷,"['月', '金', '小']"
镟,"['丿', '疋', '钅', '方', '一']"
鑞,"['丿', '金', '囗', '川', '冫']"
鐥,"['金', '八', '羊', '一', '口']"
鐨,"['貝', '金', '弓']"
銜,"['金', '行']"
钓,"['勹', '丶', '钅']"
鑐,"['而', '金', '雨']"
锾,"['又', '干', '钅', '爪']"
钫,"['钅', '方']"
鐘,"['里', '金', '立']"
鑴,"['金', '八', '隹', '口', '山', '冂']"
锺,"['十', '里', '钅']"
鉆,"['金', '卜', '口']"
铳,"['厶', '亠', '钅', '儿']"
铴,"['钅', '水']"
銳,"['金', '八', '口', '儿']"
铚,"['钅', '至']"
锬,"['火', '钅']"
鎝,"['人', '金', '一', '艸', '口']"
釾,"['金', '牙']"
鈬,"['尸', '金']"
鈷,"['十', '金', '口']"
錔,"['日', '金', '水']"
鎬,"['金', '高']"
鋅,"['金', '辛']"
鉑,"['白', '金']"
铼,"['一', '钅', '木', '八']"
鑌,"['丿', '金', '貝', '小', '宀', '一']"
铽,"['心', '弋', '钅']"
镐,"['钅', '高']"
鈿,"['金', '田']"
钁,"['目', '隹', '又', '金']"
铠,"['钅', '山', '己']"
铺,"['十', '丶', '钅', '用']"
铌,"['匕', '钅', '尸']"
鑕,"['斤', '貝', '金']"
钡,"['钅', '贝']"
鋜,"['金', '足']"
銘,"['金', '口', '夕']"
镴,"['丿', '囗', '川', '钅', '冫']"
钳,"['甘', '钅']"
钠,"['人', '钅', '冂']"
锂,"['里', '钅']"
锷,"['二', '钅', '口']"
鋬,"['又', '金', '手', '⺁']"
錩,"['日', '金']"
鉋,"['勹', '金', '己']"
锨,"['斤', '钅', '欠']"
鏥,"['人', '金', '宀', '一', '白']"
鏈,"['車', '金', '辵']"
釧,"['川', '金']"
鈚,"['比', '金']"
鑾,"['糸', '金', '言']"
镎,"['人', '手', '钅', '一', '口']"
镉,"['钅', '鬲']"
锉,"['土', '钅', '人']"
鍰,"['又', '金', '爪', '干', '亅']"
铔,"['一', '钅', '八']"
鍁,"['斤', '欠', '金']"
锩,"['二', '八', '丨', '钅', '乙']"
鏡,"['金', '音', '儿']"
錏,"['二', '金']"
鏟,"['生', '金', '立', '厂']"
镂,"['女', '钅', '米']"
鍤,"['臼', '十', '金']"
锃,"['玉', '钅', '口']"
鋩,"['丶', '匸', '金', '艸']"
銩,"['厶', '金', '士']"
钶,"['一', '口', '钅', '亅']"
鋯,"['牛', '金', '口']"
锧,"['十', '钅', '贝', '⺁']"
鍼,"['金', '厂', '戈', '一', '口']"
鍔,"['二', '金', '口']"
鍵,"['聿', '廴', '金']"
镅,"['丨', '钅', '目']"
钣,"['又', '钅', '⺁']"
铮,"['刀', '钅', '彐', '亅']"
鈆,"['厶', '金', '八']"
鍃,"['勹', '金', '心']"
镯,"['勹', '网', '钅', '虫']"
鉍,"['心', '丿', '金']"
鏰,"['月', '金', '山']"
鎋,"['二', '金', '丨', '宀', '一', '口']"
釙,"['金', '卜']"
鈞,"['勹', '亠', '金']"
钇,"['钅', '乙']"
铻,"['一', '口', '钅', '力']"
銭,"['一', '戈', '金']"
镬,"['又', '隹', '钅', '艸']"
鎂,"['羊', '大', '金']"
鿭,[]
鎗,"['人', '丶', '金', '丨', '彐', '口']"
銦,"['囗', '大', '金']"
锹,"['禾', '火', '钅']"
钮,"['二', '刀', '钅']"
釼,"['刀', '金']"
银,"['艮', '钅']"
铇,"['勹', '钅', '己']"
鋊,"['金', '谷']"
鎉,"['日', '羽', '金']"
锓,"['冖', '钅', '彐', '又']"
钐,"['彡', '钅']"
钹,"['丿', '丶', '又', '钅', '一']"
镣,"['八', '大', '钅', '小', '日']"
钧,"['勹', '亠', '钅']"
鐓,"['子', '金', '亠', '攴', '口']"
锝,"['日', '一', '钅', '寸']"
鏷,"['羊', '一', '金', '八']"
銑,"['牛', '金', '儿']"
鐤,"['鼎', '金']"
釡,"['八', '金']"
鋝,"['金', '寸', '爪']"
鎄,"['衣', '金', '口']"
钱,"['一', '戈', '钅']"
銥,"['衣', '金']"
鋐,"['丿', '金', '厶', '宀', '一']"
锎,"['人', '刀', '钅', '雨', '月', '一', '辵']"
釽,"['金', '爪']"
鍀,"['日', '一', '金', '寸']"
钌,"['钅', '亅']"
釿,"['斤', '金']"
鋲,"['斤', '一', '金', '八']"
铲,"['钅', '立', '厂']"
鐿,"['心', '金', '音']"
铎,"['又', '二', '丨', '钅']"
鑔,"['月', '金', '示', '卩', '宀']"
镋,"['冖', '钅', '小', '儿', '口']"
锸,"['臼', '十', '钅']"
锭,"['宀', '一', '钅', '止']"
鏑,"['子', '金', '八', '亠', '欠']"
铟,"['囗', '钅', '大']"
鏤,"['女', '十', '金', '口']"
锔,"['钅', '尸', '口']"
铯,"['色', '钅']"
钉,"['一', '钅', '亅']"
键,"['聿', '钅', '廴']"
鈾,"['二', '丨', '金', '凵']"
錶,"['一', '土', '金']"
鉨,"['刀', '金', '小']"
鏁,"['川', '金', '木', '田']"
鐋,"['金', '水', '勹', '日', '一']"
鏵,"['二', '金', '丨', '一', '艸']"
鎙,"['八', '金', '屮', '月', '一']"
铦,"['钅', '舌']"
锇,"['戈', '钅', '手']"
銻,"['丨', '金', '八', '弓']"
鎳,"['自', '金', '木']"
鈴,"['人', '丶', '金']"
鍊,"['八', '金', '丨', '木', '口']"
镭,"['钅', '田', '雨']"
銹,"['禾', '丿', '金']"
銫,"['色', '金']"
錻,"['一', '弋', '金', '止']"
鋃,"['艮', '丶', '金']"
钎,"['十', '钅']"
鐳,"['金', '田', '雨']"
鎶,"['一', '口', '金', '亅']"
镢,"['八', '屮', '厂', '钅', '一', '欠']"
锢,"['囗', '钅', '十', '口']"
钻,"['钅', '卜', '口']"
鉅,"['匚', '金']"
鐯,"['日', '金', '艸', '老']"
钨,"['一', '丶', '钅']"
镪,"['虫', '钅', '弓', '口']"
鑵,"['隹', '金', '艸', '口']"
镱,"['心', '钅', '音']"
鎹,"['金', '八', '大', '一', '辵']"
釘,"['一', '金', '亅']"
鎫,"['丿', '金', '八', '夂', '宀']"
鍋,"['口', '金', '冂']"
鈌,"['人', '丨', '金']"
铪,"['一', '人', '钅', '口']"
钏,"['川', '钅']"
鏐,"['人', '羽', '金', '彡']"
銎,"['几', '金', '丶', '工']"
钞,"['丿', '钅', '小']"
鐃,"['土', '一', '金', '儿']"
錒,"['亅', '金', '阝', '一', '口']"
鑰,"['龠', '金']"
铫,"['冫', '钅', '儿']"
釬,"['干', '金']"
銲,"['日', '干', '金']"
鎮,"['金', '八', '十', '目', '一']"
锌,"['钅', '辛']"
鐦,"['一', '金', '廾', '門']"
鈺,"['玉', '金']"
鈦,"['大', '金', '丶']"
铕,"['月', '丿', '钅', '一']"
鍶,"['心', '金', '田']"
鉞,"['匚', '戈', '金']"
鈥,"['火', '金']"
銨,"['宀', '金', '女']"
鎏,"['金', '水', '厶', '丨', '亠', '儿']"
鑈,"['金', '八', '巾', '丨', '爻', '一']"
鋹,"['金', '長']"
镑,"['八', '冖', '亠', '钅', '方']"
铓,"['丶', '钅', '艸', '匸']"
錸,"['人', '金', '木']"
鎯,"['丶', '金', '丨', '彐', '阝', '乙']"
铗,"['人', '钅', '八', '二']"
鏦,"['人', '彳', '金', '止']"
鉢,"['一', '金', '木']"
铏,"['一', '刀', '钅', '廾']"
镕,"['宀', '钅', '谷']"
鉀,"['二', '丨', '金', '冂']"
鍘,"['貝', '刀', '金']"
錼,"['大', '金', '示']"
鍫,"['禾', '火', '金']"
釖,"['刀', '金']"
镄,"['贝', '钅', '弓']"
镝,"['子', '八', '亠', '钅', '欠']"
铆,"['钅', '卩']"
鐆,"['八', '豕', '阝', '金']"
鈹,"['皮', '金']"
鋟,"['冖', '又', '金', '彐']"
鑚,"['貝', '金', '人', '二']"
铊,"['宀', '钅', '匕']"
鋪,"['十', '丶', '金', '用']"
錮,"['囗', '金', '十', '口']"
鑠,"['幺', '白', '金', '木']"
鐧,"['日', '金', '門']"
錄,"['金', '水', '彐']"
铂,"['钅', '白']"
鐔,"['日', '十', '金', '襾']"
鑲,"['二', '金', '衣', '一', '口']"
鈇,"['人', '金', '二']"
铀,"['二', '丨', '钅', '凵']"
錚,"['刀', '金', '彐', '亅']"
锅,"['冂', '人', '钅', '口']"
鍩,"['丿', '金', '一', '艸', '口']"
鍠,"['白', '玉', '金']"
钵,"['一', '钅', '木']"
钢,"['丿', '钅', '冂']"
鈸,"['丿', '丶', '又', '金', '一']"
鋇,"['貝', '金']"
鋳,"['二', '金', '丨', '寸', '一']"
镁,"['羊', '钅', '大']"
鑽,"['貝', '金', '牛', '儿']"
鎐,"['缶', '金', '爪']"
鉄,"['人', '金', '二']"
鑀,"['心', '金', '夂', '爪', '冖']"
釺,"['十', '金']"
鈁,"['金', '方']"
镏,"['钅', '田', '卩']"
锐,"['钅', '八', '口', '儿']"
镚,"['月', '钅', '山']"
錳,"['子', '金', '皿']"
鑷,"['金', '耳']"
錐,"['隹', '金']"
钚,"['丿', '一', '钅', '卜']"
鎇,"['目', '丨', '金']"
鉲,"['一', '金', '卜']"
鋰,"['里', '金']"
钿,"['钅', '田']"
锊,"['钅', '寸', '爪']"
铄,"['钅', '小']"
铈,"['亠', '钅', '巾']"
鑪,"['虍', '皿', '金', '田']"
鉦,"['一', '金', '止']"
鈄,"['金', '斗']"
铬,"['口', '钅', '夂']"
钸,"['一', '丿', '钅', '巾']"
锶,"['心', '钅', '田']"
锦,"['钅', '白', '巾']"
钍,"['土', '钅']"
鐻,"['虍', '金', '豕']"
锿,"['衣', '钅', '口']"
銧,"['一', '金', '小', '儿']"
釯,"['丶', '匸', '金']"
鐏,"['八', '寸', '金', '酉']"
鈐,"['人', '丶', '金']"
鋕,"['心', '金', '士']"
鋒,"['二', '金', '夂', '丨', '一']"
錫,"['日', '勹', '金']"
鋦,"['尸', '金', '口']"
錾,"['斤', '车', '金']"
錨,"['金', '艸', '田']"
鎻,"['貝', '川', '金']"
釹,"['女', '金']"
鉷,"['一', '艸', '金', '八']"
鍚,"['日', '一', '勹', '金']"
錺,"['金', '艸', '方']"
锫,"['钅', '立', '口']"
鋌,"['廴', '金', '士']"
鐙,"['癶', '金', '豆']"
锜,"['亅', '大', '钅', '一', '口']"
鋗,"['月', '金', '口']"
鉻,"['口', '金', '夂']"
铢,"['一', '钅', '木']"
铸,"['二', '丨', '寸', '钅', '一']"
銀,"['艮', '金']"
鐫,"['隹', '丨', '金']"
錘,"['十', '金', '艸', '士']"
鏝,"['日', '网', '又', '金']"
锕,"['亅', '钅', '阝', '一', '口']"
鈉,"['人', '金', '冂']"
锚,"['钅', '田', '艸']"
錠,"['宀', '一', '金', '止']"
鈮,"['匕', '尸', '金']"
鉈,"['宀', '匕', '金']"
鍛,"['丨', '金', '殳']"
锍,"['厶', '丨', '亠', '钅', '儿']"
鍮,"['人', '金', '刀', '月', '一']"
钂,"['金', '黑', '冖', '小', '口']"
銬,"['一', '金', '老']"
錙,"['川', '金', '田']"
鈀,"['丨', '金', '乙']"
钆,"['钅', '乙']"
镔,"['斤', '八', '钅', '宀', '一']"
銃,"['厶', '亠', '金', '儿']"
钛,"['丶', '钅', '大']"
鏜,"['土', '金', '冖', '小', '口']"
鎔,"['宀', '金', '谷']"
镫,"['钅', '癶', '豆']"
鈩,"['户', '金']"
鐡,"['土', '金', '八', '戈', '一', '口']"
铜,"['一', '口', '钅', '冂']"
锵,"['人', '手', '十', '亠', '钅', '小', '爿']"
鑊,"['隹', '又', '金', '艸']"
锰,"['子', '钅', '皿']"
锪,"['勹', '钅', '心']"
钺,"['匚', '戈', '钅']"
鋥,"['玉', '金', '口']"
鋤,"['月', '一', '金', '力']"
錞,"['子', '亠', '金', '口']"
鎞,"['丿', '丶', '金', '囗', '比']"
钖,['钅']
釪,"['干', '金', '亅']"
鋂,"['一', '丿', '金', '毋']"
鋣,"['金', '阝', '牙']"
銅,"['一', '口', '金', '冂']"
鈎,"['勹', '厶', '金']"
鐩,"['金', '八', '豕', '辵']"
钰,"['玉', '钅']"
鎸,"['丿', '隹', '金']"
鋘,"['一', '大', '金', '口']"
鐍,"['金', '八', '冂', '矛', '口']"
镰,"['八', '广', '彐', '钅', '一']"
钬,"['火', '钅']"
鏺,"['癶', '殳', '金', '弓']"
钑,"['丿', '钅']"
钒,"['几', '钅', '丶']"
鋏,"['人', '大', '金']"
釭,"['金', '工']"
钯,"['丨', '钅', '乙']"
鋱,"['心', '弋', '金']"
铣,"['牛', '钅', '儿']"
鉏,"['月', '一', '金']"
錈,"['二', '金', '八', '丨', '乙']"
钪,"['亠', '钅', '几']"
镮,"['一', '网', '钅', '口']"
鐄,"['二', '凵', '金', '八', '丨', '一', '艸']"
鐺,"['金', '冖', '田', '小', '口']"
銪,"['月', '丿', '金', '一']"
錣,"['又', '金']"
锑,"['丨', '钅', '弓', '八']"
釩,"['几', '金', '丶']"
鋚,"['人', '丨', '金', '攴']"
釗,"['刀', '金']"
锟,"['日', '钅', '比']"
钼,"['目', '钅']"
鏖,"['鹿', '金']"
鏃,"['丿', '金', '方', '矢', '一']"
鏨,"['車', '斤', '金']"
鏞,"['广', '聿', '金', '用']"
鑓,"['金', '丨', '一', '己', '口', '辵']"
鏘,"['月', '爿', '金', '寸']"
鈰,"['亠', '金', '巾']"
鐮,"['金', '八', '广', '彐', '一']"
鈊,"['心', '金']"
鿔,[]
釱,"['大', '金']"
钭,"['钅', '斗']"
鋧,"['金', '見']"
锼,"['臼', '丨', '钅', '又']"
鉥,"['丶', '金', '木']"
锴,"['比', '钅', '白']"
鐶,"['一', '网', '金', '口']"
镡,"['日', '十', '钅', '襾']"
镗,"['土', '冖', '钅', '小', '口']"
鍍,"['广', '又', '金', '廾']"
钗,"['又', '丶', '钅']"
铥,"['厶', '钅', '士']"
銁,"['勹', '金', '日']"
鋙,"['一', '口', '金', '力']"
錛,"['十', '大', '金', '艸']"
鐐,"['金', '八', '大', '小', '日']"
锽,"['玉', '钅', '白']"
鑒,"['丿', '丶', '金', '臣', '一', '网']"
镍,"['钅', '木', '自']"
釔,"['金', '乙']"
鎖,"['貝', '金', '小']"
钩,"['勹', '厶', '钅']"
鐝,"['金', '八', '屮', '厂', '一', '欠']"
链,"['车', '钅', '辵']"
鍸,"['月', '十', '金', '口']"
鈽,"['一', '丿', '金', '巾']"
鉶,"['一', '刀', '金', '廾']"
镈,"['丶', '寸', '用', '十', '钅']"
錬,"['日', '金', '木']"
銖,"['一', '金', '木']"
铭,"['钅', '口', '夕']"
镨,"['日', '一', '钅', '八']"
釣,"['勹', '丶', '金']"
釜,"['父', '金']"
鎩,"['丿', '金', '十', '小', '殳']"
鐇,"['金', '田', '釆']"
鎤,"['金', '小', '儿', '日', '一']"
针,"['十', '钅']"
鏗,"['土', '又', '金', '臣']"
録,"['金', '水', '彐']"
镜,"['钅', '音', '儿']"
鎘,"['金', '鬲']"
钝,"['十', '钅', '屮', '乙']"
铵,"['宀', '钅', '女']"
錤,"['一', '甘', '金', '八']"
鍜,"['又', '二', '尸', '金']"
镀,"['又', '广', '钅', '廾']"
鏊,"['丿', '土', '金', '一', '攴']"
鑛,"['二', '凵', '金', '八', '广', '丨', '一', '艸']"
铩,"['丿', '十', '钅', '小']"
鋈,"['大', '水', '金']"
钽,"['日', '一', '钅']"
钘,"['一', '钅', '廾']"
锈,"['禾', '丿', '钅']"
鏢,"['襾', '金', '示']"
钊,"['刀', '钅']"
鉺,"['金', '耳']"
鎵,"['宀', '金', '豕']"
鋶,"['金', '厶', '丨', '亠', '儿']"
铧,"['十', '钅', '匕', '人']"
镒,"['一', '钅', '八', '皿']"
铍,"['皮', '钅']"
鐵,"['土', '金', '戈', '玉', '口']"
鍱,"['廾', '金', '木']"
鎡,"['幺', '一', '金', '八']"
铿,"['又', '丨', '钅', '土']"
錇,"['金', '立', '口']"
钲,"['一', '钅', '止']"
销,"['月', '钅', '小']"
鎪,"['臼', '丨', '金', '又']"
銕,"['大', '金', '弓']"
铘,"['钅', '阝', '牙']"
锋,"['二', '夂', '丨', '钅', '一']"
铛,"['小', '钅', '彐']"
鐠,"['日', '一', '金', '八']"
铱,"['衣', '钅']"
钷,"['匚', '钅', '口']"
锲,"['二', '刀', '丨', '大', '钅', '一']"
鑑,"['丿', '丶', '金', '臣', '皿', '一']"
鉉,"['玄', '金']"
钾,"['二', '丨', '钅', '冂']"
鍉,"['日', '一', '金', '止']"
鑤,"['金', '八', '水', '日', '一', '艸']"
鑄,"['金', '士', '乙', '寸', '工', '一', '口']"
鎣,"['冖', '火', '金']"
错,"['日', '一', '钅', '艸']"
镘,"['日', '网', '钅', '又']"
鉕,"['匚', '金', '口']"
锘,"['丿', '钅', '一', '艸', '口']"
镊,"['又', '钅', '耳']"
钙,"['一', '钅', '卜']"
鎦,"['金', '田', '卩']"
鉾,"['牛', '厶', '金']"
銾,"['金', '水', '工']"
锱,"['川', '钅', '田']"
鍾,"['十', '里', '金']"
鍭,"['人', '金', '矢']"
針,"['十', '金']"
鑹,"['鼠', '穴', '金']"
銶,"['丿', '丶', '金', '水', '一']"
釤,"['彡', '金']"
锻,"['丨', '钅', '殳']"
鐖,"['幺', '人', '戈', '金']"
鑿,"['金', '八', '干', '臼', '一', '殳']"
铉,"['玄', '钅']"
鐾,"['尸', '金', '辛', '口']"
锒,"['艮', '丶', '钅']"
鏌,"['日', '大', '金', '艸']"
鈑,"['又', '金', '⺁']"
鍆,"['金', '門']"
镌,"['丿', '隹', '钅']"
釦,"['囗', '金']"
鉸,"['丿', '亠', '金', '八']"
钜,"['匚', '钅']"
釕,"['金', '亅']"
銠,"['金', '老']"
锗,"['日', '钅', '老']"
鍪,"['矛', '金', '攴']"
鑭,"['門', '金', '八', '丨', '木', '口']"
锏,"['门', '钅', '日']"
镆,"['日', '钅', '大', '艸']"
镩,"['钅', '穴', '口', '丨']"
铐,"['一', '钅', '老']"
鑫,['金']
钤,"['人', '丶', '钅']"
鎿,"['人', '金', '手', '一', '口']"
鎚,"['丶', '金', '己', '辵']"
鍺,"['日', '金', '老']"
鈕,"['二', '刀', '金']"
鉗,"['甘', '金']"
铁,"['人', '钅', '二']"
鋆,"['勹', '土', '亠', '金']"
铑,"['钅', '老']"
釷,"['土', '金']"
鏻,"['舛', '金', '米']"
鈔,"['丿', '金', '小']"
钋,"['钅', '卜']"
铹,"['冖', '钅', '艸', '力']"
钥,"['月', '钅']"
鋋,"['止', '廴', '金']"
鍇,"['比', '白', '金']"
錡,"['亅', '金', '大', '一', '口']"
铋,"['心', '丿', '钅']"
镦,"['子', '亠', '钅', '口', '攴']"
钔,"['门', '钅']"
鑥,"['日', '金', '魚']"
镤,"['羊', '一', '钅', '八']"
鎭,"['目', '匕', '金', '八']"
銛,"['金', '舌']"
鋼,"['金', '八', '山', '一', '冂']"
錦,"['白', '金', '巾']"
锥,"['隹', '钅']"
鋭,"['金', '八', '口', '儿']"
铨,"['人', '玉', '钅']"
镧,"['门', '八', '丨', '木', '钅', '口']"
鋸,"['十', '尸', '金', '口']"
錁,"['金', '木', '田']"
釓,"['金', '乙']"
镃,"['幺', '一', '钅', '八']"
镇,"['八', '十', '目', '钅', '一']"
鐚,"['心', '二', '金']"
銓,"['人', '玉', '金']"
鑱,"['丶', '金', '乙', '刀', '丨', '比', '口']"
忠,"['心', '丨', '口']"
惯,"['心', '囗', '贝', '十']"
慘,"['心', '人', '厶', '彡']"
怼,"['心', '又', '寸']"
忪,"['心', '厶', '八']"
愰,"['心', '小', '儿', '日', '一']"
恉,"['日', '匕', '心']"
怃,"['心', '无']"
慕,"['日', '丨', '大', '艸']"
愍,"['心', '一', '己', '攴']"
懼,"['心', '目', '隹']"
愼,"['心', '目', '匕', '八']"
憦,"['冖', '火', '心', '力']"
忮,"['心', '支']"
慇,"['心', '丶', '丨', '彐', '殳']"
憨,"['心', '攴', '耳']"
愧,"['心', '鬼']"
恼,"['心', '凵', '亠', '丿']"
恪,"['心', '口', '夂']"
怳,"['心', '口', '儿']"
悛,"['心', '厶', '八', '夂']"
戇,"['心', '十', '貝', '工', '日', '立', '攴']"
愉,"['心', '人', '刀', '月', '一']"
慓,"['心', '襾', '示']"
怜,"['心', '人', '丶']"
怗,"['心', '卜', '口']"
惬,"['心', '人', '二', '八', '匚']"
恐,"['心', '几', '丶', '工']"
惑,"['心', '一', '戈', '口']"
愨,"['心', '士', '冖', '一', '殳']"
怔,"['心', '一', '止']"
惻,"['心', '貝', '刀']"
愕,"['心', '二', '口']"
态,"['心', '丶', '大']"
怕,"['心', '白']"
惦,"['心', '广', '卜', '口']"
憊,"['心', '丿', '人', '用', '一', '艸']"
愃,"['宀', '一', '心', '日']"
憋,"['冫', '心', '攴', '巾']"
慭,"['心', '土', '玉', '儿']"
忲,"['心', '丶', '大']"
惣,"['牛', '勹', '心']"
恁,"['心', '人', '士']"
憓,"['日', '十', '丨', '心']"
悦,"['心', '八', '口', '儿']"
愀,"['禾', '火', '心']"
忍,"['心', '刀', '丶']"
忌,"['心', '己']"
悊,"['斤', '心', '手']"
憯,"['日', '无', '心', '丿']"
悬,"['月', '一', '心', '厶']"
慳,"['心', '土', '又', '臣']"
怭,"['心', '丿']"
慆,"['臼', '心', '爪']"
惡,"['心', '二']"
恊,"['心', '力']"
悜,"['心', '玉', '口']"
愖,"['心', '匚', '甘', '儿']"
悔,"['一', '丿', '毋', '心']"
悭,"['又', '土', '丨', '心']"
恕,"['女', '心', '口']"
恫,"['心', '一', '口', '冂']"
悤,"['心', '囗', '丶', '夂']"
懒,"['心', '刀', '贝', '木', '口']"
愷,"['心', '山', '豆']"
慬,"['心', '丨', '廾', '玉', '口']"
您,"['心', '人', '刀', '小']"
憬,"['心', '亠', '小', '日', '口']"
惱,"['心', '丿', '丶', '囗', '川']"
悠,"['心', '人', '丨', '攴']"
慉,"['心', '玄', '田']"
悋,"['心', '文', '口']"
惕,"['日', '勹', '心']"
怲,"['心', '一', '人', '冂']"
愆,"['心', '水', '行']"
念,"['心', '人', '丶']"
悞,"['心', '大', '口']"
懻,"['心', '八', '匕', '田', '一', '艸']"
惋,"['宀', '心', '乙', '夕']"
惄,"['心', '又', '卜', '小', '一']"
悒,"['心', '邑']"
意,"['心', '音']"
懧,"['心', '皿', '宀', '一', '亅']"
懰,"['心', '刀', '金', '卩']"
慱,"['心', '丨', '寸', '十', '日']"
愔,"['心', '音']"
恬,"['心', '舌']"
恹,"['心', '厂', '犬']"
惎,"['心', '一', '甘', '八']"
怒,"['女', '又', '心']"
悲,"['心', '非']"
懃,"['心', '丨', '廾', '口', '玉', '力']"
惖,"['日', '勹', '心']"
戅,"['心', '十', '貝', '工', '日', '立']"
慁,"['心', '囗', '豕']"
懍,"['禾', '囗', '亠', '心']"
悵,"['心', '長']"
患,"['心', '口', '丨']"
忡,"['心', '丨', '口']"
憷,"['心', '疋', '木']"
懂,"['心', '十', '里', '艸']"
憇,"['心', '甘', '舌']"
恔,"['心', '丿', '亠', '八']"
懶,"['心', '刀', '木', '貝', '口']"
憤,"['心', '十', '艸', '貝']"
忩,"['心', '厶', '八']"
悴,"['心', '十', '亠', '人']"
懋,"['心', '矛', '木']"
憎,"['心', '八', '丨', '日', '口']"
懐,"['心', '亠', '衣', '网']"
悃,"['心', '囗', '木']"
怏,"['心', '大', '冂']"
忋,"['心', '己']"
愠,"['日', '皿', '心']"
惇,"['心', '子', '亠', '口']"
悻,"['干', '土', '八', '心']"
恓,"['心', '襾']"
恶,"['心', '一', '八']"
懜,"['心', '冖', '网', '艸', '夕']"
愡,"['勹', '丶', '心']"
応,"['心', '广']"
悁,"['月', '心', '口']"
怓,"['女', '又', '心']"
慾,"['心', '欠', '谷']"
忏,"['心', '十']"
愾,"['心', '气', '米']"
忘,"['心', '丶', '匸']"
慴,"['心', '羽', '白']"
愬,"['心', '八', '屮', '月', '一']"
悝,"['心', '里']"
憪,"['月', '心', '門']"
愐,"['心', '面']"
怛,"['日', '一', '心']"
恸,"['心', '二', '厶', '力']"
感,"['心', '厂', '戈', '一', '口']"
忷,"['心', '凵', '丿']"
憚,"['心', '二', '丨', '十', '口', '冂']"
怂,"['心', '人']"
懇,"['艮', '心', '豸']"
愢,"['心', '田']"
恭,"['一', '丨', '八', '艸']"
憶,"['心', '音']"
憘,"['心', '八', '士', '一', '口']"
憂,"['心', '丿', '夂', '冖', '月', '一']"
戀,"['心', '糸', '言']"
戆,"['心', '贝', '十', '工', '日', '立', '攴']"
悽,"['女', '十', '聿', '心']"
憔,"['心', '火', '隹']"
思,"['心', '田']"
悅,"['心', '八', '口', '儿']"
怆,"['心', '人', '乙']"
急,"['心', '刀', '彐']"
怊,"['心', '刀', '口']"
怀,"['丿', '一', '心', '卜']"
忉,"['心', '刀']"
懺,"['心', '人', '戈', '韭']"
慼,"['心', '卜', '厂', '戈', '小', '一']"
恰,"['一', '人', '心', '口']"
忤,"['心', '干']"
懕,"['心', '月', '厂', '犬', '日']"
慊,"['心', '一', '八', '彐']"
慨,"['心', '丶', '无', '丨', '彐', '乙']"
愚,"['心', '二', '禸', '丨', '冂']"
態,"['月', '厶', '心']"
慚,"['車', '斤', '心']"
愁,"['禾', '火', '心']"
憃,"['心', '二', '八', '丨', '臼', '一']"
懆,"['心', '木', '口']"
怄,"['心', '匚', '丿']"
愣,"['心', '网', '方']"
怾,"['心', '八', '口']"
惆,"['心', '田', '口']"
惹,"['心', '丿', '一', '艸', '口']"
恛,"['心', '囗']"
慫,"['心', '人', '彳', '止']"
恧,"['心', '而']"
恩,"['心', '囗', '大']"
忙,"['心', '丶', '匸']"
慶,"['心', '夂', '广', '襾', '乙']"
怨,"['心', '乙', '夕']"
情,"['心', '青']"
忰,"['心', '丿', '十']"
懣,"['心', '水', '巾', '入', '廾']"
恻,"['心', '刀', '贝']"
悖,"['冖', '十', '心', '子']"
惏,"['心', '木']"
懟,"['心', '八', '羊', '寸', '一']"
懈,"['牛', '角', '刀', '心']"
怍,"['心', '丿', '二', '丨', '一']"
忓,"['心', '干']"
憧,"['心', '里', '立']"
悶,"['心', '門']"
恣,"['心', '欠', '冫']"
懠,"['心', '齊']"
悸,"['禾', '子', '心']"
惌,"['宀', '心', '乙', '夕']"
惺,"['日', '心', '生']"
愤,"['心', '十', '贝', '艸']"
懌,"['心', '土', '八', '干', '网']"
愜,"['心', '匚', '大', '人']"
惜,"['日', '一', '艸', '心']"
性,"['心', '生']"
慽,"['心', '卜', '厂', '戈', '小', '一']"
怖,"['心', '丿', '一', '巾']"
怌,"['丿', '一', '心', '卜']"
戄,"['心', '目', '隹', '又']"
忒,"['心', '弋']"
怅,"['心', '长']"
悈,"['心', '戈', '廾']"
憩,"['心', '自', '舌']"
怺,"['心', '丶']"
恥,"['心', '耳']"
恨,"['艮', '心']"
慑,"['心', '又', '耳']"
憭,"['心', '八', '大', '小', '日']"
懾,"['心', '耳']"
慢,"['日', '网', '又', '心']"
懥,"['心', '冖', '十', '疋', '田']"
恍,"['心', '一', '小', '儿']"
愞,"['心', '而', '大']"
怚,"['月', '一', '心']"
怦,"['心', '干', '八']"
惽,"['日', '一', '己', '心']"
惷,"['心', '二', '八', '丨', '日', '一']"
懸,"['心', '糸', '目', '小', '一']"
惨,"['心', '厶', '大', '彡']"
慅,"['心', '丶', '又', '虫']"
愻,"['心', '子', '糸']"
慞,"['日', '十', '心', '立']"
戁,"['心', '二', '人', '隹', '丨', '廾', '口']"
慌,"['心', '丶', '丨', '匸', '儿', '艸']"
怫,"['心', '弓']"
恽,"['冖', '车', '心']"
懤,"['心', '士', '乙', '寸', '工', '一', '口']"
惠,"['日', '十', '丨', '心']"
悳,"['心', '十', '目']"
愛,"['冖', '心', '夂', '爪']"
虑,"['虍', '心']"
愽,"['心', '丶', '寸', '用', '十']"
憮,"['心', '火']"
惝,"['心', '小', '口', '冂']"
怪,"['心', '土', '又']"
惚,"['勹', '心']"
恵,"['心', '二', '凵', '丨', '十']"
懲,"['心', '彳', '山', '一', '玉', '攴']"
忑,"['心', '一', '卜']"
懞,"['心', '二', '冖', '勹', '艸']"
必,"['心', '丿']"
恀,"['心', '夕']"
惛,"['日', '氏', '心']"
恺,"['心', '山', '己']"
悉,"['心', '釆']"
恃,"['心', '土', '寸']"
憰,"['心', '八', '冂', '矛', '口']"
悄,"['月', '心', '小']"
憙,"['心', '八', '士', '一', '口']"
忧,"['心', '丶', '尢']"
應,"['心', '广', '隹', '人']"
惴,"['心', '而', '山']"
惶,"['心', '玉', '白']"
惰,"['心', '丿', '工', '月', '一']"
悰,"['宀', '心', '示']"
恚,"['心', '土']"
总,"['心', '八', '口']"
怞,"['心', '二', '丨', '凵']"
慣,"['心', '囗', '十', '貝']"
悧,"['禾', '刀', '心']"
憍,"['冂', '大', '心', '口']"
恂,"['勹', '心', '日']"
慄,"['心', '襾', '木']"
慪,"['心', '匚', '口']"
恡,"['心', '厶', '一', '丿']"
慝,"['心', '丿', '一', '匚', '艸', '口']"
慮,"['虍', '田', '心']"
忽,"['勹', '心']"
忝,"['一', '丨', '大']"
憝,"['心', '子', '亠', '口', '攴']"
惘,"['心', '丶', '八', '匸', '一', '冂']"
慧,"['心', '彐']"
忸,"['心', '二', '刀']"
懦,"['心', '而', '雨']"
快,"['心', '人', '丨']"
忺,"['心', '欠']"
懅,"['虍', '豕', '心']"
恒,"['日', '一', '心']"
慂,"['心', '水', '用']"
忼,"['心', '亠', '几']"
志,"['心', '士']"
悟,"['心', '一', '口', '力']"
憺,"['心', '八', '刀', '厂', '言']"
惫,"['心', '田', '夂']"
恆,"['心', '一', '丶', '丿']"
恢,"['心', '火', '一', '丿']"
悌,"['心', '丨', '弓', '八']"
恋,"['心', '八', '丨', '亠', '亅']"
懴,"['心', '土', '戈', '韭']"
憀,"['心', '人', '羽', '彡']"
愙,"['宀', '口', '心', '夂']"
悫,"['冖', '几', '心', '士']"
惟,"['心', '隹']"
慷,"['隶', '广', '心']"
懁,"['心', '一', '网', '口']"
忐,"['心', '一', '卜']"
恿,"['心', '用']"
怿,"['心', '二', '丨', '又']"
怯,"['心', '土', '厶']"
惙,"['心', '又']"
怱,"['勹', '丶', '心']"
憑,"['馬', '心', '冫']"
惮,"['心', '二', '八', '丨', '十', '冂']"
惸,"['勹', '子', '心', '日']"
怸,"['心', '丶', '木']"
憒,"['心', '丨', '貝', '一', '口']"
惊,"['心', '小', '亠', '口']"
慍,"['心', '囗', '皿', '人']"
慟,"['心', '十', '里', '力']"
怡,"['心', '厶', '口']"
懊,"['宀', '心', '大', '米']"
忖,"['心', '寸']"
愴,"['心', '人', '丶', '丨', '彐', '口']"
惭,"['斤', '车', '心']"
悩,"['心', '凵', '小', '丿']"
愪,"['心', '貝', '口']"
忿,"['心', '刀', '八']"
想,"['心', '目', '木']"
恙,"['羊', '心']"
惲,"['冖', '車', '心']"
恟,"['勹', '凵', '心', '丿']"
慰,"['心', '尸', '寸', '示']"
慈,"['心', '一', '八', '幺']"
怵,"['心', '丶', '木']"
懔,"['心', '囗', '亠', '示']"
恳,"['艮', '心']"
憲,"['心', '土', '宀', '一', '网']"
憾,"['心', '厂', '戈', '一', '口']"
忆,"['心', '乙']"
愦,"['心', '丨', '贝', '一', '口']"
忭,"['心', '亠', '卜']"
愿,"['心', '白', '厂', '小']"
怹,"['心', '人', '丨', '乙']"
憐,"['心', '舛', '米']"
惩,"['心', '一', '彳', '止']"
愮,"['缶', '心', '爪']"
忱,"['心', '乙', '巾']"
愊,"['心', '一', '田', '口']"
愓,"['日', '一', '勹', '心']"
悯,"['门', '文', '心']"
恤,"['心', '血']"
怠,"['心', '厶', '口']"
悆,"['干', '人', '心', '小']"
慤,"['心', '士', '冖', '几', '殳']"
悼,"['日', '十', '卜', '心']"
悾,"['心', '穴', '工']"
恝,"['心', '二', '刀', '丨', '一']"
憸,"['一', '人', '心']"
懛,"['心', '士', '冖', '至', '口']"
愎,"['心', '丿', '夂', '日', '一']"
惓,"['心', '二', '八', '丨', '乙']"
悮,"['心', '一', '大', '口']"
恇,"['心', '匚', '玉']"
慙,"['車', '斤', '心']"
愒,"['勹', '人', '曰', '心']"
忻,"['斤', '心']"
悍,"['日', '干', '心']"
息,"['心', '自']"
惧,"['一', '目', '八', '心']"
憫,"['心', '文', '門']"
憹,"['心', '二', '凵', '辰']"
惼,"['心', '户', '艸', '冂']"
懨,"['心', '月', '厂', '犬', '日']"
懽,"['心', '隹', '艸', '口']"
懫,"['心', '貝', '斤']"
慎,"['心', '八', '十', '目', '一']"
慜,"['心', '丿', '毋', '一', '攴']"
懿,"['心', '士', '豆', '冖', '冫', '欠']"
怩,"['心', '尸', '匕']"
慺,"['女', '十', '心', '口']"
恌,"['冫', '心', '儿']"
悪,"['心', '二', '口']"
慥,"['心', '牛', '口', '辵']"
憖,"['心', '人', '大', '犬']"
懷,"['心', '衣', '网', '水']"
悐,"['心', '火', '犬']"
恠,"['心', '土', '人', '丿', '一']"
懄,"['心', '丨', '廾', '口', '玉', '力']"
怙,"['心', '十', '口']"
愈,"['心', '人', '刀', '月', '一']"
愫,"['心', '土', '糸', '一']"
恑,"['心', '刀', '厂', '乙']"
心,['心']
忾,"['心', '气']"
惔,"['心', '火']"
慵,"['心', '广', '聿', '用']"
懮,"['心', '丿', '夂', '冖', '月', '一']"
悚,"['心', '木', '口']"
惪,"['一', '十', '目', '心']"
悱,"['心', '非']"
怎,"['心', '丿', '二', '丨', '一']"
懵,"['心', '冖', '目', '网', '艸']"
懑,"['心', '人', '水', '一', '艸', '冂']"
災,"['火', '川']"
勲,"['十', '里', '火', '力']"
灾,"['宀', '火']"
烀,"['丿', '火', '八', '一']"
燏,"['火', '八', '冂', '矛', '口']"
烨,"['火', '匕', '十', '人']"
熻,"['火', '人', '羽', '一', '口']"
煮,"['日', '火', '老']"
炘,"['斤', '火']"
燀,"['二', '火', '丨', '十', '口', '冂']"
煏,"['一', '火', '田', '口']"
熊,"['月', '厶', '火']"
炁,"['火', '无']"
炅,"['日', '火']"
燼,"['火', '聿', '皿']"
熟,"['丿', '子', '丶', '火', '亠', '口']"
熲,"['頁', '火', '匕']"
煬,"['日', '火', '勹', '一']"
焵,"['火', '八', '山', '一', '冂']"
熀,"['火', '小', '儿', '日', '一']"
煆,"['又', '火', '尸', '二']"
炻,"['火', '石']"
爚,"['火', '龠']"
燎,"['火', '八', '大', '小', '日']"
灶,"['土', '火']"
煤,"['火', '甘', '木']"
炮,"['勹', '火', '己']"
燺,"['火', '木', '高']"
爗,"['火', '二', '丨', '日', '一', '艸']"
熸,"['日', '火', '无', '丿']"
燗,"['月', '火', '門']"
熗,"['火', '丶', '人', '丨', '彐', '口']"
灴,"['火', '工']"
熏,"['土', '火', '八', '丨', '十', '口']"
焼,"['火', '十', '儿', '一', '艸']"
炽,"['火', '八', '口']"
点,"['火', '卜', '口']"
熬,"['丿', '火', '土', '一', '攴']"
畑,"['火', '田']"
煗,"['火', '而', '大']"
燭,"['勹', '火', '网', '虫']"
炕,"['火', '亠', '几']"
燴,"['火', '人', '八', '丨', '日', '一', '口']"
焌,"['火', '八', '厶', '夂']"
灰,"['丿', '火', '一']"
煻,"['火', '聿', '广', '口']"
煸,"['火', '户', '艸', '冂']"
煎,"['火', '八', '刀', '月', '一']"
熳,"['日', '火', '网', '又']"
焴,"['月', '火', '亠', '厶']"
烽,"['火', '二', '夂', '丨', '一']"
灼,"['勹', '火', '丶']"
煖,"['火', '又', '爪', '干', '亅']"
炎,['火']
煉,"['火', '八', '丨', '木', '口']"
燹,"['火', '豕']"
燉,"['火', '子', '亠', '口', '攴']"
照,"['日', '火', '刀', '口']"
焙,"['火', '立', '口']"
燐,"['火', '舛', '米']"
煝,"['火', '丨', '目']"
煺,"['艮', '火', '辵']"
燵,"['土', '火', '羊', '辵']"
熛,"['火', '示', '襾']"
炫,"['火', '玄']"
黙,"['火', '里', '犬']"
烁,"['火', '小']"
熉,"['貝', '火', '口']"
為,"['丿', '丶', '火']"
燠,"['宀', '火', '大', '米']"
熰,"['火', '口', '匚']"
然,"['月', '火', '犬']"
燊,"['火', '木']"
燻,"['土', '火', '八', '丨', '十', '口']"
煟,"['月', '火', '田']"
炸,"['丿', '火', '二', '丨', '一']"
烈,"['火', '刀', '歹']"
煅,"['火', '丨', '殳']"
烤,"['一', '火', '老']"
秌,"['禾', '火']"
熙,"['匚', '火', '己', '口']"
焔,"['勹', '火', '丨', '日']"
燄,"['臼', '火', '刀']"
煚,"['日', '匚', '火']"
煦,"['日', '火', '勹', '口']"
煣,"['火', '矛', '木']"
烉,"['火', '刀', '八', '冂']"
灵,"['火', '彐']"
炷,"['火', '丶', '玉']"
焕,"['火', '刀', '大', '冂']"
爓,"['臼', '火', '刀', '門']"
灯,"['一', '火', '亅']"
焐,"['一', '火', '口', '力']"
煞,"['火', '刀', '攴', '彐']"
炱,"['厶', '火', '口']"
爐,"['虍', '火', '田', '皿']"
爖,"['火', '龍']"
熯,"['二', '火', '人', '丨', '廾', '口']"
焖,"['门', '火', '心']"
爊,"['火', '鹿']"
煴,"['日', '火', '皿']"
烧,"['一', '火', '儿']"
煃,"['土', '火', '大']"
烜,"['一', '火', '日']"
燖,"['火', '寸', '彐', '工', '口']"
燬,"['臼', '火', '殳', '工']"
爆,"['火', '八', '水', '日', '一', '艸']"
煙,"['土', '火', '襾']"
熒,"['冖', '火']"
熇,"['火', '高']"
爍,"['幺', '火', '白', '木']"
熖,"['臼', '火', '爪']"
烋,"['人', '火', '木']"
燕,"['火', '匕', '廾', '口']"
爔,"['火', '羊', '戈', '禾', '一']"
煨,"['一', '火', '田', '乙']"
焞,"['火', '亠', '口', '子']"
熄,"['心', '火', '自']"
焚,"['火', '木']"
煌,"['火', '玉', '白']"
煑,"['日', '火', '老']"
烝,"['一', '火', '水', '乙']"
煲,"['火', '木', '人', '口']"
燃,"['月', '火', '犬']"
燣,"['禾', '火', '亠', '囗']"
熔,"['宀', '火', '谷']"
熱,"['丿', '土', '丶', '八', '火']"
烺,"['艮', '火', '丶']"
燔,"['火', '田', '釆']"
燒,"['一', '火', '土', '儿']"
焮,"['斤', '火', '欠']"
烂,"['一', '火', '八', '二']"
熘,"['火', '田', '卩']"
焉,"['一', '火', '止']"
燡,"['土', '火', '八', '干', '网']"
烘,"['一', '火', '八', '艸']"
無,['火']
燋,"['火', '隹']"
烬,"['火', '丶', '尸']"
焊,"['日', '火', '干']"
爛,"['門', '火', '八', '丨', '木', '口']"
烖,"['土', '火', '戈']"
炳,"['一', '火', '人', '冂']"
燁,"['火', '二', '丨', '一', '艸']"
爝,"['火', '丶', '爪', '丨', '寸', '彐', '网', '乙']"
煕,"['火', '丨', '厂', '匚', '己']"
炙,"['月', '火']"
煇,"['冖', '火', '車']"
热,"['丿', '丶', '火', '手']"
烏,"['一', '丶', '火']"
烷,"['宀', '火', '二', '儿']"
煍,"['禾', '火']"
灸,"['勹', '火']"
罴,"['土', '网', '火', '厶']"
燮,"['火', '又', '言']"
燿,"['火', '羽', '隹']"
燷,"['火', '亠', '囗', '示']"
煒,"['火', '韋']"
烦,"['火', '页']"
烔,"['一', '火', '口', '冂']"
爟,"['火', '隹', '艸', '口']"
炀,['火']
烊,"['羊', '火']"
烙,"['火', '口', '夂']"
烯,"['丿', '火', '一', '巾']"
火,['火']
熾,"['火', '戈', '音']"
烩,"['厶', '火', '人', '二']"
烫,"['火', '水']"
煠,"['火', '木', '廾']"
燈,"['火', '癶', '豆']"
灿,"['火', '山']"
煜,"['日', '火', '立']"
焘,"['火', '二', '丨', '寸', '一']"
煩,"['頁', '火']"
焭,"['冖', '火', '几']"
營,"['冖', '火', '口']"
烃,"['火', '工']"
焻,"['日', '火']"
煽,"['火', '户', '羽']"
煊,"['宀', '火', '日', '一']"
炉,"['火', '户']"
煳,"['月', '火', '十', '口']"
灭,"['一', '火']"
熅,"['火', '囗', '皿', '人']"
炧,"['丿', '火', '丨', '一', '乙']"
炒,"['丿', '火', '小']"
灺,"['火', '丨', '乙']"
熓,"['一', '火', '丶']"
炔,"['火', '丨', '人']"
熵,"['火', '八', '冂', '亠', '口']"
燦,"['歹', '火', '又', '米']"
烓,"['土', '火']"
煢,"['冖', '十', '火', '乙']"
炝,"['火', '人', '乙']"
烱,"['火', '口', '八', '冂']"
熺,"['火', '八', '士', '一', '口']"
炜,"['火', '韦']"
炊,"['火', '欠']"
炼,"['一', '火', '八', '乙']"
燚,['火']
爨,"['火', '大', '木', '冖', '冂', '臼', '一', '口']"
焄,"['火', '丨', '彐', '口']"
煼,"['勹', '火', '艸']"
炯,"['火', '口', '冂']"
燙,"['火', '水', '勹', '日', '一']"
炖,"['屮', '火', '十', '乙']"
燥,"['火', '木', '口']"
烹,"['火', '亠', '亅', '口']"
煥,"['火', '八', '刀', '大', '冂']"
爇,"['丿', '土', '丶', '八', '火', '艸']"
焠,"['火', '亠', '十', '人']"
烕,"['一', '火', '戈', '厂']"
烛,"['火', '虫']"
焰,"['臼', '火', '刀']"
焯,"['日', '火', '卜', '十']"
爥,"['火', '虫', '水', '尸', '勹', '网']"
燜,"['心', '火', '門']"
焱,['火']
焿,"['火', '聿', '八', '广']"
熹,"['火', '八', '士', '一', '口']"
熨,"['火', '尸', '寸', '示']"
烟,"['火', '囗', '大']"
炤,"['火', '刀', '口']"
熥,"['火', '用', '辵']"
焦,"['火', '隹']"
炭,"['丿', '火', '山', '一']"
烴,"['一', '火', '川', '工']"
炬,"['火', '匚']"
熈,"['丿', '火', '己', '臣']"
熠,"['火', '羽', '白']"
焜,"['日', '火', '比']"
燾,"['火', '士', '乙', '寸', '工', '一', '口']"
燧,"['火', '豕', '八', '辵']"
炰,"['勹', '火', '己']"
侹,"['人', '廴', '士']"
伍,"['一', '人', '力']"
侏,"['一', '木', '人']"
俶,"['人', '又', '卜', '小', '一']"
代,"['人', '弋']"
偈,"['勹', '人', '曰']"
们,"['门', '人']"
偘,"['人', '口']"
儓,"['人', '士', '冖', '至', '口']"
俎,"['月', '一', '人']"
儊,"['人', '疋', '木']"
何,"['一', '口', '人', '亅']"
儘,"['人', '聿', '皿', '火']"
儸,"['人', '隹', '网', '糸']"
傣,"['人', '二', '八', '水', '丨', '一']"
侅,"['人', '亠', '丨']"
僊,"['人', '大', '己', '襾']"
佌,"['止', '匕', '人']"
仅,"['人', '又']"
僅,"['人', '丨', '廾', '玉', '口']"
儾,"['二', '人', '丨', '冖', '十', '一', '口']"
伏,"['人', '犬']"
体,"['一', '木', '人']"
伟,"['人', '韦']"
償,"['人', '冖', '貝', '小', '口']"
侯,"['人', '矢']"
偯,"['人', '衣', '口']"
偟,"['人', '玉', '白']"
伮,"['女', '人', '又']"
佀,"['人', '己']"
倉,"['人', '丶', '丨', '彐', '口']"
僎,"['一', '艸', '八', '人']"
倅,"['十', '亠', '人']"
佪,"['人', '囗']"
侻,"['人', '八', '口', '儿']"
仰,"['人', '卩']"
偩,"['貝', '刀', '人']"
伱,"['人', '小']"
傈,"['人', '木', '襾']"
佤,"['瓦', '人']"
倈,"['人', '木']"
備,"['丿', '人', '用', '一', '艸']"
伕,"['人', '二']"
亼,"['一', '人']"
侔,"['牛', '厶', '人']"
以,"['人', '丶', '乙']"
俨,"['一', '八', '厂', '人']"
偿,"['二', '人', '厶', '冖', '小']"
僡,"['心', '人', '丨', '十', '日']"
仳,"['比', '人']"
俑,"['人', '用']"
偝,"['月', '人', '匕']"
亾,['人']
促,"['人', '足']"
偖,"['日', '人', '老']"
儛,"['舛', '人']"
們,"['人', '門']"
儐,"['丿', '人', '貝', '小', '宀', '一']"
儹,"['貝', '人', '牛', '儿']"
儺,"['二', '人', '隹', '丨', '廾', '口']"
倻,"['人', '阝', '耳']"
儉,"['一', '人']"
传,"['二', '丨', '人']"
儦,"['鹿', '火', '人']"
儌,"['人', '攴', '白', '方']"
佡,"['人', '山']"
倒,"['人', '刀', '至']"
傻,"['人', '丶', '丿', '八', '夂', '囗']"
僨,"['十', '艸', '人', '貝']"
儃,"['人', '囗', '亠', '日', '一']"
倳,"['人', '丨', '十', '口', '聿', '亅']"
仁,"['二', '人']"
俩,"['一', '人', '冂']"
伹,"['月', '一', '人']"
俯,"['广', '寸', '人']"
令,"['人', '丶']"
佞,"['女', '二', '人']"
倏,"['人', '丨', '攴', '犬']"
儔,"['人', '士', '乙', '寸', '工', '一', '口']"
倨,"['十', '尸', '人', '口']"
俛,"['人', '乙', '刀', '丨', '口']"
倪,"['臼', '人', '儿']"
任,"['人', '士']"
儡,"['人', '田']"
仵,"['干', '人']"
儍,"['凵', '人', '丿', '八', '夂', '冫']"
俅,"['丿', '人', '丶', '水', '一']"
俣,"['一', '大', '人', '口']"
儅,"['人', '冖', '田', '小', '口']"
儳,"['人', '丶', '乙', '刀', '丨', '比', '口']"
侦,"['人', '贝', '卜']"
仪,"['丿', '人', '丶']"
偰,"['二', '人', '刀', '丨', '大', '一']"
偎,"['一', '田', '人', '乙']"
倀,"['人', '長']"
仔,"['子', '人']"
倶,"['一', '目', '八', '人']"
侉,"['二', '大', '人']"
僾,"['心', '人', '夂', '爪', '冖']"
倞,"['小', '亠', '人', '口']"
傘,"['人', '十']"
俐,"['禾', '人', '刀']"
傕,"['人', '隹', '巾']"
偁,"['土', '人', '冂', '爪']"
仉,"['人', '几']"
傞,"['羊', '人', '工']"
俤,"['人', '丨', '弓', '八']"
係,"['人', '糸']"
俜,"['二', '人', '凵', '丨', '一']"
倆,"['一', '入', '人', '巾']"
傁,"['臼', '人', '丨', '又']"
佟,"['人', '丶', '夂']"
儕,"['人', '齊']"
伢,"['人', '牙']"
伦,"['人', '匕']"
俈,"['牛', '人', '口']"
估,"['十', '人', '口']"
倍,"['人', '立', '口']"
付,"['人', '寸']"
伋,"['丿', '人']"
僃,"['勹', '人', '艸', '用']"
他,"['人', '丨', '乙']"
偪,"['一', '田', '人', '口']"
價,"['貝', '人', '襾']"
侢,"['土', '一', '人', '冂']"
偲,"['心', '人', '田']"
伜,"['丿', '十', '人']"
僣,"['日', '人', '二']"
俙,"['丿', '人', '一', '巾']"
俱,"['一', '目', '八', '人']"
佧,"['一', '卜', '人']"
傭,"['广', '聿', '用', '人']"
仿,"['人', '方']"
俠,"['人', '大']"
佔,"['人', '卜', '口']"
佶,"['人', '口', '士']"
倜,"['人', '田', '口']"
侃,"['人', '丨', '口', '儿']"
做,"['十', '攴', '人', '口']"
侪,"['人', '齐']"
保,"['人', '木', '口']"
倩,"['人', '青']"
偻,"['女', '人', '米']"
偾,"['十', '艸', '贝', '人']"
佣,"['人', '用']"
侎,"['人', '米']"
偺,"['日', '人', '卜', '夂']"
佛,"['人', '弓']"
俏,"['月', '人', '小']"
件,"['牛', '人']"
仲,"['人', '丨', '口']"
倾,"['人', '匕', '页']"
傼,"['二', '人', '丨', '廾', '口']"
優,"['心', '丿', '人', '夂', '冖', '月', '一']"
佈,"['丿', '人', '一', '巾']"
傧,"['人', '斤', '八', '宀', '一']"
儜,"['心', '人', '皿', '宀', '一', '亅']"
仡,"['一', '丿', '人', '乙']"
僥,"['土', '一', '人', '儿']"
倣,"['女', '人', '方']"
似,"['人', '丶', '乙']"
侩,"['人', '厶', '二']"
俊,"['厶', '八', '人', '夂']"
侥,"['一', '人', '儿']"
傫,"['人', '田', '糸']"
価,"['人', '襾']"
什,"['十', '人']"
伙,"['火', '人']"
像,"['人', '刀', '丨', '勹', '口']"
倸,"['人', '木', '爪']"
儩,"['日', '貝', '勹', '人']"
仮,"['人', '又', '⺁']"
侇,"['人', '大', '弓']"
佐,"['丿', '人', '一', '工']"
伺,"['一', '人', '口']"
俄,"['人', '戈', '手']"
候,"['人', '丨', '矢']"
俁,"['人', '大', '口']"
僕,"['羊', '一', '八', '人']"
俻,"['人', '田', '夂']"
借,"['日', '一', '艸', '人']"
依,"['人', '衣']"
伡,"['人', '车']"
例,"['人', '刀', '歹']"
僂,"['女', '十', '人', '口']"
儵,"['人', '丨', '黑', '夂']"
僬,"['人', '隹', '火']"
偉,"['人', '韋']"
傳,"['人', '丨', '寸', '十', '日']"
倲,"['日', '人', '木']"
仇,"['丿', '人']"
伛,"['丿', '匚', '人']"
個,"['囗', '十', '口', '人']"
价,['人']
催,"['人', '隹', '山']"
俥,"['車', '人']"
俞,"['一', '人', '刀', '月']"
傥,"['人', '冖', '小', '儿', '口']"
侐,"['人', '血']"
儼,"['人', '厂', '耳', '攴', '口']"
僻,"['人', '尸', '辛', '口']"
僯,"['舛', '米', '人']"
侭,"['人', '丶', '尸']"
伭,"['玄', '人']"
仝,"['人', '工']"
仫,"['丿', '厶', '人']"
作,"['丿', '人', '二', '丨', '一']"
伞,"['人', '八', '十']"
僈,"['日', '人', '网', '又']"
俲,"['丿', '人', '八', '亠', '力']"
仛,"['一', '人', '乙']"
侮,"['一', '丿', '毋', '人']"
侖,"['一', '人', '艸', '冂']"
伃,"['人', '亅', '乙']"
假,"['又', '二', '尸', '人']"
偒,"['日', '一', '勹', '人']"
倢,"['十', '聿', '人', '止']"
伉,"['人', '亠', '几']"
侊,"['一', '人', '小', '儿']"
億,"['心', '人', '音']"
僖,"['人', '八', '士', '一', '口']"
僳,"['人', '米', '襾']"
俦,"['二', '人', '丨', '寸', '一']"
傷,"['丿', '人', '日', '勹', '一']"
偄,"['而', '大', '人']"
佥,"['一', '人', '小']"
債,"['土', '貝', '人', '一']"
伥,"['人', '长']"
债,"['土', '人', '贝', '一']"
傮,"['二', '凵', '人', '日', '艸']"
僿,"['二', '土', '人', '八', '宀', '一']"
倮,"['人', '田', '木']"
伶,"['人', '丶']"
倌,"['宀', '人', '己']"
倥,"['人', '穴', '工']"
僰,"['人', '木', '冂']"
侷,"['人', '尸', '口']"
佹,"['人', '刀', '厂', '乙']"
优,"['人', '丶', '尢']"
佷,"['艮', '人']"
偃,"['日', '匚', '人', '女']"
会,"['人', '厶', '二']"
信,"['人', '言']"
僱,"['人', '户', '隹']"
佗,"['宀', '人', '匕']"
儆,"['人', '口', '勹', '艸', '攴']"
僉,"['一', '人']"
儂,"['二', '凵', '辰', '人']"
僚,"['人', '八', '大', '小', '日']"
倝,"['日', '十', '人']"
修,"['彡', '丨', '人', '攴']"
偶,"['二', '禸', '人', '丨', '冂']"
介,['人']
傑,"['舛', '木', '人']"
佩,"['一', '几', '人', '巾']"
佾,"['月', '人', '八']"
倂,"['干', '人']"
侂,"['一', '广', '人', '乙']"
侨,"['人', '大']"
伣,"['人', '见']"
仏,"['厶', '人']"
仚,"['人', '山']"
伈,"['心', '人']"
偵,"['貝', '卜', '人']"
儒,"['而', '人', '雨']"
侬,"['人', '巾']"
伝,"['二', '厶', '人']"
余,"['干', '人', '小']"
但,"['日', '一', '人']"
仸,"['人', '大']"
傾,"['頁', '人', '匕']"
俫,"['一', '八', '木', '人']"
僛,"['人', '八', '一', '甘', '欠']"
佳,"['土', '人']"
儚,"['人', '冖', '网', '艸', '夕']"
俴,"['人', '戈']"
倘,"['小', '人', '口', '冂']"
仙,"['人', '山']"
佸,"['人', '舌']"
伲,"['人', '尸', '匕']"
俭,"['一', '人', '小']"
佑,"['丿', '人', '一', '口']"
働,"['十', '里', '人', '力']"
侄,"['人', '至']"
供,"['一', '艸', '八', '人']"
僇,"['人', '羽', '彡']"
伊,"['人', '丨', '彐']"
傔,"['一', '八', '人', '彐']"
俪,"['一', '人']"
住,"['人', '丶', '玉']"
倃,"['人', '口', '卜', '夂']"
仑,"['人', '匕']"
僤,"['二', '人', '丨', '十', '口', '冂']"
傌,"['馬', '人']"
企,"['人', '止']"
侜,"['人', '舟']"
偬,"['勹', '人', '丶', '心']"
仃,"['一', '人', '亅']"
俔,"['人', '見']"
侶,"['丿', '人', '口']"
偑,"['人', '風']"
儷,"['一', '鹿', '人']"
伎,"['人', '支']"
侧,"['人', '刀', '贝']"
偭,"['人', '面']"
伧,"['人', '乙']"
傯,"['心', '人', '丶', '夂', '囗']"
偓,"['人', '尸', '至']"
僦,"['人', '丶', '亠', '小', '尢', '口']"
傴,"['匚', '人', '口']"
併,"['一', '八', '廾', '人']"
倬,"['日', '十', '卜', '人']"
儱,"['人', '龍']"
你,"['人', '刀', '小']"
佴,"['人', '耳']"
偹,"['人', '丨', '田', '夂']"
位,"['人', '立']"
偨,"['止', '匕', '木', '人']"
仍,"['丿', '人']"
倴,"['十', '艸', '大', '人']"
侣,"['人', '口']"
儁,"['人', '隹', '丨']"
俸,"['人', '二', '八', '丨', '一']"
僵,"['一', '田', '人', '二']"
仼,"['人', '玉']"
佰,"['一', '白', '人']"
傖,"['人', '丶', '丨', '彐', '口']"
仂,"['人', '力']"
佃,"['人', '田']"
儭,"['人', '見', '十', '小', '立']"
俗,"['人', '谷']"
倔,"['人', '尸', '山']"
侠,"['人', '八', '二']"
佽,"['人', '欠', '冫']"
傩,"['人', '隹', '又']"
傲,"['丿', '土', '人', '一', '攴']"
儽,"['人', '糸', '田']"
偸,"['一', '人', '川', '月']"
倽,"['干', '人', '口']"
俓,"['一', '川', '人', '工']"
倡,"['日', '人']"
仐,"['人', '十']"
俵,"['土', '人', '一']"
便,"['人', '丿', '丨', '日', '一']"
佋,"['人', '刀', '口']"
侀,"['一', '刀', '廾', '人']"
倖,"['干', '土', '八', '人']"
佘,"['人', '示']"
人,['人']
佯,"['羊', '人']"
傏,"['广', '聿', '人', '口']"
傽,"['日', '十', '立', '人']"
侘,"['宀', '一', '人', '乙']"
侁,"['牛', '人', '儿']"
僶,"['人', '黽']"
侗,"['一', '口', '人', '冂']"
仄,"['人', '厂']"
俳,"['人', '非']"
伻,"['干', '八', '人']"
仾,"['一', '人', '彐']"
來,"['人', '木']"
僞,"['丿', '火', '人', '爪']"
倹,"['人', '八', '丨', '一', '口']"
众,['人']
休,"['人', '木']"
倚,"['人', '亅', '大', '一', '口']"
傍,"['人', '八', '冖', '亠', '方']"
停,"['人', '冖', '亠', '口', '一', '亅']"
偊,"['人', '虫', '冂']"
从,['人']
佭,"['十', '丨', '人', '夂']"
儀,"['羊', '人', '戈', '手']"
佚,"['人', '二']"
儤,"['人', '八', '水', '日', '一', '艸']"
侑,"['月', '人', '一', '丿']"
傢,"['宀', '人', '豕']"
偷,"['一', '人', '刀', '月']"
伴,"['二', '丨', '八', '人']"
儗,"['人', '疋', '匕', '矢']"
侴,"['一', '人', '刀', '二']"
今,"['人', '丶']"
伐,"['人', '戈']"
俚,"['人', '里']"
僑,"['冂', '人', '大', '口']"
偢,"['禾', '火', '人']"
僩,"['月', '人', '門']"
儎,"['車', '土', '戈', '人']"
伾,"['丿', '一', '卜', '人']"
俘,"['子', '人', '爪']"
傀,"['人', '鬼']"
傎,"['人', '八', '十', '目', '一']"
僧,"['人', '八', '丨', '日', '口']"
伪,"['人', '丶', '力']"
僽,"['禾', '火', '心', '人']"
側,"['貝', '刀', '人']"
偫,"['土', '彳', '寸', '人']"
偐,"['彡', '立', '厂', '人']"
傅,"['人', '丶', '寸', '用', '十']"
僜,"['人', '癶', '豆']"
儇,"['一', '网', '人', '口']"
伤,"['一', '丿', '人', '力']"
儻,"['人', '黑', '冖', '小', '口']"
倦,"['二', '人', '八', '丨', '乙']"
儶,"['人', '八', '隹', '口', '山', '冂']"
偌,"['丿', '人', '一', '艸', '口']"
仗,"['丿', '十', '人']"
俺,"['人', '丨', '大', '日', '乙']"
仓,"['人', '乙']"
僮,"['人', '里', '立']"
侚,"['勹', '人', '日']"
傚,"['丿', '人', '八', '夂', '亠']"
侫,"['女', '人', '丶', '匸']"
伽,"['人', '口', '力']"
仕,"['人', '士']"
亿,"['人', '乙']"
伸,"['日', '人', '丨']"
偕,"['比', '人', '白']"
傒,"['幺', '人', '大', '爪']"
伯,"['人', '白']"
侍,"['土', '寸', '人']"
佻,"['冫', '人', '儿']"
份,"['人', '刀']"
侈,"['人', '夕']"
仨,"['一', '人', '二']"
值,"['一', '十', '目', '人']"
低,"['人', '丶', '氏']"
傜,"['缶', '人', '爪']"
僭,"['日', '人', '无', '丿']"
仆,"['人', '卜']"
仭,"['人', '刀']"
仞,"['人', '刀', '丶']"
使,"['丿', '人', '丨', '十', '口']"
伷,"['二', '丨', '人', '凵']"
佝,"['勹', '人', '口']"
儋,"['人', '八', '刀', '厂', '言']"
儲,"['日', '人', '老', '言']"
値,"['十', '目', '人']"
佇,"['宀', '一', '人', '亅']"
佺,"['人', '玉']"
傺,"['月', '人', '示', '卩']"
佼,"['丿', '人', '亠', '八']"
倐,"['火', '丨', '人', '夂']"
偏,"['人', '户', '艸', '冂']"
偽,"['丿', '丶', '火', '人']"
伀,"['厶', '八', '人']"
佉,"['土', '厶', '人']"
儈,"['人', '八', '丨', '日', '一', '口']"
储,"['日', '人', '讠', '老']"
健,"['人', '聿', '廴']"
倫,"['一', '人', '艸', '冂']"
僄,"['人', '示', '襾']"
俟,"['厶', '人', '矢']"
伫,"['宀', '一', '人']"
僝,"['人', '尸', '子']"
侵,"['冖', '人', '又', '彐']"
仟,"['十', '人']"
倭,"['禾', '人', '女']"
塀,"['土', '八', '廾', '尸', '一']"
墁,"['日', '土', '网', '又']"
塵,"['土', '鹿']"
坋,"['土', '刀', '八']"
坊,"['土', '方']"
墖,"['土', '人', '田', '一', '口']"
塊,"['土', '鬼']"
堖,"['丿', '土', '丶', '囗', '川']"
块,"['土', '丨', '人']"
堃,['土']
玍,"['丿', '玉']"
坻,"['土', '丶', '氏']"
堅,"['土', '又', '臣']"
塡,"['土', '目', '匕', '八']"
堈,"['土', '八', '山', '一', '冂']"
垠,"['艮', '土']"
堎,"['土', '八', '夂']"
堽,"['一', '土', '网', '止']"
壕,"['土', '豕', '冖', '亠', '口']"
坳,"['幺', '土', '力']"
壚,"['虍', '土', '田', '皿']"
墻,"['土', '囗', '人']"
墼,"['車', '土', '山', '殳']"
墰,"['日', '土', '十', '襾']"
堝,"['土', '口', '冂']"
圻,"['斤', '土']"
圣,"['土', '又']"
坝,"['土', '贝']"
塕,"['土', '羽', '八', '厶']"
壋,"['土', '冖', '田', '小', '口']"
塍,"['二', '土', '八', '丨', '月']"
墤,"['土', '丨', '貝', '一', '口']"
堳,"['土', '丨', '目']"
堄,"['臼', '土', '儿']"
塐,"['一', '土', '糸']"
垢,"['一', '土', '口', '⺁']"
壇,"['土', '囗', '亠', '日', '一']"
墡,"['土', '八', '羊', '一', '口']"
塘,"['土', '聿', '广', '口']"
埓,"['土', '寸', '爪']"
垝,"['土', '刀', '厂', '乙']"
埸,"['日', '土', '勹']"
堕,"['土', '丿', '阝', '月', '一']"
埈,"['土', '八', '厶', '夂']"
堭,"['土', '玉', '白']"
垇,"['土', '凵']"
圥,"['土', '儿']"
垣,"['一', '土', '日']"
堑,"['斤', '土', '车']"
壁,"['土', '尸', '辛', '口']"
坛,"['土', '厶', '二']"
墒,"['土', '八', '冂', '亠', '口']"
壝,"['土', '丨', '貝', '一', '口', '辵']"
壎,"['土', '火', '八', '丨', '十', '口']"
堊,"['土', '二']"
塤,"['貝', '土', '口']"
埌,"['艮', '土', '丶']"
塨,"['土', '八', '丨', '一', '艸']"
坩,"['土', '甘']"
堪,"['土', '甘', '匚', '儿']"
堙,"['土', '襾']"
坠,"['土', '人', '阝']"
塏,"['土', '山', '豆']"
圹,"['土', '广']"
埡,"['土', '二']"
坏,"['一', '土', '卜', '丿']"
埀,"['土', '十', '匕']"
垵,"['宀', '土', '女']"
城,"['一', '土', '戈', '丿']"
増,"['日', '土', '田', '八']"
堌,"['土', '囗', '十', '口']"
墄,"['土', '卜', '厂', '戈', '小', '一']"
墩,"['土', '子', '亠', '口', '攴']"
坆,"['土', '攴']"
堘,"['土', '丨', '八', '二']"
垱,"['小', '土', '彐']"
壓,"['月', '土', '厂', '犬', '日']"
堰,"['日', '土', '女', '匚']"
壒,"['土', '艸', '皿', '厶']"
埰,"['土', '木', '爪']"
壖,"['土', '而', '雨']"
坜,"['土', '厂', '力']"
坚,"['又', '土', '丨']"
壍,"['車', '土', '斤', '水']"
尘,"['土', '小']"
坂,"['土', '又', '⺁']"
塑,"['土', '八', '屮', '月', '一']"
坴,"['土', '八']"
圪,"['丿', '土', '一', '乙']"
埘,"['日', '土', '寸']"
堠,"['土', '人', '矢']"
塞,"['二', '土', '八', '宀', '一']"
坵,"['斤', '土', '一']"
墅,"['土', '里', '亅', '乙']"
壈,"['禾', '土', '亠', '囗']"
墝,"['一', '土', '儿']"
埄,"['土', '二', '夂', '丨', '一']"
坫,"['土', '卜', '口']"
坍,"['土', '亠', '冂']"
埭,"['隶', '土']"
墠,"['二', '土', '丨', '十', '口', '冂']"
域,"['一', '土', '戈', '口']"
垆,"['土', '尸', '卜']"
墉,"['土', '用', '聿', '广']"
圯,"['土', '己']"
墶,"['羊', '土', '辵']"
塬,"['土', '白', '厂', '小']"
埃,"['土', '厶', '矢']"
墨,"['土', '黑']"
坮,"['土', '厶', '口']"
墜,"['土', '八', '豕', '阝']"
壜,"['土', '二', '厶', '雨', '日']"
增,"['土', '八', '丨', '日', '口']"
埠,"['阜', '土']"
壆,"['臼', '土', '爻', '冖']"
坡,"['土', '皮']"
塄,"['土', '网', '方']"
壐,"['土', '八', '巾', '丨', '爻', '一']"
埼,"['土', '亅', '大', '一', '口']"
垸,"['宀', '土', '二', '儿']"
埙,"['土', '贝', '口']"
埗,"['丿', '土', '小', '止']"
壘,"['土', '田']"
埚,"['冂', '土', '人', '口']"
垴,"['丿', '土', '亠', '凵']"
塈,"['土', '丶', '无', '丨', '彐', '乙']"
壙,"['土', '二', '凵', '八', '广', '丨', '一', '艸']"
堆,"['土', '隹']"
墳,"['土', '艸', '十', '貝']"
基,"['土', '一', '甘', '八']"
圩,"['干', '土', '亅']"
壞,"['土', '衣', '网', '水']"
塹,"['車', '土', '斤']"
堲,"['土', '丶', '丨', '彐', '卩', '乙']"
垚,['土']
在,"['丿', '土', '人', '一']"
堀,"['土', '尸', '山']"
埋,"['土', '里']"
壑,"['土', '又', '卜', '谷', '一', '冂']"
均,"['勹', '土', '亠']"
堡,"['土', '木', '人', '口']"
坒,"['比', '土']"
埏,"['土', '廴', '止']"
塼,"['土', '丨', '寸', '十', '日']"
塱,"['土', '丶', '丨', '彐', '月', '乙']"
壩,"['月', '土', '革', '雨']"
坿,"['土', '寸', '人']"
坐,"['土', '人']"
壠,"['土', '龍']"
垭,"['一', '土', '八']"
墊,"['土', '丶', '丿', '八', '干']"
垯,"['土', '大', '辵']"
垫,"['土', '丿', '丶', '手']"
垞,"['宀', '土', '一', '乙']"
埂,"['土', '丿', '丨', '日', '一']"
坼,"['斤', '土', '丶']"
墪,"['土', '子', '亠', '口', '攴']"
墦,"['土', '田', '釆']"
塲,"['丿', '土', '勹', '日', '一']"
垧,"['宀', '土', '口']"
垗,"['冫', '土', '儿']"
坎,"['土', '欠']"
坭,"['土', '尸', '匕']"
垂,"['十', '艸', '士']"
垮,"['土', '大', '二']"
塽,"['土', '爻', '大']"
埒,"['土', '寸', '爪']"
地,"['土', '丨', '乙']"
坣,"['冖', '土', '小']"
垤,"['土', '至']"
壟,"['土', '龍']"
埤,"['二', '土', '丶', '丨', '十', '冂']"
堮,"['土', '口', '二']"
堋,"['月', '土']"
墈,"['土', '儿', '匚', '甘', '力']"
墫,"['土', '寸', '八', '酉']"
報,"['土', '又', '八', '干', '卩']"
執,"['土', '丶', '丿', '八', '干']"
塋,"['冖', '土', '火']"
坞,"['一', '土', '丶']"
圢,"['一', '土', '亅']"
培,"['土', '立', '口']"
墐,"['土', '丨', '廾', '玉', '口']"
壄,"['土', '矛', '木']"
垲,"['土', '山', '己']"
埻,"['土', '亠', '口', '子']"
塗,"['人', '土', '水', '干', '小']"
壅,"['土', '丿', '亠', '隹']"
堵,"['日', '土', '老']"
址,"['土', '止']"
垡,"['土', '戈', '人']"
垛,"['土', '几', '木']"
垩,"['土', '一', '八']"
埽,"['冖', '土', '彐', '巾']"
垻,"['土', '貝']"
垈,"['土', '弋', '人']"
堞,"['土', '木', '廾']"
圦,"['土', '入']"
垜,"['丿', '土', '木']"
垔,"['土', '襾']"
塅,"['土', '丨', '殳']"
墬,"['勹', '土', '阝', '彐']"
场,['土']
土,['土']
堂,"['冖', '土', '口', '小']"
埇,"['土', '用']"
圾,"['丿', '土']"
墓,"['日', '土', '大', '艸']"
墟,"['虍', '土', '八', '一']"
堨,"['勹', '土', '曰', '人']"
壊,"['土', '衣', '网', '十']"
坦,"['日', '土', '一']"
堍,"['土', '丶', '乙', '刀', '丨', '口']"
填,"['土', '八', '目', '十', '一']"
圭,['土']
壌,"['土', '二', '八', '亠', '一']"
坟,"['土', '文']"
埜,"['土', '木']"
塝,"['土', '八', '冖', '亠', '方']"
坑,"['土', '亠', '几']"
埦,"['宀', '土', '乙', '夕']"
埕,"['土', '玉', '口']"
垅,"['土', '龙']"
垄,"['土', '龙']"
堺,"['土', '田', '八']"
墾,"['艮', '土', '豸']"
塌,"['日', '土', '羽']"
垦,"['艮', '土']"
境,"['土', '音', '儿']"
塒,"['日', '土', '寸']"
墚,"['土', '八', '水', '刀', '木']"
埵,"['土', '艸', '十', '士']"
塔,"['土', '人', '一', '艸', '口']"
圳,"['土', '川']"
埔,"['土', '用', '十', '丶']"
埝,"['心', '土', '丶', '人']"
塚,"['土', '丶', '冖', '勹', '一']"
埳,"['臼', '土', '刀']"
塜,"['冖', '土', '勹', '二']"
壢,"['禾', '土', '厂', '止']"
垕,"['土', '一', '口', '⺁']"
堇,"['玉', '丨', '廾', '口']"
塾,"['丿', '子', '丶', '土', '亠', '口']"
坯,"['一', '土', '卜', '丿']"
垍,"['土', '自']"
埧,"['一', '土', '目', '八']"
壔,"['土', '士', '乙', '寸', '工', '一', '口']"
塁,"['土', '田', '冫']"
墀,"['牛', '土', '尸', '水']"
垟,"['羊', '土']"
坷,"['一', '土', '口', '亅']"
墍,"['土', '匕', '白', '无']"
場,"['日', '土', '勹', '一']"
坌,"['土', '刀', '八']"
墱,"['土', '癶', '豆']"
垓,"['土', '亠', '丨', '人']"
堤,"['日', '土', '一', '止']"
塃,"['土', '丶', '匸', '丨', '儿', '艸']"
塿,"['女', '土', '十', '口']"
塩,"['丿', '土', '皿', '一', '口']"
型,"['土', '一', '刀', '廾']"
堯,"['土', '一', '儿']"
垒,"['土', '厶']"
坪,"['干', '土', '八']"
坱,"['土', '大', '冂']"
堦,"['比', '土', '白']"
垃,"['土', '立']"
塓,"['土', '八', '冖', '亠', '日']"
塭,"['日', '土', '皿']"
圧,"['土', '厂']"
塢,"['一', '土', '丶', '火']"
坰,"['土', '口', '冂']"
堉,"['月', '土', '亠', '厶']"
壤,"['土', '二', '衣', '一', '口']"
坨,"['宀', '土', '匕']"
坤,"['日', '土', '丨']"
堶,"['土', '丿', '工', '月', '一']"
堧,"['土', '而', '大']"
圮,"['土', '己']"
埯,"['土', '丨', '大', '日', '乙']"
墙,"['土', '囗', '八']"
塙,"['土', '高']"
埶,"['丿', '土', '丶', '八']"
圬,"['土', '二']"
埆,"['土', '角']"
埴,"['一', '土', '目', '十']"
墮,"['土', '丿', '阝', '工', '月', '一']"
堿,"['土', '厂', '戈', '一', '口']"
垌,"['一', '土', '口', '冂']"
墺,"['宀', '土', '大', '米']"
缙,"['日', '一', '八', '纟']"
绵,"['白', '纟', '巾']"
綄,"['宀', '二', '糸', '儿']"
纁,"['土', '火', '八', '丨', '糸', '十', '口']"
绥,"['女', '纟', '爪']"
縋,"['丶', '糸', '己', '辵']"
纜,"['丿', '丶', '糸', '見', '臣', '一', '网']"
纶,"['人', '匕', '纟']"
繋,"['車', '糸', '殳']"
絖,"['一', '糸', '小', '儿']"
絻,"['乙', '刀', '丨', '糸', '口']"
绺,"['卜', '口', '纟', '夂']"
縷,"['女', '十', '糸', '口']"
繾,"['丨', '糸', '一', '己', '口', '辵']"
缐,"['水', '白', '纟']"
緯,"['糸', '韋']"
繨,"['羊', '土', '糸', '辵']"
纹,"['文', '纟']"
績,"['土', '貝', '糸', '一']"
纬,"['韦', '纟']"
绖,"['至', '纟']"
缆,"['丿', '丶', '丨', '见', '一', '纟']"
缝,"['二', '夂', '丨', '一', '纟', '辵']"
結,"['糸', '口', '士']"
緶,"['人', '丿', '丨', '糸', '日', '一']"
綽,"['日', '十', '糸', '卜']"
繆,"['人', '羽', '糸', '彡']"
缚,"['丶', '用', '寸', '十', '纟']"
综,"['宀', '纟', '示']"
縒,"['羊', '糸', '工']"
绘,"['厶', '人', '纟', '二']"
缅,"['纟', '面']"
绲,"['日', '比', '纟']"
細,"['田', '糸']"
缨,"['女', '纟']"
繖,"['糸', '月', '一', '艸', '攴']"
紝,"['糸', '士']"
练,"['一', '八', '纟', '乙']"
綁,"['二', '丨', '糸', '阝', '一']"
紑,"['丿', '一', '糸', '卜']"
維,"['隹', '糸']"
縮,"['人', '糸', '宀', '一', '白']"
綂,"['亠', '糸', '口', '儿']"
絕,"['刀', '丨', '糸', '乙']"
纴,"['纟', '士']"
组,"['月', '一', '纟']"
缠,"['广', '里', '纟']"
系,['糸']
绩,"['一', '土', '贝', '纟']"
缓,"['干', '又', '纟', '爪']"
綣,"['二', '八', '丨', '糸', '乙']"
縓,"['糸', '白', '厂', '小']"
绰,"['日', '十', '卜', '纟']"
網,"['丶', '八', '匸', '糸', '一', '冂']"
緍,"['日', '氏', '糸']"
組,"['月', '一', '糸']"
缘,"['勹', '纟', '彐']"
緤,"['廾', '木', '糸']"
絸,"['糸', '見']"
緪,"['心', '丿', '丶', '糸', '一']"
绨,"['八', '丨', '弓', '纟']"
绍,"['刀', '纟', '口']"
纫,"['刀', '纟', '丶']"
縑,"['一', '八', '糸', '彐']"
継,"['糸', '米']"
緄,"['日', '糸', '比']"
緁,"['十', '聿', '糸', '止']"
絪,"['囗', '大', '糸']"
綪,"['青', '糸']"
緎,"['一', '戈', '糸', '口']"
紩,"['人', '糸', '二']"
纒,"['土', '火', '广', '糸', '里']"
緉,"['一', '糸', '入', '巾']"
纻,"['宀', '一', '纟']"
綢,"['田', '糸', '口']"
縉,"['日', '一', '糸', '八']"
緗,"['目', '木', '糸']"
繿,"['丿', '丶', '糸', '臣', '皿', '一']"
縠,"['冖', '糸', '殳', '士']"
缉,"['耳', '纟', '口']"
繣,"['一', '聿', '田', '糸']"
缜,"['八', '十', '目', '一', '纟']"
綺,"['亅', '大', '糸', '一', '口']"
绸,"['田', '纟', '口']"
緖,"['白', '糸', '老']"
紹,"['刀', '糸', '口']"
絳,"['十', '丨', '糸', '夂']"
紳,"['日', '丨', '糸']"
绁,"['廾', '纟']"
縯,"['二', '凵', '八', '丨', '糸', '宀', '一']"
缯,"['八', '丨', '日', '纟', '口']"
縢,"['二', '八', '丨', '糸', '月']"
绯,"['纟', '非']"
紐,"['二', '刀', '糸']"
編,"['户', '糸', '艸', '冂']"
绦,"['小', '十', '纟', '夂']"
缀,"['又', '纟']"
綰,"['宀', '糸', '己']"
緘,"['糸', '厂', '戈', '一', '口']"
繫,"['車', '山', '糸', '殳']"
纑,"['虍', '田', '糸', '皿']"
缫,"['木', '田', '纟', '川']"
統,"['厶', '亠', '糸', '儿']"
绫,"['土', '八', '纟', '夂']"
縭,"['丿', '凵', '禸', '糸', '亠']"
紽,"['宀', '匕', '糸']"
繒,"['八', '丨', '糸', '日', '口']"
綠,"['糸', '水', '彐']"
继,"['米', '纟']"
絞,"['丿', '亠', '八', '糸']"
纰,"['比', '纟']"
繡,"['一', '聿', '糸']"
繊,"['土', '八', '糸', '戈', '一']"
縈,"['冖', '火', '糸']"
繞,"['土', '一', '糸', '儿']"
絣,"['一', '八', '廾', '糸']"
纾,"['纟', '亅', '乙']"
纘,"['貝', '糸', '牛', '儿']"
纳,"['人', '纟', '冂']"
繤,"['目', '艸', '大', '糸']"
紺,"['甘', '糸']"
缢,"['一', '八', '纟', '皿']"
緊,"['又', '糸', '臣']"
缈,"['丿', '目', '纟', '小']"
縿,"['厶', '人', '糸', '彡']"
缦,"['日', '网', '又', '纟']"
缕,"['女', '米', '纟']"
縹,"['襾', '糸', '示']"
缟,"['纟', '高']"
统,"['厶', '亠', '纟', '儿']"
缪,"['人', '羽', '彡', '纟']"
紜,"['二', '糸', '厶']"
緩,"['又', '爪', '干', '糸', '亅']"
络,"['口', '纟', '夂']"
繭,"['虫', '丨', '糸', '艸', '冂']"
綫,"['戈', '糸']"
緬,"['糸', '面']"
繳,"['攴', '白', '糸', '方']"
縞,"['糸', '高']"
繚,"['八', '大', '糸', '小', '日']"
绉,"['刀', '纟', '彐']"
絿,"['丿', '丶', '水', '糸', '一']"
縅,"['女', '糸', '厂', '戈', '一']"
緹,"['日', '一', '糸', '止']"
紋,"['文', '糸']"
糺,"['糸', '乙']"
緞,"['丨', '糸', '殳']"
納,"['人', '糸', '冂']"
練,"['八', '丨', '木', '糸', '口']"
綃,"['月', '糸', '小']"
綐,"['糸', '八', '口', '儿']"
綴,"['又', '糸']"
缲,"['木', '纟', '口']"
縲,"['田', '糸']"
緻,"['糸', '至', '攴']"
绱,"['小', '口', '纟', '冂']"
縺,"['車', '糸', '辵']"
絓,"['土', '糸']"
缍,"['十', '艸', '纟', '士']"
绐,"['厶', '纟', '口']"
紵,"['宀', '一', '糸', '亅']"
绹,"['勹', '纟', '缶']"
紾,"['人', '糸', '彡']"
绅,"['日', '丨', '纟']"
縰,"['止', '彳', '糸']"
絰,"['糸', '至']"
綀,"['木', '糸', '口']"
緝,"['耳', '糸', '口']"
缰,"['一', '田', '纟', '二']"
缳,"['一', '网', '纟', '口']"
缇,"['日', '一', '纟', '止']"
給,"['一', '人', '糸', '口']"
绠,"['丿', '丨', '日', '一', '纟']"
紓,"['糸', '亅', '乙']"
纨,"['丿', '丶', '纟']"
纂,"['竹', '目', '大', '糸']"
緰,"['人', '刀', '糸', '月', '一']"
絽,"['糸', '口']"
繩,"['黽', '糸']"
緣,"['勹', '糸', '彐']"
纱,"['丿', '纟', '小']"
缡,"['丿', '凵', '禸', '亠', '纟']"
絵,"['人', '糸', '厶', '二']"
緌,"['禾', '糸', '女']"
繀,"['隹', '山', '糸']"
紊,"['文', '糸']"
紙,"['氏', '糸']"
綅,"['冖', '又', '糸', '彐']"
縄,"['丨', '糸', '田', '日', '乙']"
缔,"['八', '巾', '冖', '亠', '纟']"
纯,"['屮', '十', '纟', '乙']"
缂,"['纟', '革']"
纭,"['厶', '二', '纟']"
縐,"['勹', '糸', '艸']"
绗,"['纟', '行']"
素,"['一', '土', '糸']"
纓,"['女', '貝', '糸']"
綳,"['月', '糸']"
絍,"['人', '糸', '士']"
紫,"['止', '匕', '糸']"
纼,"['丨', '弓', '纟']"
纽,"['二', '刀', '纟']"
绛,"['十', '丨', '纟', '夂']"
縛,"['丶', '糸', '寸', '用', '十']"
綯,"['勹', '糸', '缶']"
紘,"['丿', '厶', '糸', '一']"
纲,"['丿', '纟', '冂']"
纚,"['一', '鹿', '糸']"
緋,"['糸', '非']"
纕,"['二', '糸', '衣', '一', '口']"
紱,"['丿', '丶', '又', '糸', '一']"
繑,"['冂', '大', '糸', '口']"
繴,"['尸', '糸', '辛', '口']"
絀,"['糸', '山']"
紃,"['川', '糸']"
繲,"['牛', '角', '刀', '糸']"
紉,"['刀', '糸', '丶']"
约,"['勹', '丶', '纟']"
級,"['丿', '糸']"
绻,"['二', '八', '丨', '纟', '乙']"
维,"['隹', '纟']"
緒,"['日', '糸', '老']"
緥,"['人', '木', '糸', '口']"
缭,"['八', '大', '小', '日', '纟']"
续,"['丶', '大', '十', '纟', '乙']"
绮,"['亅', '大', '一', '纟', '口']"
缒,"['丶', '己', '纟', '辵']"
纎,"['土', '戈', '糸', '韭']"
綵,"['木', '糸', '爪']"
纠,"['丨', '纟']"
緲,"['丿', '目', '糸', '小']"
純,"['十', '糸', '屮', '乙']"
纺,"['纟', '方']"
编,"['户', '艸', '纟', '冂']"
绤,"['纟', '谷']"
绚,"['勹', '纟', '日']"
纣,"['寸', '纟']"
繦,"['虫', '弓', '糸', '口']"
绪,"['日', '纟', '老']"
締,"['八', '巾', '糸', '冖', '亠']"
缑,"['人', '纟', '矢']"
縱,"['人', '彳', '糸', '止']"
緫,"['勹', '丶', '糸', '心']"
绎,"['二', '丨', '又', '纟']"
缣,"['一', '八', '纟', '彐']"
緅,"['又', '糸', '耳']"
绞,"['丿', '亠', '八', '纟']"
繘,"['八', '糸', '冂', '矛', '口']"
缞,"['一', '囗', '衣', '纟']"
繻,"['而', '糸', '雨']"
緇,"['川', '田', '糸']"
繮,"['田', '一', '糸', '二']"
縶,"['土', '丶', '丿', '八', '干', '糸']"
絥,"['人', '糸', '犬']"
繸,"['八', '豕', '糸', '辵']"
綱,"['八', '糸', '山', '一', '冂']"
絃,"['玄', '糸']"
縇,"['宀', '一', '糸', '日']"
繇,"['缶', '糸', '爪']"
紿,"['厶', '糸', '口']"
綍,"['冖', '十', '糸', '子']"
结,"['纟', '口', '士']"
綈,"['八', '丨', '弓', '糸']"
縦,"['止', '八', '彳', '糸', '一']"
縗,"['一', '囗', '衣', '糸']"
線,"['糸', '白', '水']"
缏,"['人', '丿', '丨', '日', '一', '纟']"
纩,"['广', '纟']"
纍,"['糸', '田']"
絮,"['女', '糸', '口']"
縁,"['勹', '糸', '彐']"
细,"['田', '纟']"
紛,"['刀', '八', '糸']"
缎,"['丨', '纟', '殳']"
縏,"['糸', '舟', '殳']"
縟,"['糸', '辰', '寸']"
纤,"['十', '纟']"
缧,"['糸', '田', '纟']"
缃,"['目', '木', '纟']"
縊,"['一', '八', '糸', '皿']"
綞,"['十', '糸', '艸', '士']"
绝,"['色', '纟']"
缄,"['厂', '戈', '一', '纟', '口']"
絡,"['口', '糸', '夂']"
絚,"['丿', '一', '丶', '糸']"
緼,"['日', '皿', '糸']"
絅,"['口', '糸', '冂']"
絁,"['丿', '丨', '糸', '一', '乙']"
絺,"['一', '丿', '糸', '巾']"
綏,"['女', '糸', '爪']"
级,"['丿', '纟']"
给,"['一', '人', '纟', '口']"
絢,"['勹', '糸', '日']"
終,"['丶', '糸', '夂']"
紆,"['干', '糸', '亅']"
索,"['冖', '十', '糸']"
绕,"['一', '纟', '儿']"
縫,"['二', '夂', '丨', '糸', '一', '辵']"
纵,"['人', '纟']"
緑,"['糸', '水', '彐']"
紅,"['糸', '工']"
織,"['戈', '糸', '音']"
紕,"['比', '糸']"
纊,"['二', '凵', '八', '广', '丨', '糸', '一', '艸']"
繐,"['心', '丨', '糸', '十', '日']"
繢,"['丨', '糸', '貝', '一', '口']"
縂,"['心', '糸', '八', '口']"
繠,"['心', '糸']"
糾,"['丨', '糸']"
缁,"['川', '田', '纟']"
繄,"['匚', '糸', '殳', '矢']"
絛,"['人', '丨', '糸', '夂']"
纮,"['丿', '厶', '纟', '一']"
纏,"['土', '八', '广', '糸', '里']"
绡,"['月', '纟', '小']"
絨,"['一', '丿', '戈', '糸']"
緃,"['人', '糸', '止']"
絏,"['曰', '糸']"
繹,"['土', '八', '干', '糸', '网']"
绒,"['一', '丿', '戈', '纟']"
絆,"['二', '丨', '糸', '八']"
纷,"['刀', '八', '纟']"
約,"['勹', '丶', '糸']"
緜,"['白', '糸', '巾']"
綻,"['宀', '一', '糸', '止']"
繕,"['八', '羊', '糸', '一', '口']"
紮,"['木', '糸', '乙']"
纥,"['一', '丿', '纟', '乙']"
紗,"['丿', '糸', '小']"
绢,"['月', '纟', '口']"
红,"['纟', '工']"
缱,"['丨', '一', '己', '纟', '口', '辵']"
绽,"['宀', '一', '纟', '止']"
綜,"['宀', '糸', '示']"
繙,"['田', '糸', '釆']"
绷,"['月', '纟']"
繁,"['丿', '糸', '毋', '一', '攴']"
縣,"['一', '目', '糸', '小']"
經,"['一', '川', '糸', '工']"
綾,"['土', '八', '糸', '夂']"
绊,"['二', '丨', '八', '纟']"
纖,"['人', '戈', '糸', '韭']"
綉,"['禾', '丿', '糸']"
绔,"['二', '大', '纟']"
纈,"['頁', '糸', '口', '士']"
纡,"['干', '纟', '亅']"
縡,"['宀', '糸', '辛']"
累,"['田', '糸']"
綖,"['止', '廴', '糸']"
缮,"['八', '羊', '一', '纟', '口']"
緙,"['糸', '革']"
绑,"['二', '丨', '阝', '一', '纟']"
缤,"['斤', '八', '宀', '一', '纟']"
紥,"['糸', '手', '乙']"
紀,"['己', '糸']"
経,"['土', '又', '糸']"
総,"['心', '厶', '八', '糸']"
緺,"['口', '糸', '冂']"
缩,"['人', '宀', '一', '白', '纟']"
织,"['八', '纟', '口']"
繂,"['幺', '糸', '十', '亠', '冫']"
紼,"['弓', '糸']"
线,"['一', '戈', '纟']"
缗,"['日', '一', '己', '纟']"
縳,"['丨', '糸', '寸', '十', '日']"
縝,"['八', '糸', '十', '目', '一']"
紂,"['糸', '寸']"
绂,"['丿', '丶', '又', '一', '纟']"
綝,"['糸', '木']"
经,"['纟', '工']"
縻,"['糸', '麻']"
紟,"['人', '丶', '糸']"
綦,"['一', '甘', '八', '糸']"
縧,"['人', '夂', '丨', '糸', '十', '小']"
繰,"['木', '糸', '口']"
紲,"['糸', '廾']"
絝,"['二', '大', '糸']"
絜,"['二', '刀', '丨', '糸', '一']"
纇,"['頁', '糸', '米']"
繈,"['厶', '糸', '弓', '虫']"
絎,"['糸', '行']"
绿,"['水', '纟', '彐']"
紇,"['一', '丿', '糸', '乙']"
綆,"['丿', '丨', '糸', '日', '一']"
纸,"['氏', '纟']"
緦,"['心', '田', '糸']"
绶,"['冖', '又', '纟', '爪']"
缵,"['贝', '纟', '牛', '儿']"
紖,"['丨', '弓', '糸']"
繯,"['一', '网', '糸', '口']"
續,"['貝', '网', '糸', '士']"
紞,"['糸', '乙', '巾']"
緡,"['日', '一', '糸', '己']"
缌,"['心', '田', '纟']"
绀,"['甘', '纟']"
縚,"['臼', '糸', '爪']"
綑,"['囗', '木', '糸']"
緱,"['人', '糸', '矢']"
绋,"['弓', '纟']"
繅,"['川', '糸', '田', '木']"
缛,"['寸', '辰', '纟']"
緔,"['小', '口', '糸', '冂']"
纆,"['土', '黑', '糸']"
终,"['丶', '纟', '夂']"
紬,"['二', '丨', '糸', '凵']"
続,"['冖', '儿', '糸', '士']"
缬,"['页', '纟', '口', '士']"
綮,"['户', '糸', '攴']"
缥,"['襾', '纟', '示']"
紡,"['糸', '方']"
絲,['糸']
絷,"['丿', '丶', '糸', '手']"
縍,"['八', '糸', '冖', '亠', '方']"
缊,"['日', '皿', '纟']"
繍,"['人', '聿', '木', '糸']"
綿,"['白', '糸', '巾']"
縴,"['冖', '玄', '牛', '糸']"
縵,"['日', '网', '又', '糸']"
紧,"['又', '丨', '糸']"
缴,"['攴', '白', '纟', '方']"
纔,"['丶', '乙', '刀', '丨', '糸', '比', '口']"
绌,"['山', '纟']"
绳,"['黾', '纟']"
縆,"['日', '一', '糸', '心']"
缋,"['丨', '贝', '一', '纟', '口']"
緵,"['丿', '凵', '八', '夂', '糸']"
绾,"['宀', '己', '纟']"
綌,"['糸', '谷']"
纛,"['土', '糸', '目', '毋', '小', '一']"
繼,"['一', '糸']"
綹,"['口', '糸', '卜', '夂']"
繃,"['月', '山', '糸']"
繽,"['丿', '糸', '貝', '小', '宀', '一']"
紈,"['丿', '丶', '糸']"
繪,"['人', '八', '丨', '糸', '日', '一', '口']"
綎,"['廴', '糸', '士']"
绣,"['禾', '丿', '纟']"
綸,"['人', '糸', '一', '艸', '冂']"
辮,"['糸', '辛']"
纪,"['己', '纟']"
縕,"['囗', '糸', '皿', '人']"
總,"['心', '丶', '夂', '糸', '囗']"
絹,"['月', '糸', '口']"
絶,"['色', '糸']"
綬,"['冖', '又', '糸', '爪']"
蟛,"['十', '虫', '彡', '豆']"
蜕,"['虫', '八', '口', '儿']"
蜗,"['冂', '人', '虫', '口']"
蝗,"['白', '玉', '虫']"
蛕,"['月', '丿', '虫', '一']"
蠐,"['齊', '虫']"
蜞,"['一', '甘', '虫', '八']"
蟟,"['虫', '八', '大', '小', '日']"
蠅,"['黽', '虫']"
蟾,"['八', '虫', '刀', '厂', '言']"
蜱,"['二', '丶', '虫', '丨', '十', '冂']"
蠆,"['二', '禸', '虫', '丨', '艸', '冂']"
蛲,"['一', '虫', '儿']"
蟓,"['虫', '刀', '丨', '勹', '口']"
蛛,"['一', '虫', '木']"
蝮,"['丿', '虫', '夂', '日', '一']"
蝸,"['口', '虫', '冂']"
蝥,"['矛', '虫', '攴']"
蠭,"['二', '虫', '夂', '丨', '一', '辵']"
蝓,"['人', '虫', '刀', '月', '一']"
蠋,"['勹', '网', '虫']"
蜾,"['虫', '木', '田']"
蚿,"['玄', '虫']"
蝌,"['禾', '虫', '斗']"
蠡,"['勹', '虫', '彐']"
蝇,"['黾', '虫']"
蛅,"['虫', '卜', '口']"
蛌,"['虫', '瓜']"
蛸,"['月', '虫', '小']"
蜀,"['勹', '网', '虫']"
蚋,"['人', '虫', '冂']"
虯,"['丨', '虫']"
蠊,"['虫', '八', '广', '彐', '一']"
蠮,"['虫', '羽', '矢', '匚', '殳']"
蛰,"['丿', '丶', '虫', '手']"
蜩,"['口', '虫', '田']"
蜨,"['十', '聿', '虫', '止']"
虺,"['一', '虫', '儿']"
蛇,"['宀', '匕', '虫']"
蝠,"['田', '一', '虫', '口']"
虼,"['一', '丿', '虫', '乙']"
蟯,"['土', '一', '虫', '儿']"
蛏,"['土', '又', '虫']"
蛩,"['几', '虫', '丶', '工']"
蝝,"['勹', '虫', '彐']"
蟈,"['虫', '囗', '戈', '一', '口']"
蜿,"['宀', '虫', '乙', '夕']"
蛹,"['虫', '用']"
蛉,"['人', '丶', '虫']"
蠍,"['人', '虫', '勹', '曰', '欠']"
蚫,"['勹', '虫', '己']"
蠚,"['丿', '虫', '一', '艸', '口']"
蜊,"['禾', '刀', '虫']"
蚃,"['丿', '虫']"
蟰,"['一', '聿', '虫']"
螮,"['虫', '巾', '廾', '冖', '儿']"
蝱,"['丶', '匸', '虫']"
蠎,"['十', '大', '虫', '艸']"
蝛,"['女', '虫', '厂', '戈', '一']"
蛊,"['虫', '皿']"
蛟,"['丿', '亠', '虫', '八']"
蝴,"['月', '十', '虫', '口']"
蜑,"['止', '廴', '虫']"
蟀,"['幺', '虫', '十', '亠', '冫']"
蠉,"['一', '网', '虫', '口']"
螕,"['丿', '囗', '丶', '虫']"
蝦,"['又', '二', '尸', '虫']"
蛞,"['虫', '舌']"
蟺,"['虫', '囗', '亠', '日', '一']"
蟳,"['虫', '寸', '彐', '工', '口']"
蜻,"['虫', '青']"
蟏,"['聿', '虫', '艸', '小']"
蟹,"['牛', '角', '刀', '虫']"
蜘,"['虫', '口', '矢']"
蟕,"['止', '匕', '角', '虫']"
蜚,"['虫', '非']"
蛎,"['丿', '一', '虫', '厂']"
螃,"['虫', '八', '冖', '亠', '方']"
蜃,"['虫', '辰']"
螺,"['虫', '糸', '田']"
蚱,"['丿', '二', '虫', '丨', '一']"
蟲,['虫']
蝟,"['月', '虫', '田']"
蚤,"['丶', '又', '虫']"
蠧,"['冖', '虫', '石', '士']"
螞,"['馬', '虫']"
蜴,"['日', '勹', '虫']"
蜎,"['月', '虫', '口']"
蜮,"['一', '戈', '虫', '口']"
蚳,"['丶', '氏', '虫']"
蝋,"['二', '虫', '丨', '小', '几']"
蟑,"['日', '十', '虫', '立']"
蝶,"['廾', '虫', '木']"
蠺,"['日', '虫']"
蝡,"['而', '大', '虫']"
蠢,"['二', '八', '虫', '丨', '日', '一']"
蜅,"['十', '丶', '虫', '用']"
螬,"['二', '凵', '虫', '日', '艸']"
蠨,"['一', '聿', '虫', '艸']"
蛺,"['人', '大', '虫']"
蚘,"['丶', '虫', '尢']"
蚝,"['毛', '虫']"
蠶,"['日', '丿', '虫', '无']"
蟶,"['口', '玉', '虫', '耳']"
蟿,"['車', '虫', '山', '殳']"
螵,"['襾', '虫', '示']"
蜒,"['止', '廴', '虫']"
蜥,"['斤', '虫', '木']"
蚌,"['一', '丨', '虫', '二']"
螢,"['冖', '火', '虫']"
蝀,"['日', '虫', '木']"
蜹,"['人', '虫', '艸', '冂']"
蠼,"['目', '隹', '又', '虫']"
蝉,"['二', '虫', '八', '丨', '十', '冂']"
螭,"['丿', '凵', '禸', '虫', '亠']"
蟆,"['日', '大', '虫', '艸']"
蜝,"['一', '甘', '八', '虫']"
螯,"['丿', '土', '虫', '一', '攴']"
蝼,"['女', '虫', '米']"
蝕,"['人', '丶', '虫', '丨', '彐', '乙']"
蜣,"['羊', '虫', '乙']"
螨,"['人', '虫', '一', '艸', '冂']"
蠃,"['丶', '虫', '匸', '月', '几', '口']"
蜷,"['二', '虫', '八', '丨', '乙']"
虷,"['干', '虫']"
蠸,"['隹', '虫', '艸', '口']"
蟜,"['冂', '大', '虫', '口']"
蠜,"['虫', '爻', '大', '木']"
蛋,"['疋', '虫']"
蚻,"['虫', '木', '乙']"
蜶,"['十', '亠', '虫', '人']"
虹,"['虫', '工']"
螘,"['豆', '虫', '山']"
蚧,"['人', '虫']"
蛙,"['土', '虫']"
螓,"['二', '虫', '八', '丨', '禾', '一']"
蚡,"['刀', '虫', '八']"
蚬,"['见', '虫']"
蜔,"['勹', '虫', '田']"
螫,"['赤', '虫', '攴']"
蠣,"['二', '禸', '虫', '丨', '厂', '艸', '冂']"
蜓,"['廴', '虫', '士']"
螽,"['丶', '虫', '夂']"
虮,"['几', '虫']"
蠖,"['隹', '又', '虫', '艸']"
蜋,"['艮', '丶', '虫']"
螈,"['白', '虫', '厂', '小']"
蟠,"['虫', '田', '釆']"
蛗,"['丶', '虫', '己']"
蚨,"['人', '虫', '二']"
蚺,"['土', '虫', '冂']"
螿,"['月', '爿', '虫', '寸']"
蛮,"['虫', '八', '丨', '亠', '亅']"
蟚,"['十', '虫', '豆', '彡']"
蚑,"['支', '虫']"
螉,"['厶', '羽', '虫', '八']"
蛍,"['冖', '虫', '小']"
蚵,"['一', '口', '虫', '亅']"
蠁,"['丿', '丶', '虫', '丨', '彐', '阝', '乙']"
螙,"['虫', '木']"
螂,"['丶', '虫', '丨', '彐', '阝', '乙']"
蟢,"['虫', '八', '士', '一', '口']"
蚶,"['甘', '虫']"
蚠,"['虫', '刀', '八']"
虱,"['虫', '乙']"
蛀,"['丶', '玉', '虫']"
蚔,"['氏', '虫']"
蝰,"['土', '大', '虫']"
蠲,"['八', '虫', '皿', '勹', '一', '网']"
蚣,"['厶', '虫', '八']"
蜆,"['虫', '見']"
蛴,"['齐', '虫']"
蟨,"['虫', '八', '屮', '厂', '一', '欠']"
蛻,"['虫', '八', '口', '儿']"
蟭,"['火', '隹', '虫']"
蝽,"['二', '虫', '八', '丨', '日', '一']"
蚜,"['虫', '牙']"
螣,"['二', '八', '虫', '丨', '月']"
蛣,"['虫', '口', '士']"
蛾,"['戈', '虫', '手']"
蝻,"['虫', '八', '干', '十', '冂']"
蝣,"['丿', '子', '虫', '方', '一']"
蝘,"['日', '匚', '虫', '女']"
蚓,"['丨', '虫', '弓']"
融,"['虫', '鬲']"
虾,"['一', '虫', '卜']"
蝤,"['八', '虫', '酉']"
蚦,"['二', '虫', '冂']"
蜡,"['日', '一', '虫', '艸']"
蟻,"['羊', '戈', '虫', '手']"
蠟,"['丿', '虫', '囗', '川', '冫']"
蠕,"['而', '虫', '雨']"
蠑,"['冖', '火', '虫', '木']"
蝨,"['十', '虫', '乙']"
蚯,"['斤', '一', '虫']"
蚪,"['虫', '斗']"
蝎,"['勹', '人', '曰', '虫']"
蟄,"['土', '丶', '丿', '虫', '八', '干']"
蜰,"['月', '丨', '虫', '乙']"
蝿,"['虫', '丨', '田', '日', '乙']"
蠻,"['虫', '糸', '言']"
蛑,"['牛', '厶', '虫']"
蜇,"['斤', '虫', '手']"
蚊,"['文', '虫']"
蠩,"['日', '虫', '老', '言']"
蛭,"['虫', '至']"
蛆,"['月', '一', '虫']"
蚴,"['幺', '虫', '力']"
蟎,"['入', '虫', '廾', '巾']"
蛄,"['十', '虫', '口']"
蠏,"['牛', '角', '刀', '虫']"
蜜,"['宀', '丿', '虫', '心']"
蟬,"['二', '虫', '丨', '十', '口', '冂']"
蛔,"['囗', '虫']"
蜉,"['子', '虫', '爪']"
蜺,"['臼', '虫', '儿']"
蟇,"['日', '虫', '大', '艸']"
蚰,"['二', '丨', '虫', '凵']"
蠱,"['虫', '皿']"
螻,"['女', '十', '虫', '口']"
蚩,"['一', '虫', '屮']"
蟪,"['心', '虫', '丨', '十', '日']"
蜯,"['二', '虫', '八', '丨', '一']"
蝾,"['冖', '艸', '虫', '木']"
螀,"['人', '虫', '手', '十', '亠', '小', '爿']"
蚕,"['一', '大', '虫']"
蠙,"['丿', '虫', '貝', '小', '宀', '一']"
蚁,"['丿', '丶', '虫']"
蜢,"['子', '虫', '皿']"
蛐,"['二', '凵', '虫']"
虻,"['丶', '匸', '虫']"
蝙,"['户', '虫', '艸', '冂']"
螎,"['虫', '鬲']"
蛱,"['人', '虫', '八', '二']"
蛁,"['刀', '虫', '口']"
螳,"['土', '虫', '冖', '小', '口']"
螌,"['虫', '舟', '殳']"
蜖,"['囗', '虫', '二']"
蟥,"['二', '凵', '虫', '八', '丨', '一', '艸']"
蟁,"['一', '己', '虫']"
蝈,"['囗', '玉', '虫']"
蝃,"['又', '虫']"
蠹,"['虫', '丨', '冖', '十', '石', '口']"
蠔,"['虫', '豕', '冖', '亠', '口']"
蛳,"['一', '虫', '巾']"
蚉,"['文', '虫']"
螄,"['丶', '虫', '巾', '一', '己']"
蟫,"['日', '十', '虫', '襾']"
蟷,"['虫', '冖', '田', '小', '口']"
蚀,"['虫', '饣']"
蟊,"['矛', '虫']"
蠓,"['二', '虫', '冖', '勹', '艸']"
蜍,"['干', '人', '虫', '小']"
蟋,"['心', '虫', '釆']"
虿,"['丿', '一', '虫']"
蟒,"['虫', '艸', '犬']"
蚍,"['比', '虫']"
螥,"['人', '丶', '虫', '丨', '彐', '口']"
蛯,"['虫', '老']"
虬,"['虫', '乙']"
蟮,"['虫', '八', '羊', '一', '口']"
螅,"['心', '自', '虫']"
蟖,"['虫', '八', '斤', '一', '甘']"
蝍,"['丶', '虫', '丨', '彐', '卩', '乙']"
蝯,"['又', '虫', '爪', '干', '亅']"
蠛,"['丶', '虫', '厂', '戈', '网', '艸']"
蠵,"['虫', '八', '隹', '口', '山', '冂']"
螟,"['虫', '八', '冖', '亠', '日']"
蜈,"['一', '大', '虫', '口']"
蚂,"['马', '虫']"
蛤,"['一', '人', '虫', '口']"
螗,"['广', '聿', '虫', '口']"
螋,"['臼', '丨', '虫', '又']"
蠈,"['丿', '虫', '貝', '戈', '一']"
蜫,"['日', '虫', '比']"
蛘,"['羊', '虫']"
蜂,"['二', '虫', '夂', '丨', '一']"
蟣,"['幺', '人', '戈', '虫']"
螾,"['二', '凵', '虫', '八', '丨', '宀', '一']"
筸,"['日', '干', '竹']"
筱,"['竹', '人', '丨', '攴']"
篱,"['凵', '禸', '丿', '竹', '亠']"
筏,"['竹', '人', '戈']"
籯,"['丶', '竹', '匸', '貝', '月', '几', '口']"
篲,"['竹', '彐']"
筇,"['竹', '阝', '工']"
篡,"['竹', '目', '大', '厶']"
笆,"['竹', '丨', '乙']"
笨,"['竹', '一', '木']"
筺,"['竹', '匚', '玉']"
筌,"['竹', '人', '玉']"
笵,"['竹', '水', '乙']"
箎,"['虍', '几', '竹']"
箕,"['竹', '一', '甘', '八']"
笏,"['勹', '竹']"
筩,"['竹', '用']"
箖,"['竹', '木']"
笔,"['竹', '毛']"
篠,"['人', '夂', '竹', '丨', '十', '小']"
簿,"['丶', '水', '竹', '寸', '用', '十']"
筦,"['宀', '二', '竹', '儿']"
籬,"['凵', '禸', '丿', '竹', '隹', '亠']"
笥,"['竹', '一', '口']"
箛,"['竹', '子', '瓜']"
籔,"['女', '竹', '十', '口', '攴']"
籧,"['虍', '豕', '竹', '辵']"
竽,"['竹', '干', '亅']"
篭,"['竹', '丨', '日', '立', '乙']"
笑,"['竹', '大']"
箴,"['竹', '厂', '戈', '一', '口']"
簽,"['一', '人', '竹']"
箭,"['八', '竹', '刀', '月', '一']"
籞,"['止', '竹', '干', '彳', '示', '卩']"
笐,"['竹', '亠', '几']"
籮,"['竹', '隹', '网', '糸']"
竻,"['竹', '力']"
笙,"['竹', '生']"
籓,"['竹', '田', '水', '釆']"
笧,"['竹', '一', '冂']"
箏,"['竹', '彐', '亅', '爪']"
第,"['竹', '丨', '弓']"
籚,"['虍', '田', '竹', '皿']"
笰,"['竹', '弓']"
筊,"['竹', '丿', '亠', '八']"
簫,"['竹', '一', '聿']"
竾,"['竹', '丨', '乙']"
筤,"['艮', '丶', '竹']"
篅,"['竹', '而', '山']"
籄,"['匚', '竹', '丨', '貝', '一', '口']"
籌,"['士', '竹', '乙', '寸', '工', '一', '口']"
篆,"['勹', '彐', '竹']"
笾,"['竹', '力', '辵']"
箇,"['竹', '囗', '十', '口']"
筼,"['竹', '贝', '口']"
簒,"['丿', '竹', '厶', '大', '目']"
笕,"['竹', '见']"
篤,"['馬', '竹']"
篥,"['竹', '襾', '木']"
箨,"['二', '又', '手', '竹', '丨']"
範,"['車', '竹', '乙']"
箜,"['竹', '穴', '工']"
籰,"['竹', '目', '隹', '又']"
箵,"['竹', '丿', '目', '小']"
簗,"['八', '水', '竹', '刀', '木']"
箠,"['竹', '十', '艸', '士']"
籟,"['竹', '刀', '木', '貝', '口']"
篋,"['竹', '匚', '大', '人']"
筁,"['竹', '二', '凵']"
笞,"['竹', '厶', '口']"
篘,"['竹', '勹', '艸']"
箳,"['八', '竹', '廾', '尸', '一']"
符,"['竹', '人', '寸']"
筅,"['竹', '牛', '儿']"
簨,"['竹', '一', '八', '艸']"
簉,"['竹', '牛', '口', '辵']"
簏,"['竹', '鹿']"
箾,"['月', '小', '刀', '竹']"
簦,"['竹', '癶', '豆']"
簁,"['竹', '止', '彳']"
筭,"['竹', '玉', '廾']"
簜,"['水', '竹', '勹', '日', '一']"
筷,"['竹', '人', '丨', '心']"
筻,"['丿', '竹', '丨', '日', '一']"
箅,"['竹', '一', '田']"
籏,"['丿', '八', '竹', '方', '一', '甘']"
篔,"['竹', '貝', '口']"
篹,"['竹', '目', '大', '乙']"
籤,"['竹', '人', '戈', '韭']"
箒,"['冖', '竹', '彐', '巾']"
篝,"['二', '土', '竹', '一', '冂']"
篳,"['二', '竹', '丨', '田', '一', '艸']"
筹,"['二', '竹', '丨', '寸', '一']"
篨,"['人', '竹', '干', '阝', '小']"
簘,"['人', '竹', '木', '糸', '聿']"
筚,"['比', '十', '竹']"
籲,"['頁', '龠', '竹']"
簓,"['竹', '彡', '田', '口']"
篪,"['虍', '几', '竹', '⺁']"
簡,"['日', '竹', '門']"
篩,"['丶', '巾', '竹', '一', '己']"
籁,"['竹', '刀', '贝', '木', '口']"
篺,"['二', '丶', '手', '竹', '丨', '十', '冂']"
答,"['一', '人', '竹', '口']"
策,"['竹', '木', '冂']"
笛,"['竹', '二', '丨', '凵']"
笳,"['竹', '口', '力']"
箓,"['竹', '水', '彐']"
簷,"['八', '竹', '刀', '厂', '言']"
箱,"['竹', '目', '木']"
篗,"['竹', '隹', '又']"
笺,"['竹', '一', '戈']"
篢,"['竹', '貝', '工']"
筜,"['竹', '小', '彐']"
篛,"['竹', '弓', '冫']"
筓,"['竹', '干', '亅']"
笊,"['竹', '爪']"
箩,"['竹', '网', '夕']"
箔,"['竹', '白', '水']"
籨,"['一', '人', '欠', '竹']"
箦,"['竹', '土', '贝', '一']"
籩,"['竹', '穴', '方', '自', '辵']"
管,"['宀', '己', '竹']"
篙,"['竹', '高']"
籐,"['二', '八', '水', '竹', '丨', '月']"
簆,"['二', '竹', '儿', '宀', '攴']"
筒,"['竹', '一', '口', '冂']"
篯,"['竹', '一', '戈', '钅']"
箄,"['二', '丶', '竹', '丨', '十', '冂']"
簟,"['日', '十', '竹', '襾']"
篁,"['竹', '玉', '白']"
箯,"['人', '丿', '竹', '丨', '日', '一']"
簀,"['竹', '貝', '土', '一']"
籊,"['竹', '羽', '隹']"
笯,"['女', '又', '竹']"
筵,"['竹', '止', '廴']"
筬,"['丿', '一', '戈', '竹']"
箆,"['比', '人', '竹', '冂']"
笪,"['日', '一', '竹']"
篓,"['女', '米', '竹']"
篚,"['竹', '匚', '非']"
簰,"['二', '丶', '竹', '片', '丨', '十', '冂']"
箧,"['人', '二', '八', '竹', '匚']"
箫,"['竹', '聿', '小']"
笫,"['竹', '丨']"
籍,"['耒', '竹', '日', '一', '艸']"
簵,"['車', '口', '竹', '夂']"
簪,"['日', '丿', '无', '竹']"
筲,"['月', '小', '竹']"
籪,"['斤', '一', '竹']"
笤,"['竹', '刀', '口']"
笓,"['比', '竹']"
篑,"['竹', '丨', '贝', '一', '口']"
篮,"['丿', '丶', '竹', '丨', '皿', '一']"
簥,"['冂', '大', '竹', '口']"
簔,"['竹', '衣 ', '口', '一']"
筠,"['勹', '土', '亠', '竹']"
笮,"['丿', '二', '竹', '丨', '一']"
箬,"['丿', '竹', '一', '艸', '口']"
篸,"['竹', '人', '厶', '彡']"
筯,"['月', '一', '竹', '力']"
筛,"['竹', '一', '巾']"
筋,"['月', '竹', '力']"
篦,"['竹', '囗', '丶', '丿']"
簖,"['斤', '米', '竹']"
簣,"['竹', '丨', '貝', '一', '口']"
笹,"['竹', '廾']"
筢,"['竹', '丨', '手', '乙']"
箐,"['竹', '青']"
築,"['丶', '竹', '木', '工', '几']"
箚,"['人', '竹', '刀', '一', '口']"
箲,"['竹', '牛', '水', '儿']"
節,"['丶', '竹', '丨', '彐', '卩', '乙']"
筰,"['丿', '二', '人', '竹', '丨', '一']"
簑,"['一', '囗', '衣', '竹']"
算,"['竹', '目', '艸']"
籆,"['竹', '隹', '又', '艸']"
筐,"['竹', '匚', '玉']"
篷,"['二', '夂', '竹', '丨', '一', '辵']"
簻,"['竹', '口', '冂', '辵']"
筞,"['宀', '木', '竹']"
筘,"['竹', '手', '口']"
筥,"['竹', '口']"
籃,"['丿', '丶', '竹', '臣', '皿', '一']"
篏,"['竹', '甘', '欠']"
签,"['一', '人', '竹', '小']"
籠,"['竹', '龍']"
簾,"['八', '竹', '广', '彐', '一']"
笼,"['竹', '龙']"
笸,"['竹', '匚', '口']"
箪,"['二', '八', '竹', '丨', '十', '冂']"
筆,"['竹', '聿']"
籛,"['竹', '戈', '金']"
箘,"['禾', '囗', '竹']"
簛,"['八', '竹', '斤', '一', '甘']"
篾,"['丶', '竹', '厂', '戈', '网']"
簃,"['禾', '竹', '夕']"
篴,"['竹', '豕', '辵']"
簌,"['竹', '欠', '木', '口']"
笃,"['竹', '马']"
籣,"['門', '八', '竹', '丨', '木', '口']"
簸,"['皮', '八', '竹', '一', '甘']"
簋,"['艮', '皿', '竹']"
竼,"['竹', '几', '丶']"
笭,"['竹', '人', '丶']"
篇,"['竹', '户', '艸', '冂']"
筧,"['竹', '見']"
簈,"['竹', '干', '尸']"
籜,"['土', '八', '手', '竹', '干', '网']"
箷,"['丿', '竹', '丨', '方', '一', '乙']"
箸,"['日', '老', '竹']"
简,"['门', '竹', '日']"
笱,"['勹', '竹', '口']"
筍,"['勹', '竹', '日']"
笴,"['竹', '一', '口', '亅']"
筴,"['竹', '人', '大']"
竺,"['竹', '二']"
箍,"['竹', '匚', '手', '巾']"
等,"['竹', '土', '寸']"
篰,"['竹', '立', '口', '阝']"
簠,"['丶', '竹', '用', '十', '皿']"
箋,"['竹', '戈']"
竿,"['竹', '干']"
笈,"['竹', '丿']"
籙,"['竹', '金', '水', '彐']"
籝,"['女', '丶', '竹', '匸', '月', '几', '口']"
笠,"['竹', '立']"
筮,"['竹', '人', '工']"
籥,"['竹', '龠']"
箙,"['月', '又', '竹', '卩']"
筈,"['竹', '舌']"
籖,"['竹', '土', '戈', '韭']"
簧,"['二', '凵', '八', '竹', '丨', '一', '艸']"
篌,"['竹', '人', '矢']"
筝,"['竹', '刀', '彐', '亅']"
籀,"['竹', '田', '手', '卩']"
笄,"['竹', '一', '廾']"
笲,"['竹', '厶', '廾']"
簍,"['女', '十', '竹', '口']"
筑,"['竹', '几', '丶', '工']"
籘,"['二', '八', '竹', '丨', '糸', '月']"
箝,"['竹', '甘', '手']"
籑,"['丶', '竹', '大', '艮', '目']"
箑,"['竹', '十', '聿', '止']"
笋,"['竹', '丨', '彐']"
簇,"['丿', '竹', '方', '矢', '一']"
簞,"['二', '竹', '丨', '十', '口', '冂']"
簹,"['竹', '冖', '田', '小', '口']"
評,"['干', '八', '言']"
诃,"['一', '口', '讠', '亅']"
诲,"['一', '丿', '讠', '毋']"
誠,"['丿', '一', '戈', '言']"
謌,"['一', '口', '亅', '言']"
讇,"['臼', '刀', '門', '言']"
訇,"['勹', '言']"
詧,"['月', '言', '卩']"
诀,"['人', '丨', '讠']"
讻,"['丿', '凵', '讠']"
読,"['冖', '儿', '士', '言']"
讧,"['讠', '工']"
譐,"['寸', '八', '酉', '言']"
识,"['讠', '八', '口']"
訬,"['丿', '小', '言']"
谞,"['月', '疋', '讠']"
謷,"['丿', '土', '言', '一', '攴']"
諭,"['人', '刀', '言', '月', '一']"
誕,"['止', '廴', '言']"
讚,"['貝', '言', '牛', '儿']"
諦,"['八', '巾', '冖', '亠', '言']"
訄,"['丿', '言']"
讎,"['隹', '言']"
詖,"['皮', '言']"
诇,"['口', '讠', '冂']"
訩,"['丿', '凵', '言']"
諌,"['日', '木', '言']"
谤,"['八', '冖', '亠', '讠', '方']"
讣,"['讠', '卜']"
誓,"['斤', '手', '言']"
譯,"['土', '八', '干', '言', '网']"
諰,"['心', '田', '言']"
谜,"['讠', '米', '辵']"
謋,"['舛', '木', '言']"
谑,"['虍', '讠']"
认,"['人', '讠']"
诮,"['月', '讠', '小']"
謱,"['女', '十', '口', '言']"
谎,"['丶', '丨', '匸', '讠', '儿', '艸']"
訪,"['方', '言']"
謆,"['羽', '户', '言']"
謿,"['日', '十', '月', '言']"
詾,"['勹', '凵', '丿', '言']"
譭,"['臼', '殳', '工', '言']"
诏,"['刀', '讠', '口']"
誒,"['厶', '矢', '言']"
誥,"['牛', '口', '言']"
課,"['田', '木', '言']"
譼,"['丿', '丶', '臣', '言', '一', '网']"
诿,"['禾', '讠', '女']"
谰,"['门', '八', '丨', '木', '讠', '口']"
譅,"['止', '刀', '丶', '言']"
讷,"['人', '讠', '冂']"
訳,"['尸', '言']"
訓,"['川', '言']"
誹,"['非', '言']"
谭,"['日', '十', '讠', '襾']"
譌,"['丿', '火', '爪', '言']"
谕,"['人', '刀', '讠', '月', '一']"
谖,"['干', '又', '讠', '爪']"
謚,"['一', '八', '皿', '言']"
詳,"['羊', '言']"
誣,"['人', '工', '言']"
讍,"['玉', '口', '言']"
诘,"['讠', '口', '士']"
許,"['干', '言']"
詨,"['丿', '亠', '八', '言']"
諬,"['禾', '丶', '尢', '言']"
谵,"['八', '刀', '厂', '讠', '言']"
詵,"['牛', '儿', '言']"
询,"['勹', '讠', '日']"
謫,"['子', '八', '亠', '言', '欠']"
譙,"['火', '隹', '言']"
訽,"['勹', '口', '言']"
詘,"['山', '言']"
訦,"['巾', '乙', '言']"
譫,"['刀', '八', '厂', '言']"
訴,"['斤', '丶', '言']"
谁,"['隹', '讠']"
謾,"['日', '网', '又', '言']"
誨,"['一', '丿', '毋', '言']"
誌,"['心', '士', '言']"
谠,"['冖', '讠', '小', '儿', '口']"
课,"['讠', '木', '田']"
詸,"['米', '言']"
諡,"['一', '八', '皿', '言']"
謙,"['一', '八', '彐', '言']"
譈,"['子', '亠', '口', '言', '攴']"
谏,"['八', '丨', '木', '讠', '口']"
训,"['川', '讠']"
譏,"['幺', '人', '戈', '言']"
许,"['干', '讠']"
论,"['人', '匕', '讠']"
谩,"['日', '网', '又', '讠']"
計,"['十', '言']"
諧,"['比', '白', '言']"
谗,"['丶', '乙', '刀', '丨', '讠', '口']"
譴,"['丨', '言', '一', '己', '口', '辵']"
諤,"['二', '口', '言']"
諚,"['宀', '一', '止', '言']"
谪,"['子', '八', '亠', '讠', '欠']"
谆,"['子', '亠', '讠', '口']"
譬,"['尸', '辛', '口', '言']"
註,"['丶', '玉', '言']"
諞,"['户', '艸', '冂', '言']"
諱,"['韋', '言']"
訾,"['止', '匕', '言']"
谛,"['八', '巾', '冖', '亠', '讠']"
討,"['寸', '言']"
訛,"['人', '匕', '言']"
讱,"['刀', '讠', '丶']"
譹,"['豕', '冖', '亠', '言', '口']"
詒,"['厶', '口', '言']"
謨,"['日', '大', '艸', '言']"
諼,"['又', '爪', '干', '言', '亅']"
謅,"['勹', '艸', '言']"
變,"['糸', '攴', '言']"
詡,"['羽', '言']"
詹,"['刀', '八', '厂', '言']"
諓,"['戈', '言']"
讋,"['龍', '言']"
诒,"['厶', '讠', '口']"
謦,"['丨', '言', '殳', '士']"
諒,"['小', '亠', '口', '言']"
详,"['羊', '讠']"
詗,"['口', '冂', '言']"
请,"['讠', '青']"
詰,"['士', '口', '言']"
請,"['青', '言']"
謁,"['勹', '人', '曰', '言']"
謳,"['匚', '口', '言']"
譸,"['士', '乙', '寸', '言', '工', '一', '口']"
諏,"['又', '耳', '言']"
讐,"['隹', '言']"
詎,"['匚', '言']"
諄,"['子', '亠', '口', '言']"
諮,"['冫', '欠', '口', '言']"
話,"['舌', '言']"
诶,"['厶', '讠', '矢']"
谳,"['八', '干', '犬', '十', '讠', '冂']"
诈,"['丿', '二', '丨', '讠', '一']"
諁,"['又', '言']"
詞,"['一', '口', '言']"
诤,"['刀', '讠', '彐', '亅']"
誆,"['匚', '玉', '言']"
訑,"['丨', '乙', '言']"
说,"['讠', '八', '口', '儿']"
评,"['干', '讠', '八']"
讅,"['宀', '田', '釆', '言']"
访,"['讠', '方']"
論,"['人', '言', '一', '艸', '冂']"
讬,"['一', '讠', '乙']"
諸,"['日', '老', '言']"
讁,"['子', '八', '亠', '言', '欠', '辵']"
詩,"['土', '寸', '言']"
訊,"['十', '乙', '言']"
讼,"['厶', '讠', '八']"
诡,"['刀', '讠', '厂', '乙']"
诔,"['耒', '讠']"
讦,"['干', '讠']"
調,"['田', '口', '言']"
訟,"['厶', '八', '言']"
証,"['一', '止', '言']"
讥,"['几', '讠']"
誂,"['冫', '儿', '言']"
诐,"['皮', '讠']"
證,"['癶', '豆', '言']"
誤,"['一', '大', '口', '言']"
諫,"['八', '丨', '木', '言', '口']"
詅,"['人', '丶', '言']"
诱,"['禾', '丿', '讠']"
谦,"['一', '讠', '八', '彐']"
譾,"['八', '羽', '刀', '言', '月', '一']"
訠,"['丨', '弓', '言']"
訏,"['干', '亅', '言']"
誐,"['戈', '手', '言']"
诗,"['土', '讠', '寸']"
詻,"['口', '夂', '言']"
谀,"['臼', '人', '讠']"
诳,"['玉', '讠', '犬']"
謝,"['身', '寸', '言']"
詤,"['人', '儿', '丨', '言']"
訖,"['一', '丿', '乙', '言']"
謼,"['丿', '八', '言', '虍', '一']"
该,"['人', '亠', '丨', '讠']"
詠,"['丶', '言']"
订,"['一', '讠', '亅']"
讆,"['言', '韋', '行']"
警,"['口', '言', '勹', '艸', '攴']"
谧,"['心', '丿', '讠', '皿']"
諗,"['心', '人', '丶', '言']"
诵,"['讠', '用']"
詔,"['刀', '口', '言']"
認,"['心', '刀', '丶', '言']"
谲,"['八', '冂', '讠', '矛', '口']"
詬,"['一', '口', '⺁', '言']"
讨,"['讠', '寸']"
誩,['言']
謔,"['虍', '言']"
谉,"['宀', '丨', '讠', '日']"
訧,"['丶', '尢', '言']"
詟,"['龙', '言']"
諑,"['勹', '一', '丶', '言']"
谱,"['日', '一', '讠', '八']"
講,"['二', '土', '言', '一', '冂']"
訝,"['牙', '言']"
諾,"['丿', '言', '一', '艸', '口']"
谡,"['夂', '讠', '八', '田']"
訥,"['人', '冂', '言']"
謏,"['臼', '丨', '又', '言']"
誊,"['二', '丨', '八', '言']"
謖,"['田', '八', '夂', '言']"
詁,"['十', '口', '言']"
讲,"['二', '讠']"
讒,"['丶', '乙', '刀', '丨', '言', '比', '口']"
谥,"['一', '讠', '八', '皿']"
谚,"['彡', '讠', '立', '厂']"
謪,"['八', '冂', '亠', '言', '口']"
諶,"['匚', '甘', '儿', '言']"
谍,"['廾', '讠', '木']"
訃,"['卜', '言']"
誼,"['宀', '一', '月', '言']"
訐,"['干', '言']"
語,"['一', '口', '力', '言']"
謊,"['丶', '匸', '丨', '言', '儿', '艸']"
谬,"['人', '羽', '讠', '彡']"
译,"['二', '丨', '又', '讠']"
谢,"['身', '讠', '寸']"
谈,"['火', '讠']"
诹,"['又', '讠', '耳']"
談,"['火', '言']"
誖,"['冖', '十', '子', '言']"
谝,"['户', '讠', '艸', '冂']"
訌,"['工', '言']"
譲,"['二', '八', '亠', '言', '一']"
误,"['一', '大', '讠', '口']"
讙,"['隹', '艸', '口', '言']"
讓,"['二', '衣', '言', '一', '口']"
訢,"['斤', '言']"
誦,"['用', '言']"
谣,"['缶', '讠', '爪']"
诉,"['斤', '丶', '讠']"
詆,"['丶', '氏', '言']"
谋,"['甘', '讠', '木']"
諛,"['臼', '人', '言']"
议,"['丿', '丶', '讠']"
设,"['讠', '殳']"
谊,"['宀', '一', '讠', '月']"
諠,"['宀', '一', '日', '言']"
訹,"['丶', '木', '言']"
讖,"['人', '戈', '韭', '言']"
诪,"['二', '丨', '寸', '讠', '一']"
词,"['一', '讠', '口']"
諵,"['八', '干', '十', '言', '冂']"
诙,"['丿', '火', '讠', '一']"
语,"['一', '口', '讠', '力']"
試,"['弋', '工', '言']"
詐,"['丿', '二', '丨', '言', '一']"
讹,"['人', '匕', '讠']"
詿,"['土', '言']"
诠,"['人', '玉', '讠']"
謭,"['八', '刀', '言', '月', '一']"
诨,"['冖', '车', '讠']"
諐,"['人', '丨', '儿', '言', '口']"
諟,"['日', '一', '止', '言']"
謬,"['人', '羽', '彡', '言']"
訶,"['一', '口', '亅', '言']"
諢,"['冖', '車', '言']"
讌,"['火', '匕', '廾', '言', '口']"
谶,"['人', '戈', '讠', '韭']"
諕,"['虍', '几', '言']"
謗,"['八', '冖', '亠', '方', '言']"
讛,"['丿', '土', '丶', '八', '二', '厶', '言', '艸']"
譁,"['二', '丨', '言', '一', '艸']"
謇,"['二', '八', '言', '宀', '一']"
诎,"['讠', '山']"
諂,"['臼', '刀', '言']"
话,"['讠', '舌']"
譊,"['土', '一', '儿', '言']"
詼,"['丿', '火', '一', '言']"
謑,"['幺', '大', '爪', '言']"
諴,"['厂', '戈', '言', '一', '口']"
诞,"['止', '廴', '讠']"
诜,"['牛', '讠', '儿']"
谂,"['心', '人', '丶', '讠']"
詈,"['网', '言']"
讃,"['貝', '人', '二', '言']"
誄,"['耒', '言']"
谨,"['丨', '廾', '讠', '玉', '口']"
诛,"['一', '讠', '木']"
谙,"['讠', '音']"
譽,"['八', '丨', '言', '臼', '一']"
譆,"['八', '士', '言', '一', '口']"
詉,"['女', '又', '言']"
调,"['口', '讠', '田']"
诟,"['一', '口', '讠', '⺁']"
诚,"['丿', '一', '戈', '讠']"
謄,"['二', '八', '丨', '言', '月']"
該,"['人', '亠', '丨', '言']"
誰,"['隹', '言']"
謠,"['月', '缶', '言']"
谔,"['二', '讠', '口']"
诂,"['十', '讠', '口']"
谇,"['十', '亠', '讠', '人']"
詪,"['艮', '言']"
让,"['一', '讠', '卜']"
诸,"['日', '讠', '老']"
詫,"['宀', '一', '乙', '言']"
訣,"['人', '丨', '言']"
读,"['丶', '大', '十', '讠', '乙']"
諆,"['一', '甘', '八', '言']"
診,"['人', '彡', '言']"
诓,"['匚', '玉', '讠']"
誶,"['十', '亠', '人', '言']"
诅,"['月', '一', '讠']"
誃,"['夕', '言']"
譟,"['木', '口', '言']"
诬,"['人', '讠', '工']"
詣,"['日', '匕', '言']"
诫,"['戈', '讠', '艸']"
諷,"['風', '言']"
謹,"['丨', '廾', '言', '玉', '口']"
诌,"['刀', '讠', '彐']"
識,"['戈', '音', '言']"
詭,"['刀', '厂', '乙', '言']"
誾,"['門', '言']"
讽,"['风', '讠']"
证,"['一', '讠', '止']"
詮,"['人', '玉', '言']"
讵,"['匚', '讠']"
讜,"['黑', '冖', '小', '言', '口']"
讫,"['一', '丿', '讠', '乙']"
讘,"['耳', '言']"
訂,"['一', '亅', '言']"
譍,"['广', '隹', '人', '言']"
詛,"['月', '一', '言']"
護,"['隹', '又', '艸', '言']"
諉,"['禾', '女', '言']"
诰,"['牛', '讠', '口']"
誑,"['玉', '犬', '言']"
訡,"['人', '丶', '言']"
讶,"['讠', '牙']"
謂,"['月', '田', '言']"
詢,"['勹', '日', '言']"
讪,"['讠', '山']"
诊,"['人', '讠', '彡']"
誘,"['禾', '丿', '言']"
譚,"['日', '十', '襾', '言']"
诺,"['丿', '讠', '一', '艸', '口']"
计,"['十', '讠']"
詋,"['儿', '口', '言']"
諊,"['勹', '米', '言']"
谅,"['小', '亠', '讠', '口']"
谄,"['臼', '刀', '讠']"
誡,"['戈', '廾', '言']"
谓,"['月', '讠', '田']"
議,"['羊', '戈', '手', '言']"
诋,"['丶', '氏', '讠']"
诩,"['羽', '讠']"
譎,"['八', '冂', '言', '矛', '口']"
譖,"['日', '丿', '无', '言']"
諍,"['刀', '彐', '亅', '言']"
託,"['一', '乙', '言']"
記,"['几', '言']"
設,"['殳', '言']"
詑,"['宀', '匕', '言']"
试,"['弋', '讠', '工']"
讳,"['韦', '讠']"
谮,"['日', '丿', '讠', '无']"
谒,"['勹', '人', '曰', '讠']"
誇,"['二', '大', '言']"
諜,"['木', '廾', '言']"
謐,"['心', '丿', '皿', '言']"
诼,"['勹', '一', '丶', '讠']"
诧,"['宀', '一', '讠', '乙']"
說,"['儿', '八', '口', '言']"
訕,"['山', '言']"
誚,"['月', '小', '言']"
讴,"['丿', '匚', '讠']"
誉,"['一', '八', '小', '言']"
谘,"['欠', '讠', '口', '冫']"
诽,"['讠', '非']"
谌,"['匚', '甘', '讠', '儿']"
諳,"['音', '言']"
諝,"['月', '疋', '言']"
訒,"['刀', '丶', '言']"
譜,"['日', '一', '八', '言']"
譔,"['一', '八', '艸', '言']"
譛,"['日', '人', '二', '言']"
讟,"['貝', '网', '言', '士']"
讀,"['貝', '网', '士', '言']"
謎,"['米', '辵', '言']"
謟,"['臼', '爪', '言']"
讯,"['十', '讠', '乙']"
謡,"['缶', '爪', '言']"
謀,"['甘', '木', '言']"
记,"['讠', '己']"
誅,"['一', '木', '言']"
谐,"['比', '白', '讠']"
誧,"['十', '丶', '用', '言']"
詀,"['卜', '口', '言']"
谴,"['丨', '讠', '一', '己', '口', '辵']"
訚,"['门', '言']"
谫,"['八', '刀', '讠', '月', '一']"
讕,"['門', '八', '丨', '木', '言', '口']"
诖,"['土', '讠']"
謧,"['丿', '凵', '禸', '亠', '言']"
谟,"['日', '大', '讠', '艸']"
讞,"['虍', '犬', '鬲', '言']"
诣,"['日', '匕', '讠']"
谯,"['火', '隹', '讠']"
説,"['儿', '八', '口', '言']"
諺,"['彡', '立', '厂', '言']"
奸,"['女', '干']"
媧,"['女', '口', '冂']"
娒,"['女', '丿', '毋', '一']"
妁,"['女', '丶', '勹']"
嬈,"['女', '一', '土', '儿']"
嫕,"['女', '匚', '心', '矢']"
姗,"['女', '一', '冂']"
嫏,"['女', '丶', '丨', '彐', '阝', '乙']"
婀,"['女', '亅', '阝', '一', '口']"
嫩,"['女', '攴', '木', '口']"
妹,"['女', '一', '木']"
姫,"['女', '臣']"
姞,"['女', '口', '士']"
嫂,"['女', '丨', '又', '臼']"
嫣,"['女', '一', '火', '止']"
嫚,"['女', '网', '又', '日']"
妄,"['女', '丶', '匸']"
娛,"['女', '大', '口']"
妩,"['女', '无']"
媞,"['女', '一', '日', '止']"
妒,"['女', '户']"
媚,"['女', '目', '丨']"
婼,"['女', '丿', '一', '艸', '口']"
娀,"['女', '丿', '戈', '一']"
婬,"['女', '爪', '士']"
媔,"['女', '面']"
媥,"['女', '户', '艸', '冂']"
娈,"['女', '八', '丨', '亠', '亅']"
姽,"['女', '刀', '厂', '乙']"
妻,"['女', '十', '聿']"
娯,"['女', '一', '八', '口']"
孅,"['女', '人', '戈', '韭']"
婳,"['女', '一', '凵', '田']"
姊,"['女', '丨']"
嫱,"['女', '土', '囗', '八']"
媯,"['女', '丿', '丶', '火']"
孀,"['女', '目', '木', '雨']"
娴,"['女', '门', '木']"
妗,"['女', '人', '丶']"
婭,"['女', '二']"
姝,"['女', '一', '木']"
嬰,"['女', '貝']"
婐,"['女', '田', '木']"
姸,"['女', '干', '亅']"
姒,"['女', '人', '丶', '乙']"
姬,"['女', '匚', '口']"
妯,"['女', '二', '丨', '凵']"
姉,"['女', '十', '巾']"
媄,"['女', '大', '羊']"
姮,"['女', '一', '日']"
嬾,"['女', '刀', '木', '貝', '口']"
妳,"['女', '刀', '小']"
妖,"['女', '大']"
妣,"['女', '比']"
姍,"['女', '一', '冂']"
妆,"['女', '爿']"
姺,"['女', '牛', '儿']"
娵,"['女', '又', '耳']"
嬌,"['女', '冂', '大', '口']"
媆,"['女', '而', '大']"
媬,"['女', '人', '木', '口']"
婧,"['女', '青']"
嫵,"['女', '火']"
媽,"['女', '馬']"
妎,"['女', '人']"
婊,"['女', '土', '一']"
媟,"['女', '木', '廾']"
媮,"['女', '人', '刀', '月', '一']"
嫋,"['女', '弓', '冫']"
嬛,"['女', '一', '网', '口']"
婁,"['女', '十', '口']"
婵,"['女', '二', '八', '丨', '十', '冂']"
嫺,"['女', '月', '門']"
嫒,"['女', '丿', '又', '爪', '冖', '一']"
媢,"['女', '二', '目', '冂']"
婷,"['女', '亅', '冖', '亠', '一', '口']"
嫭,"['女', '丿', '八', '虍', '一']"
媊,"['女', '八', '刀', '月', '一']"
媒,"['女', '甘', '木']"
妃,"['女', '己']"
娼,"['女', '日']"
婤,"['女', '田', '口']"
嬸,"['女', '宀', '田', '釆']"
婞,"['女', '土', '干', '八']"
姓,"['女', '生']"
婥,"['女', '十', '卜', '日']"
姤,"['女', '一', '口', '⺁']"
媵,"['女', '二', '八', '丨', '月']"
妵,"['女', '丶', '玉']"
妥,"['女', '爪']"
婿,"['女', '疋', '月']"
娸,"['女', '一', '甘', '八']"
婦,"['女', '冖', '彐', '巾']"
她,"['女', '丨', '乙']"
嫈,"['冖', '火', '女']"
姌,"['女', '土', '冂']"
孌,"['女', '糸', '言']"
嬭,"['女', '八', '巾', '丨', '爻', '一']"
妫,"['女', '丶', '力']"
娇,"['女', '大']"
姦,['女']
姐,"['女', '一', '月']"
媿,"['女', '鬼']"
妈,"['女', '马']"
姻,"['女', '囗', '大']"
嫜,"['女', '十', '立', '日']"
嫪,"['女', '人', '羽', '彡']"
好,"['女', '子']"
嫛,"['女', '匚', '殳', '矢']"
嫿,"['女', '一', '聿', '田']"
嬖,"['女', '尸', '辛', '口']"
娶,"['女', '又', '耳']"
如,"['女', '口']"
娱,"['女', '一', '大', '口']"
姨,"['女', '大', '弓']"
媭,"['女', '彡', '页']"
姁,"['女', '勹', '口']"
姹,"['女', '一', '宀', '乙']"
媖,"['女', '大', '艸', '冂']"
嫖,"['女', '襾', '示']"
妇,"['女', '彐']"
威,"['女', '一', '戈', '厂']"
嫟,"['女', '丿', '一', '匚', '艸', '口']"
媳,"['女', '自', '心']"
嬔,"['女', '丶', '乙', '刀', '丨', '生', '口']"
媼,"['女', '囗', '皿', '人']"
奼,"['女', '一', '乙']"
娩,"['女', '乙', '刀', '丨', '口']"
嫡,"['女', '子', '八', '亠', '欠']"
妮,"['女', '尸', '匕']"
媺,"['女', '山', '一', '几', '攴']"
妊,"['女', '士']"
嬝,"['女', '一', '丶', '衣']"
嫄,"['女', '白', '厂', '小']"
妞,"['女', '二', '刀']"
嬬,"['女', '而', '雨']"
姅,"['女', '二', '丨', '八']"
婴,['女']
媪,"['女', '皿', '日']"
嫫,"['女', '大', '艸', '日']"
娌,"['女', '里']"
娲,"['女', '人', '冂', '口']"
姿,"['女', '欠', '冫']"
嬴,"['女', '丶', '匸', '月', '几', '口']"
娿,"['女', '亅', '阝', '一', '口']"
嬗,"['女', '囗', '亠', '日', '一']"
妤,"['女', '亅', '乙']"
嫉,"['女', '疒', '矢']"
妸,"['女', '一', '口', '亅']"
嬀,"['女', '丿', '火', '爪']"
姜,"['羊', '女']"
妪,"['女', '匚', '丿']"
妷,"['女', '人', '二']"
婗,"['女', '儿', '臼']"
娅,"['女', '一', '八']"
娉,"['女', '二', '凵', '丨', '一']"
嫦,"['女', '巾', '冖', '小', '口']"
婆,"['女', '皮', '水']"
婚,"['女', '氏', '日']"
姣,"['女', '丿', '亠', '八']"
妺,"['女', '一', '木']"
奶,"['女', '丿']"
媤,"['女', '田', '心']"
奴,"['女', '又']"
媲,"['女', '囗', '丶', '丿']"
妝,"['女', '爿']"
妙,"['女', '丿', '小']"
嬃,"['頁', '彡', '女']"
嬶,"['女', '鼻']"
嬷,"['女', '丿', '厶', '麻']"
嫐,"['女', '田', '力']"
始,"['女', '厶', '口']"
婉,"['女', '宀', '乙', '夕']"
媻,"['女', '舟', '殳']"
嬪,"['女', '丿', '貝', '小', '宀', '一']"
婕,"['女', '十', '聿', '止']"
委,"['禾', '女']"
娥,"['女', '戈', '手']"
嫔,"['女', '宀', '八', '斤', '一']"
妘,"['女', '二', '厶']"
娣,"['女', '丨', '弓', '八']"
娠,"['女', '辰']"
妲,"['女', '一', '日']"
嬅,"['女', '二', '丨', '一', '艸']"
嬤,"['女', '幺', '麻']"
妍,"['女', '一', '廾']"
嬡,"['女', '心', '夂', '爪', '冖']"
娆,"['女', '一', '儿']"
姑,"['女', '十', '口']"
娑,"['女', '丿', '水', '小']"
娙,"['女', '一', '川', '工']"
媾,"['女', '二', '土', '一', '冂']"
嬓,"['女', '攴', '白', '方']"
姥,"['女', '老']"
嫌,"['女', '一', '八', '彐']"
孃,"['女', '二', '衣', '一', '口']"
娃,"['女', '土']"
娘,"['女', '丶', '艮']"
姪,"['女', '至']"
媛,"['女', '干', '又', '爪']"
婪,"['女', '木']"
嫗,"['女', '匚', '口']"
姱,"['女', '二', '大']"
妨,"['女', '方']"
嫰,"['女', '欠', '木', '口']"
娄,"['女', '米']"
娭,"['女', '厶', '矢']"
嬢,"['女', '二', '八', '亠', '一']"
嬎,"['女', '乙', '刀', '丨', '生', '口']"
娓,"['女', '毛', '尸']"
媸,"['女', '一', '虫', '屮']"
嫁,"['女', '宀', '豕']"
婾,"['女', '人', '川', '月', '一']"
嬙,"['女', '土', '囗', '人']"
姘,"['女', '一', '廾', '八']"
嫻,"['女', '木', '門']"
妬,"['女', '石']"
嬉,"['女', '八', '士', '一', '口']"
姢,"['女', '厶', '月']"
娖,"['女', '足']"
媕,"['女', '人', '廾', '一', '口']"
嬋,"['女', '二', '丨', '十', '口', '冂']"
娬,"['女', '二', '戈', '止']"
婺,"['女', '矛', '攴']"
媍,"['女', '貝', '刀']"
妓,"['女', '支']"
婢,"['女', '二', '丶', '丨', '十', '冂']"
姆,"['女', '毋']"
姚,"['女', '冫', '儿']"
嬿,"['女', '火', '匕', '廾', '口']"
姙,"['女', '人', '士']"
娟,"['女', '月', '口']"
妾,"['女', '立']"
嫘,"['女', '田', '糸']"
娜,"['女', '二', '丨', '阝']"
婶,"['女', '丨', '宀', '日']"
婣,"['女', '一']"
嫠,"['女', '木', '厂', '一', '攴']"
鶼,"['鳥', '一', '八', '彐']"
鹛,"['目', '丨', '鸟']"
鶇,"['日', '鳥', '木']"
鸽,"['一', '人', '鸟', '口']"
鹬,"['八', '冂', '矛', '鸟', '口']"
鸮,"['一', '鸟', '口']"
鶂,"['臼', '鳥', '儿']"
鹮,"['一', '网', '鸟', '口']"
鹢,"['一', '八', '鸟', '皿']"
鹘,"['骨', '鸟']"
鶄,"['鳥', '青']"
鴯,"['鳥', '而']"
鷃,"['日', '鳥', '宀', '女']"
鵜,"['鳥', '丨', '弓', '八']"
鷟,"['鳥', '丿', '方', '矢', '一']"
鵑,"['月', '鳥', '口']"
鸰,"['人', '丶', '鸟']"
鶥,"['鳥', '目', '丨']"
鵠,"['鳥', '牛', '口']"
鹑,"['子', '亠', '鸟', '口']"
鹚,"['幺', '一', '鸟', '八']"
鵯,"['鳥', '二', '丶', '丨', '十', '冂']"
鷦,"['鳥', '火', '隹']"
鹣,"['一', '八', '彐', '鸟']"
鴛,"['鳥', '乙', '夕']"
鸪,"['十', '鸟', '口']"
鶚,"['鳥', '二', '口']"
鸼,"['鸟', '舟']"
鸨,"['十', '匕', '鸟']"
鹫,"['丶', '亠', '小', '尢', '鸟', '口']"
鶻,"['骨', '鳥']"
鹓,"['宀', '鸟', '乙', '夕']"
鶲,"['鳥', '厶', '羽', '八']"
鸚,"['女', '鳥', '貝']"
鶃,"['鳥', '儿', '臼']"
鷔,"['鳥', '丿', '土', '一', '攴']"
鴺,"['鳥', '大', '弓']"
鳬,"['一', '丶', '几']"
鶦,"['月', '十', '鳥', '口']"
鹙,"['禾', '火', '鸟']"
鵬,"['鳥', '月']"
鴟,"['鳥', '丶', '氏']"
鹍,"['日', '鸟', '比']"
鴈,"['鳥', '人', '厂']"
鹡,"['月', '人', '鸟', '冫']"
鷯,"['鳥', '八', '大', '小', '日']"
鸊,"['鳥', '尸', '辛', '口']"
鸝,"['鳥', '一', '鹿']"
鶩,"['鳥', '矛', '攴']"
鶊,"['鳥', '广', '聿', '八']"
鹆,"['鸟', '谷']"
鸲,"['勹', '鸟', '口']"
鴣,"['鳥', '十', '口']"
鴠,"['日', '一', '鳥']"
鸛,"['鳥', '隹', '艸', '口']"
鳳,"['鳥', '一', '几']"
鶖,"['禾', '火', '鳥']"
鹌,"['丨', '大', '日', '鸟', '乙']"
鹒,"['广', '聿', '八', '鸟']"
鹎,"['二', '丶', '丨', '十', '鸟', '冂']"
鸕,"['虍', '鳥', '田', '皿']"
鹜,"['矛', '鸟', '攴']"
鸠,"['丿', '鸟']"
鸋,"['心', '鳥', '皿', '宀', '一', '亅']"
鷗,"['鳥', '匚', '口']"
鶉,"['鳥', '子', '亠', '口']"
鹦,"['女', '鸟']"
鹖,"['勹', '人', '曰', '鸟']"
鹳,"['隹', '鸟', '艸', '口']"
鸢,"['弋', '鸟']"
鸸,"['而', '鸟']"
鶪,"['鳥', '目', '犬']"
鳦,"['鳥', '乙']"
鸷,"['丿', '丶', '鸟', '手']"
鷁,"['鳥', '一', '八', '皿']"
鶵,"['鳥', '勹', '艸']"
鵾,"['日', '鳥', '比']"
鸡,"['又', '鸟']"
鵭,"['鳥', '金']"
鳶,"['鳥', '弋']"
鵻,"['鳥', '隹']"
鷘,"['鳥', '攴', '木', '口']"
鷇,"['鳥', '士', '冖', '一', '殳']"
鸑,"['鳥', '犬', '言']"
鴝,"['勹', '鳥', '口']"
鵶,"['鳥', '二']"
鵪,"['鳥', '丨', '大', '日', '乙']"
鹈,"['丨', '弓', '八', '鸟']"
鴷,"['鳥', '刀', '歹']"
鷹,"['鳥', '广', '隹', '人']"
鷾,"['心', '鳥', '音']"
鷊,"['鳥', '鬲']"
鷓,"['鳥', '广', '火', '廾']"
鸒,"['鳥', '八', '丨', '臼', '一']"
鴎,"['鳥', '匚', '丿']"
鴥,"['鳥', '穴']"
鵓,"['冖', '十', '鳥', '子']"
鹥,"['匚', '鸟', '殳', '矢']"
鷄,"['幺', '鳥', '大', '爪']"
鶗,"['日', '一', '鳥', '止']"
鷚,"['鳥', '人', '羽', '彡']"
鸯,"['大', '鸟', '冂']"
鷙,"['鳥', '土', '丶', '丿', '八', '干']"
鴉,"['鳥', '牙']"
鳧,"['鳥', '几']"
鹁,"['冖', '十', '鸟', '子']"
鷸,"['鳥', '八', '冂', '矛', '口']"
鹯,"['囗', '亠', '日', '一', '鸟']"
鷺,"['鳥', '口', '夂', '⻊']"
鸱,"['丶', '氏', '鸟']"
鶺,"['月', '人', '鳥', '冫']"
鹉,"['一', '弋', '鸟', '止']"
鸎,"['鳥', '貝']"
鶬,"['鳥', '人', '丶', '丨', '彐', '口']"
鶋,"['鳥', '十', '尸', '口']"
鶯,"['冖', '鳥', '火']"
鴕,"['鳥', '匕', '宀']"
鸫,"['一', '鸟', '小', '乙']"
鴴,"['鳥', '行']"
鷳,"['月', '鳥', '門']"
鵂,"['鳥', '人', '木']"
鴨,"['鳥', '二', '丨', '冂']"
鴬,"['冖', '鳥', '小']"
鸂,"['幺', '鳥', '水', '爪', '大']"
鸵,"['宀', '匕', '鸟']"
鶘,"['月', '十', '鳥', '口']"
鶫,"['鳥', '八', '丨', '木', '口']"
鷧,"['冖', '鳥', '豆', '士']"
鴞,"['鳥', '一', '口']"
鶏,"['鳥', '人', '二', '爪']"
鷰,"['鳥', '匕', '廾', '口']"
鸺,"['人', '木', '鸟']"
鷞,"['鳥', '爻', '大']"
鴾,"['牛', '厶', '鳥']"
鸥,"['丿', '匚', '鸟']"
鸭,"['二', '丨', '鸟', '冂']"
鵝,"['鳥', '戈', '手']"
鵀,"['鳥', '人', '士']"
鷆,"['鳥', '目', '匕', '八']"
鸤,"['尸', '鸟']"
鵁,"['鳥', '丿', '亠', '八']"
鷽,"['臼', '鳥', '爻', '冖']"
鹐,"['臼', '刀', '鸟']"
鶒,"['鳥', '力', '木', '口']"
鵒,"['鳥', '谷']"
鳯,"['鳥', '几']"
鶽,"['鳥', '十', '隹']"
鹂,"['一', '鸟']"
鹴,"['目', '木', '鸟', '雨']"
鳲,"['鳥', '尸']"
鷖,"['鳥', '匚', '殳', '矢']"
鵞,"['鳥', '戈', '手']"
鷈,"['鳥', '虍', '几', '⺁']"
鷴,"['鳥', '木', '門']"
鹰,"['广', '隹', '鸟', '人']"
鷏,"['鳥', '八', '十', '目', '一']"
鵷,"['宀', '鳥', '乙', '夕']"
鴄,"['鳥', '匚', '儿']"
鵡,"['鳥', '一', '弋', '止']"
鹤,"['隹', '鸟', '巾']"
鳷,"['鳥', '支']"
鵲,"['日', '一', '鳥', '艸']"
鳮,"['鳥', '又']"
鹃,"['月', '鸟', '口']"
鵫,"['日', '十', '鳥', '卜']"
鳩,"['鳥', '丿']"
鸜,"['鳥', '目', '隹']"
鴃,"['鳥', '人', '丨']"
鴂,"['鳥', '人', '丨']"
鳾,"['鳥', '一', '巾']"
鵰,"['鳥', '田', '口']"
鴻,"['鳥', '水', '工']"
鸿,"['鸟', '水', '工']"
鶸,"['鳥', '弓', '冫']"
鹕,"['月', '十', '鸟', '口']"
鹩,"['八', '大', '小', '日', '鸟']"
鸶,"['一', '鸟']"
鳻,"['鳥', '刀', '八']"
鷿,"['鳥', '尸', '辛', '口']"
鷮,"['冂', '鳥', '大', '口']"
鹠,"['田', '鸟', '卩']"
鷫,"['鳥', '一', '聿']"
鴗,"['鳥', '立']"
鷉,"['虍', '鳥', '几', '⺁']"
鸻,"['鸟', '行']"
鹧,"['广', '火', '鸟', '廾']"
鴪,"['鳥', '穴']"
鴰,"['鳥', '舌']"
鹨,"['人', '羽', '鸟', '彡']"
鹋,"['田', '艸', '鸟']"
鴳,"['宀', '鳥', '女']"
鸳,"['鸟', '乙', '夕']"
鴆,"['鳥', '乙', '巾']"
鹊,"['日', '一', '鸟', '艸']"
鶿,"['鳥', '一', '八', '幺']"
鹇,"['门', '木', '鸟']"
鹝,"['鸟', '鬲']"
鵚,"['禾', '鳥', '几']"
鴽,"['女', '鳥', '口']"
鷕,"['鳥', '隹', '口']"
鹭,"['口', '鸟', '夂', '⻊']"
鶢,"['鳥', '又', '爪', '干', '亅']"
鸘,"['鳥', '目', '木', '雨']"
鷩,"['冫', '鳥', '攴', '巾']"
鴦,"['鳥', '大', '冂']"
鸬,"['尸', '鸟', '卜']"
鸧,"['人', '鸟', '乙']"
鴿,"['一', '人', '鳥', '口']"
鶡,"['勹', '人', '鳥', '曰']"
鳴,"['鳥', '口']"
鷂,"['缶', '鳥', '爪']"
鷥,"['鳥', '糸']"
鹅,"['戈', '鸟', '手']"
鴁,"['鳥', '大']"
鹟,"['厶', '羽', '八', '鸟']"
鸾,"['八', '丨', '亠', '鸟', '亅']"
鸇,"['鳥', '囗', '亠', '日', '一']"
鴒,"['鳥', '人', '丶']"
鶓,"['鳥', '田', '艸']"
鷲,"['鳥', '丶', '亠', '小', '尢', '口']"
鵄,"['鳥', '至']"
鴫,"['鳥', '田']"
鸴,"['冖', '鸟', '小']"
鷀,"['鳥', '一', '八', '幺']"
鶱,"['鳥', '二', '八', '宀', '一']"
鵼,"['鳥', '穴', '工']"
鸩,"['鸟', '乙', '巾']"
鶴,"['鳥', '隹', '巾']"
鹗,"['二', '鸟', '口']"
鵩,"['月', '鳥', '又', '卩']"
鹞,"['缶', '鸟', '爪']"
鵮,"['臼', '鳥', '刀']"
鵙,"['鳥', '貝']"
鹔,"['聿', '鸟', '小']"
鵃,"['鳥', '舟']"
鹪,"['火', '隹', '鸟']"
鶹,"['鳥', '田', '卩']"
鸞,"['鳥', '糸', '言']"
鳫,"['鳥', '厂']"
鹏,"['月', '鸟']"
鴇,"['鳥', '十', '匕']"
鸦,"['鸟', '牙']"
鹄,"['牛', '鸟', '口']"
鸣,"['鸟', '口']"
鸹,"['鸟', '舌']"
島,"['一', '丶', '山']"
峯,"['二', '夂', '丨', '山', '一']"
嵩,"['山', '高']"
巖,"['厂', '耳', '山', '攴', '口']"
峤,"['大', '山']"
嵌,"['甘', '山', '欠']"
岽,"['一', '山', '小', '乙']"
嵛,"['人', '刀', '山', '月', '一']"
峩,"['戈', '山', '手']"
嵠,"['幺', '大', '山', '爪']"
岧,"['刀', '山', '口']"
巉,"['丶', '乙', '刀', '丨', '山', '比', '口']"
嵽,"['巾', '廾', '冖', '山', '儿']"
嵳,"['羊', '山', '工']"
嶎,"['尸', '山', '寸', '示']"
巗,"['厂', '耳', '山', '攴', '口']"
峀,"['二', '丨', '山', '凵']"
岙,"['大', '山']"
岾,"['山', '卜', '口']"
岷,"['一', '山', '己']"
嵘,"['冖', '艸', '山', '木']"
岭,"['人', '丶', '山']"
崤,"['月', '丿', '山', '一']"
岔,"['刀', '八', '山']"
峻,"['厶', '山', '八', '夂']"
嵝,"['女', '山', '米']"
嵦,"['山', '豆']"
崗,"['一', '山', '八', '冂']"
崂,"['冖', '山', '艸', '力']"
崬,"['日', '山', '木']"
嵂,"['聿', '彳', '山']"
嶒,"['八', '丨', '山', '日', '口']"
崪,"['十', '亠', '山', '人']"
峄,"['二', '丨', '又', '山']"
岜,"['丨', '山', '乙']"
崩,"['月', '山']"
嶞,"['丿', '山', '阝', '工', '月', '一']"
嶠,"['冂', '大', '山', '口']"
岹,"['刀', '山', '口']"
山,['山']
崟,"['山', '金']"
峒,"['一', '口', '山', '冂']"
峨,"['戈', '山', '手']"
嶰,"['牛', '角', '刀', '山']"
屹,"['一', '丿', '山', '乙']"
崞,"['子', '亠', '山', '口']"
岸,"['干', '山', '厂']"
巂,"['八', '隹', '口', '山', '冂']"
峞,"['刀', '山', '厂', '乙']"
岁,"['山', '夕']"
崾,"['女', '襾', '山']"
崯,"['山', '金']"
屿,"['一', '山']"
岱,"['人', '弋', '山']"
岗,"['丿', '山', '冂']"
岚,"['风', '山']"
岖,"['丿', '匚', '山']"
岬,"['二', '丨', '山', '冂']"
峥,"['刀', '山', '彐', '亅']"
嵲,"['自', '山', '木']"
崳,"['人', '刀', '山', '月', '一']"
峱,"['二', '刀', '山', '犬']"
崫,"['尸', '山']"
岂,"['山', '己']"
崛,"['尸', '山']"
峴,"['山', '見']"
屴,"['山', '力']"
岛,"['丶', '山']"
岀,['山']
峙,"['土', '山', '寸']"
岞,"['丿', '二', '丨', '山', '一']"
岈,"['山', '牙']"
嶃,"['車', '斤', '山']"
岡,"['一', '山', '八', '冂']"
崒,"['十', '亠', '山', '人']"
岢,"['一', '口', '山', '亅']"
崧,"['厶', '八', '山', '木']"
嶴,"['宀', '大', '米', '山']"
巓,"['八', '匕', '目', '山', '頁']"
崮,"['囗', '山', '十', '口']"
崽,"['心', '山', '田']"
屶,"['刀', '山']"
嵙,"['禾', '山', '斗']"
嶓,"['山', '田', '釆']"
巇,"['虍', '戈', '山', '豆']"
崱,"['貝', '刀', '山']"
岊,"['丨', '山', '乙']"
嵬,"['鬼', '山']"
巋,"['止', '丶', '巾', '彐', '冖', '山', '己']"
嵶,"['山', '弓', '冫']"
岍,"['一', '山', '廾']"
嶡,"['八', '屮', '厂', '山', '一', '欠']"
峰,"['二', '夂', '丨', '山', '一']"
峫,"['山', '阝', '牙']"
岣,"['勹', '山', '口']"
屼,"['一', '山', '儿']"
峣,"['一', '山', '儿']"
峂,"['丶', '山', '夂']"
崐,"['日', '山', '比']"
嶙,"['舛', '山', '米']"
嵐,"['山', '風']"
嵾,"['厶', '人', '山', '彡']"
嶍,"['羽', '白', '山']"
峃,"['冖', '山', '小']"
嵏,"['丿', '凵', '八', '夂', '山']"
崈,"['宀', '山', '示']"
岌,"['丿', '山']"
崠,"['日', '山', '木']"
巅,"['八', '页', '十', '目', '山', '一']"
嵇,"['禾', '丶', '山', '尢']"
嶮,"['一', '人', '山']"
崆,"['穴', '山', '工']"
嶂,"['日', '十', '山', '立']"
嶽,"['山', '犬', '言']"
峠,"['一', '山', '卜']"
嶋,"['鳥', '山']"
崭,"['斤', '车', '山']"
岘,"['见', '山']"
嵆,"['丶', '山', '大', '尢']"
崦,"['丨', '大', '山', '日', '乙']"
岅,"['又', '山', '⺁']"
嶇,"['匚', '山', '口']"
崌,"['十', '尸', '山', '口']"
嵗,"['丿', '厂', '戈', '山', '小', '一']"
嶭,"['丶', '山', '辛', '己']"
崋,"['二', '丨', '山', '一', '艸']"
岐,"['支', '山']"
嵚,"['欠', '钅', '山']"
崇,"['宀', '山', '示']"
岫,"['二', '丨', '山', '凵']"
崃,"['一', '八', '山', '木']"
巎,"['止', '八', '夂', '山', '一', '自', '己']"
峿,"['一', '口', '山', '力']"
嶄,"['車', '斤', '山']"
嵁,"['匚', '甘', '山', '儿']"
岑,"['人', '丶', '山']"
巌,"['女', '厂', '山', '小', '耳']"
崁,"['土', '欠', '山']"
峪,"['山', '谷']"
岝,"['丿', '二', '丨', '山', '一']"
巃,"['龍', '山']"
崑,"['日', '山', '比']"
嵊,"['禾', '匕', '山']"
岿,"['山', '彐']"
嵎,"['二', '禸', '丨', '山', '冂']"
嶸,"['冖', '火', '山', '木']"
崴,"['女', '厂', '戈', '山', '一']"
屺,"['山', '己']"
峦,"['八', '丨', '亠', '山', '亅']"
崎,"['亅', '大', '山', '一', '口']"
嵫,"['幺', '一', '山', '八']"
峽,"['人', '大', '山']"
嵋,"['目', '丨', '山']"
嵯,"['羊', '山', '工']"
嶗,"['冖', '火', '山', '力']"
嶲,"['隹', '丨', '山']"
崄,"['一', '人', '山', '小']"
崕,"['土', '山', '厂']"
巒,"['糸', '山', '言']"
巔,"['八', '十', '目', '山', '頁', '一']"
嶝,"['癶', '山', '豆']"
嵜,"['亅', '八', '亠', '山', '一', '口']"
嶩,"['二', '凵', '山', '辰']"
崀,"['艮', '丶', '山']"
岨,"['月', '一', '山']"
崘,"['人', '山', '一', '艸', '冂']"
崢,"['山', '彐', '亅', '爪']"
崔,"['隹', '山']"
嵴,"['月', '人', '山', '冫']"
嶅,"['丿', '土', '山', '一', '攴']"
崙,"['人', '山', '一', '艸', '冂']"
峇,"['一', '人', '山', '口']"
嶧,"['土', '八', '干', '山', '网']"
岳,"['斤', '一', '山']"
嶺,"['頁', '人', '丶', '山']"
乢,"['山', '乙']"
岵,"['十', '山', '口']"
嶔,"['欠', '山', '金']"
巍,"['禾', '鬼', '山', '女']"
嶷,"['匕', '山', '疋', '矢']"
崍,"['人', '山', '木']"
岺,"['人', '丶', '山']"
嶢,"['土', '一', '山', '儿']"
峡,"['人', '山', '八', '二']"
峁,"['山', '卩']"
峝,"['一', '口', '山', '冂']"
峋,"['勹', '山', '日']"
嶌,"['鳥', '山']"
岩,"['山', '石']"
峧,"['丿', '亠', '山', '八']"
嶁,"['女', '十', '山', '口']"
峭,"['月', '山', '小']"
崿,"['二', '山', '口']"
巘,"['虍', '山', '鬲', '犬']"
嶨,"['臼', '爻', '冖', '山']"
崚,"['土', '山', '八', '夂']"
崖,"['土', '山', '厂']"
嵒,"['山', '口']"
鱻,['魚']
魞,"['入', '魚']"
鲤,"['鱼', '里']"
鯶,"['冖', '車', '魚']"
鯰,"['心', '人', '丶', '魚']"
鰽,"['二', '凵', '魚', '日', '艸']"
鳎,"['鱼', '羽', '日']"
鱨,"['魚', '匕', '冖', '小', '日', '口']"
鲐,"['鱼', '厶', '口']"
鱾,"['鱼', '己']"
鮮,"['羊', '魚']"
鯤,"['日', '比', '魚']"
鯸,"['人', '魚', '矢']"
鲷,"['鱼', '田', '口']"
鯇,"['宀', '二', '魚', '儿']"
鰧,"['二', '八', '魚', '丨', '月']"
鲦,"['鱼', '十', '夂', '小']"
鮚,"['魚', '口', '士']"
鯈,"['人', '丨', '魚', '夂']"
鰵,"['丿', '魚', '毋', '一', '攴']"
鰣,"['日', '土', '寸', '魚']"
鯛,"['田', '魚', '口']"
鮉,"['刀', '魚', '口']"
鯀,"['糸', '魚']"
鱘,"['魚', '寸', '彐', '工', '口']"
鱺,"['一', '鹿', '魚']"
鲡,"['鱼', '一']"
鲞,"['鱼', '二', '丨', '八']"
鱭,"['齊', '魚']"
鰃,"['一', '田', '魚', '乙']"
鲮,"['鱼', '土', '八', '夂']"
鲌,"['鱼', '白']"
鰳,"['魚', '力', '革']"
鰠,"['丶', '又', '虫', '魚']"
鲖,"['鱼', '一', '口', '冂']"
鲼,"['鱼', '十', '贝', '艸']"
鲀,"['鱼', '十', '屮', '乙']"
鲨,"['鱼', '丿', '水', '小']"
鮹,"['月', '魚', '小']"
鰂,"['貝', '刀', '魚']"
鳊,"['鱼', '户', '艸', '冂']"
鲒,"['鱼', '口', '士']"
鰤,"['丶', '魚', '巾', '一', '己']"
鮌,"['玄', '魚']"
鲲,"['鱼', '比', '日']"
鳏,"['鱼', '网']"
鲗,"['鱼', '刀', '贝']"
鮑,"['勹', '己', '魚']"
鯴,"['虫', '魚', '乙']"
鳐,"['鱼', '缶', '爪']"
鲯,"['鱼', '一', '甘', '八']"
鰭,"['日', '魚', '老']"
鰜,"['一', '八', '魚', '彐']"
鰍,"['禾', '火', '魚']"
鲈,"['鱼', '尸', '卜']"
鱈,"['魚', '彐', '雨']"
鳓,"['鱼', '革', '力']"
鱓,"['二', '魚', '丨', '十', '口', '冂']"
鯪,"['土', '八', '魚', '夂']"
鲠,"['丿', '丨', '日', '鱼', '一']"
鳕,"['鱼', '彐', '雨']"
鮧,"['大', '魚', '弓']"
鿕,[]
鲽,"['鱼', '木', '廾']"
鮀,"['宀', '匕', '魚']"
魛,"['刀', '魚']"
鲢,"['鱼', '车', '辵']"
鰈,"['廾', '木', '魚']"
鯋,"['丿', '水', '魚', '小']"
鰛,"['日', '皿', '魚']"
鮒,"['人', '寸', '魚']"
鰩,"['缶', '魚', '爪']"
鯣,"['日', '勹', '魚']"
鱧,"['二', '凵', '豆', '魚']"
鲥,"['鱼', '寸', '日']"
鿐,[]
鱝,"['十', '艸', '魚', '貝']"
鯺,"['日', '魚', '老']"
鰉,"['玉', '白', '魚']"
魜,"['人', '魚']"
鲻,"['鱼', '川', '田']"
鮍,"['皮', '魚']"
鳘,"['丿', '毋', '鱼', '一', '攴']"
鲎,"['冖', '鱼', '小']"
鰊,"['八', '魚', '丨', '木', '口']"
鳍,"['鱼', '日', '老']"
鱏,"['日', '十', '魚', '襾']"
鲴,"['鱼', '囗', '十', '口']"
魢,"['己', '魚']"
魯,"['日', '魚']"
魫,"['魚', '乙', '巾']"
鯕,"['一', '甘', '八', '魚']"
鳃,"['鱼', '田', '心']"
鲍,"['鱼', '勹', '己']"
鲊,"['丿', '二', '丨', '鱼', '一']"
鳟,"['鱼', '寸', '八', '酉']"
鰓,"['心', '田', '魚']"
鲔,"['鱼', '丿', '月', '一']"
鯒,"['用', '魚']"
鳙,"['鱼', '广', '聿', '用']"
鰋,"['日', '匚', '魚', '女']"
鰷,"['人', '魚', '夂', '丨', '十', '小']"
鳇,"['鱼', '玉', '白']"
鲱,"['鱼', '非']"
鮻,"['厶', '八', '魚', '夂']"
鰌,"['八', '酉', '魚']"
鯧,"['日', '魚']"
鳖,"['冫', '鱼', '攴', '巾']"
鯝,"['囗', '十', '魚', '口']"
鰻,"['日', '网', '又', '魚']"
鲭,"['鱼', '青']"
鯷,"['日', '一', '魚', '止']"
鱿,"['鱼', '丶', '尢']"
鮓,"['丿', '二', '魚', '丨', '一']"
鳈,"['鱼', '白', '水']"
鲑,"['鱼', '土']"
魲,"['户', '魚']"
鯊,"['丿', '水', '魚', '小']"
魬,"['又', '魚', '⺁']"
鮸,"['魚', '乙', '刀', '丨', '口']"
鰱,"['車', '魚', '辵']"
鮆,"['止', '匕', '魚']"
魴,"['魚', '方']"
鮊,"['白', '魚']"
鲃,"['鱼', '丨', '乙']"
魳,"['一', '魚', '巾']"
鯙,"['子', '亠', '魚', '口']"
鯔,"['川', '田', '魚']"
鱮,"['八', '魚', '丨', '臼', '一']"
鱔,"['八', '魚', '羊', '一', '口']"
鯢,"['臼', '魚', '儿']"
鱄,"['魚', '丨', '寸', '十', '日']"
鰥,"['网', '魚']"
鱟,"['臼', '爻', '冖', '魚']"
魰,"['文', '魚']"
鳑,"['八', '冖', '亠', '方', '鱼']"
鮄,"['弓', '魚']"
鱇,"['隶', '广', '魚']"
鳂,"['鱼', '一', '田', '乙']"
鰾,"['襾', '魚', '示']"
鲂,"['鱼', '方']"
鳝,"['八', '羊', '鱼', '一', '口']"
鱷,"['玉', '魚', '口']"
鱅,"['广', '用', '聿', '魚']"
鰞,"['一', '丶', '火', '魚']"
鰐,"['二', '魚', '口']"
鰹,"['土', '又', '魚', '臣']"
鳅,"['鱼', '火', '禾']"
鰺,"['厶', '人', '彡', '魚']"
魵,"['刀', '八', '魚']"
鯱,"['虍', '几', '魚']"
鳌,"['丿', '土', '鱼', '一', '攴']"
鳆,"['丿', '夂', '日', '鱼', '一']"
鲁,"['鱼', '日']"
鲕,"['鱼', '而']"
鲅,"['丿', '丶', '又', '鱼', '一']"
鲬,"['鱼', '用']"
鯆,"['十', '用', '魚', '丶']"
鰨,"['日', '羽', '魚']"
鮣,"['一', '魚', '卩']"
魦,"['丿', '魚', '小']"
鱂,"['月', '爿', '魚', '寸']"
鳄,"['鱼', '二', '口']"
鰼,"['羽', '白', '魚']"
鮦,"['一', '口', '魚', '冂']"
鲫,"['丶', '丨', '彐', '卩', '鱼', '乙']"
鳔,"['鱼', '襾', '示']"
鲏,"['鱼', '皮']"
鳤,"['鱼', '己', '宀', '竹']"
鳉,"['人', '手', '十', '亠', '小', '鱼', '爿']"
鮃,"['干', '八', '魚']"
鲆,"['鱼', '干', '八']"
鲸,"['鱼', '小', '亠', '口']"
魨,"['屮', '十', '魚', '乙']"
鱽,"['鱼', '刀']"
鯫,"['又', '魚', '耳']"
鱗,"['舛', '米', '魚']"
鯿,"['户', '艸', '魚', '冂']"
鳒,"['鱼', '一', '八', '彐']"
鳣,"['日', '囗', '亠', '鱼', '一']"
鱆,"['日', '立', '十', '魚']"
鮝,"['二', '丨', '八', '魚']"
鰯,"['弓', '魚', '冫']"
鲛,"['鱼', '丿', '亠', '八']"
鱡,"['丿', '魚', '貝', '戈', '一']"
鳁,"['鱼', '皿', '日']"
鲵,"['鱼', '儿', '臼']"
鲣,"['鱼', '土', '丨', '又']"
鲶,"['鱼', '人', '丶', '心']"
鯖,"['青', '魚']"
鳗,"['鱼', '网', '又', '日']"
鰕,"['又', '二', '尸', '魚']"
鰆,"['二', '八', '魚', '丨', '日', '一']"
鲇,"['鱼', '卜', '口']"
鮪,"['月', '丿', '魚', '一']"
魷,"['丶', '魚', '尢']"
鳛,"['鱼', '羽', '白']"
鮨,"['日', '匕', '魚']"
鮠,"['刀', '魚', '厂', '乙']"
鲺,"['鱼', '虫', '乙']"
鳀,"['鱼', '一', '日', '止']"
鲹,"['鱼', '厶', '大', '彡']"
鰔,"['魚', '厂', '戈', '一', '口']"
鱒,"['八', '寸', '酉', '魚']"
鰲,"['丿', '土', '魚', '一', '攴']"
鳚,"['鱼', '尸', '寸', '示']"
鱖,"['八', '魚', '屮', '厂', '一', '欠']"
鮰,"['囗', '魚']"
鮿,"['魚', '耳', '乙']"
鯗,"['羊', '八', '魚']"
鱉,"['冫', '魚', '攴', '巾']"
鮎,"['卜', '魚', '口']"
鮁,"['丿', '丶', '又', '魚', '一']"
鱣,"['魚', '囗', '亠', '日', '一']"
鳞,"['鱼', '舛', '米']"
鲜,"['鱼', '羊']"
鯡,"['魚', '非']"
鲝,"['鱼', '羊']"
鱠,"['人', '八', '魚', '丨', '日', '一', '口']"
鮐,"['厶', '魚', '口']"
鮞,"['而', '魚']"
鯽,"['丶', '魚', '丨', '彐', '卩', '乙']"
鱸,"['虍', '田', '魚', '皿']"
鲚,"['鱼', '齐']"
鳜,"['八', '屮', '厂', '鱼', '一', '欠']"
鱐,"['一', '聿', '魚']"
鯉,"['里', '魚']"
鰒,"['丿', '魚', '夂', '日', '一']"
鯠,"['人', '木', '魚']"
鱛,"['八', '魚', '丨', '日', '口']"
鰟,"['八', '魚', '冖', '亠', '方']"
鯁,"['丿', '魚', '丨', '日', '一']"
鰮,"['囗', '皿', '魚', '人']"
鱑,"['二', '凵', '八', '魚', '丨', '一', '艸']"
鰁,"['水', '白', '魚']"
鲳,"['鱼', '日']"
魟,"['魚', '工']"
鲰,"['鱼', '又', '耳']"
鲧,"['鱼', '糸']"
鲩,"['鱼', '二', '宀', '儿']"
鱶,"['丶', '八', '魚', '羊', '艮']"
鮟,"['宀', '魚', '女']"
鮫,"['丿', '亠', '八', '魚']"
鲿,"['二', '厶', '冖', '小', '鱼']"
鳋,"['鱼', '丶', '又', '虫']"
鲙,"['鱼', '人', '厶', '二']"
鮺,"['羊', '魚']"
鲋,"['鱼', '人', '寸']"
鯨,"['小', '亠', '魚', '口']"
鯏,"['禾', '刀', '魚']"
鮭,"['土', '魚']"
鳢,"['鱼', '二', '凵', '豆']"
鲟,"['鱼', '寸', '彐']"
膓,"['丿', '勹', '日', '月', '一']"
腆,"['月', '二', '凵', '八']"
脲,"['月', '尸', '水']"
胬,"['女', '又', '肉']"
臀,"['八', '尸', '月', '一', '艸', '殳']"
腯,"['月', '十', '目', '⺁']"
胜,"['月', '生']"
膋,"['冖', '火', '月']"
肵,"['月', '斤']"
胄,"['月', '二', '丨', '凵']"
胨,"['月', '一', '小', '乙']"
腽,"['月', '皿', '日']"
膕,"['囗', '戈', '月', '一', '口']"
腌,"['丨', '大', '日', '月', '乙']"
肥,"['月', '丨', '乙']"
肽,"['月', '丶', '大']"
臠,"['肉', '糸', '言']"
脳,"['月', '凵', '小', '丿']"
膾,"['人', '八', '丨', '日', '月', '一', '口']"
臐,"['土', '火', '八', '丨', '十', '月', '口']"
膻,"['日', '囗', '亠', '月', '一']"
脵,"['月', '一', '大', '口']"
臊,"['月', '木', '口']"
臜,"['月', '贝', '牛', '儿']"
脸,"['月', '人', '一', '小']"
膴,"['月', '火']"
肟,"['月', '二']"
肕,"['月', '刀', '丶']"
育,"['月', '厶', '亠']"
臞,"['月', '目', '隹']"
肐,"['月', '丿', '一', '乙']"
股,"['月', '殳']"
胫,"['月', '工']"
腶,"['月', '丨', '殳']"
脝,"['月', '亠', '亅', '口']"
肦,"['刀', '肉', '八']"
肬,"['月', '丶', '尢']"
胺,"['月', '宀', '女']"
腴,"['月', '人', '臼']"
膀,"['八', '冖', '亠', '方', '月']"
脂,"['月', '匕', '日']"
脦,"['月', '弋', '心']"
胹,"['月', '而']"
膪,"['八', '巾', '冖', '亠', '月', '口']"
胷,"['勹', '凵', '月', '丿']"
膙,"['月', '虫', '弓', '口']"
肪,"['月', '方']"
膦,"['月', '舛', '米']"
腜,"['月', '甘', '木']"
脢,"['月', '丿', '毋', '一']"
腳,"['月', '谷', '卩']"
腾,"['二', '八', '丨', '马', '月']"
脱,"['月', '八', '口', '儿']"
肏,"['入', '肉']"
膿,"['月', '二', '凵', '辰']"
脐,"['月', '齐']"
胱,"['月', '一', '小', '儿']"
臆,"['月', '心', '音']"
膃,"['月', '囗', '皿', '人']"
胪,"['月', '尸', '卜']"
腎,"['月', '又', '臣']"
脰,"['月', '豆']"
胎,"['月', '厶', '口']"
胶,"['月', '丿', '亠', '八']"
肿,"['月', '丨', '口']"
脞,"['月', '土', '人']"
肩,"['月', '户']"
肖,"['月', '小']"
臢,"['月', '貝', '牛', '儿']"
胔,"['止', '肉', '匕']"
腢,"['二', '禸', '丨', '月', '冂']"
肾,"['又', '丨', '月']"
肜,"['月', '彡']"
肘,"['月', '寸']"
膨,"['月', '十', '豆', '彡']"
脹,"['月', '長']"
脒,"['月', '米']"
腭,"['月', '二', '口']"
肫,"['月', '十', '屮', '乙']"
臇,"['月', '隹', '丨']"
胳,"['月', '口', '夂']"
胝,"['月', '丶', '氏']"
臕,"['月', '鹿', '火']"
肸,"['月', '十', '八']"
脍,"['月', '人', '厶', '二']"
腊,"['月', '一', '艸', '日']"
膊,"['丶', '寸', '用', '十', '月']"
胤,"['幺', '月', '儿']"
腠,"['二', '八', '丨', '大', '月', '一']"
脊,"['月', '人', '冫']"
臑,"['月', '而', '雨']"
肋,"['月', '力']"
肌,"['月', '几']"
背,"['月', '匕']"
胛,"['月', '二', '丨', '冂']"
臃,"['月', '丿', '亠', '隹']"
腓,"['月', '非']"
胞,"['月', '勹', '己']"
臚,"['月', '虍', '田', '皿']"
肙,"['月', '口']"
腺,"['月', '白', '水']"
腻,"['月', '二', '弋', '贝']"
腧,"['月', '人', '刀', '一']"
脖,"['月', '十', '冖', '子']"
胗,"['月', '人', '彡']"
腟,"['月', '宀', '至']"
脔,"['八', '丨', '肉', '亠', '亅']"
膏,"['冖', '亠', '月', '口']"
胆,"['月', '一', '日']"
脗,"['月', '勹', '口']"
膂,"['一', '丿', '月', '方']"
腈,"['月', '青']"
膽,"['八', '刀', '厂', '言', '月']"
脑,"['月', '凵', '亠', '丿']"
脪,"['月', '丿', '一', '巾']"
臁,"['八', '广', '彐', '月', '一']"
臝,"['丶', '匸', '木', '田', '月', '几', '口']"
腱,"['月', '聿', '廴']"
臏,"['宀', '丿', '貝', '小', '月', '一']"
膟,"['幺', '十', '亠', '冫', '月']"
肤,"['月', '人', '二']"
膌,"['月', '人', '冫']"
肴,"['月', '丿', '一']"
臉,"['月', '人', '一']"
肳,"['月', '勹']"
膺,"['月', '广', '隹', '人']"
脈,"['月', '⺁']"
腚,"['月', '一', '宀', '止']"
膘,"['月', '襾', '示']"
胈,"['丿', '丶', '又', '月', '一']"
脁,"['冫', '肉', '儿']"
胠,"['月', '土', '厶']"
肷,"['月', '欠']"
脛,"['月', '一', '川', '工']"
胊,"['勹', '肉', '口']"
脫,"['月', '八', '口', '儿']"
腼,"['月', '面']"
脣,"['月', '辰']"
脅,"['月', '力']"
腙,"['月', '宀', '示']"
腮,"['月', '田', '心']"
臛,"['月', '隹', '雨']"
膄,"['月', '丨', '又', '臼']"
胧,"['月', '龙']"
脡,"['月', '廴', '士']"
胰,"['月', '大', '弓']"
肭,"['月', '人', '冂']"
腑,"['月', '广', '寸', '人']"
肛,"['月', '工']"
膣,"['月', '穴', '至']"
膷,"['丿', '丶', '丨', '彐', '阝', '月', '乙']"
胑,"['月', '八', '口']"
肢,"['月', '支']"
肨,"['月', '一', '丨', '二']"
胲,"['月', '人', '亠', '丨']"
脶,"['月', '人', '冂', '口']"
胃,"['月', '田']"
腹,"['丿', '夂', '日', '月', '一']"
膜,"['月', '大', '艸', '日']"
肎,"['冖', '月']"
臌,"['月', '鼓']"
膩,"['月', '二', '弋', '貝']"
臘,"['丿', '囗', '川', '冫', '月']"
脇,"['月', '力']"
腡,"['月', '口', '冂']"
膞,"['丨', '寸', '日', '十', '月']"
膳,"['八', '羊', '月', '一', '口']"
肮,"['月', '亠', '几']"
脧,"['厶', '肉', '八', '夂']"
胙,"['丿', '二', '丨', '月', '一']"
腐,"['广', '肉', '寸', '人']"
臙,"['火', '匕', '廾', '月', '口']"
胀,"['月', '长']"
腫,"['月', '十', '里']"
膛,"['土', '冖', '小', '月', '口']"
肱,"['月', '厶', '一', '丿']"
腰,"['月', '襾', '女']"
肧,"['月', '一', '卜', '丿']"
脺,"['月', '十', '亠', '人']"
胼,"['月', '一', '廾', '八']"
膗,"['月', '隹', '山']"
腸,"['月', '一', '勹', '日']"
膑,"['宀', '斤', '八', '月', '一']"
胾,"['土', '戈', '肉']"
肚,"['月', '土']"
胡,"['月', '十', '口']"
能,"['月', '厶']"
膰,"['月', '田', '釆']"
膵,"['人', '十', '亠', '月', '艸']"
胁,"['月', '八', '力']"
脾,"['二', '丶', '丨', '十', '月', '冂']"
肓,"['月', '丶', '匸']"
胥,"['月', '疋']"
脆,"['月', '刀', '厂', '乙']"
膲,"['月', '火', '隹']"
膚,"['虍', '田', '月']"
臟,"['厂', '臣', '戈', '月', '爿', '艸']"
胍,"['月', '瓜']"
腿,"['月', '艮', '辵']"
腁,"['月', '干']"
臍,"['月', '齊']"
肺,"['月', '十', '巾']"
胩,"['月', '一', '卜']"
脓,"['月', '巾']"
脃,"['月', '色']"
脯,"['月', '十', '丶', '用']"
胓,"['月', '干', '八']"
胦,"['月', '大', '冂']"
膠,"['月', '人', '羽', '彡']"
脩,"['月', '人', '丨', '夂']"
腒,"['月', '十', '尸', '口']"
肯,"['月', '止']"
脘,"['月', '二', '宀', '儿']"
脏,"['月', '广', '土']"
腉,"['月', '儿', '臼']"
胸,"['月', '凵', '勹', '丿']"
肝,"['月', '干']"
膆,"['月', '土', '糸', '一']"
腥,"['月', '生', '日']"
胏,"['月', '丨']"
膇,"['月', '丶', '己', '辵']"
腔,"['月', '穴', '工']"
腦,"['丿', '丶', '囗', '川', '月']"
肼,"['月', '二']"
膈,"['月', '鬲']"
胯,"['月', '二', '大']"
腋,"['人', '丶', '夂', '亠', '月']"
腖,"['月', '木', '日']"
膫,"['八', '大', '日', '小', '月']"
臓,"['厂', '臣', '戈', '月', '艸']"
脬,"['月', '子', '爪']"
胴,"['月', '一', '口', '冂']"
肠,['月']
腕,"['月', '宀', '乙', '夕']"
臄,"['月', '虍', '豕']"
脉,"['月', '丶']"
胂,"['月', '丨', '日']"
脚,"['月', '土', '厶', '卩']"
腘,"['月', '囗', '玉']"
脎,"['月', '十', '小', '丿']"
臂,"['月', '尸', '辛', '口']"
胚,"['月', '一', '卜', '丿']"
胭,"['月', '囗', '大']"
胮,"['月', '十', '丨', '夂']"
脤,"['月', '辰']"
胖,"['月', '二', '丨', '八']"
臈,"['人', '勹', '月', '曰', '艸']"
腍,"['月', '人', '丶', '心']"
膝,"['月', '人', '木', '水']"
璊,"['入', '玉', '廾', '巾']"
珣,"['勹', '玉', '日']"
珐,"['土', '玉', '厶']"
璫,"['冖', '田', '小', '玉', '口']"
玉,['玉']
琕,"['二', '丶', '丨', '十', '玉', '冂']"
琊,"['玉', '阝', '牙']"
琿,"['冖', '車', '玉']"
珺,"['玉', '丨', '彐', '口']"
珂,"['一', '口', '玉', '亅']"
琎,"['二', '玉', '辵']"
璿,"['人', '八', '卜', '冖', '目', '一', '玉']"
珊,"['一', '玉', '冂']"
瑨,"['日', '一', '玉', '八']"
璟,"['亠', '小', '日', '玉', '口']"
琐,"['玉', '贝', '小']"
璦,"['心', '夂', '爪', '冖', '玉']"
璉,"['車', '玉', '辵']"
瑘,"['玉', '阝', '耳']"
瑠,"['玉', '田', '卩']"
璘,"['舛', '玉', '米']"
璲,"['玉', '豕', '八', '辵']"
瓚,"['貝', '玉', '牛', '儿']"
瑱,"['八', '十', '目', '一', '玉']"
玞,"['人', '玉', '二']"
璃,"['丿', '凵', '禸', '亠', '玉']"
瑛,"['玉', '大', '艸', '冂']"
珅,"['日', '玉', '丨']"
瑒,"['日', '一', '玉', '勹']"
玕,"['干', '玉']"
璎,"['女', '玉']"
璞,"['羊', '一', '玉', '八']"
玲,"['人', '丶', '玉']"
瓈,"['人', '水', '勹', '禾', '玉']"
珱,"['女', '玉', '小']"
瓖,"['二', '衣', '一', '玉', '口']"
玶,"['干', '玉', '八']"
瑜,"['人', '刀', '月', '一', '玉']"
環,"['一', '玉', '网', '口']"
琵,"['比', '王']"
璺,"['冖', '冂', '臼', '一', '玉', '口']"
瑸,"['斤', '八', '宀', '一', '玉']"
玡,"['玉', '牙']"
瑯,"['丶', '丨', '彐', '阝', '玉', '乙']"
珙,"['一', '玉', '八', '艸']"
珖,"['一', '玉', '小', '儿']"
璀,"['隹', '玉', '山']"
璅,"['玉', '田', '木', '川']"
瑊,"['厂', '戈', '一', '玉', '口']"
瓔,"['女', '貝', '玉']"
璨,"['歹', '玉', '又', '米']"
瑿,"['匚', '玉', '殳', '矢']"
璣,"['幺', '人', '玉', '戈']"
珢,"['艮', '玉']"
珈,"['口', '玉', '力']"
珪,"['土', '玉']"
瓌,"['衣', '玉', '水', '网']"
玟,"['文', '玉']"
瓏,"['玉', '龍']"
珀,"['玉', '白']"
琪,"['一', '甘', '玉', '八']"
珮,"['一', '几', '玉', '巾']"
琤,"['玉', '刀', '亅', '彐']"
玷,"['玉', '卜', '口']"
瑋,"['玉', '韋']"
瑞,"['而', '玉', '山']"
瑰,"['玉', '鬼']"
琢,"['勹', '一', '丶', '玉']"
瑢,"['宀', '玉', '谷']"
瑳,"['羊', '玉', '工']"
玥,"['月', '玉']"
瑙,"['丿', '丶', '囗', '川', '玉']"
玚,['玉']
瑩,"['冖', '火', '玉']"
琳,"['玉', '木']"
琅,"['艮', '丶', '玉']"
理,"['里', '玉']"
玩,"['二', '玉', '儿']"
璂,"['土', '玉', '八', '一', '甘']"
玼,"['止', '玉', '匕']"
玧,"['厶', '玉', '儿']"
瑁,"['二', '玉', '目', '冂']"
璧,"['玉', '尸', '辛', '口']"
瑣,"['貝', '玉', '小']"
琚,"['十', '玉', '尸', '口']"
璗,"['水', '勹', '日', '一', '玉']"
珲,"['冖', '车', '玉']"
珓,"['丿', '亠', '玉', '八']"
玎,"['一', '玉', '亅']"
玺,"['玉', '刀', '小']"
玳,"['人', '弋', '玉']"
玹,"['玄', '玉']"
瑟,"['心', '丿', '王']"
瑑,"['勹', '玉', '彐']"
玗,"['干', '玉', '亅']"
琭,"['玉', '水', '彐']"
瑽,"['人', '玉', '彳', '止']"
珉,"['一', '玉', '己']"
瑪,"['馬', '玉']"
璩,"['虍', '玉', '豕']"
琀,"['人', '丶', '玉', '口']"
瑤,"['月', '玉', '缶']"
琦,"['亅', '大', '一', '玉', '口']"
璋,"['日', '十', '玉', '立']"
玮,"['玉', '韦']"
璆,"['人', '羽', '玉', '彡']"
璜,"['二', '凵', '八', '丨', '一', '玉', '艸']"
玨,['王']
珡,"['人', '王']"
玑,"['几', '玉']"
琁,"['一', '丿', '疋', '玉']"
珑,"['玉', '龙']"
瑕,"['又', '二', '玉', '尸']"
珤,"['缶', '玉']"
琛,"['玉', '木', '网']"
环,"['丿', '一', '玉', '卜']"
璁,"['心', '丶', '夂', '囗', '玉']"
琯,"['宀', '玉', '己']"
琉,"['厶', '丨', '亠', '儿', '玉']"
瑭,"['广', '玉', '聿', '口']"
珞,"['口', '玉', '夂']"
璸,"['丿', '貝', '小', '宀', '一', '玉']"
珠,"['一', '玉', '木']"
璪,"['玉', '木', '口']"
珽,"['玉', '廴', '士']"
現,"['玉', '見']"
珥,"['玉', '耳']"
瓊,"['人', '夂', '刀', '目', '玉', '冂']"
瓘,"['隹', '玉', '艸', '口']"
璽,"['八', '巾', '丨', '爻', '一', '玉']"
琥,"['虍', '几', '玉']"
璯,"['人', '八', '丨', '日', '一', '玉', '口']"
班,"['丿', '丶', '王']"
璡,"['隹', '玉', '辵']"
珌,"['心', '丿', '玉']"
璇,"['丿', '疋', '方', '一', '玉']"
琶,"['丨', '王', '乙']"
瑌,"['而', '玉', '大']"
珍,"['人', '玉', '彡']"
玢,"['刀', '玉', '八']"
璥,"['口', '勹', '玉', '艸', '攴']"
玤,"['一', '玉', '丨', '二']"
璈,"['丿', '土', '一', '玉', '攴']"
珎,"['玉', '刀', '小']"
珩,"['玉', '行']"
玭,"['比', '玉']"
琖,"['玉', '戈']"
珷,"['一', '弋', '玉', '止']"
琇,"['禾', '丿', '玉']"
玔,"['川', '玉']"
玠,"['人', '玉']"
瑄,"['宀', '一', '玉', '日']"
琰,"['火', '玉']"
璐,"['口', '玉', '夂', '⻊']"
玖,"['勹', '玉']"
瑴,"['士', '冖', '一', '玉', '殳']"
瑀,"['玉', '虫', '冂']"
玦,"['人', '玉', '丨']"
璠,"['玉', '田', '釆']"
琨,"['日', '玉', '比']"
玙,"['一', '玉']"
瓀,"['而', '玉', '雨']"
琄,"['月', '玉', '口']"
王,['玉']
瓛,"['虍', '玉', '鬲', '犬']"
珏,['玉']
珰,"['小', '玉', '彐']"
璢,"['一', '玉', '田']"
瓒,"['玉', '贝', '牛', '儿']"
琫,"['二', '八', '丨', '一', '玉']"
珹,"['丿', '一', '玉', '戈']"
瑚,"['月', '十', '玉', '口']"
琠,"['二', '玉', '凵', '八']"
瑇,"['一', '土', '玉', '毋']"
现,"['玉', '见']"
瑾,"['玉', '丨', '廾', '口']"
瑶,"['缶', '玉', '爪']"
璚,"['八', '冂', '玉', '矛', '口']"
玱,"['人', '玉', '乙']"
珦,"['宀', '玉', '口']"
琴,"['人', '丶', '王']"
琱,"['玉', '田', '口']"
瑷,"['丿', '又', '爪', '冖', '一', '玉']"
琲,"['玉', '非']"
玛,"['马', '玉']"
琺,"['土', '玉', '水', '厶']"
琏,"['车', '玉', '辵']"
瑲,"['人', '丶', '丨', '彐', '玉', '口']"
瑗,"['干', '玉', '又', '爪']"
珧,"['冫', '玉', '儿']"
玘,"['玉', '己']"
璵,"['八', '丨', '臼', '一', '玉']"
玫,"['玉', '攴']"
琬,"['宀', '玉', '乙', '夕']"
球,"['丿', '丶', '水', '一', '玉']"
玻,"['皮', '玉']"
玓,"['勹', '丶', '玉']"
琮,"['宀', '玉', '示']"
昲,"['日', '弓']"
昴,"['日', '卩']"
暝,"['日', '亠', '冖', '八']"
旬,"['勹', '日']"
曖,"['心', '夂', '爪', '冖', '日']"
曡,"['冖', '一', '月', '日']"
昆,"['日', '比']"
暲,"['日', '十', '立']"
勗,"['日', '一', '月', '力']"
旾,"['日', '十', '屮', '乙']"
暵,"['人', '二', '丨', '廾', '日', '口']"
晙,"['日', '厶', '八', '夂']"
晾,"['日', '小', '亠', '口']"
曚,"['二', '勹', '冖', '日', '艸']"
早,"['日', '十']"
旱,"['日', '干']"
暍,"['日', '人', '曰', '勹']"
暠,"['日', '高']"
智,"['日', '口', '矢']"
暻,"['日', '小', '亠', '口']"
旨,"['日', '匕']"
昝,"['日', '卜', '夂']"
昰,"['日', '一', '止']"
晏,"['日', '宀', '女']"
旯,"['日', '丿']"
晁,"['日', '冫', '儿']"
昷,"['日', '皿']"
景,"['日', '小', '亠', '口']"
昳,"['日', '人', '二']"
暋,"['日', '一', '己', '攴']"
映,"['日', '大', '冂']"
曅,"['二', '丨', '日', '一', '艸']"
晫,"['日', '十', '卜']"
旧,"['日', '丨']"
晖,"['日', '车', '冖']"
曨,"['日', '龍']"
普,"['日', '一', '八']"
暑,"['日', '老']"
暗,"['日', '音']"
晬,"['日', '十', '亠', '人']"
曦,"['羊', '戈', '禾', '日', '一']"
晧,"['日', '牛', '口']"
昫,"['日', '勹', '口']"
晜,"['日', '丨', '弓', '八']"
旦,"['日', '一']"
晉,"['日', '二', '厶']"
曇,"['日', '二', '厶', '雨']"
昙,"['日', '二', '厶']"
晝,"['日', '一', '聿']"
晢,"['斤', '手', '日']"
昜,"['日', '一', '勹']"
昻,"['日', '丨', '工']"
晕,"['日', '车', '冖']"
曽,"['日', '田', '八']"
昑,"['日', '人', '丶']"
昚,"['日', '大', '八']"
晓,"['日', '一', '儿']"
暌,"['日', '一', '大', '癶']"
昧,"['日', '一', '木']"
晒,"['日', '襾']"
昱,"['日', '立']"
旪,"['日', '十']"
昪,"['日', '厶', '廾']"
曍,"['日', '十', '自', '冫']"
昺,"['日', '一', '人', '冂']"
暧,"['丿', '又', '爪', '冖', '日', '一']"
昃,"['日', '人', '厂']"
暫,"['車', '斤', '日']"
暉,"['日', '車', '冖']"
暦,"['日', '木', '厂']"
暎,"['日', '大', '艸', '冂']"
暄,"['日', '一', '宀']"
昒,"['日', '勹']"
暁,"['十', '儿', '日', '一', '艸']"
暨,"['丶', '无', '丨', '彐', '日', '一', '乙']"
曙,"['日', '网', '老']"
旸,['日']
是,"['日', '一', '止']"
晤,"['日', '一', '口', '力']"
曩,"['二', '衣', '日', '一', '口']"
晅,"['日', '一']"
晴,"['日', '青']"
暢,"['日', '一', '丨', '勹']"
晹,"['日', '勹']"
晛,"['日', '見']"
昬,"['日', '一', '己']"
昊,"['日', '一', '大']"
昭,"['日', '刀', '口']"
暇,"['日', '二', '尸', '又']"
暖,"['日', '干', '又', '爪']"
晚,"['乙', '刀', '丨', '日', '口']"
昤,"['日', '人', '丶']"
昡,"['日', '玄']"
昕,"['日', '斤']"
昌,['日']
曬,"['日', '一', '鹿']"
晔,"['日', '十', '匕', '人']"
暐,"['日', '韋']"
暸,"['日', '大', '八', '小']"
旻,"['日', '文']"
易,"['日', '勹']"
昽,"['日', '龙']"
時,"['日', '土', '寸']"
晳,"['斤', '木', '日']"
昇,"['日', '艸']"
旰,"['日', '干']"
晦,"['日', '丿', '毋', '一']"
晻,"['日', '丨', '大', '乙']"
曏,"['丿', '丶', '丨', '彐', '阝', '日', '乙']"
日,['日']
晟,"['日', '一', '戈', '丿']"
晸,"['日', '一', '攴', '止']"
暴,"['八', '水', '日', '一', '艸']"
春,"['二', '八', '丨', '日', '一']"
曈,"['日', '里', '立']"
曌,"['日', '穴', '月', '工']"
曆,"['禾', '曰', '厂']"
暈,"['日', '車', '冖']"
晋,"['日', '一', '八']"
晷,"['日', '口', '卜', '夂']"
旹,"['日', '一', '屮']"
耆,"['日', '老']"
暮,"['日', '大', '艸']"
曕,"['八', '刀', '厂', '言', '日']"
曁,"['无', '匕', '日', '一', '白']"
旳,"['日', '丶', '勹']"
昶,"['日', '丶']"
昂,"['日', '卩']"
晨,"['日', '辰']"
暱,"['丿', '一', '日', '匚', '艸', '口']"
暾,"['子', '亠', '口', '日', '攴']"
晩,"['刀', '丨', '儿', '日', '口']"
昉,"['日', '方']"
旼,"['日', '文']"
昵,"['日', '尸', '匕']"
暂,"['斤', '车', '日']"
旴,"['日', '干', '亅']"
旷,"['日', '广']"
晃,"['日', '一', '小', '儿']"
暼,"['冫', '攴', '日', '巾']"
旽,"['日', '十', '屮', '乙']"
昀,"['日', '亠', '勹']"
晰,"['日', '斤', '木']"
晄,"['日', '一', '小', '儿']"
晗,"['日', '人', '丶', '口']"
昔,"['日', '一', '艸']"
昿,"['日', '广', '厶']"
暏,"['日', '老']"
旭,"['日', '丿']"
曄,"['二', '丨', '日', '一', '艸']"
昄,"['日', '又', '⺁']"
曒,"['日', '攴', '白', '方']"
显,"['日', '一', '八']"
暘,"['日', '一', '勹']"
曜,"['日', '羽', '隹']"
旺,"['日', '玉']"
曉,"['日', '一', '土', '儿']"
晡,"['日', '十', '丶', '用']"
晌,"['日', '宀', '口']"
昨,"['丿', '二', '丨', '日', '一']"
晶,['日']
昼,"['日', '一', '尸']"
曣,"['火', '匕', '廾', '日', '口']"
暹,"['日', '隹', '辵']"
旮,"['日', '丿']"
曝,"['八', '水', '日', '一', '艸']"
星,"['日', '生']"
曛,"['土', '火', '八', '丨', '十', '日', '口']"
晥,"['日', '二', '宀', '儿']"
昏,"['日', '氏']"
曠,"['二', '凵', '八', '广', '丨', '日', '一', '艸']"
时,"['日', '寸']"
明,"['日', '月']"
曭,"['黑', '冖', '小', '日', '口']"
晞,"['日', '丿', '一', '巾']"
晼,"['日', '宀', '乙', '夕']"
昞,"['日', '一', '人', '冂']"
矓,"['目', '龍']"
瞩,"['目', '尸', '虫', '冂']"
瞟,"['目', '示', '襾']"
眇,"['丿', '目', '小']"
眍,"['丿', '目', '匚']"
矉,"['丿', '目', '貝', '小', '宀', '一']"
睥,"['二', '丶', '丨', '目', '十', '冂']"
瞢,"['冖', '目', '网', '艸']"
瞇,"['目', '米', '辵']"
瞕,"['日', '目', '十', '立']"
睘,"['一', '网', '口']"
睪,"['干', '土', '网', '八']"
瞼,"['一', '目', '人']"
眆,"['目', '方']"
眙,"['目', '厶', '口']"
眑,"['幺', '目', '力']"
睤,"['一', '目', '田']"
瞿,"['目', '隹']"
盱,"['干', '目', '亅']"
眦,"['目', '匕', '止']"
矈,"['目', '穴', '白', '方']"
瞶,"['丨', '目', '貝', '一', '口']"
矍,"['目', '隹', '又']"
睜,"['目', '彐', '亅', '爪']"
睗,"['日', '目', '勹']"
瞵,"['目', '舛', '米']"
県,"['目', '小']"
瞯,"['月', '目', '門']"
眨,"['目', '丶', '戈', '玉']"
睱,"['又', '目', '尸', '二']"
睖,"['土', '目', '八', '夂']"
眣,"['目', '人', '二']"
睼,"['日', '目', '一', '止']"
眎,"['目', '示']"
眵,"['目', '夕']"
矙,"['女', '目', '耳', '門']"
眛,"['一', '目', '木']"
眷,"['二', '丨', '八', '目']"
瞌,"['土', '目', '皿', '厶']"
相,"['目', '木']"
眞,"['目', '匕', '八']"
睇,"['目', '丨', '弓', '八']"
鿃,[]
睞,"['目', '木', '人']"
瞧,"['目', '隹', '火']"
眸,"['牛', '目', '厶']"
眹,"['一', '目', '大', '八']"
瞄,"['目', '田', '艸']"
瞷,"['日', '目', '門']"
眬,"['目', '龙']"
督,"['又', '卜', '目', '小', '一']"
瞤,"['目', '玉', '門']"
睁,"['目', '刀', '彐', '亅']"
眄,"['一', '目', '丨']"
睦,"['土', '目', '八']"
矗,"['一', '十', '目']"
瞪,"['目', '癶', '豆']"
瞘,"['目', '口', '匚']"
睏,"['目', '囗', '木']"
睛,"['目', '青']"
瞻,"['八', '刀', '厂', '目', '言']"
矖,"['一', '目', '鹿']"
瞏,"['土', '网', '口']"
睢,"['目', '隹']"
睧,"['日', '目', '氏']"
睾,"['土', '丶', '八', '干', '网']"
真,"['一', '十', '目', '八']"
睠,"['二', '八', '丨', '目', '乙']"
矁,"['禾', '目', '火', '心']"
省,"['丿', '目', '小']"
睃,"['目', '八', '厶', '夂']"
瞆,"['丨', '贝', '目', '一', '口']"
瞖,"['匚', '目', '殳', '矢']"
睹,"['日', '目', '老']"
瞠,"['土', '冖', '目', '小', '口']"
盾,"['十', '目', '⺁']"
眈,"['目', '乙', '巾']"
瞒,"['人', '目', '一', '艸', '冂']"
睬,"['目', '木', '爪']"
睿,"['人', '八', '卜', '冖', '目', '一']"
眶,"['目', '玉', '匚']"
眽,"['目', '⺁']"
瞋,"['一', '目', '八', '十']"
睨,"['臼', '目', '儿']"
盯,"['一', '目', '亅']"
眊,"['目', '毛']"
盹,"['屮', '目', '十', '乙']"
睎,"['丿', '目', '一', '巾']"
瞳,"['目', '里', '立']"
眠,"['一', '目', '己']"
瞑,"['八', '冖', '目', '亠', '日']"
眭,"['土', '目']"
瞥,"['冫', '目', '攴', '巾']"
睑,"['一', '目', '人', '小']"
盻,"['一', '目', '八']"
瞫,"['日', '目', '十', '襾']"
瞅,"['禾', '目', '火']"
盼,"['目', '刀', '八']"
矑,"['虍', '目', '田', '皿']"
瞽,"['目', '鼓']"
矇,"['二', '冖', '目', '勹', '艸']"
眉,"['目', '丨']"
睚,"['土', '目', '厂']"
盲,"['目', '丶', '匸']"
眥,"['止', '目', '匕']"
瞹,"['心', '夂', '爪', '冖', '目']"
直,"['一', '十', '目']"
瞍,"['臼', '目', '丨', '又']"
眯,"['目', '米']"
眴,"['勹', '目', '日']"
睽,"['一', '目', '大', '癶']"
睒,"['目', '火']"
睡,"['目', '艸', '十', '士']"
睅,"['日', '目', '干']"
眼,"['艮', '目']"
睐,"['一', '目', '木', '八']"
眲,"['目', '耳']"
矚,"['虫', '水', '目', '尸', '勹', '网']"
瞜,"['女', '目', '十', '口']"
眺,"['冫', '目', '儿']"
睆,"['宀', '目', '二', '儿']"
睟,"['目', '亠', '十', '人']"
睫,"['目', '聿', '十', '止']"
瞞,"['目', '廾', '入', '巾']"
盺,"['斤', '目']"
矕,"['目', '糸', '言']"
眾,"['人', '网']"
瞰,"['目', '攴', '耳']"
瞬,"['冖', '目', '舛', '爪']"
眩,"['目', '玄']"
瞭,"['八', '大', '目', '小', '日']"
瞀,"['目', '矛', '攴']"
着,"['羊', '目']"
眅,"['目', '又', '⺁']"
眕,"['目', '彡', '人']"
眚,"['目', '生']"
瞎,"['二', '丨', '目', '宀', '一', '口']"
看,"['目', '手']"
瞓,"['目', '川', '言']"
眢,"['目', '乙', '夕']"
睊,"['月', '目', '口']"
睍,"['目', '見']"
矼,"['石', '工']"
研,"['一', '廾', '石']"
磌,"['八', '十', '目', '一', '石']"
硇,"['丿', '囗', '丶', '石']"
砿,"['厶', '广', '石']"
磬,"['丨', '石', '殳', '士']"
碔,"['一', '弋', '石', '止']"
碘,"['二', '凵', '八', '石']"
礃,"['手', '冖', '小', '石', '口']"
碎,"['十', '亠', '石', '人']"
矾,"['几', '石', '丶']"
磋,"['羊', '石', '工']"
砻,"['石', '龙']"
硝,"['月', '石', '小']"
砸,"['匚', '石', '巾']"
磵,"['日', '石', '門']"
硜,"['一', '川', '石', '工']"
磛,"['車', '斤', '石']"
砼,"['人', '石', '工']"
碉,"['田', '石', '口']"
碇,"['宀', '一', '石', '止']"
砳,['石']
碌,"['水', '石', '彐']"
碱,"['厂', '戈', '一', '石', '口']"
磅,"['八', '冖', '亠', '方', '石']"
礙,"['疋', '匕', '石', '矢']"
砹,"['丿', '艸', '石']"
砦,"['止', '匕', '石']"
碕,"['亅', '大', '一', '石', '口']"
磓,"['丶', '己', '石', '辵']"
磻,"['田', '石', '釆']"
碆,"['皮', '水', '石']"
磙,"['厶', '衣', '八', '石']"
硫,"['厶', '丨', '亠', '儿', '石']"
砬,"['立', '石']"
磉,"['又', '木', '石']"
磥,"['糸', '田', '石']"
碼,"['馬', '石']"
碪,"['匚', '甘', '石', '儿']"
碩,"['頁', '石']"
磾,"['二', '丨', '十', '口', '石', '冂']"
鿎,[]
砂,"['丿', '石', '小']"
碨,"['一', '田', '石', '乙']"
硵,"['卤', '石']"
磯,"['幺', '人', '戈', '石']"
磒,"['貝', '石', '口']"
硐,"['一', '口', '石', '冂']"
碬,"['又', '二', '尸', '石']"
礅,"['子', '亠', '口', '石', '攴']"
砕,"['丿', '十', '石']"
磔,"['舛', '木', '石']"
碴,"['日', '一', '木', '石']"
砠,"['月', '一', '石']"
碜,"['厶', '彡', '大', '石']"
硷,"['一', '人', '石', '小']"
砺,"['丿', '一', '石', '厂']"
砷,"['日', '丨', '石']"
硁,"['石', '工']"
础,"['山', '石']"
矽,"['石', '夕']"
磑,"['山', '石', '豆']"
礁,"['火', '隹', '石']"
砰,"['干', '八', '石']"
碸,"['石', '風']"
矿,"['广', '石']"
砚,"['见', '石']"
碣,"['勹', '人', '曰', '石']"
硭,"['艸', '丶', '匸', '石']"
砾,"['石', '小']"
礦,"['二', '凵', '八', '广', '丨', '艸', '一', '石']"
碾,"['尸', '一', '石', '艸', '乙']"
鿬,[]
磐,"['石', '舟', '殳']"
硊,"['刀', '石', '厂', '乙']"
礮,"['丿', '八', '馬', '亠', '石']"
礵,"['目', '木', '石', '雨']"
磺,"['二', '凵', '八', '丨', '艸', '一', '石']"
硾,"['十', '艸', '石', '士']"
磎,"['幺', '大', '石', '爪']"
硏,['石']
碽,"['貝', '石', '工']"
磨,"['石', '麻']"
硬,"['丿', '丨', '日', '一', '石']"
碳,"['丿', '火', '山', '一', '石']"
碶,"['二', '刀', '丨', '大', '一', '石']"
砥,"['丶', '氏', '石']"
礄,"['冂', '大', '石', '口']"
硗,"['一', '石', '儿']"
礬,"['木', '爻', '大', '石']"
碥,"['户', '艸', '石', '冂']"
砘,"['屮', '十', '石', '乙']"
碛,"['一', '土', '贝', '石']"
礶,"['隹', '艸', '石', '口']"
砟,"['丿', '二', '丨', '一', '石']"
碭,"['日', '一', '勹', '石']"
砅,"['水', '石']"
磁,"['幺', '一', '八', '石']"
碻,"['石', '高']"
礓,"['一', '田', '石', '二']"
砯,"['丶', '水', '石']"
砧,"['卜', '石', '口']"
碍,"['日', '一', '寸', '石']"
礪,"['二', '禸', '丨', '厂', '艸', '石', '冂']"
硎,"['一', '刀', '廾', '石']"
砀,['石']
砜,"['风', '石']"
碟,"['廾', '木', '石']"
磪,"['隹', '山', '石']"
硪,"['戈', '石', '手']"
碗,"['宀', '石', '乙', '夕']"
碰,"['一', '八', '石']"
磊,['石']
确,"['角', '石']"
磽,"['土', '一', '石', '儿']"
礫,"['幺', '木', '白', '石']"
磲,"['匚', '水', '木', '石']"
磚,"['丨', '寸', '十', '日', '石']"
破,"['皮', '石']"
礞,"['二', '冖', '勹', '石', '艸']"
硖,"['人', '八', '石', '二']"
磷,"['舛', '米', '石']"
碲,"['八', '巾', '冖', '亠', '石']"
砝,"['厶', '土', '石']"
碞,"['石', '口']"
硙,"['山', '石', '己']"
磴,"['癶', '石', '豆']"
硕,"['石', '页']"
硼,"['月', '石']"
碑,"['二', '丶', '丨', '十', '石', '冂']"
砇,"['文', '石']"
硨,"['車', '石']"
砑,"['石', '牙']"
砗,"['车', '石']"
硸,"['干', '山', '石', '厂']"
碏,"['日', '一', '艸', '石']"
礱,"['龍', '石']"
磟,"['人', '羽', '彡', '石']"
矸,"['干', '石']"
碧,"['玉', '白', '石']"
硯,"['見', '石']"
碯,"['丿', '丶', '囗', '川', '石']"
磇,"['丿', '囗', '丶', '石']"
硌,"['口', '石', '夂']"
磧,"['土', '貝', '石', '一']"
硤,"['人', '大', '石']"
砭,"['丶', '戈', '玉', '石']"
礎,"['疋', '木', '石']"
硧,"['用', '石']"
碡,"['一', '土', '毋', '石']"
硒,"['襾', '石']"
礡,"['丶', '用', '寸', '十', '艸', '石']"
砉,"['一', '丨', '石', '二']"
礴,"['丶', '水', '用', '寸', '十', '艸', '石']"
砣,"['宀', '匕', '石']"
砞,"['一', '木', '石']"
矶,"['几', '石']"
磣,"['厶', '人', '彡', '石']"
矻,"['一', '丿', '石', '乙']"
砌,"['一', '刀', '石', '乙']"
確,"['隹', '石', '巾']"
礌,"['田', '石', '雨']"
砒,"['比', '石']"
砍,"['欠', '石']"
硅,"['土', '石']"
礤,"['示', '卩', '月', '石', '艸']"
硚,"['大', '石']"
磈,"['鬼', '石']"
碁,"['一', '甘', '八', '石']"
磖,"['羽', '白', '石']"
礧,"['田', '石']"
碚,"['立', '石', '口']"
磕,"['厶', '土', '皿', '石']"
砖,"['二', '丨', '石']"
码,"['马', '石']"
砆,"['人', '石', '二']"
硃,"['一', '木', '石']"
硍,"['艮', '石']"
礟,"['馬', '爻', '石']"
砲,"['勹', '己', '石']"
磡,"['儿', '匚', '甘', '石', '力']"
礆,"['一', '人', '石']"
砫,"['丶', '玉', '石']"
硉,"['聿', '石']"
磠,"['鹵', '石']"
砮,"['女', '又', '石']"
砢,"['一', '口', '石', '亅']"
碓,"['隹', '石']"
礳,"['麻', '石']"
踉,"['艮', '丶', '⻊']"
躧,"['一', '鹿', '⻊']"
跱,"['土', '寸', '⻊']"
踋,"['卩', '土', '厶', '⻊']"
踈,"['木', '口', '⻊']"
踆,"['厶', '八', '夂', '⻊']"
踢,"['日', '勹', '⻊']"
踰,"['人', '刀', '月', '一', '⻊']"
跬,"['土', '⻊']"
踳,"['二', '八', '丨', '日', '一', '⻊']"
蹿,"['穴', '⻊', '口', '丨']"
跙,"['月', '一', '⻊']"
蹏,"['虍', '几', '⺁', '⻊']"
踮,"['广', '卜', '口', '⻊']"
蹊,"['幺', '大', '爪', '⻊']"
跮,"['至', '⻊']"
踒,"['禾', '女', '⻊']"
蹅,"['日', '一', '木', '⻊']"
躥,"['鼠', '穴', '⻊']"
跂,"['支', '⻊']"
蹡,"['月', '爿', '寸', '⻊']"
跚,"['一', '冂', '⻊']"
躜,"['贝', '⻊', '牛', '儿']"
趴,"['八', '⻊']"
踫,"['一', '八', '⻊']"
蹽,"['八', '大', '小', '日', '⻊']"
踬,"['十', '贝', '⺁', '⻊']"
踱,"['广', '又', '廾', '⻊']"
躍,"['羽', '隹', '⻊']"
跶,"['大', '辵', '⻊']"
躗,"['足', '韋', '行']"
躝,"['門', '八', '丨', '木', '口', '⻊']"
跥,"['丿', '木', '⻊']"
踌,"['二', '丨', '寸', '一', '⻊']"
蹴,"['丶', '亠', '小', '尢', '口', '⻊']"
踠,"['宀', '夕', '乙', '⻊']"
踶,"['日', '一', '止', '⻊']"
踼,"['日', '一', '勹', '⻊']"
跩,"['曰', '⻊']"
躋,"['齊', '⻊']"
跞,"['小', '⻊']"
跗,"['人', '寸', '⻊']"
蹚,"['土', '冖', '小', '口', '⻊']"
趺,"['人', '二', '⻊']"
跨,"['二', '大', '⻊']"
蹇,"['二', '八', '足', '宀', '一']"
踵,"['十', '里', '⻊']"
躅,"['勹', '网', '虫', '⻊']"
躊,"['士', '乙', '寸', '工', '一', '口', '⻊']"
蹧,"['二', '凵', '日', '艸', '⻊']"
蹼,"['羊', '一', '八', '⻊']"
跡,"['八', '丨', '亠', '亅', '⻊']"
跄,"['人', '乙', '⻊']"
跳,"['冫', '儿', '⻊']"
踔,"['日', '十', '卜', '⻊']"
蹭,"['八', '丨', '日', '口', '⻊']"
跫,"['几', '丶', '足', '工']"
蹐,"['冫', '人', '月', '⻊']"
踦,"['亅', '大', '一', '口', '⻊']"
蹤,"['人', '彳', '止', '⻊']"
践,"['一', '戈', '⻊']"
趵,"['勹', '丶', '⻊']"
蹟,"['土', '貝', '一', '⻊']"
蹑,"['又', '耳', '⻊']"
路,"['口', '夂', '⻊']"
跻,"['齐', '⻊']"
躇,"['日', '艸', '老', '⻊']"
蹝,"['止', '彳', '⻊']"
跛,"['皮', '⻊']"
跤,"['丿', '亠', '八', '⻊']"
蹍,"['尸', '一', '艸', '乙', '⻊']"
跔,"['勹', '口', '⻊']"
蹄,"['八', '巾', '冖', '亠', '⻊']"
跣,"['牛', '儿', '⻊']"
蹠,"['广', '火', '廾', '⻊']"
跷,"['一', '儿', '⻊']"
蹣,"['巾', '廾', '入', '⻊']"
蹯,"['田', '釆', '⻊']"
跟,"['艮', '⻊']"
蹮,"['襾', '大', '己', '⻊']"
踖,"['日', '一', '艸', '⻊']"
躏,"['土', '尸', '辛', '雨', '艸', '口', '⻊']"
踁,"['一', '川', '工', '⻊']"
跐,"['止', '匕', '⻊']"
趼,"['一', '廾', '⻊']"
跪,"['刀', '厂', '乙', '⻊']"
蹩,"['冫', '足', '攴', '巾']"
跦,"['一', '木', '⻊']"
躑,"['八', '大', '酉', '阝', '⻊']"
躦,"['貝', '⻊', '牛', '儿']"
蹕,"['二', '丨', '田', '一', '艸', '⻊']"
蹾,"['子', '亠', '口', '攴', '⻊']"
跋,"['丿', '丶', '又', '一', '⻊']"
蹔,"['車', '斤', '足']"
距,"['匚', '⻊']"
蹶,"['八', '屮', '厂', '一', '欠', '⻊']"
蹢,"['子', '八', '亠', '欠', '⻊']"
蹋,"['日', '羽', '⻊']"
趹,"['人', '丨', '⻊']"
蹙,"['足', '卜', '厂', '戈', '小', '一']"
跺,"['几', '木', '⻊']"
跃,"['大', '⻊']"
蹒,"['人', '一', '艸', '冂', '⻊']"
蹬,"['癶', '豆', '⻊']"
踣,"['立', '口', '⻊']"
躓,"['斤', '貝', '⻊']"
踽,"['虫', '冂', '⻊']"
跎,"['宀', '匕', '⻊']"
踩,"['木', '爪', '⻊']"
踯,"['八', '大', '阝', '一', '⻊']"
蹦,"['月', '山', '⻊']"
蹱,"['里', '立', '⻊']"
蹌,"['人', '丶', '丨', '彐', '口', '⻊']"
躕,"['广', '豆', '寸', '十', '⻊']"
跅,"['斤', '丶', '⻊']"
趾,"['止', '⻊']"
躄,"['尸', '辛', '口', '足']"
躪,"['隹', '艸', '門', '⻊']"
跿,"['走', '⻊']"
跹,"['十', '辵', '⻊']"
踴,"['田', '力', '⻊']"
躂,"['羊', '土', '辵', '⻊']"
踪,"['宀', '示', '⻊']"
蹺,"['土', '一', '儿', '⻊']"
踏,"['日', '水', '⻊']"
跖,"['石', '⻊']"
蹎,"['八', '十', '目', '一', '⻊']"
躚,"['大', '⻊', '襾', '己', '辵']"
躞,"['火', '又', '言', '⻊']"
跏,"['口', '力', '⻊']"
踝,"['田', '木', '⻊']"
蹵,"['丶', '足', '亠', '小', '尢', '口']"
蹈,"['臼', '爪', '⻊']"
蹀,"['木', '廾', '⻊']"
踊,"['用', '⻊']"
跌,"['人', '二', '⻊']"
躠,"['丶', '足', '辛', '己', '艸']"
躁,"['木', '口', '⻊']"
蹂,"['矛', '木', '⻊']"
躛,"['足', '巾', '力', '一', '口', '行']"
趿,"['丿', '⻊']"
踧,"['又', '卜', '小', '一', '⻊']"
跴,"['襾', '⻊']"
踞,"['十', '尸', '口', '⻊']"
跧,"['人', '玉', '⻊']"
跲,"['一', '人', '口', '⻊']"
躃,"['尸', '辛', '口', '⻊']"
跽,"['心', '己', '⻊']"
蹷,"['八', '足', '屮', '厂', '一', '欠']"
踘,"['勹', '米', '⻊']"
跑,"['勹', '己', '⻊']"
踅,"['斤', '足', '手']"
蹜,"['人', '宀', '一', '白', '⻊']"
躎,"['八', '巾', '丨', '爻', '一', '⻊']"
蹻,"['冂', '大', '口', '⻊']"
踐,"['戈', '⻊']"
趸,"['丿', '一', '足']"
踜,"['土', '八', '夂', '⻊']"
蹰,"['寸', '豆', '厂', '⻊']"
跼,"['尸', '口', '⻊']"
躙,"['隹', '門', '⻊']"
躉,"['二', '禸', '足', '丨', '艸', '冂']"
蹉,"['羊', '工', '⻊']"
跕,"['卜', '口', '⻊']"
蹁,"['户', '艸', '冂', '⻊']"
躐,"['丿', '囗', '川', '冫', '⻊']"
躩,"['目', '隹', '又', '⻊']"
跆,"['厶', '口', '⻊']"
躘,"['龍', '⻊']"
蹓,"['田', '卩', '⻊']"
蹹,"['人', '羽', '一', '口', '⻊']"
躒,"['幺', '白', '木', '⻊']"
踟,"['矢', '口', '⻊']"
躔,"['土', '八', '广', '里', '⻊']"
踡,"['二', '八', '丨', '乙', '⻊']"
蹲,"['寸', '八', '酉', '⻊']"
跀,"['月', '⻊']"
跸,"['比', '十', '⻊']"
踹,"['而', '山', '⻊']"
躡,"['耳', '⻊']"
運,"['冖', '車', '辵']"
达,"['大', '辵']"
邈,"['白', '豸', '辵', '儿']"
遺,"['丨', '貝', '一', '口', '辵']"
逃,"['冫', '辵', '儿']"
遍,"['户', '艸', '冂', '辵']"
逭,"['宀', '己', '辵']"
邀,"['攴', '白', '方', '辵']"
透,"['禾', '丿', '辵']"
進,"['隹', '辵']"
遰,"['巾', '廾', '冖', '儿', '辵']"
迅,"['十', '乙', '辵']"
逛,"['玉', '犬', '辵']"
逺,"['土', '辵']"
迮,"['丿', '二', '丨', '一', '辵']"
遥,"['缶', '爪', '辵']"
迺,"['襾', '辵']"
逗,"['豆', '辵']"
逶,"['禾', '女', '辵']"
迒,"['亠', '几', '辵']"
迬,"['丶', '玉', '辵']"
逮,"['隶', '辵']"
遅,"['羊', '尸', '辵']"
逍,"['月', '小', '辵']"
邇,"['八', '巾', '丨', '爻', '一', '辵']"
迹,"['八', '丨', '亠', '亅', '辵']"
逾,"['人', '刀', '月', '一', '辵']"
过,"['寸', '辵']"
逸,"['丶', '乙', '刀', '丨', '口', '辵']"
选,"['牛', '辵', '儿']"
边,"['力', '辵']"
递,"['丨', '弓', '八', '辵']"
遷,"['襾', '大', '己', '辵']"
邂,"['牛', '角', '刀', '辵']"
迠,"['卜', '口', '辵']"
逝,"['斤', '手', '辵']"
遗,"['丨', '贝', '一', '口', '辵']"
逓,"['二', '巾', '丨', '⺁', '辵']"
辺,"['刀', '辵']"
逬,"['干', '辵']"
遑,"['玉', '白', '辵']"
遐,"['又', '二', '尸', '辵']"
遮,"['广', '火', '廾', '辵']"
邁,"['二', '禸', '丨', '艸', '冂', '辵']"
迂,"['干', '亅', '辵']"
迷,"['米', '辵']"
違,"['韋', '辵']"
逯,"['水', '彐', '辵']"
邋,"['丿', '囗', '川', '冫', '辵']"
迭,"['人', '二', '辵']"
遲,"['牛', '尸', '水', '辵']"
逑,"['丿', '丶', '水', '一', '辵']"
辽,"['亅', '辵']"
迦,"['口', '力', '辵']"
過,"['口', '冂', '辵']"
送,"['一', '大', '八', '辵']"
逎,"['酉', '辵']"
逐,"['豕', '辵']"
遠,"['土', '口', '辵']"
近,"['斤', '辵']"
迧,"['日', '丨', '辵']"
道,"['首', '辵']"
迻,"['夕', '辵']"
迿,"['勹', '日', '辵']"
逅,"['一', '口', '⺁', '辵']"
逊,"['子', '小', '辵']"
逕,"['一', '川', '辵', '工']"
遞,"['虍', '几', '⺁', '辵']"
遣,"['丨', '一', '己', '口', '辵']"
迕,"['干', '辵']"
逹,"['干', '土', '八', '辵']"
巡,"['川', '辵']"
迥,"['口', '冂', '辵']"
遜,"['子', '糸', '辵']"
迴,"['囗', '辵']"
選,"['一', '八', '艸', '辵']"
遛,"['田', '卩', '辵']"
迨,"['厶', '口', '辵']"
邃,"['穴', '豕', '八', '辵']"
迪,"['二', '丨', '辵', '凵']"
逻,"['网', '辵', '夕']"
迫,"['白', '辵']"
邊,"['自', '穴', '方', '辵']"
遂,"['豕', '八', '辵']"
適,"['子', '八', '亠', '欠', '辵']"
邉,"['八', '宀', '自', '口', '辵']"
遒,"['八', '酉', '辵']"
邐,"['一', '鹿', '辵']"
遨,"['丿', '土', '一', '攴', '辵']"
迁,"['十', '辵']"
进,"['二', '辵']"
逥,"['囗', '二', '辵']"
迤,"['丿', '丨', '一', '乙', '辵']"
込,"['人', '辵']"
迟,"['尸', '辵']"
连,"['车', '辵']"
達,"['羊', '土', '辵']"
辻,"['十', '辵']"
遼,"['八', '大', '小', '日', '辵']"
遄,"['而', '山', '辵']"
遯,"['月', '豕', '辵']"
通,"['用', '辵']"
遹,"['八', '冂', '矛', '口', '辵']"
避,"['尸', '辛', '口', '辵']"
运,"['二', '厶', '辵']"
逩,"['十', '大', '艸', '辵']"
退,"['艮', '辵']"
迯,"['卜', '辵', '夕']"
遙,"['缶', '月', '辵']"
逆,"['一', '八', '屮', '辵']"
遁,"['十', '目', '⺁', '辵']"
遝,"['网', '辵']"
逖,"['火', '犬', '辵']"
逦,"['一', '辵']"
违,"['韦', '辵']"
迢,"['刀', '口', '辵']"
逢,"['二', '夂', '丨', '一', '辵']"
遭,"['二', '凵', '日', '艸', '辵']"
迓,"['牙', '辵']"
遵,"['寸', '八', '酉', '辵']"
逼,"['一', '田', '口', '辵']"
遢,"['日', '羽', '辵']"
逌,"['囗', '卜', '辵']"
追,"['丶', '己', '辵']"
迍,"['十', '屮', '乙', '辵']"
遊,"['丿', '子', '方', '一', '辵']"
遇,"['二', '禸', '丨', '冂', '辵']"
迆,"['丨', '乙', '辵']"
适,"['舌', '辵']"
辷,"['一', '辵']"
逄,"['十', '丨', '夂', '辵']"
邌,"['人', '水', '勹', '禾', '辵']"
逞,"['玉', '口', '辵']"
遘,"['二', '土', '一', '冂', '辵']"
遶,"['土', '一', '辵', '儿']"
週,"['田', '口', '辵']"
邅,"['囗', '亠', '日', '一', '辵']"
这,"['文', '辵']"
迚,"['丨', '口', '辵']"
逵,"['土', '八', '辵']"
邏,"['隹', '网', '糸', '辵']"
遏,"['勹', '人', '曰', '辵']"
逴,"['日', '十', '卜', '辵']"
速,"['木', '口', '辵']"
逈,"['宀', '口', '辵']"
遴,"['舛', '米', '辵']"
远,"['二', '辵', '儿']"
迎,"['辵', '卩']"
還,"['一', '网', '口', '辵']"
逋,"['十', '丶', '用', '辵']"
迸,"['一', '廾', '八', '辵']"
逡,"['厶', '八', '夂', '辵']"
还,"['丿', '一', '卜', '辵']"
迋,"['玉', '辵']"
造,"['牛', '口', '辵']"
迊,"['一', '辵', '巾']"
遫,"['攴', '木', '口', '辵']"
迩,"['刀', '小', '辵']"
迣,"['廾', '辵']"
連,"['車', '辵']"
逰,"['丿', '子', '手', '一', '辵']"
迈,"['丿', '一', '辵']"
遡,"['八', '屮', '月', '一', '辵']"
遽,"['虍', '豕', '辵']"
這,"['辵', '言']"
遻,"['八', '屮', '一', '口', '辵']"
途,"['干', '人', '小', '辵']"
逿,"['日', '一', '勹', '辵']"
逷,"['日', '勹', '辵']"
遉,"['貝', '卜', '辵']"
辿,"['山', '辵']"
述,"['丶', '木', '辵']"
遟,"['尸', '辛', '辵']"
迄,"['一', '丿', '乙', '辵']"
返,"['又', '⺁', '辵']"
迳,"['辵', '工']"
褆,"['日', '一', '衣', '止']"
裼,"['日', '衣', '勹']"
裵,"['亠', '非']"
衮,"['厶', '衣', '八']"
衬,"['衣', '寸']"
衵,"['日', '衣']"
襲,"['衣', '龍']"
褂,"['土', '衣', '卜']"
袞,"['亠', '八', '口']"
裉,"['艮', '衣']"
裄,"['衣', '行']"
褔,"['一', '衣', '田', '口']"
裠,"['衣', '丨', '彐', '口']"
褞,"['日', '衣', '皿']"
袯,"['又', '丶', '丨', '衣']"
褳,"['車', '衣', '辵']"
裴,"['衣', '非']"
裀,"['囗', '衣', '大']"
裁,"['土', '衣', '戈']"
裘,"['丿', '丶', '水', '衣', '一']"
襠,"['冖', '衣', '田', '小', '口']"
襛,"['二', '衣', '凵', '辰']"
褙,"['月', '衣', '匕']"
衰,"['一', '囗', '衣']"
衲,"['人', '衣', '冂']"
袤,"['衣', '矛']"
褏,"['二', '凵', '丨', '衣', '一']"
襆,"['羊', '一', '衣', '八']"
袆,"['衣', '韦']"
褶,"['羽', '白', '衣']"
衺,"['衣', '牙']"
褚,"['日', '衣', '老']"
褉,"['二', '刀', '丨', '大', '衣', '一']"
褺,"['土', '丶', '丿', '八', '干', '衣']"
袱,"['人', '衣', '犬']"
襦,"['而', '衣', '雨']"
襴,"['門', '八', '丨', '木', '衣', '口']"
袳,"['衣', '夕']"
襉,"['月', '衣', '門']"
被,"['皮', '衣']"
裱,"['一', '土', '衣']"
袽,"['女', '衣', '口']"
裕,"['衣', '谷']"
裢,"['车', '衣', '辵']"
襕,"['门', '八', '丨', '木', '衣', '口']"
襫,"['一', '衣', '白', '大']"
袭,"['衣', '龙']"
裂,"['衣', '歹', '刀']"
襶,"['土', '八', '衣', '戈', '田', '一', '艸']"
袚,"['丿', '丶', '又', '衣', '一']"
襪,"['丶', '厂', '衣', '戈', '网', '艸']"
裌,"['人', '衣', '大']"
裃,"['一', '衣', '卜']"
裨,"['二', '丶', '丨', '十', '衣', '冂']"
襝,"['一', '人', '衣']"
衾,"['人', '丶', '衣']"
衽,"['衣', '士']"
袮,"['一', '丿', '衣', '小']"
褯,"['广', '衣', '廾', '巾']"
褵,"['丿', '凵', '禸', '亠', '衣']"
袷,"['一', '人', '衣', '口']"
襃,"['一', '衣', '木', '口']"
褸,"['女', '十', '衣', '口']"
襷,"['八', '手', '丨', '衣', '臼', '一']"
袿,"['土', '衣']"
袈,"['口', '衣', '力']"
衿,"['人', '丶', '衣']"
裹,"['衣', '田', '木']"
亵,"['丿', '衣', '手', '丶']"
袺,"['衣', '口', '士']"
衭,"['人', '衣', '二']"
补,"['衣', '卜']"
袴,"['二', '衣', '大']"
装,"['衣', '爿', '士']"
裆,"['小', '衣', '彐']"
襀,"['土', '貝', '衣', '一']"
袁,"['土', '口']"
襌,"['二', '丨', '十', '衣', '口', '冂']"
裡,"['里', '衣']"
裏,"['衣', '里']"
衫,"['彡', '衣']"
袒,"['日', '一', '衣']"
褰,"['二', '八', '衣', '宀', '一']"
褐,"['勹', '人', '衣', '曰']"
襋,"['衣', '木', '冂']"
裣,"['一', '人', '衣', '小']"
襱,"['衣', '龍']"
袄,"['衣', '大']"
襯,"['見', '十', '衣', '小', '立']"
裾,"['十', '衣', '尸', '口']"
襏,"['殳', '衣', '癶', '弓']"
襮,"['八', '水', '衣', '日', '一', '艸']"
裈,"['冖', '车', '衣']"
襡,"['勹', '衣', '虫', '网']"
袋,"['人', '弋', '衣']"
裟,"['丿', '衣', '水', '小']"
袂,"['人', '衣', '丨']"
襵,"['衣', '耳']"
衦,"['干', '衣']"
衩,"['丶', '又', '衣']"
袍,"['勹', '衣', '己']"
裸,"['衣', '田', '木']"
複,"['丿', '夂', '衣', '日', '一']"
袜,"['一', '衣', '木']"
袼,"['口', '衣', '夂']"
襄,"['一', '二', '衣', '口']"
褱,"['衣', '网', '水']"
裥,"['门', '衣', '日']"
裙,"['衣', '丨', '彐', '口']"
褕,"['人', '刀', '衣', '月', '一']"
襻,"['手', '爻', '大', '木', '衣']"
褲,"['車', '广', '衣']"
褧,"['火', '衣', '耳']"
襬,"['月', '厶', '衣', '网']"
褪,"['艮', '衣', '辵']"
褽,"['衣', '尸', '寸', '示']"
褴,"['丿', '丶', '丨', '衣', '皿', '一']"
褥,"['衣', '辰', '寸']"
褝,"['二', '丨', '十', '衣', '小', '冂']"
袗,"['人', '衣', '彡']"
裤,"['广', '车', '衣']"
裊,"['一', '丶', '衣']"
襤,"['丿', '丶', '臣', '衣', '皿', '一']"
褫,"['虍', '几', '衣', '⺁']"
裝,"['衣', '爿', '士']"
裪,"['勹', '衣', '缶']"
製,"['牛', '衣', '刀', '巾']"
裒,"['臼', '衣']"
褃,"['月', '止', '衣']"
袢,"['二', '衣', '丨', '八']"
裳,"['冖', '小', '衣', '口']"
袠,"['人', '衣', '二']"
褘,"['衣', '韋']"
襼,"['丿', '土', '丶', '八', '二', '厶', '衣', '艸']"
衹,"['衣', '氏']"
裰,"['衣', '又']"
襭,"['頁', '衣', '口', '士']"
袟,"['人', '衣', '二']"
襜,"['八', '刀', '厂', '衣', '言']"
裛,"['亠', '丨', '口', '乙']"
褎,"['禾', '一', '衣']"
裲,"['一', '衣', '入', '巾']"
襟,"['衣', '木', '示']"
衷,"['衣', '丨', '口']"
褓,"['人', '衣', '木', '口']"
裯,"['衣', '田', '口']"
褌,"['冖', '車', '衣']"
褛,"['女', '衣', '米']"
裶,"['衣', '非']"
襍,"['隹', '木', '衣']"
表,"['一', '土']"
褒,"['人', '衣', '木', '口']"
襚,"['衣', '豕', '八', '辵']"
初,"['刀', '衣']"
裔,"['衣', '八', '口', '冂']"
袛,"['丶', '氏', '衣']"
裋,"['衣', '豆']"
袵,"['人', '衣', '士']"
褟,"['日', '羽', '衣']"
褻,"['丿', '土', '丶', '八', '衣']"
褄,"['女', '十', '衣', '聿']"
襇,"['日', '衣', '門']"
襞,"['衣', '尸', '辛', '口']"
裍,"['囗', '衣', '木']"
袖,"['二', '衣', '丨', '凵']"
襁,"['虫', '衣', '弓', '口']"
襖,"['宀', '衣', '大', '米']"
襢,"['囗', '亠', '衣', '日', '一']"
褡,"['人', '衣', '一', '艸', '口']"
褢,"['衣', '鬼']"
褊,"['户', '衣', '艸', '冂']"
補,"['十', '丶', '衣', '用']"
袅,"['丶', '衣']"
袪,"['土', '衣', '厶']"
裎,"['衣', '玉', '口']"
疰,"['丶', '玉', '疒']"
瘫,"['隹', '又', '疒']"
疤,"['丨', '疒', '乙']"
疡,['疒']
瘯,"['丿', '矢', '方', '疒', '一']"
癃,"['夂', '生', '阝', '疒', '一']"
癈,"['殳', '癶', '弓', '疒']"
癡,"['疋', '匕', '疒', '矢']"
痑,"['疒', '夕']"
瘖,"['音', '疒']"
療,"['八', '大', '小', '疒', '日']"
疝,"['山', '疒']"
痫,"['门', '木', '疒']"
瘚,"['八', '屮', '疒', '一', '欠']"
瘴,"['日', '十', '立', '疒']"
疕,"['匕', '疒']"
痩,"['日', '丨', '疒', '又']"
痊,"['人', '玉', '疒']"
痙,"['一', '川', '疒', '工']"
疔,"['一', '亅', '疒']"
癇,"['門', '月', '疒']"
癞,"['刀', '贝', '木', '疒', '口']"
癮,"['心', '爪', '彐', '阝', '疒', '工']"
痡,"['十', '丶', '用', '疒']"
疬,"['力', '厂', '疒']"
疧,"['氏', '疒']"
痘,"['豆', '疒']"
痴,"['口', '疒', '矢']"
痃,"['玄', '疒']"
癧,"['禾', '止', '厂', '疒']"
瘶,"['口', '木', '欠', '疒']"
瘢,"['殳', '舟', '疒']"
痮,"['長', '疒']"
痳,"['木', '疒']"
瘭,"['襾', '疒', '示']"
瘥,"['羊', '疒', '工']"
瘻,"['女', '十', '口', '疒']"
痍,"['大', '弓', '疒']"
瘍,"['日', '一', '勹', '疒']"
瘸,"['口', '力', '肉', '疒']"
疴,"['一', '亅', '口', '疒']"
痉,"['疒', '工']"
瘀,"['人', '丶', '方', '疒']"
瘐,"['臼', '人', '疒']"
瘺,"['尸', '疒', '雨']"
癆,"['冖', '火', '力', '疒']"
疸,"['日', '一', '疒']"
瘘,"['女', '米', '疒']"
瘛,"['心', '二', '刀', '丨', '疒', '一']"
瘡,"['人', '丶', '丨', '彐', '疒', '口']"
痎,"['人', '亠', '丨', '疒']"
疹,"['人', '彡', '疒']"
疖,"['丨', '疒']"
症,"['一', '疒', '止']"
痭,"['月', '疒']"
瘦,"['臼', '丨', '疒', '又']"
瘞,"['土', '大', '人', '疒']"
瘲,"['人', '彳', '疒', '止']"
瘰,"['田', '糸', '疒']"
癔,"['心', '音', '疒']"
瘈,"['二', '刀', '丨', '大', '疒', '一']"
瘌,"['口', '木', '刀', '疒']"
疽,"['月', '一', '疒']"
癱,"['二', '人', '隹', '丨', '廾', '疒', '口']"
疭,"['人', '疒']"
瘼,"['日', '大', '艸', '疒']"
瘉,"['人', '刀', '疒', '月', '一']"
癊,"['二', '人', '丶', '厶', '阝', '疒']"
癰,"['川', '隹', '邑', '疒']"
痾,"['口', '阝', '疒', '一', '亅']"
疯,"['风', '疒']"
瘜,"['心', '自', '疒']"
疳,"['甘', '疒']"
癭,"['女', '貝', '疒']"
瘨,"['八', '十', '目', '疒', '一']"
疮,"['人', '疒', '乙']"
癅,"['一', '田', '疒']"
瘊,"['人', '疒', '矢']"
痌,"['冂', '一', '口', '疒']"
瘃,"['勹', '一', '丶', '疒']"
瘝,"['网', '疒']"
痰,"['火', '疒']"
疥,"['人', '疒']"
痄,"['丿', '二', '丨', '疒', '一']"
瘩,"['人', '疒', '一', '艸', '口']"
疱,"['勹', '己', '疒']"
癲,"['八', '十', '目', '疒', '頁', '一']"
痼,"['囗', '口', '十', '疒']"
痞,"['丿', '卜', '疒', '一', '口']"
癒,"['心', '人', '刀', '疒', '月', '一']"
痦,"['一', '口', '力', '疒']"
癟,"['人', '疒', '一', '自', '艸', '冂']"
瘧,"['虍', '疒']"
痛,"['用', '疒']"
癤,"['丶', '竹', '丨', '彐', '疒', '卩', '乙']"
瘮,"['厶', '人', '彡', '疒']"
痨,"['冖', '力', '艸', '疒']"
瘏,"['日', '老', '疒']"
痵,"['禾', '子', '疒']"
癘,"['二', '禸', '丨', '疒', '艸', '冂']"
癥,"['彳', '山', '疒', '一', '玉', '攴']"
痿,"['禾', '女', '疒']"
痖,"['一', '八', '疒']"
瘆,"['厶', '大', '彡', '疒']"
痪,"['冂', '刀', '大', '疒']"
瘙,"['丶', '又', '虫', '疒']"
疟,['疒']
瘳,"['人', '羽', '彡', '疒']"
痺,"['二', '丶', '丨', '十', '疒', '冂']"
癎,"['門', '日', '疒']"
癣,"['鱼', '羊', '疒']"
痁,"['口', '卜', '疒']"
瘓,"['八', '刀', '大', '疒', '冂']"
痠,"['厶', '夂', '八', '疒']"
痔,"['土', '寸', '疒']"
癠,"['齊', '疒']"
痚,"['子', '老', '疒']"
癀,"['二', '凵', '八', '丨', '疒', '一', '艸']"
癬,"['羊', '魚', '疒']"
疵,"['止', '匕', '疒']"
疾,"['疒', '矢']"
疿,"['弓', '疒']"
瘠,"['月', '人', '疒', '冫']"
瘂,"['二', '疒']"
痜,"['禾', '几', '疒']"
疼,"['夂', '疒', '丶']"
癕,"['隹', '丿', '亠', '疒']"
痯,"['宀', '己', '疒']"
瘵,"['月', '示', '疒', '卩']"
瘪,"['人', '自', '匕', '疒']"
疗,"['亅', '疒']"
癢,"['丶', '八', '羊', '艮', '疒']"
疙,"['一', '丿', '疒', '乙']"
疻,"['口', '八', '疒']"
疢,"['火', '疒']"
病,"['冂', '一', '人', '疒']"
痢,"['禾', '刀', '疒']"
瘿,"['女', '疒']"
痕,"['艮', '疒']"
癖,"['口', '尸', '辛', '疒']"
瘁,"['十', '亠', '人', '疒']"
瘇,"['十', '里', '疒']"
痒,"['羊', '疒']"
疲,"['皮', '疒']"
瘤,"['田', '疒', '卩']"
瘟,"['日', '皿', '疒']"
痱,"['非', '疒']"
癍,"['文', '王', '疒']"
痐,"['囗', '疒']"
癌,"['口', '山', '疒']"
癩,"['刀', '木', '貝', '疒', '口']"
疫,"['殳', '疒']"
癜,"['八', '尸', '疒', '一', '艸', '殳']"
痣,"['心', '疒', '士']"
痈,"['用', '疒']"
痧,"['丿', '小', '水', '疒']"
疣,"['尢', '丶', '疒']"
痂,"['口', '力', '疒']"
癙,"['鼠', '疒']"
瘗,"['二', '人', '土', '八', '疒']"
癫,"['八', '页', '十', '目', '疒', '一']"
癯,"['目', '隹', '疒']"
痲,"['木', '疒']"
瘕,"['又', '二', '尸', '疒']"
痤,"['土', '人', '疒']"
痀,"['勹', '口', '疒']"
瘾,"['心', '刀', '彐', '阝', '疒']"
瘅,"['二', '八', '丨', '十', '疒', '冂']"
疚,"['勹', '疒']"
痹,"['一', '田', '疒']"
瘋,"['風', '疒']"
疠,"['丿', '一', '疒']"
痗,"['一', '丿', '毋', '疒']"
痏,"['月', '丿', '一', '疒']"
癉,"['二', '丨', '十', '口', '疒', '冂']"
癨,"['隹', '疒', '雨']"
痻,"['日', '氏', '疒']"
驻,"['马', '玉', '丶']"
騞,"['二', '馬', '丨', '一', '石']"
騈,"['馬', '干']"
駢,"['馬', '一', '廾', '八']"
驴,"['户', '马']"
騨,"['二', '馬', '丨', '十', '小', '冂']"
駃,"['馬', '人', '丨']"
骆,"['马', '口', '夂']"
駙,"['馬', '人', '寸']"
駉,"['馬', '口', '冂']"
骕,"['马', '聿', '小']"
駑,"['女', '又', '馬']"
驦,"['馬', '目', '木', '雨']"
骖,"['厶', '马', '大', '彡']"
骠,"['襾', '马', '示']"
驼,"['宀', '马', '匕']"
騣,"['凵', '丿', '八', '夂', '馬']"
駭,"['馬', '人', '亠', '丨']"
騢,"['馬', '二', '尸', '又']"
騯,"['八', '馬', '冖', '亠', '方']"
駅,"['馬', '尸']"
驳,"['马', '爻']"
骝,"['马', '田', '卩']"
驂,"['馬', '人', '厶', '彡']"
驰,"['马', '丨', '乙']"
驢,"['馬', '虍', '田', '皿']"
騤,"['馬', '一', '大', '癶']"
驌,"['馬', '一', '聿']"
骥,"['八', '匕', '马', '田', '一', '艸']"
驚,"['馬', '口', '勹', '艸', '攴']"
骃,"['囗', '马', '大']"
驃,"['馬', '襾', '示']"
驥,"['八', '馬', '匕', '田', '一', '艸']"
骅,"['十', '马', '匕', '人']"
骐,"['一', '马', '八', '甘']"
駐,"['馬', '丶', '玉']"
骞,"['二', '八', '马', '宀', '一']"
騁,"['二', '凵', '馬', '丨', '一']"
骏,"['厶', '马', '八', '夂']"
骜,"['丿', '土', '马', '一', '攴']"
駟,"['馬', '囗', '儿']"
骄,"['马', '大']"
駞,"['丿', '馬', '丨', '一', '乙']"
騵,"['馬', '白', '厂', '小']"
骤,"['丿', '马', '又', '耳']"
駘,"['馬', '厶', '口']"
馭,"['馬', '又']"
驯,"['马', '川']"
騗,"['馬', '户', '艸', '冂']"
驉,"['馬', '虍', '八', '一']"
驭,"['马', '又']"
驁,"['丿', '土', '馬', '一', '攴']"
驪,"['馬', '一', '鹿']"
駓,"['馬', '一', '卜', '丿']"
騖,"['馬', '矛', '攴']"
駴,"['馬', '戈', '廾']"
馿,"['馬', '户']"
驽,"['女', '马', '又']"
驔,"['馬', '十', '日', '襾']"
馱,"['馬', '大']"
骑,"['亅', '大', '马', '一', '口']"
騙,"['馬', '户', '艸', '冂']"
騠,"['馬', '一', '日', '止']"
駸,"['馬', '又', '冖', '彐']"
驿,"['二', '马', '又', '丨']"
騒,"['馬', '又', '虫']"
騄,"['馬', '水', '彐']"
驘,"['丶', '馬', '匸', '月', '几', '口']"
騲,"['馬', '十', '艸', '日']"
骡,"['马', '田', '糸']"
騋,"['馬', '人', '木']"
驍,"['馬', '一', '土', '儿']"
騉,"['馬', '比', '日']"
驶,"['丿', '马', '丨', '口']"
駏,"['馬', '匚']"
驹,"['勹', '马', '口']"
驟,"['馬', '丿', '又', '耳']"
駬,"['馬', '耳']"
駜,"['馬', '丿', '心']"
騭,"['丿', '止', '馬', '阝', '小']"
駕,"['馬', '口', '力']"
驩,"['馬', '隹', '艸', '口']"
骁,"['一', '马', '儿']"
骂,"['马', '口']"
验,"['一', '人', '马', '小']"
骙,"['大', '一', '马', '癶']"
騮,"['馬', '田', '卩']"
験,"['人', '八', '馬', '丨', '一', '口']"
駔,"['馬', '一', '月']"
馵,"['馬', '廾']"
馹,"['馬', '日']"
驊,"['二', '馬', '丨', '一', '艸']"
騂,"['馬', '辛']"
驏,"['馬', '子', '尸']"
驸,"['人', '马', '寸']"
驄,"['心', '丶', '夂', '馬', '囗']"
驖,"['土', '馬', '戈', '玉', '口']"
馮,"['馬', '冫']"
騺,"['土', '丶', '丿', '八', '馬', '干']"
駦,"['馬', '二', '丨', '八']"
骧,"['二', '马', '衣', '一', '口']"
駛,"['馬', '丿', '丨', '口']"
驺,"['马', '刀', '彐']"
騍,"['馬', '田', '木']"
駒,"['馬', '勹', '口']"
騃,"['馬', '厶', '矢']"
駿,"['馬', '厶', '八', '夂']"
騰,"['二', '八', '馬', '丨', '月']"
馴,"['馬', '川']"
驤,"['二', '馬', '衣', '一', '口']"
骇,"['人', '马', '丨', '亠']"
骣,"['子', '马', '尸']"
骍,"['马', '辛']"
骦,"['目', '马', '木', '雨']"
驅,"['馬', '匚', '口']"
騎,"['亅', '馬', '大', '一', '口']"
駮,"['馬', '丿', '亠', '八']"
驒,"['二', '馬', '丨', '十', '口', '冂']"
驾,"['口', '马', '力']"
駈,"['馬', '一', '斤']"
骊,"['一', '马']"
騫,"['二', '八', '馬', '宀', '一']"
驕,"['馬', '冂', '大', '口']"
骛,"['马', '矛', '攴']"
騕,"['馬', '襾', '女']"
驇,"['丿', '土', '丶', '八', '馬']"
驷,"['囗', '马', '儿']"
骓,"['马', '隹']"
骢,"['心', '丶', '夂', '囗', '马']"
驱,"['丿', '匚', '马']"
駾,"['馬', '八', '口', '儿']"
骟,"['户', '马', '羽']"
騸,"['馬', '户', '羽']"
騳,['馬']
骒,"['马', '田', '木']"
骀,"['厶', '马', '口']"
骘,"['丿', '止', '马', '阝', '小']"
駆,"['馬', '匚', '丿']"
驗,"['馬', '人', '一']"
骎,"['冖', '马', '又', '彐']"
駪,"['馬', '牛', '儿']"
骋,"['二', '凵', '丨', '马', '一']"
駹,"['丿', '丶', '馬', '彡', '一', '乙']"
骉,['马']
驀,"['日', '馬', '大', '艸']"
駽,"['馬', '月', '口']"
駝,"['馬', '匕', '宀']"
骈,"['一', '马', '廾', '八']"
駻,"['馬', '干', '日']"
騻,"['馬', '爻', '大']"
驆,"['二', '馬', '丨', '田', '一', '艸']"
騑,"['馬', '非']"
驮,"['马', '大']"
騐,"['馬', '人', '丶', '心']"
饟,"['人', '丶', '二', '丨', '彐', '衣', '口', '一', '乙']"
騧,"['馬', '口', '冂']"
驫,['馬']
馲,"['馬', '一', '乙']"
驛,"['土', '八', '馬', '干', '网']"
骚,"['马', '又', '虫', '丶']"
騏,"['馬', '一', '甘', '八']"
騘,"['馬', '丶', '勹', '心']"
騌,"['馬', '宀', '示']"
驵,"['月', '一', '马']"
駁,"['馬', '爻']"
駰,"['馬', '囗', '大']"
骗,"['户', '马', '艸', '冂']"
驈,"['八', '馬', '冂', '矛', '口']"
馳,"['馬', '丨', '乙']"
駱,"['馬', '口', '夂']"
駄,"['馬', '丶', '大']"
騾,"['馬', '田', '糸']"
骔,"['宀', '马', '示']"
驲,"['日', '马']"
騅,"['馬', '隹']"
驝,"['士', '馬', '木', '冖', '石']"
騶,"['馬', '勹', '艸']"
騷,"['馬', '丶', '又', '虫']"
秘,"['禾', '丿', '心']"
稜,"['禾', '土', '八', '夂']"
穢,"['止', '丿', '厂', '戈', '小', '禾', '一']"
穇,"['禾', '人', '厶', '彡']"
稲,"['禾', '丨', '日', '爪']"
穤,"['禾', '而', '雨']"
稱,"['禾', '土', '冂', '爪']"
穫,"['禾', '隹', '又', '艸']"
秄,"['禾', '子']"
积,"['禾', '八', '口']"
秧,"['禾', '大', '冂']"
穄,"['禾', '月', '示', '卩']"
穨,"['丨', '貝', '禾', '一', '几', '口']"
稼,"['禾', '宀', '豕']"
穠,"['禾', '二', '凵', '辰']"
稿,"['禾', '高']"
称,"['禾', '刀', '小']"
秪,"['禾', '丶', '氏']"
穰,"['二', '衣', '禾', '一', '口']"
秬,"['禾', '匚']"
秇,"['禾', '丿', '丶']"
穗,"['心', '丨', '日', '十', '禾']"
秤,"['禾', '干', '八']"
稔,"['禾', '人', '丶', '心']"
秣,"['禾', '一', '木']"
税,"['禾', '八', '口', '儿']"
穀,"['士', '冖', '禾', '一', '殳']"
稂,"['禾', '丶', '艮']"
稷,"['禾', '田', '八', '夂']"
秥,"['禾', '卜', '口']"
穉,"['禾', '牛', '尸', '水']"
穣,"['二', '八', '亠', '禾', '一']"
穧,"['禾', '齊']"
稈,"['禾', '干', '日']"
穪,"['八', '巾', '丨', '爻', '禾', '一']"
秉,"['禾', '彐']"
秫,"['禾', '丶', '木']"
稊,"['禾', '丨', '弓', '八']"
稠,"['禾', '田', '口']"
稛,"['禾', '囗']"
稚,"['禾', '隹']"
秩,"['禾', '人', '二']"
種,"['禾', '十', '里']"
租,"['禾', '一', '月']"
稳,"['禾', '刀', '心', '彐']"
秖,"['禾', '氏']"
稹,"['八', '十', '目', '禾', '一']"
秀,"['禾', '丿']"
秸,"['禾', '口', '士']"
禾,['禾']
秭,"['禾', '丨']"
穅,"['禾', '广', '隶']"
稟,"['禾', '囗', '亠']"
積,"['禾', '貝', '土', '一']"
穂,"['心', '二', '凵', '丨', '十', '禾']"
秠,"['禾', '一', '卜', '丿']"
稗,"['二', '丶', '丨', '十', '禾', '冂']"
秐,"['禾', '二', '厶']"
稖,"['禾', '立', '口']"
穆,"['禾', '彡', '白', '小']"
稺,"['禾', '尸', '辛']"
穊,"['丶', '无', '丨', '彐', '禾', '乙']"
稙,"['禾', '十', '目', '一']"
私,"['禾', '厶']"
稇,"['禾', '囗', '木']"
秽,"['禾', '山', '夕']"
稅,"['禾', '八', '口', '儿']"
稉,"['丿', '丨', '日', '禾', '一']"
稏,"['禾', '二']"
穌,"['禾', '魚']"
穈,"['禾', '麻']"
种,"['禾', '丨', '口']"
秏,"['禾', '毛']"
稾,"['禾', '高']"
稀,"['禾', '丿', '一', '巾']"
程,"['禾', '玉', '口']"
稣,"['鱼', '禾']"
秒,"['禾', '丿', '小']"
稆,"['禾', '口']"
秃,"['禾', '几']"
秆,"['禾', '干']"
禿,"['禾', '儿']"
秋,"['禾', '火']"
稑,"['禾', '土', '八']"
秕,"['禾', '比']"
稌,"['禾', '人', '干', '小']"
穟,"['禾', '豕', '八', '辵']"
稭,"['禾', '白', '比']"
稽,"['丶', '匕', '日', '尢', '禾']"
秈,"['禾', '山']"
穑,"['禾', '土', '囗', '八']"
穜,"['禾', '里', '立']"
穋,"['禾', '人', '羽', '彡']"
穏,"['禾', '牛', '心', '非']"
穎,"['禾', '頁', '匕']"
穡,"['禾', '土', '囗', '人']"
穭,"['禾', '魚', '日']"
穐,"['刀', '丨', '日', '田', '禾', '乙']"
秾,"['禾', '巾']"
秔,"['禾', '亠', '几']"
稞,"['禾', '田', '木']"
稻,"['禾', '爪', '臼']"
稃,"['禾', '子', '爪']"
移,"['禾', '夕']"
科,"['禾', '斗']"
稘,"['禾', '一', '甘', '八']"
穩,"['心', '爪', '彐', '工', '禾']"
秦,"['二', '八', '丨', '禾', '一']"
穮,"['禾', '鹿', '火']"
秊,"['禾', '十']"
稍,"['禾', '月', '小']"
稬,"['禾', '而', '大']"
猾,"['骨', '犬']"
獠,"['八', '大', '犬', '小', '日']"
猡,"['网', '犬', '夕']"
猫,"['田', '艸', '犬']"
獻,"['虍', '鬲', '犬']"
獷,"['二', '凵', '八', '广', '丨', '犬', '一', '艸']"
猕,"['刀', '弓', '小', '犬']"
獣,"['犬', '田', '小', '一', '口']"
猸,"['目', '丨', '犬']"
犼,"['子', '乙', '犬']"
獲,"['隹', '又', '艸', '犬']"
獱,"['丿', '犬', '貝', '小', '宀', '一']"
獬,"['牛', '角', '刀', '犬']"
獒,"['丿', '土', '犬', '一', '攴']"
狡,"['丿', '亠', '八', '犬']"
狨,"['一', '丿', '戈', '犬']"
獵,"['丿', '犬', '囗', '川', '冫']"
猬,"['月', '田', '犬']"
獯,"['土', '火', '八', '丨', '犬', '十', '口']"
猓,"['田', '木', '犬']"
獉,"['二', '八', '丨', '犬', '禾', '一']"
狁,"['厶', '犬', '儿']"
狺,"['犬', '言']"
猹,"['日', '一', '木', '犬']"
獄,"['犬', '言']"
猴,"['人', '犬', '矢']"
獞,"['里', '立', '犬']"
猎,"['日', '一', '艸', '犬']"
獗,"['八', '屮', '厂', '犬', '一', '欠']"
玁,"['夂', '厂', '犬', '耳', '口']"
狀,"['爿', '犬']"
狷,"['月', '口', '犬']"
狗,"['勹', '口', '犬']"
獪,"['人', '八', '丨', '犬', '日', '一', '口']"
獘,"['冫', '犬', '攴', '巾']"
猊,"['臼', '犬', '儿']"
猲,"['勹', '人', '曰', '犬']"
猨,"['又', '爪', '干', '犬', '亅']"
狮,"['一', '犬', '巾']"
獅,"['丶', '巾', '犬', '一', '己']"
献,"['八', '干', '犬', '十', '冂']"
猄,"['小', '亠', '口', '犬']"
猝,"['十', '亠', '人', '犬']"
猶,"['八', '酉', '犬']"
犴,"['干', '犬']"
猩,"['日', '生', '犬']"
獧,"['一', '网', '口', '犬']"
狭,"['人', '八', '二', '犬']"
狽,"['貝', '犬']"
獮,"['八', '巾', '丨', '爻', '犬', '一']"
獴,"['二', '犬', '冖', '勹', '艸']"
狉,"['丿', '一', '卜', '犬']"
狝,"['刀', '小', '犬']"
猟,"['二', '丨', '犬', '小', '几']"
猗,"['亅', '大', '犬', '一', '口']"
獐,"['日', '十', '立', '犬']"
狂,"['玉', '犬']"
猜,"['青', '犬']"
獹,"['虍', '田', '皿', '犬']"
猘,"['牛', '刀', '犬', '巾']"
狜,"['十', '口', '犬']"
狱,"['讠', '犬']"
獋,"['十', '自', '犬', '冫']"
猺,"['缶', '爪', '犬']"
猪,"['日', '老', '犬']"
狼,"['艮', '丶', '犬']"
猢,"['月', '十', '口', '犬']"
狍,"['勹', '己', '犬']"
犯,"['乙', '犬']"
猥,"['一', '田', '乙', '犬']"
獸,"['一', '田', '口', '犬']"
獍,"['犬', '音', '儿']"
猰,"['二', '刀', '丨', '大', '犬', '一']"
狯,"['人', '厶', '二', '犬']"
犷,"['广', '犬']"
獝,"['八', '犬', '冂', '矛', '口']"
猃,"['一', '人', '小', '犬']"
猖,"['日', '犬']"
狌,"['生', '犬']"
狻,"['厶', '八', '夂', '犬']"
狞,"['宀', '一', '亅', '犬']"
猱,"['矛', '木', '犬']"
狳,"['干', '人', '小', '犬']"
狎,"['二', '丨', '冂', '犬']"
狐,"['瓜', '犬']"
狘,"['匚', '戈', '犬']"
獰,"['心', '犬', '皿', '宀', '一', '亅']"
狈,"['贝', '犬']"
獫,"['一', '人', '犬']"
犮,"['一', '丿', '丶', '又']"
狲,"['子', '小', '犬']"
猿,"['土', '口', '犬']"
狸,"['里', '犬']"
獁,"['馬', '犬']"
狃,"['二', '刀', '犬']"
狒,"['弓', '犬']"
獢,"['冂', '大', '口', '犬']"
狄,"['火', '犬']"
獃,"['山', '豆', '犬']"
獾,"['隹', '艸', '口', '犬']"
猷,"['八', '酉', '犬']"
犺,"['亠', '几', '犬']"
獼,"['八', '巾', '丨', '弓', '爻', '犬', '一']"
獺,"['刀', '木', '犬', '貝', '口']"
状,"['爿', '犬']"
獳,"['而', '犬', '雨']"
狛,"['白', '犬']"
獨,"['勹', '网', '虫', '犬']"
狵,"['丿', '丶', '彡', '犬', '一', '乙']"
独,"['虫', '犬']"
獎,"['月', '爿', '寸', '犬']"
犲,"['一', '丿', '犬']"
狆,"['丨', '口', '犬']"
犹,"['丶', '尢', '犬']"
猛,"['子', '皿', '犬']"
猁,"['禾', '刀', '犬']"
獏,"['日', '大', '艸', '犬']"
猻,"['子', '糸', '犬']"
狴,"['比', '土', '犬']"
狰,"['刀', '彐', '亅', '犬']"
犸,"['马', '犬']"
獀,"['臼', '丨', '又', '犬']"
猇,"['虍', '几', '犬']"
狹,"['人', '大', '犬']"
犰,"['丿', '犬']"
獭,"['刀', '贝', '木', '犬', '口']"
狠,"['艮', '犬']"
猞,"['干', '人', '口', '犬']"
狢,"['口', '夂', '犬']"
玀,"['隹', '网', '糸', '犬']"
猙,"['彐', '爪', '亅', '犬']"
狖,"['穴', '犬']"
狩,"['宀', '寸', '犬']"
猔,"['宀', '示', '犬']"
狥,"['勹', '日', '犬']"
狙,"['月', '一', '犬']"
犵,"['一', '丿', '乙', '犬']"
玃,"['目', '隹', '又', '犬']"
辄,"['车', '耳', '乙']"
輮,"['車', '矛', '木']"
轌,"['車', '彐', '雨']"
軻,"['車', '一', '口', '亅']"
軺,"['車', '刀', '口']"
輾,"['車', '尸', '一', '艸', '乙']"
軱,"['車', '瓜']"
辚,"['舛', '车', '米']"
辈,"['车', '非']"
轏,"['車', '子', '尸']"
轹,"['车', '小']"
軿,"['車', '一', '廾', '八']"
輩,"['車', '非']"
軼,"['車', '人', '二']"
輈,"['車', '舟']"
较,"['丿', '车', '八', '亠']"
轟,['車']
輗,"['車', '儿', '臼']"
輋,"['車', '大', '山']"
軟,"['車', '欠']"
辇,"['人', '车', '二']"
輥,"['車', '比', '日']"
轼,"['车', '弋', '工']"
軸,"['車', '二', '丨', '凵']"
軤,"['車', '丿', '八', '一']"
轲,"['一', '车', '口', '亅']"
轡,"['車', '糸', '口']"
轪,"['车', '大']"
软,"['车', '欠']"
輏,"['車', '酉']"
辎,"['车', '田', '川']"
転,"['車', '二', '厶']"
輯,"['車', '耳', '口']"
軰,"['車', '匕']"
轍,"['厶', '車', '亠', '月', '攴']"
軒,"['車', '干']"
轣,"['車', '止', '厂', '禾']"
轔,"['車', '舛', '米']"
輬,"['車', '小', '亠', '口']"
转,"['二', '车', '丨']"
軜,"['車', '人', '冂']"
轻,"['车', '工']"
轄,"['二', '丨', '車', '宀', '一', '口']"
軷,"['丿', '丶', '又', '車', '一']"
轺,"['车', '刀', '口']"
輤,"['車', '青']"
輦,"['車', '人', '二']"
轱,"['十', '车', '口']"
轕,"['人', '車', '勹', '曰', '艸']"
輛,"['車', '一', '入', '巾']"
輽,"['車', '厶', '大', '田']"
辂,"['车', '口', '夂']"
輅,"['車', '口', '夂']"
轙,"['車', '戈', '羊', '手']"
輝,"['冖', '車', '小', '儿', '一']"
輘,"['車', '土', '八', '夂']"
轎,"['車', '冂', '大', '口']"
轖,"['車', '土', '囗', '人']"
轵,"['车', '八', '口']"
辊,"['日', '车', '比']"
軯,"['車', '干', '八']"
軘,"['車', '十', '屮', '乙']"
轆,"['車', '鹿']"
軲,"['車', '十', '口']"
轑,"['八', '大', '車', '小', '日']"
轾,"['车', '至']"
輠,"['車', '田', '木']"
轉,"['丨', '寸', '車', '十', '日']"
辙,"['厶', '车', '亠', '月', '攴']"
轤,"['車', '虍', '田', '皿']"
輻,"['車', '一', '田', '口']"
载,"['土', '车', '戈']"
辑,"['车', '耳', '口']"
辋,"['丶', '八', '车', '匸', '一', '冂']"
輜,"['車', '川', '田']"
輓,"['乙', '刀', '丨', '車', '口']"
輸,"['人', '刀', '車', '月', '一']"
載,"['車', '土', '戈']"
軨,"['車', '人', '丶']"
輞,"['丶', '八', '匸', '車', '一', '冂']"
轳,"['车', '尸', '卜']"
轰,"['车', '又']"
軑,"['車', '大']"
轇,"['車', '人', '羽', '彡']"
辔,"['车', '口']"
輕,"['車', '一', '川', '工']"
軙,"['車', '攴']"
轮,"['人', '车', '匕']"
轝,"['八', '丨', '車', '臼', '一']"
輶,"['車', '八', '酉']"
辌,"['小', '车', '口', '亠']"
轘,"['車', '一', '网', '口']"
轞,"['丿', '丶', '臣', '車', '皿', '一']"
軥,"['車', '勹', '口']"
輳,"['二', '八', '丨', '大', '車', '一']"
軔,"['車', '刀', '丶']"
轶,"['人', '车', '二']"
辐,"['一', '车', '田', '口']"
轨,"['丿', '车']"
轗,"['心', '厂', '車', '戈', '一', '口']"
輙,"['車', '又', '耳']"
辁,"['人', '车', '玉']"
辕,"['土', '车', '口']"
輡,"['車', '刀', '臼']"
轿,"['车', '大']"
轜,"['車', '而', '雨']"
车,['车']
輔,"['車', '十', '丶', '用']"
轴,"['二', '车', '丨', '凵']"
轫,"['车', '刀', '丶']"
辍,"['车', '又']"
辒,"['日', '车', '皿']"
軾,"['車', '弋', '工']"
输,"['人', '车', '刀', '月', '一']"
轩,"['干', '车']"
輿,"['臼', '車', '八', '一']"
輭,"['車', '而', '大']"
輌,"['車', '一', '山', '冂']"
轈,"['車', '川', '田', '木']"
轢,"['車', '幺', '白', '木']"
轅,"['車', '土', '口']"
軶,"['車', '户', '乙']"
辘,"['鹿', '车']"
軹,"['車', '八', '口']"
輵,"['車', '人', '曰', '勹']"
輟,"['車', '又']"
輇,"['車', '人', '玉']"
轂,"['士', '冖', '車', '一', '殳']"
辏,"['二', '八', '车', '丨', '大', '一']"
輀,"['車', '而']"
軌,"['車', '丿']"
辅,"['十', '车', '用', '丶']"
轷,"['一', '丿', '车', '八']"
軽,"['車', '土', '又']"
較,"['車', '丿', '亠', '八']"
輹,"['丿', '夂', '車', '日', '一']"
辗,"['车', '尸', '一', '艸', '乙']"
轸,"['人', '车', '彡']"
軏,"['車', '一', '儿']"
輊,"['車', '至']"
轊,"['車', '彐']"
辉,"['车', '冖', '小', '儿', '一']"
辀,"['车', '舟']"
轀,"['車', '囗', '皿', '人']"
軛,"['車', '厂', '乙']"
輴,"['車', '十', '目', '⺁']"
辖,"['二', '车', '丨', '宀', '一', '口']"
軫,"['車', '人', '彡']"
輧,"['車', '干']"
軎,"['車', '口']"
軣,"['車', '冫']"
轧,"['车', '乙']"
輒,"['車', '耳', '乙']"
辆,"['一', '车', '人', '冂']"
軍,"['冖', '車']"
軋,"['車', '乙']"
輪,"['人', '車', '一', '艸', '冂']"
軝,"['車', '氏']"
轒,"['車', '十', '艸', '貝']"
轭,"['车', '厂', '乙']"
饨,"['屮', '十', '饣', '乙']"
饜,"['月', '厂', '犬', '日', '食']"
饰,"['一', '丿', '饣', '巾']"
馑,"['丨', '廾', '饣', '玉', '口']"
饾,"['豆', '饣']"
餲,"['人', '丶', '丨', '彐', '勹', '曰', '乙']"
馇,"['日', '一', '木', '饣']"
飥,"['人', '丶', '丨', '彐', '一', '乙']"
饕,"['食', '虍', '一', '几', '口']"
飯,"['人', '丶', '又', '乙', '丨', '彐', '⺁']"
餁,"['人', '丶', '士', '丨', '彐', '乙']"
飾,"['丿', '人', '丶', '巾', '丨', '彐', '一', '乙']"
餞,"['人', '丶', '丨', '彐', '戈', '乙']"
饠,"['人', '丶', '隹', '丨', '糸', '彐', '网', '乙']"
馆,"['宀', '己', '饣']"
飴,"['人', '丶', '乙', '厶', '丨', '彐', '口']"
馏,"['田', '饣', '卩']"
餪,"['人', '丶', '而', '丨', '大', '彐', '乙']"
餿,"['人', '丶', '又', '丨', '彐', '臼', '乙']"
餜,"['人', '丶', '丨', '木', '彐', '田', '乙']"
饦,"['一', '饣', '乙']"
餖,"['人', '丶', '丨', '豆', '彐', '乙']"
馄,"['日', '比', '饣']"
餫,"['人', '丶', '丨', '彐', '冖', '車', '乙']"
飶,"['心', '人', '丶', '丿', '丨', '彐', '乙']"
饗,"['丿', '丶', '丨', '彐', '阝', '食', '乙']"
飤,"['人', '丶', '丨', '彐', '乙']"
餕,"['人', '丶', '八', '夂', '厶', '丨', '彐', '乙']"
饺,"['丿', '亠', '八', '饣']"
饁,"['土', '人', '丶', '厶', '丨', '彐', '皿', '乙']"
饧,['饣']
飭,"['丿', '人', '丶', '乙', '丨', '彐', '一', '力']"
飩,"['人', '丶', '丨', '屮', '彐', '十', '乙']"
饮,"['欠', '饣']"
馕,"['二', '丨', '冖', '十', '饣', '一', '口']"
饯,"['一', '戈', '饣']"
饳,"['山', '饣']"
餇,"['人', '丶', '乙', '丨', '彐', '口', '一', '冂']"
馌,"['厶', '土', '皿', '饣']"
馀,"['干', '人', '饣', '小']"
餠,"['人', '丶', '干', '丨', '彐', '乙']"
養,"['羊', '丶', '八', '艮']"
饹,"['口', '饣', '夂']"
餒,"['女', '人', '丶', '爪', '丨', '彐', '乙']"
餩,"['人', '丶', '丨', '彐', '亠', '乙']"
餔,"['人', '丶', '丨', '用', '彐', '十', '乙']"
馁,"['女', '饣', '爪']"
餓,"['人', '丶', '手', '丨', '彐', '戈', '乙']"
馔,"['一', '艸', '八', '饣']"
飧,"['食', '夕']"
餉,"['人', '丶', '乙', '丨', '彐', '宀', '口']"
馎,"['丶', '用', '寸', '十', '饣']"
饔,"['丿', '亠', '食', '隹']"
馍,"['日', '艸', '大', '饣']"
饑,"['幺', '人', '丶', '丨', '彐', '戈', '乙']"
饛,"['人', '丶', '二', '丨', '彐', '冖', '勹', '艸', '乙']"
馈,"['丨', '贝', '饣', '一', '口']"
饴,"['厶', '饣', '口']"
餭,"['人', '丶', '丨', '彐', '玉', '白', '乙']"
餧,"['女', '人', '丶', '丨', '彐', '禾', '乙']"
饅,"['人', '丶', '又', '丨', '彐', '日', '网', '乙']"
餶,"['人', '丶', '骨', '丨', '彐', '乙']"
饃,"['人', '丶', '丨', '大', '彐', '日', '艸', '乙']"
馃,"['木', '田', '饣']"
饒,"['人', '丶', '土', '丨', '彐', '儿', '一', '乙']"
餍,"['食', '厂', '犬']"
饎,"['人', '丶', '八', '士', '乙', '丨', '彐', '一', '口']"
餹,"['人', '丶', '乙', '广', '丨', '彐', '聿', '口']"
餀,"['人', '丶', '丿', '丨', '彐', '艸', '乙']"
餮,"['人', '食', '彡', '歹']"
馉,"['骨', '饣']"
饶,"['一', '饣', '儿']"
饘,"['人', '丶', '丨', '彐', '囗', '亠', '日', '一', '乙']"
飪,"['人', '丶', '士', '丨', '彐', '乙']"
饞,"['人', '丶', '乙', '刀', '丨', '彐', '比', '口']"
饼,"['一', '八', '廾', '饣']"
餤,"['人', '丶', '火', '丨', '彐', '乙']"
饥,"['几', '饣']"
飨,"['丿', '食']"
餎,"['人', '丶', '夂', '乙', '丨', '彐', '口']"
餵,"['人', '丶', '丨', '彐', '田', '一', '乙']"
饱,"['勹', '己', '饣']"
餽,"['人', '丶', '丨', '彐', '鬼', '乙']"
飱,"['食', '歹']"
饫,"['大', '饣']"
饬,"['一', '丿', '饣', '力']"
飽,"['人', '丶', '丨', '彐', '勹', '己', '乙']"
饂,"['人', '丶', '丨', '彐', '皿', '日', '乙']"
飣,"['人', '丶', '乙', '丨', '彐', '一', '亅']"
饐,"['人', '丶', '士', '丨', '豆', '彐', '冖', '乙']"
餳,"['人', '丶', '丨', '勹', '彐', '日', '一', '乙']"
饭,"['又', '饣', '⺁']"
饽,"['冖', '十', '饣', '子']"
饸,"['一', '人', '饣', '口']"
饌,"['人', '丶', '八', '丨', '彐', '一', '艸', '乙']"
餼,"['人', '丶', '气', '丨', '彐', '米', '乙']"
饿,"['戈', '饣', '手']"
饪,"['饣', '士']"
餗,"['人', '丶', '乙', '丨', '木', '彐', '口']"
飦,"['人', '丶', '干', '丨', '彐', '乙']"
餅,"['人', '丶', '八', '丨', '廾', '彐', '一', '乙']"
饵,"['饣', '耳']"
馓,"['饣', '月', '一', '艸', '攴']"
饩,"['气', '饣']"
饷,"['宀', '饣', '口']"
馅,"['臼', '刀', '饣']"
饊,"['人', '丶', '丨', '彐', '月', '一', '攴', '艸', '乙']"
饤,"['一', '饣', '亅']"
饲,"['一', '饣', '口']"
餌,"['人', '丶', '乙', '丨', '彐', '耳']"
饍,"['人', '丶', '八', '乙', '羊', '丨', '彐', '一', '口']"
餐,"['食', '又', '歹']"
餻,"['人', '丶', '火', '羊', '丨', '彐', '乙']"
馐,"['羊', '二', '刀', '饣']"
饈,"['人', '丶', '二', '羊', '刀', '丨', '彐', '乙']"
飼,"['人', '丶', '乙', '丨', '彐', '一', '口']"
飢,"['人', '丶', '丨', '彐', '几', '乙']"
飲,"['人', '丶', '丨', '彐', '欠', '乙']"
餄,"['人', '丶', '乙', '丨', '彐', '一', '口']"
餬,"['人', '丶', '乙', '丨', '彐', '十', '月', '口']"
饢,"['人', '丶', '二', '乙', '丨', '彐', '冖', '十', '一', '口']"
餛,"['人', '丶', '丨', '比', '彐', '日', '乙']"
餡,"['人', '丶', '刀', '丨', '彐', '臼', '乙']"
館,"['人', '丶', '丨', '彐', '宀', '己', '乙']"
餟,"['人', '丶', '又', '丨', '彐', '乙']"
飮,"['食', '欠']"
馊,"['臼', '丨', '饣', '又']"
餑,"['人', '丶', '子', '丨', '彐', '冖', '十', '乙']"
餱,"['人', '丶', '丨', '彐', '矢', '乙']"
饝,"['人', '丶', '丨', '彐', '石', '麻', '乙']"
餷,"['人', '丶', '丨', '木', '彐', '日', '一', '乙']"
飫,"['人', '丶', '丨', '大', '彐', '乙']"
餾,"['人', '丶', '丨', '彐', '田', '卩', '乙']"
餘,"['人', '丶', '干', '丨', '彐', '小', '乙']"
餺,"['人', '丶', '丨', '用', '彐', '寸', '十', '乙']"
飡,"['食', '冫']"
餈,"['食', '欠', '冫']"
餦,"['人', '丶', '長', '丨', '彐', '乙']"
馂,"['厶', '八', '饣', '夂']"
餃,"['人', '丶', '丿', '八', '丨', '彐', '亠', '乙']"
餂,"['人', '丶', '乙', '丨', '彐', '舌']"
饉,"['人', '丶', '乙', '丨', '廾', '彐', '玉', '口']"
餚,"['人', '丶', '丿', '丨', '彐', '月', '一', '乙']"
馒,"['日', '网', '又', '饣']"
餙,"['人', '丶', '丿', '巾', '丨', '彐', '一', '乙']"
饋,"['人', '丶', '乙', '丨', '彐', '貝', '一', '口']"
飿,"['人', '丶', '丨', '彐', '山', '乙']"
馋,"['丶', '乙', '刀', '丨', '饣', '口']"
饇,"['人', '丶', '丨', '彐', '口', '匚', '乙']"
剏,"['丶', '八', '刀', '廾', '一']"
剝,"['刀', '水', '彐']"
刘,"['文', '刀']"
到,"['刀', '至']"
刎,"['勹', '刀']"
剌,"['刀', '木', '口']"
剨,"['二', '刀', '丨', '一', '石']"
劚,"['虫', '水', '刀', '尸', '勹', '网']"
刷,"['刀', '尸', '巾']"
刖,"['月', '刀']"
剧,"['十', '刀', '尸', '口']"
刬,"['一', '刀', '戈']"
刮,"['刀', '舌']"
劑,"['刀', '齊']"
剺,"['刀', '木', '厂', '一', '攴']"
刍,"['刀', '彐']"
刜,"['刀', '弓']"
剤,"['文', '刀', '二']"
分,"['刀', '八']"
刄,['刀']
剋,"['十', '刀', '口', '儿']"
剀,"['刀', '山', '己']"
劘,"['刀', '麻', '非']"
劌,"['止', '丿', '刀', '厂', '戈', '小', '一']"
利,"['禾', '刀']"
剁,"['几', '木', '刀']"
刲,"['土', '刀']"
剜,"['宀', '刀', '乙', '夕']"
剂,"['刀', '齐']"
副,"['一', '刀', '田', '口']"
刃,"['刀', '丶']"
切,"['一', '刀', '乙']"
剚,"['刀', '丨', '十', '口', '聿', '亅']"
剪,"['月', '一', '刀', '八']"
剾,"['匚', '刀', '口']"
刵,"['刀', '耳']"
剞,"['亅', '刀', '大', '一', '口']"
刁,[]
剣,"['人', '八', '刀', '丨', '一', '口']"
剃,"['刀', '丨', '弓', '八']"
劎,"['一', '人', '刀']"
劏,"['刀', '冖', '田', '小', '口']"
制,"['牛', '刀', '巾']"
劁,"['火', '隹', '刀']"
剥,"['刀', '水', '彐']"
剟,"['刀', '又']"
则,"['刀', '贝']"
剗,"['刀', '戈']"
刧,"['土', '刀', '厶']"
劓,"['刀', '鼻']"
刼,"['土', '刀', '厶', '丶']"
剠,"['小', '亠', '刀', '口']"
劗,"['貝', '刀', '牛', '儿']"
劉,"['刀', '金', '卩']"
刚,"['丿', '刀', '冂']"
刺,"['刀', '木', '冂']"
劄,"['人', '竹', '刀', '一', '口']"
刿,"['刀', '山', '夕']"
剷,"['生', '刀', '立', '厂']"
刋,"['十', '刀']"
刔,"['人', '刀', '丨']"
剕,"['刀', '非']"
刨,"['勹', '刀', '己']"
剸,"['刀', '丨', '寸', '十', '日']"
划,"['刀', '戈']"
割,"['二', '刀', '丨', '宀', '一', '口']"
刴,"['丿', '刀', '木']"
剽,"['襾', '刀', '示']"
刭,"['刀', '工']"
刾,"['一', '刀', '木', '八']"
剡,"['火', '刀']"
刅,"['刀', '八']"
創,"['人', '丶', '刀', '丨', '彐', '口']"
刓,"['二', '刀', '儿']"
判,"['二', '刀', '丨', '八']"
刡,"['一', '刀', '己']"
則,"['貝', '刀']"
剄,"['一', '川', '刀', '工']"
劙,"['勹', '刀', '虫', '彐']"
劃,"['一', '聿', '田', '刀']"
券,"['二', '刀', '丨', '八']"
剦,"['刀', '丨', '大', '日', '乙']"
创,"['人', '刀', '乙']"
刀,['刀']
刽,"['人', '刀', '厶', '二']"
剛,"['八', '刀', '山', '一', '冂']"
刻,"['人', '亠', '丨', '刀']"
劇,"['虍', '刀', '豕']"
劂,"['八', '刀', '屮', '厂', '一', '欠']"
剙,"['一', '刀', '廾', '八']"
剱,"['人', '丶', '八', '刀', '丨', '一', '口']"
刪,"['一', '刀', '冂']"
刑,"['一', '刀', '廾']"
剔,"['日', '刀', '勹']"
剅,"['刀', '豆']"
剑,"['一', '人', '刀', '小']"
劍,"['一', '人', '刀']"
刳,"['二', '刀', '大']"
剖,"['刀', '立', '口']"
剉,"['土', '刀', '人']"
刌,"['刀', '寸']"
刈,"['丿', '刀']"
别,"['刀', '力', '口']"
剿,"['川', '田', '木', '刀']"
劖,"['丶', '乙', '刀', '丨', '比', '口']"
剮,"['口', '刀', '冂']"
劒,"['一', '人', '刀', '丶']"
劈,"['刀', '尸', '辛', '口']"
刦,"['土', '刀', '厶']"
劊,"['人', '八', '刀', '丨', '日', '一', '口']"
劐,"['隹', '又', '艸', '刀']"
劆,"['八', '广', '刀', '彐', '一']"
刹,"['丿', '十', '刀', '小']"
刊,"['干', '刀']"
剎,"['丿', '丶', '木', '刀']"
別,"['丿', '刀', '口']"
删,"['一', '刀', '冂']"
剰,"['禾', '一', '刀', '艸']"
前,"['月', '一', '刀', '八']"
劔,"['一', '人', '刀']"
剐,"['冂', '人', '刀', '口']"
列,"['刀', '歹']"
削,"['月', '刀', '小']"
剴,"['刀', '山', '豆']"
剩,"['禾', '刀', '匕']"
刱,"['二', '刀', '八']"
剳,"['人', '刀', '一', '艸', '口']"
宮,"['宀', '丿', '口']"
宋,"['宀', '木']"
它,"['宀', '匕']"
宪,"['宀', '牛', '儿']"
寳,"['刀', '貝', '小', '宀', '玉']"
寡,"['月', '丿', '八', '刀', '宀', '一']"
富,"['宀', '一', '田', '口']"
宽,"['宀', '见', '艸']"
寯,"['宀', '隹', '丨']"
宠,"['宀', '龙']"
宇,"['宀', '干', '亅']"
寅,"['二', '凵', '八', '丨', '宀', '一']"
実,"['二', '八', '丨', '宀', '一']"
宗,"['宀', '示']"
宼,"['宀', '二', '女', '儿']"
宾,"['宀', '一', '斤', '八']"
寮,"['八', '大', '日', '小', '宀']"
寎,"['人', '宀', '一', '爿', '冂']"
寍,"['宀', '皿', '心']"
宿,"['宀', '一', '白', '人']"
宔,"['宀', '丶', '玉']"
寕,"['丿', '宀', '一', '网', '亅']"
宬,"['宀', '一', '戈', '丿']"
宜,"['宀', '一', '月']"
寰,"['宀', '一', '网', '口']"
牢,"['宀', '牛']"
寇,"['宀', '二', '攴', '儿']"
寐,"['宀', '一', '爿', '木']"
寚,"['宀', '玉', '缶']"
宂,"['宀', '几']"
寝,"['又', '彐', '冖', '宀', '爿']"
定,"['宀', '一', '止']"
宄,"['宀', '丿']"
宧,"['宀', '匚', '口']"
完,"['宀', '二', '儿']"
宵,"['宀', '月', '小']"
宛,"['宀', '乙', '夕']"
寠,"['宀', '十', '女', '口']"
寵,"['宀', '龍']"
宏,"['宀', '厶', '一', '丿']"
寨,"['二', '八', '十', '小', '宀', '一']"
宐,"['宀', '一', '丶', '勹']"
寧,"['心', '皿', '宀', '一', '亅']"
宴,"['宀', '女', '日']"
实,"['宀', '丶', '大']"
寗,"['心', '丿', '土', '宀', '冂']"
寃,"['丶', '乙', '刀', '丨', '宀', '口']"
寔,"['宀', '一', '日', '止']"
寤,"['力', '宀', '一', '爿', '口']"
室,"['宀', '至']"
宁,"['宀', '一', '亅']"
宝,"['宀', '玉']"
客,"['宀', '口', '夂']"
宰,"['宀', '辛']"
守,"['宀', '寸']"
寛,"['宀', '艸', '見']"
容,"['宀', '谷']"
審,"['宀', '田', '釆']"
宻,"['宀', '又', '山', '八']"
审,"['宀', '丨', '日']"
安,"['宀', '女']"
察,"['宀', '月', '示', '卩']"
宸,"['宀', '辰']"
寢,"['又', '彐', '冖', '宀', '爿']"
寓,"['二', '禸', '丨', '宀', '冂']"
宣,"['宀', '一', '日']"
寶,"['宀', '貝', '玉', '缶']"
寞,"['宀', '大', '艸', '日']"
密,"['宀', '丿', '山', '心']"
宕,"['宀', '石']"
寫,"['宀', '火', '勹', '臼']"
宥,"['宀', '丿', '月', '一']"
害,"['二', '丨', '宀', '一', '口']"
寀,"['宀', '木', '爪']"
寜,"['心', '皿', '宀', '一', '亅']"
寁,"['宀', '十', '聿', '止']"
宫,"['宀', '口']"
宓,"['宀', '丿', '心']"
寘,"['八', '十', '目', '宀', '一']"
寖,"['又', '水', '彐', '冖', '宀']"
官,"['宀', '己']"
寄,"['亅', '大', '宀', '一', '口']"
家,"['宀', '豕']"
寒,"['二', '丶', '八', '宀', '一']"
寪,"['宀', '丿', '火', '爪']"
宅,"['宀', '一', '乙']"
寥,"['宀', '人', '羽', '彡']"
寂,"['又', '卜', '小', '宀', '一']"
宙,"['宀', '二', '丨', '凵']"
寬,"['丶', '目', '儿', '宀', '艸']"
實,"['宀', '囗', '十', '貝']"
宦,"['宀', '臣']"
粱,"['刀', '水', '八', '米']"
糤,"['米', '月', '一', '艸', '攴']"
粗,"['月', '一', '米']"
糗,"['自', '米', '犬']"
糞,"['八', '田', '米', '一', '艸']"
糰,"['丨', '寸', '囗', '十', '米', '日']"
粋,"['丿', '十', '米']"
籵,"['十', '米']"
粳,"['丿', '丨', '米', '日', '一']"
糊,"['月', '十', '米', '口']"
糶,"['羽', '山', '米', '隹']"
粲,"['歹', '又', '米']"
糇,"['人', '米', '矢']"
粨,"['一', '白', '米']"
粦,"['舛', '米']"
精,"['青', '米']"
粇,"['亠', '几', '米']"
糈,"['月', '疋', '米']"
粎,"['尸', '米']"
糅,"['矛', '木', '米']"
粂,"['勹', '米']"
糎,"['里', '米', '厂']"
籼,"['山', '米']"
糠,"['隶', '广', '米']"
糢,"['日', '艸', '大', '米']"
粵,"['宀', '二', '釆']"
粬,"['二', '凵', '米']"
糟,"['二', '凵', '米', '日', '艸']"
粜,"['山', '米']"
类,"['大', '米']"
粕,"['白', '米']"
粆,"['丿', '米', '小']"
糴,"['入', '羽', '米', '隹']"
籹,"['女', '米']"
籴,"['入', '米']"
糒,"['丿', '用', '米', '一', '艸']"
粟,"['襾', '米']"
粹,"['十', '亠', '米', '人']"
粘,"['卜', '米', '口']"
粪,"['一', '艸', '八', '米']"
糍,"['幺', '一', '八', '米']"
粒,"['立', '米']"
糭,"['凵', '丿', '八', '夂', '米', '冫']"
粝,"['丿', '一', '米', '厂']"
粍,"['毛', '米']"
粤,"['一', '囗', '丶', '米']"
糔,"['丶', '又', '虫', '米']"
糏,"['月', '尸', '米', '小']"
粃,"['比', '米']"
粻,"['長', '米']"
糉,"['丿', '凵', '八', '夂', '米']"
粉,"['刀', '八', '米']"
糡,"['音', '米', '儿']"
糯,"['而', '米', '雨']"
粞,"['襾', '米']"
糱,"['丶', '屮', '辛', '米', '己']"
糨,"['虫', '弓', '米', '口']"
糕,"['羊', '火', '米']"
粽,"['宀', '米', '示']"
粺,"['二', '丶', '丨', '十', '米', '冂']"
粧,"['土', '广', '米']"
米,['米']
糖,"['广', '聿', '米', '口']"
籾,"['刀', '米', '丶']"
粁,"['十', '米']"
粔,"['匚', '米']"
糓,"['士', '冖', '米', '一', '殳']"
糜,"['米', '麻']"
粛,"['人', '聿', '木', '糸']"
粑,"['丨', '米', '乙']"
粮,"['艮', '丶', '米']"
糵,"['丶', '米', '辛', '己', '艸']"
籸,"['十', '米', '乙']"
畨,"['田', '米']"
糁,"['厶', '彡', '大', '米']"
糝,"['厶', '人', '彡', '米']"
粼,"['舛', '川', '米']"
糙,"['牛', '米', '口', '辵']"
糲,"['二', '禸', '丨', '厂', '米', '艸', '冂']"
粥,"['弓', '米']"
糧,"['日', '一', '里', '米']"
粿,"['木', '田', '米']"
糌,"['日', '卜', '米', '夂']"
粢,"['欠', '米', '冫']"
籽,"['子', '米']"
邲,"['心', '丿', '阝']"
鄜,"['鹿', '阝']"
郴,"['木', '阝']"
郷,"['丿', '丶', '丨', '彐', '阝', '乙']"
鄚,"['日', '艸', '大', '阝']"
鄏,"['辰', '寸', '阝']"
郕,"['丿', '一', '戈', '阝']"
郯,"['火', '阝']"
鄭,"['八', '大', '酉', '阝']"
鄆,"['冖', '車', '阝']"
郚,"['一', '口', '阝', '力']"
郃,"['一', '人', '阝', '口']"
郭,"['子', '亠', '阝', '口']"
郧,"['贝', '阝', '口']"
邺,"['一', '八', '阝']"
郫,"['二', '丶', '丨', '十', '阝', '冂']"
鄶,"['人', '八', '丨', '阝', '日', '一', '口']"
鄲,"['二', '丨', '十', '口', '阝', '冂']"
郉,"['干', '阝', '亅']"
酃,"['阝', '口', '雨']"
邾,"['一', '木', '阝']"
鄻,"['車', '人', '阝', '二']"
邡,"['阝', '方']"
郢,"['玉', '阝', '口']"
邢,"['一', '廾', '阝']"
邪,"['阝', '牙']"
郾,"['日', '匚', '阝', '女']"
鄧,"['癶', '阝', '豆']"
邹,"['刀', '阝', '彐']"
邠,"['刀', '八', '阝']"
郡,"['丨', '阝', '口', '彐']"
邶,"['匕', '阝']"
郜,"['牛', '阝', '口']"
郄,"['丿', '厶', '阝', '一']"
邯,"['甘', '阝']"
郟,"['人', '大', '阝']"
邧,"['二', '阝', '儿']"
郙,"['十', '丶', '用', '阝']"
邱,"['斤', '一', '阝']"
鄞,"['丨', '廾', '阝', '玉', '口']"
邮,"['二', '丨', '阝', '凵']"
鄈,"['一', '大', '癶', '阝']"
鄘,"['广', '聿', '用', '阝']"
邳,"['丿', '一', '卜', '阝']"
鄂,"['二', '阝', '口']"
邵,"['刀', '阝', '口']"
郑,"['一', '八', '大', '阝']"
鄋,"['臼', '丨', '阝', '又']"
郰,"['又', '阝', '耳']"
邬,"['一', '丶', '阝']"
酈,"['一', '鹿', '阝']"
郅,"['至', '阝']"
鄰,"['舛', '米', '阝']"
邨,"['十', '屮', '乙', '阝']"
鄣,"['日', '十', '立', '阝']"
邸,"['丶', '氏', '阝']"
邝,"['广', '阝']"
鄫,"['八', '丨', '阝', '日', '口']"
邓,"['又', '阝']"
郦,"['一', '阝']"
鄯,"['八', '羊', '阝', '一', '口']"
鄩,"['寸', '彐', '阝', '工', '口']"
郊,"['丿', '亠', '八', '阝']"
郞,"['艮', '丶', '阝']"
鄔,"['一', '丶', '火', '阝']"
郠,"['丿', '丨', '阝', '日', '一']"
鄱,"['田', '阝', '釆']"
鄬,"['丿', '火', '阝', '爪']"
郏,"['人', '八', '阝', '二']"
鄐,"['玄', '田', '阝']"
郇,"['勹', '阝', '日']"
邦,"['一', '丨', '阝', '二']"
鄎,"['心', '自', '阝']"
鄌,"['广', '聿', '阝', '口']"
鄀,"['丿', '阝', '一', '艸', '口']"
鄗,"['高', '阝']"
鄄,"['土', '阝', '襾']"
鄒,"['勹', '艸', '阝']"
邕,"['川', '邑']"
都,"['日', '阝', '老']"
邿,"['土', '寸', '阝']"
鄹,"['丿', '又', '阝', '耳']"
郗,"['一', '丿', '阝', '巾']"
郝,"['赤', '阝']"
邘,"['干', '阝', '亅']"
部,"['立', '口', '阝']"
鄙,"['十', '囗', '阝', '口']"
郛,"['子', '阝', '爪']"
郌,"['土', '邑']"
郵,"['十', '艸', '阝', '士']"
邽,"['土', '阝']"
鄇,"['人', '阝', '矢']"
邙,"['丶', '匸', '阝']"
酅,"['八', '隹', '口', '山', '阝', '冂']"
鄖,"['貝', '阝', '口']"
酂,"['贝', '阝', '牛', '儿']"
鄴,"['一', '八', '木', '阝']"
邴,"['一', '人', '冂', '阝']"
酆,"['山', '阝', '豆']"
鄢,"['一', '火', '阝', '止']"
郐,"['人', '厶', '二', '阝']"
邰,"['厶', '阝', '口']"
郔,"['止', '廴', '阝']"
郪,"['女', '十', '聿', '阝']"
郿,"['目', '丨', '阝']"
邻,"['人', '丶', '阝']"
鄍,"['八', '冖', '亠', '阝', '日']"
鄕,"['丿', '匕', '白', '阝']"
鄾,"['心', '丿', '夂', '冖', '阝', '月', '一']"
郈,"['一', '口', '阝', '⺁']"
鄑,"['日', '一', '八', '阝']"
郸,"['二', '八', '丨', '十', '阝', '冂']"
鄿,"['二', '丨', '十', '口', '阝', '艸', '冂']"
酇,"['貝', '阝', '牛', '儿']"
邛,"['阝', '工']"
鄺,"['二', '凵', '八', '广', '丨', '阝', '一', '艸']"
邗,"['干', '阝']"
郤,"['阝', '谷']"
那,"['二', '丨', '阝']"
鄉,"['丿', '丶', '丨', '彐', '阝', '乙']"
郳,"['臼', '阝', '儿']"
鄤,"['日', '网', '又', '阝']"
郎,"['丶', '丨', '彐', '阝', '乙']"
鄠,"['二', '阝', '雨']"
郓,"['冖', '车', '阝']"
陽,"['日', '一', '勹', '阝']"
隂,"['長', '人', '阝']"
陶,"['勹', '阝', '缶']"
隣,"['舛', '米', '阝']"
陾,"['而', '大', '阝']"
隰,"['日', '幺', '火', '阝']"
隕,"['貝', '阝', '口']"
阤,"['丨', '阝', '乙']"
隮,"['齊', '阝']"
陟,"['丿', '止', '阝', '小']"
隳,"['人', '丿', '丨', '阝', '工', '月', '一']"
隩,"['宀', '米', '大', '阝']"
隉,"['臼', '阝', '工']"
陕,"['人', '八', '阝', '二']"
陳,"['日', '木', '阝']"
隝,"['鳥', '阝']"
降,"['十', '丨', '阝', '夂']"
陨,"['贝', '阝', '口']"
隍,"['玉', '白', '阝']"
階,"['比', '白', '阝']"
陰,"['人', '丶', '二', '厶', '阝']"
陗,"['月', '阝', '小']"
陘,"['一', '川', '阝', '工']"
陵,"['土', '八', '阝', '夂']"
阮,"['二', '阝', '儿']"
陣,"['車', '阝']"
陞,"['土', '艸', '阝']"
陛,"['比', '土', '阝']"
隱,"['心', '爪', '彐', '阝', '工']"
限,"['艮', '阝']"
隔,"['阝', '鬲']"
陋,"['一', '阝', '冂', '人']"
阿,"['一', '口', '阝', '亅']"
陲,"['十', '艸', '阝', '士']"
隈,"['一', '田', '阝', '乙']"
隖,"['一', '丶', '火', '阝']"
隴,"['龍', '阝']"
隨,"['丿', '阝', '工', '月', '一', '辵']"
隐,"['心', '刀', '阝', '彐']"
隆,"['一', '生', '阝', '夂']"
院,"['宀', '二', '阝', '儿']"
隒,"['一', '八', '阝', '彐']"
阵,"['车', '阝']"
阱,"['二', '阝']"
陬,"['又', '阝', '耳']"
随,"['丿', '阝', '月', '一', '辵']"
陜,"['人', '大', '阝']"
隠,"['牛', '心', '阝', '非']"
阞,"['阝', '力']"
陪,"['立', '阝', '口']"
阯,"['止', '阝']"
隘,"['一', '八', '阝', '皿']"
隧,"['八', '豕', '阝', '辵']"
阴,"['月', '阝']"
阡,"['十', '阝']"
阳,"['日', '阝']"
阬,"['亠', '几', '阝']"
除,"['干', '人', '阝', '小']"
陴,"['二', '丶', '丨', '十', '阝', '冂']"
隙,"['日', '阝', '小']"
阪,"['又', '阝', '⺁']"
隅,"['二', '禸', '丨', '阝', '冂']"
隄,"['日', '一', '阝', '止']"
陡,"['阝', '走']"
隃,"['人', '刀', '阝', '月', '一']"
陁,"['丿', '丨', '阝', '一', '乙']"
陔,"['人', '亠', '丨', '阝']"
陈,"['一', '阝', '小', '乙']"
隲,"['馬', '丿', '阝', '小']"
阹,"['厶', '土', '阝']"
隗,"['鬼', '阝']"
际,"['阝', '示']"
阢,"['一', '阝', '儿']"
陸,"['土', '八', '阝']"
隋,"['丿', '阝', '工', '月', '一']"
險,"['一', '人', '阝']"
阶,"['人', '阝']"
陿,"['匚', '大', '阝', '人']"
阽,"['卜', '阝', '口']"
阧,"['阝', '斗']"
阸,"['户', '阝', '乙']"
附,"['人', '寸', '阝']"
陝,"['入', '大', '阝']"
険,"['人', '八', '丨', '阝', '一', '口']"
際,"['月', '阝', '示', '卩']"
陆,"['二', '丨', '山', '阝']"
防,"['阝', '方']"
陂,"['皮', '阝']"
陧,"['日', '土', '阝']"
陻,"['土', '阝', '襾']"
陼,"['日', '阝', '老']"
队,"['人', '阝']"
陃,"['一', '阝', '冂', '人']"
陷,"['臼', '刀', '阝']"
阼,"['丿', '二', '丨', '阝', '一']"
隤,"['丨', '貝', '阝', '一', '口']"
陥,"['日', '刀', '丨', '阝']"
险,"['一', '人', '阝', '小']"
阻,"['月', '一', '阝']"
陇,"['龙', '阝']"
陀,"['宀', '匕', '阝']"
陌,"['一', '白', '阝']"
陉,"['阝', '工']"
隊,"['八', '豕', '阝']"
障,"['日', '立', '十', '阝']"
贳,"['贝', '廾']"
賓,"['丿', '貝', '小', '宀', '一']"
贼,"['一', '丿', '戈', '贝']"
赃,"['土', '广', '贝']"
質,"['斤', '貝']"
贍,"['八', '刀', '厂', '貝', '言']"
賻,"['丶', '用', '寸', '貝', '十']"
贄,"['土', '丶', '丿', '八', '干', '貝']"
賸,"['二', '八', '丨', '貝', '月']"
赗,"['二', '目', '贝', '冂']"
貤,"['貝', '丨', '乙']"
賺,"['一', '貝', '八', '彐']"
賀,"['貝', '口', '力']"
贗,"['鳥', '貝', '厂', '人']"
赌,"['日', '贝', '老']"
貶,"['貝', '丶', '戈', '玉']"
貭,"['貝', '十', '⺁']"
贶,"['贝', '口', '儿']"
贾,"['襾', '贝']"
賉,"['貝', '血']"
贇,"['止', '弋', '文', '貝', '一']"
賣,"['貝', '网', '士']"
貸,"['貝', '弋', '人']"
贫,"['刀', '贝', '八']"
貰,"['貝', '廾']"
賞,"['冖', '貝', '口', '小']"
账,"['长', '贝']"
賒,"['貝', '人', '示']"
贅,"['丿', '土', '貝', '一', '攴']"
贝,['贝']
责,"['一', '土', '贝']"
買,"['貝', '网']"
賜,"['日', '貝', '勹']"
赅,"['人', '亠', '丨', '贝']"
贷,"['人', '弋', '贝']"
賚,"['貝', '木', '人']"
貼,"['貝', '卜', '口']"
負,"['貝', '刀']"
贴,"['贝', '卜', '口']"
贬,"['丶', '戈', '贝', '玉']"
贿,"['月', '丿', '贝', '一']"
購,"['土', '二', '貝', '一', '冂']"
賍,"['土', '貝', '广']"
赆,"['丶', '尸', '贝']"
貪,"['人', '丶', '貝']"
赙,"['丶', '贝', '寸', '用', '十']"
賦,"['一', '貝', '弋', '止']"
賕,"['丿', '丶', '水', '貝', '一']"
赏,"['冖', '小', '贝', '口']"
质,"['十', '贝', '⺁']"
赖,"['刀', '贝', '木', '口']"
赛,"['二', '八', '贝', '宀', '一']"
賄,"['月', '貝', '一', '丿']"
赝,"['人', '隹', '贝', '厂']"
賏,['貝']
赟,"['止', '弋', '贝', '文', '一']"
賛,"['貝', '人', '二']"
赠,"['八', '丨', '贝', '日', '口']"
貧,"['貝', '刀', '八']"
賑,"['貝', '辰']"
赞,"['贝', '牛', '儿']"
贡,"['贝', '工']"
貿,"['貝', '卩']"
貫,"['囗', '十', '貝']"
贱,"['一', '戈', '贝']"
貞,"['貝', '卜']"
败,"['贝', '攴']"
貮,"['一', '弋', '貝']"
賾,"['土', '一', '貝', '匚', '口']"
资,"['贝', '欠', '冫']"
賴,"['貝', '刀', '木', '口']"
貟,"['厶', '貝']"
貨,"['貝', '匕', '人']"
赜,"['土', '贝', '一', '匚', '口']"
賁,"['十', '艸', '貝']"
贰,"['二', '弋', '贝']"
贪,"['人', '丶', '贝']"
贒,"['心', '丨', '臣', '貝', '口']"
賙,"['貝', '田', '口']"
赍,"['冖', '十', '贝', '人']"
賰,"['二', '八', '丨', '貝', '日', '一']"
賮,"['貝', '聿', '火']"
贓,"['厂', '臣', '貝', '戈', '爿']"
貲,"['止', '匕', '貝']"
贁,"['貝', '攴']"
賵,"['二', '貝', '目', '冂']"
赚,"['一', '贝', '八', '彐']"
賢,"['貝', '又', '臣']"
責,"['土', '貝', '一']"
賫,"['冖', '十', '人', '貝']"
贸,"['贝', '卩']"
賷,"['冖', '十', '口', '貝']"
贲,"['十', '贝', '艸']"
貽,"['貝', '厶', '口']"
贊,"['貝', '牛', '儿']"
赔,"['贝', '立', '口']"
购,"['勹', '厶', '贝']"
賡,"['广', '聿', '八', '貝']"
贻,"['厶', '贝', '口']"
费,"['贝', '弓']"
赑,['贝']
賤,"['貝', '戈']"
赡,"['八', '刀', '贝', '厂', '言']"
贵,"['一', '丨', '贝', '口']"
賠,"['貝', '立', '口']"
赉,"['一', '贝', '木', '八']"
赓,"['广', '聿', '贝', '八']"
赎,"['丶', '大', '贝', '十', '乙']"
赇,"['丿', '丶', '水', '贝', '一']"
贤,"['又', '丨', '贝']"
貳,"['二', '弋', '貝']"
贏,"['丶', '匸', '貝', '月', '几', '口']"
賎,"['一', '貝', '戈']"
賔,"['宀', '貝', '丨']"
赊,"['人', '贝', '示']"
費,"['貝', '弓']"
貢,"['貝', '工']"
貣,"['貝', '弋']"
货,"['人', '贝', '匕']"
販,"['貝', '又', '⺁']"
贽,"['丿', '丶', '贝', '手']"
赐,"['日', '勹', '贝']"
贯,"['囗', '贝', '十']"
赢,"['丶', '匸', '贝', '月', '几', '口']"
赈,"['贝', '辰']"
賽,"['二', '八', '貝', '宀', '一']"
贈,"['八', '丨', '貝', '日', '口']"
赀,"['止', '贝', '匕']"
貺,"['貝', '口', '儿']"
贺,"['口', '贝', '力']"
賈,"['貝', '襾']"
赕,"['火', '贝']"
贔,['貝']
賧,"['貝', '火']"
賃,"['貝', '人', '士']"
贉,"['日', '貝', '十', '襾']"
贑,"['十', '貝', '工', '日', '立']"
贠,"['厶', '贝']"
贮,"['宀', '一', '贝']"
賂,"['貝', '口', '夂']"
财,"['一', '丿', '贝']"
贛,"['夂', '十', '貝', '工', '日', '立']"
赘,"['丿', '土', '贝', '一', '攴']"
賅,"['貝', '亠', '丨', '人']"
資,"['貝', '欠', '冫']"
賬,"['貝', '長']"
负,"['刀', '贝']"
赒,"['口', '贝', '田']"
贋,"['貝', '隹', '厂', '人']"
賭,"['日', '貝', '老']"
赣,"['夂', '贝', '十', '工', '日', '立']"
賝,"['貝', '网', '木']"
貯,"['宀', '貝', '亅', '一']"
赁,"['人', '贝', '士']"
贩,"['又', '贝', '⺁']"
贖,"['貝', '网', '士']"
贐,"['貝', '聿', '皿', '火']"
賨,"['宀', '貝', '示']"
贞,"['贝', '卜']"
赋,"['一', '弋', '贝', '止']"
財,"['丿', '貝', '一']"
貴,"['貝', '一', '丨', '口']"
赂,"['口', '贝', '夂']"
賊,"['丿', '貝', '戈', '一']"
贜,"['厂', '臣', '貝', '戈', '爿', '艸']"
視,"['見', '示']"
禄,"['水', '彐', '示']"
礿,"['勹', '丶', '示']"
祫,"['一', '人', '口', '示']"
祆,"['一', '大', '示']"
禛,"['八', '示', '十', '目', '一']"
禨,"['幺', '人', '戈', '示']"
禓,"['日', '一', '勹', '示']"
禋,"['土', '示', '襾']"
祊,"['方', '示']"
禤,"['羽', '网', '示']"
祠,"['一', '口', '示']"
祩,"['一', '木', '示']"
祇,"['氏', '示']"
祼,"['田', '木', '示']"
祢,"['刀', '小', '示']"
礼,"['示', '乙']"
禴,"['龠', '示']"
票,"['襾', '示']"
祧,"['冫', '示', '儿']"
福,"['一', '田', '口', '示']"
祭,"['月', '示', '卩']"
禦,"['止', '干', '彳', '示', '卩']"
禔,"['日', '一', '示', '止']"
禠,"['虍', '几', '⺁', '示']"
頴,"['頁', '匕', '示']"
祀,"['己', '示']"
禧,['示']
祚,"['丿', '二', '丨', '示', '一']"
神,"['日', '丨', '示']"
禂,"['田', '口', '示']"
禍,"['口', '冂', '示']"
禘,"['八', '巾', '示', '冖', '亠']"
祺,"['一', '甘', '八', '示']"
祈,"['斤', '示']"
祯,"['贝', '卜', '示']"
祛,"['土', '厶', '示']"
祿,"['水', '彐', '示']"
祏,"['石', '示']"
禫,"['日', '十', '示', '襾']"
祘,['示']
祐,"['一', '丿', '口', '示']"
禁,"['木', '示']"
祝,"['示', '口', '儿']"
禅,"['二', '八', '丨', '示', '十', '冂']"
祗,"['丶', '氏', '示']"
祟,"['山', '示']"
祂,"['丨', '示', '乙']"
禎,"['貝', '卜', '示']"
禮,"['二', '凵', '豆', '示']"
祕,"['心', '丿', '示']"
禪,"['二', '丨', '示', '十', '口', '冂']"
祜,"['十', '口', '示']"
祷,"['二', '丨', '寸', '示', '一']"
禜,"['冖', '火', '示']"
禑,"['二', '禸', '丨', '示', '冂']"
祲,"['冖', '又', '彐', '示']"
禳,"['二', '示', '衣', '一', '口']"
祃,"['马', '示']"
视,"['见', '示']"
禰,"['八', '巾', '丨', '爻', '示', '一']"
禡,"['馬', '示']"
祥,"['羊', '示']"
祉,"['止', '示']"
社,"['土', '示']"
祙,"['一', '木', '示']"
禀,"['囗', '亠', '示']"
禊,"['二', '刀', '丨', '大', '示', '一']"
禢,"['日', '羽', '示']"
祸,"['冂', '人', '口', '示']"
祎,"['韦', '示']"
禱,"['士', '乙', '寸', '示', '工', '一', '口']"
祖,"['月', '一', '示']"
祓,"['丿', '丶', '又', '示', '一']"
礽,"['丿', '示']"
祁,"['阝', '示']"
禩,"['八', '示', '田', '一', '艸']"
祦,"['一', '大', '口', '示']"
禖,"['甘', '木', '示']"
禚,"['羊', '火', '示']"
祅,"['大', '示']"
禕,"['韋', '示']"
祔,"['人', '寸', '示']"
顯,"['日', '幺', '頁', '火']"
顰,"['丿', '止', '二', '丶', '丨', '十', '小', '頁', '冂']"
頼,"['頁', '木', '口']"
顏,"['頁', '文', '彡', '厂']"
顾,"['厂', '乙', '页']"
頸,"['頁', '一', '川', '工']"
頇,"['頁', '干']"
预,"['乙', '亅', '页']"
须,"['彡', '页']"
顔,"['頁', '彡', '立', '厂']"
顸,"['干', '页']"
頒,"['頁', '刀', '八']"
頻,"['丿', '止', '頁', '小']"
頽,"['禾', '几', '頁']"
頗,"['頁', '皮']"
顚,"['頁', '目', '匕', '八']"
顓,"['頁', '而', '山']"
颠,"['八', '页', '十', '目', '一']"
頋,"['頁', '厂', '乙']"
颏,"['人', '亠', '丨', '页']"
顣,"['卜', '厂', '戈', '小', '頁', '一']"
颗,"['田', '木', '页']"
頏,"['頁', '亠', '几']"
颦,"['丿', '止', '二', '丶', '丨', '页', '十', '小', '冂']"
頍,"['頁', '支']"
颤,"['页', '囗', '亠', '日', '一']"
颖,"['禾', '匕', '页']"
顆,"['頁', '田', '木']"
颋,"['页', '廴', '士']"
頮,"['頁', '廾', '水']"
顬,"['頁', '而', '雨']"
頳,"['頁', '赤']"
颔,"['人', '丶', '口', '页']"
颉,"['页', '口', '士']"
题,"['日', '一', '止', '页']"
顎,"['頁', '二', '口']"
頄,"['頁', '丿']"
颧,"['隹', '艸', '口', '页']"
顙,"['頁', '又', '木']"
颌,"['一', '人', '口', '页']"
頌,"['頁', '厶', '八']"
顛,"['八', '十', '目', '頁', '一']"
顷,"['匕', '页']"
頙,"['頁', '一', '止']"
類,"['頁', '米', '犬']"
頣,"['頁', '臣']"
颇,"['皮', '页']"
颥,"['页', '而', '雨']"
顕,"['日', '一', '頁', '八']"
顶,"['一', '亅', '页']"
頠,"['頁', '刀', '厂', '乙']"
預,"['頁', '亅', '乙']"
頟,"['頁', '口', '夂']"
顱,"['虍', '頁', '田', '皿']"
颛,"['而', '山', '页']"
顢,"['頁', '入', '廾', '巾']"
颎,"['火', '匕', '页']"
颅,"['尸', '卜', '页']"
頃,"['頁', '匕']"
頭,"['頁', '豆']"
頡,"['頁', '口', '士']"
颙,"['二', '禸', '丨', '页', '冂']"
顿,"['十', '屮', '乙', '页']"
顦,"['頁', '火', '隹']"
颒,"['廾', '水', '页']"
頾,"['頁', '彡', '匕', '止']"
顴,"['頁', '隹', '艸', '口']"
頞,"['宀', '頁', '女']"
顥,"['頁', '亠', '小', '日', '口']"
颚,"['二', '口', '页']"
頊,"['頁', '玉']"
題,"['日', '一', '頁', '止']"
頖,"['頁', '二', '丨', '八']"
顫,"['頁', '囗', '亠', '日', '一']"
项,"['页', '工']"
頔,"['頁', '二', '丨', '凵']"
颜,"['彡', '立', '厂', '页']"
颃,"['亠', '几', '页']"
頤,"['頁', '匚', '口']"
頹,"['禾', '頁', '儿']"
颢,"['页', '亠', '小', '日', '口']"
顒,"['二', '禸', '丨', '頁', '冂']"
颣,"['糸', '米', '页']"
页,['页']
频,"['丿', '止', '小', '页']"
順,"['頁', '川']"
额,"['宀', '口', '夂', '页']"
頎,"['斤', '頁']"
頲,"['頁', '廴', '士']"
顑,"['厂', '戈', '頁', '一', '口']"
顗,"['頁', '山', '豆']"
颓,"['禾', '几', '页']"
額,"['宀', '口', '頁', '夂']"
須,"['頁', '彡']"
頂,"['頁', '一', '亅']"
領,"['頁', '人', '丶']"
颟,"['人', '页', '一', '艸', '冂']"
頜,"['一', '人', '頁', '口']"
項,"['頁', '工']"
頉,"['頁', '止']"
颐,"['匚', '口', '页']"
顋,"['心', '頁', '田']"
颊,"['人', '八', '二', '页']"
頓,"['頁', '十', '屮', '乙']"
顳,"['頁', '耳']"
颞,"['又', '耳', '页']"
颂,"['厶', '八', '页']"
顼,"['玉', '页']"
颕,"['匕', '示', '页']"
頑,"['頁', '二', '儿']"
颀,"['斤', '页']"
頷,"['頁', '人', '丶', '口']"
頬,"['頁', '人', '八', '二']"
願,"['頁', '白', '厂', '小']"
颍,"['匕', '水', '页']"
顧,"['頁', '户', '隹']"
顖,"['心', '丿', '丶', '囗', '頁']"
颁,"['刀', '八', '页']"
顺,"['川', '页']"
頚,"['頁', '土', '又']"
颈,"['页', '工']"
顇,"['頁', '十', '亠', '人']"
頯,"['月', '頁', '廾']"
顽,"['页', '二', '儿']"
頫,"['冫', '頁', '儿']"
领,"['人', '丶', '页']"
頰,"['頁', '人', '大']"
颡,"['又', '木', '页']"
頦,"['頁', '人', '亠', '丨']"
闵,"['门', '文']"
闷,"['门', '心']"
閈,"['干', '門']"
门,['门']
閂,"['一', '門']"
闊,"['水', '門', '舌']"
阔,"['门', '水', '舌']"
阈,"['门', '一', '戈', '口']"
闶,"['门', '亠', '几']"
阛,"['门', '一', '网', '口']"
関,"['一', '大', '八', '門']"
闃,"['目', '門', '犬']"
闞,"['耳', '攴', '門']"
閤,"['一', '人', '口', '門']"
闳,"['门', '厶', '一', '丿']"
阄,"['门', '龟']"
閇,"['一', '卜', '門']"
闯,"['门', '马']"
闔,"['土', '皿', '厶', '門']"
闸,"['门', '二', '丨', '冂']"
閫,"['囗', '木', '門']"
開,"['一', '廾', '門']"
閆,"['二', '一', '門']"
闇,"['音', '門']"
閉,"['一', '丿', '門']"
阙,"['门', '八', '屮', '一', '欠']"
闐,"['八', '十', '目', '一', '門']"
閎,"['丿', '厶', '一', '門']"
閨,"['土', '門']"
间,"['门', '日']"
閾,"['一', '口', '戈', '門']"
阎,"['门', '刀', '臼']"
阗,"['门', '八', '十', '目', '一']"
闋,"['一', '大', '癶', '門']"
閬,"['艮', '丶', '門']"
闢,"['口', '尸', '辛', '門']"
閠,"['玉', '門']"
間,"['日', '門']"
阌,"['门', '又', '冖', '爪']"
闈,"['韋', '門']"
阕,"['门', '一', '大', '癶']"
阂,"['门', '人', '亠', '丨']"
闉,"['土', '門', '襾']"
闖,"['馬', '門']"
閦,"['人', '門']"
閑,"['木', '門']"
閥,"['人', '戈', '門']"
阊,"['门', '日']"
闺,"['门', '土']"
闲,"['门', '木']"
阒,"['门', '目', '犬']"
闭,"['门', '丿', '一']"
闬,"['门', '干']"
閶,"['日', '門']"
闤,"['一', '口', '网', '門']"
閙,"['亠', '門', '巾']"
闼,"['门', '大', '辵']"
闽,"['门', '虫']"
闫,"['门', '一', '二']"
阍,"['门', '氏', '日']"
閌,"['亠', '几', '門']"
閲,"['口', '八', '門', '儿']"
閼,"['人', '丶', '方', '門']"
闝,"['貝', '攴', '門']"
閭,"['口', '門']"
闾,"['门', '口']"
阚,"['门', '攴', '耳']"
閊,"['山', '門']"
閽,"['日', '氏', '門']"
阓,"['门', '丨', '贝', '一', '口']"
闥,"['羊', '土', '門', '辵']"
閒,"['月', '門']"
阇,"['门', '老', '日']"
闌,"['門', '八', '丨', '木', '口']"
闓,"['豆', '山', '門']"
阏,"['门', '人', '丶', '方']"
阖,"['门', '土', '皿', '厶']"
閴,"['貝', '門']"
闗,"['幺', '火', '門']"
閱,"['口', '八', '門', '儿']"
闒,"['日', '羽', '門']"
阋,"['门', '儿', '臼']"
閏,"['玉', '門']"
闚,"['二', '人', '見', '門']"
闿,"['门', '山', '己']"
闱,"['门', '韦']"
閣,"['夂', '口', '門']"
關,"['幺', '丨', '㇙', '門']"
閻,"['臼', '刀', '門']"
閧,"['一', '八', '艸', '門']"
阘,"['门', '羽', '日']"
闘,"['豆', '寸', '門']"
閩,"['虫', '門']"
閔,"['文', '門']"
闪,"['门', '人']"
闹,"['门', '亠', '巾']"
阑,"['门', '八', '丨', '木', '口']"
閘,"['冂', '二', '丨', '門']"
闕,"['八', '屮', '一', '欠', '門']"
闍,"['日', '老', '門']"
闠,"['門', '丨', '貝', '一', '口']"
闑,"['自', '木', '門']"
阃,"['门', '囗', '木']"
阐,"['门', '二', '八', '丨', '十', '冂']"
闡,"['門', '二', '丨', '十', '口', '冂']"
闩,"['门', '一']"
閡,"['人', '亠', '丨', '門']"
閿,"['冖', '又', '門', '爪']"
闟,"['門', '人', '羽', '一', '口']"
闆,"['口', '門']"
閹,"['乙', '丨', '大', '日', '門']"
阀,"['门', '人', '戈']"
阆,"['门', '丶', '艮']"
閃,"['人', '門']"
闻,"['门', '耳']"
閟,"['心', '丿', '門']"
阅,"['门', '八', '口', '儿']"
阉,"['门', '丨', '大', '日', '乙']"
问,"['门', '口']"
闰,"['门', '玉']"
阁,"['门', '口', '夂']"
閖,"['水', '門']"
雱,"['方', '雨']"
霡,"['月', '丶', '雨']"
霎,"['女', '立', '雨']"
霑,"['卜', '水', '口', '雨']"
霖,"['木', '雨']"
霉,"['一', '丿', '毋', '雨']"
靈,"['人', '口', '工', '雨']"
霓,"['臼', '儿', '雨']"
靁,"['田', '雨']"
雯,"['文', '雨']"
霂,"['木', '水', '雨']"
霶,"['八', '水', '冖', '亠', '方', '雨']"
雪,"['彐', '雨']"
霊,"['一', '二', '八', '雨']"
霪,"['士', '水', '爪', '雨']"
霸,"['月', '革', '雨']"
霝,"['口', '雨']"
霏,"['非', '雨']"
霹,"['尸', '辛', '口', '雨']"
露,"['⻊', '口', '夂', '雨']"
靂,"['禾', '止', '厂', '雨']"
霧,"['力', '矛', '夂', '雨']"
雹,"['勹', '己', '雨']"
霽,"['齊', '雨']"
霢,"['月', '⺁', '雨']"
霥,"['冖', '二', '勹', '雨']"
霜,"['目', '木', '雨']"
霭,"['人', '讠', '雨', '勹', '曰']"
霆,"['士', '廴', '雨']"
靉,"['心', '二', '夂', '爪', '厶', '冖', '雨']"
霨,"['尸', '寸', '示', '雨']"
震,"['辰', '雨']"
零,"['人', '丶', '雨']"
霈,"['巾', '十', '水', '雨']"
霤,"['田', '卩', '雨']"
霍,"['隹', '雨']"
靄,"['人', '雨', '言', '勹', '曰']"
雾,"['力', '夂', '雨']"
霫,"['羽', '白', '雨']"
雷,"['田', '雨']"
靀,"['二', '冖', '雨', '勹', '艸']"
霄,"['月', '小', '雨']"
霁,"['齐', '雨']"
電,"['日', '丨', '乙', '雨']"
雩,"['二', '雨']"
霞,"['又', '二', '尸', '雨']"
雰,"['刀', '八', '雨']"
霾,"['里', '豸', '雨']"
雳,"['厂', '力', '雨']"
霙,"['大', '艸', '冂', '雨']"
靆,"['二', '厶', '雨', '隶', '辵']"
雫,"['一', '卜', '雨']"
霋,"['女', '十', '聿', '雨']"
雲,"['二', '厶', '雨']"
霣,"['貝', '口', '雨']"
霃,"['巾', '水', '乙', '雨']"
需,"['而', '雨']"
霰,"['雨', '月', '一', '艸', '攴']"
霅,"['言', '雨']"
霱,"['八', '冂', '雨', '矛', '口']"
广,['广']
府,"['广', '寸', '人']"
廢,"['广', '殳', '癶', '弓']"
廉,"['一', '广', '八', '彐']"
底,"['广', '丶', '氏']"
廃,"['癶', '广', '廾', '一', '乙']"
庄,"['土', '广']"
廔,"['女', '广', '十', '口']"
廳,"['心', '广', '十', '一', '玉', '网', '耳']"
庽,"['二', '禸', '广', '丨', '冂']"
廋,"['臼', '广', '丨', '又']"
序,"['广', '亅', '乙']"
庇,"['比', '广']"
廝,"['八', '广', '斤', '一', '甘']"
床,"['广', '木']"
廡,"['广', '火']"
庉,"['屮', '广', '十', '乙']"
廬,"['虍', '广', '田', '皿']"
廕,"['二', '丶', '人', '广', '厶', '阝']"
庚,"['广', '聿', '八']"
庹,"['广', '尸', '廾']"
庸,"['广', '聿', '用']"
廛,"['土', '广', '里', '八']"
廤,"['乙', '广', '車', '一', '口']"
庶,"['广', '火', '廾']"
庅,"['丿', '广', '厶']"
廣,"['二', '凵', '八', '广', '丨', '一', '艸']"
廈,"['一', '广', '自', '夂']"
庬,"['丿', '丶', '广', '彡', '一', '乙']"
廟,"['日', '广', '月', '十']"
廓,"['子', '广', '亠', '阝', '口']"
廪,"['广', '亠', '囗', '示']"
庻,"['广', '廾', '人']"
廆,"['广', '鬼']"
庆,"['广', '大']"
庿,"['广', '田', '艸']"
座,"['土', '广', '人']"
庖,"['勹', '广', '己']"
廧,"['土', '广', '囗', '人']"
廚,"['广', '寸', '豆', '十']"
廖,"['广', '羽', '彡', '人']"
庁,"['一', '广', '亅']"
庞,"['广', '龙']"
庐,"['广', '户']"
废,"['又', '广', '丶', '丨']"
龐,"['广', '龍']"
库,"['广', '车']"
庠,"['羊', '广']"
廒,"['土', '丿', '广', '一', '攴']"
庥,"['广', '木', '人']"
庤,"['土', '广', '寸']"
庳,"['二', '丶', '广', '丨', '十', '冂']"
庙,"['广', '丨', '二', '凵']"
庑,"['广', '无']"
应,"['一', '广', '小']"
廁,"['广', '刀', '貝']"
庈,"['广', '丶', '人']"
庼,"['广', '匕', '页']"
庫,"['車', '广']"
庭,"['广', '廴', '士']"
庾,"['臼', '广', '人']"
康,"['隶', '广']"
廄,"['丶', '乙', '广', '丨', '彐', '殳']"
廰,"['心', '广', '十', '网', '耳']"
庵,"['广', '丨', '大', '日', '乙']"
廊,"['丶', '广', '丨', '彐', '阝', '乙']"
廙,"['八', '广', '田', '一', '艸']"
庀,"['广', '匕']"
廨,"['牛', '广', '刀', '角']"
広,"['广', '厶']"
庋,"['广', '支']"
廞,"['广', '欠', '金']"
廌,"['广', '火', '襾']"
廩,"['禾', '广', '亠', '囗']"
廱,"['广', '隹', '邑', '川']"
廑,"['广', '丨', '廾', '玉', '口']"
度,"['广', '又', '廾']"
廀,"['宀', '广', '火', '又']"
廎,"['頁', '广', '匕']"
廏,"['广', '匕', '白', '殳']"
廂,"['广', '目', '木']"
店,"['广', '卜', '口']"
廠,"['广', '冂', '小', '攴', '口']"
廐,"['广', '匕', '白', '无']"
敩,"['冖', '子', '攴', '小']"
敔,"['一', '口', '攴', '力']"
敹,"['冖', '卜', '攴', '釆']"
敿,"['冂', '攴', '大', '口']"
敫,"['攴', '白', '方']"
敪,"['又', '攴']"
斃,"['歹', '巾', '匕', '冫', '攴']"
放,"['攴', '方']"
敄,"['矛', '攴']"
改,"['己', '攴']"
敵,"['八', '冂', '十', '亠', '攴', '口']"
敋,"['攴', '口']"
敲,"['高', '攴']"
整,"['止', '木', '口', '一', '攴']"
敻,"['人', '刀', '目', '攴', '冂']"
敚,"['攴', '八', '口', '儿']"
敜,"['心', '人', '丶', '攴']"
敂,"['勹', '攴', '口']"
敍,"['干', '人', '攴', '小']"
敗,"['貝', '攴']"
敠,"['又', '攴']"
收,"['丨', '攴']"
敡,"['日', '勹', '攴']"
敌,"['攴', '舌']"
政,"['一', '攴', '止']"
敏,"['一', '丿', '毋', '攴']"
敃,"['一', '己', '攴']"
攸,"['人', '丨', '攴']"
敞,"['小', '口', '攴', '冂']"
数,"['女', '米', '攴']"
敉,"['米', '攴']"
敳,"['攴', '山', '豆']"
敽,"['冂', '攴', '大', '口']"
斆,"['子', '爻', '冖', '臼', '攴']"
敛,"['一', '人', '攴', '小']"
敁,"['攴', '卜', '口']"
斅,"['子', '爻', '冖', '臼', '攴']"
敯,"['日', '一', '己', '攴']"
敝,"['冫', '攴', '巾']"
故,"['十', '攴', '口']"
敦,"['子', '亠', '攴', '口']"
散,"['月', '一', '艸', '攴']"
攽,"['刀', '八', '攴']"
敭,"['日', '一', '勹', '攴']"
數,"['女', '十', '攴', '口']"
敾,"['八', '羊', '口', '一', '攴']"
斂,"['一', '人', '攴']"
敧,"['亅', '大', '一', '攴', '口']"
效,"['丿', '亠', '八', '攴']"
敘,"['金', '攴']"
敷,"['丶', '用', '十', '方', '攴']"
敢,"['攴', '耳']"
攷,"['一', '攴']"
敕,"['攴', '木', '口']"
敖,"['丿', '一', '土', '攴']"
敎,"['丿', '子', '攴', '一']"
敺,"['匚', '口', '攴']"
攻,"['攴', '工']"
教,"['子', '攴', '老']"
斁,"['土', '八', '干', '网', '攴']"
敬,"['勹', '攴', '艸', '口']"
救,"['丿', '丶', '水', '一', '攴']"
帼,"['囗', '玉', '巾']"
幞,"['羊', '一', '八', '巾']"
帘,"['穴', '巾']"
帽,"['二', '目', '冂', '巾']"
幂,"['冖', '大', '日', '巾']"
帢,"['一', '人', '口', '巾']"
幡,"['田', '釆', '巾']"
帬,"['丨', '彐', '口', '巾']"
帑,"['女', '又', '巾']"
常,"['冖', '小', '口', '巾']"
帣,"['二', '丨', '八', '巾']"
幔,"['日', '网', '又', '巾']"
席,"['广', '廾', '巾']"
幕,"['日', '大', '艸', '巾']"
幑,"['彳', '山', '攴', '巾']"
帲,"['干', '巾']"
幢,"['里', '立', '巾']"
帥,"['丶', '己', '巾']"
帳,"['長', '巾']"
幙,"['日', '大', '艸', '巾']"
幱,"['門', '八', '巾', '丨', '木', '口']"
幌,"['巾', '小', '儿', '日', '一']"
帵,"['宀', '夕', '乙', '巾']"
幎,"['八', '巾', '冖', '亠', '日']"
希,"['一', '丿', '巾']"
帒,"['人', '弋', '巾']"
帗,"['丿', '丶', '又', '巾', '一']"
幫,"['土', '白', '寸', '巾']"
巿,"['十', '巾']"
幣,"['冫', '攴', '巾']"
幛,"['日', '十', '立', '巾']"
帋,"['氏', '巾']"
幓,"['厶', '人', '彡', '巾']"
帶,"['冖', '巾', '廾', '儿']"
幤,"['巾', '冂', '小', '攴', '口']"
帰,"['冖', '彐', '巾']"
帐,"['长', '巾']"
帕,"['白', '巾']"
帿,"['人', '矢', '巾']"
帱,"['二', '巾', '丨', '寸', '一']"
師,"['一', '丶', '己', '巾']"
帧,"['贝', '卜', '巾']"
幃,"['韋', '巾']"
帏,"['韦', '巾']"
幚,"['二', '巾', '丨', '阝', '一', '白']"
幋,"['舟', '殳', '巾']"
幘,"['土', '貝', '一', '巾']"
幄,"['尸', '至', '巾']"
幇,"['土', '寸', '巾']"
幈,"['八', '巾', '廾', '尸', '一']"
帔,"['皮', '巾']"
帀,"['一', '巾']"
幦,"['尸', '辛', '口', '巾']"
帻,"['一', '土', '贝', '巾']"
帆,"['几', '丶', '巾']"
帖,"['卜', '口', '巾']"
帝,"['冖', '亠', '八', '巾']"
幟,"['戈', '音', '巾']"
帙,"['人', '二', '巾']"
幠,"['火', '巾']"
幨,"['八', '巾', '刀', '厂', '言']"
帛,"['白', '巾']"
幭,"['丶', '巾', '厂', '戈', '网', '艸']"
带,"['冖', '一', '川', '巾']"
幀,"['貝', '卜', '巾']"
帜,"['八', '口', '巾']"
布,"['一', '丿', '巾']"
市,"['亠', '巾']"
帚,"['冖', '彐', '巾']"
帷,"['隹', '巾']"
幪,"['二', '巾', '冖', '勹', '艸']"
幅,"['一', '田', '口', '巾']"
师,"['一', '巾']"
幩,"['十', '艸', '貝', '巾']"
幬,"['士', '巾', '乙', '寸', '工', '一', '口']"
帡,"['一', '廾', '八', '巾']"
帊,"['丨', '乙', '巾']"
帅,['巾']
幮,"['巾', '广', '豆', '寸', '十']"
幰,"['心', '土', '巾', '宀', '一', '网']"
帟,"['八', '巾', '丨', '亠', '亅']"
帮,"['二', '巾', '丨', '阝', '一']"
币,['巾']
帯,"['冖', '一', '山', '巾']"
幗,"['巾', '囗', '戈', '一', '口']"
帨,"['儿', '八', '口', '巾']"
窄,"['丿', '二', '丨', '穴', '一']"
窞,"['臼', '刀', '穴']"
窗,"['囗', '丶', '穴', '夂']"
竃,"['土', '丨', '穴', '田', '日', '乙']"
窌,"['穴', '卩']"
穿,"['穴', '牙']"
窳,"['穴', '瓜']"
窀,"['十', '穴', '屮', '乙']"
穵,"['穴', '乙']"
窨,"['穴', '音']"
窴,"['八', '十', '目', '穴', '一']"
窸,"['心', '穴', '釆']"
窯,"['羊', '火', '穴']"
竉,"['龍', '穴']"
窖,"['牛', '穴', '口']"
窈,"['幺', '穴', '力']"
窕,"['冫', '穴', '儿']"
窦,"['丶', '大', '十', '穴', '乙']"
窎,"['穴', '鸟']"
窵,"['鳥', '穴']"
窺,"['人', '穴', '見', '二']"
窾,"['欠', '穴', '示', '士']"
窩,"['口', '穴', '冂']"
窭,"['女', '穴', '米']"
竄,"['鼠', '穴']"
窥,"['人', '见', '穴', '二']"
竈,"['土', '黽', '穴']"
窍,"['一', '穴', '工']"
竆,"['身', '穴', '口']"
窬,"['人', '刀', '穴', '月', '一']"
窰,"['缶', '穴', '爪']"
窠,"['穴', '木', '田']"
穷,"['穴', '力']"
穸,"['穴', '夕']"
窣,"['十', '亠', '穴', '人']"
穹,"['穴', '弓']"
竅,"['白', '穴', '方', '攴']"
竊,"['人', '卜', '厶', '穴', '冂', '釆']"
窜,"['穴', '口', '丨']"
窮,"['身', '穴', '弓']"
窓,"['心', '厶', '穴']"
窆,"['丶', '戈', '穴', '玉']"
窃,"['一', '刀', '穴', '乙']"
窒,"['穴', '至']"
空,"['穴', '工']"
窪,"['土', '穴', '水']"
窔,"['丿', '亠', '穴', '八']"
窑,"['缶', '穴']"
究,"['丿', '穴']"
竁,"['毛', '穴']"
窽,"['匕', '穴', '欠', '矢']"
竇,"['貝', '网', '穴', '士']"
窅,"['目', '穴']"
突,"['穴', '犬']"
窻,"['心', '丶', '夂', '囗', '穴']"
窝,"['冂', '人', '穴', '口']"
窟,"['尸', '穴', '山']"
穽,"['二', '穴']"
窶,"['女', '十', '穴', '口']"
窘,"['丨', '穴', '彐', '口']"
窿,"['夂', '生', '穴', '阝', '一']"
酕,"['毛', '酉']"
醑,"['月', '疋', '酉']"
醋,"['日', '一', '艸', '酉']"
酚,"['刀', '八', '酉']"
酱,"['爿', '酉', '夕']"
酦,"['又', '丶', '丨', '酉']"
酸,"['厶', '八', '酉', '夂']"
醁,"['水', '酉', '彐']"
醉,"['十', '亠', '酉', '人']"
酞,"['丶', '大', '酉']"
醵,"['虍', '豕', '酉']"
酲,"['玉', '酉', '口']"
醞,"['囗', '皿', '酉', '人']"
酌,"['勹', '丶', '酉']"
酒,"['水', '酉']"
醐,"['月', '十', '酉', '口']"
醖,"['日', '皿', '酉']"
醺,"['土', '火', '八', '丨', '酉', '十', '口']"
酣,"['甘', '酉']"
醤,"['爿', '酉', '寸', '爪']"
醯,"['厶', '丨', '酉', '亠', '皿', '儿']"
酺,"['十', '用', '酉', '丶']"
釅,"['酉', '厂', '口', '攴', '耳']"
醾,"['麻', '米', '酉']"
酏,"['丨', '酉', '乙']"
酤,"['十', '酉', '口']"
酩,"['酉', '口', '夕']"
酖,"['酉', '乙', '巾']"
釀,"['二', '酉', '衣', '一', '口']"
釁,"['八', '刀', '酉', '冖', '冂', '臼', '一', '口']"
醫,"['匚', '酉', '殳', '矢']"
酢,"['丿', '二', '丨', '酉', '一']"
酗,"['丿', '凵', '酉']"
釄,"['麻', '酉', '非']"
醭,"['羊', '一', '八', '酉']"
酝,"['厶', '二', '酉']"
醨,"['丿', '凵', '禸', '酉', '亠']"
醽,"['酉', '口', '雨']"
醬,"['月', '爿', '酉', '寸']"
酴,"['干', '人', '酉', '小']"
醮,"['火', '隹', '酉']"
醗,"['癶', '廾', '酉', '一', '乙']"
醚,"['米', '酉', '辵']"
釃,"['一', '鹿', '酉']"
醸,"['二', '八', '酉', '亠', '一']"
醱,"['殳', '癶', '酉', '弓']"
釂,"['丶', '爪', '丨', '寸', '酉', '彐', '网', '乙']"
酰,"['牛', '酉', '儿']"
酹,"['寸', '酉', '爪']"
醣,"['广', '聿', '酉', '口']"
酾,"['一', '酉']"
醆,"['戈', '酉']"
酽,"['一', '八', '酉', '厂']"
酥,"['禾', '酉']"
醼,"['火', '匕', '廾', '酉', '口']"
酊,"['一', '酉', '亅']"
酡,"['宀', '匕', '酉']"
醿,"['麻', '糸', '酉']"
醒,"['日', '酉', '生']"
酿,"['艮', '丶', '酉']"
酵,"['子', '酉', '老']"
醜,"['鬼', '酉']"
醊,"['又', '酉']"
醡,"['丿', '二', '丨', '酉', '穴', '一']"
醓,"['皿', '酉', '乙', '巾']"
醲,"['二', '凵', '辰', '酉']"
醹,"['而', '酉', '雨']"
醰,"['日', '十', '酉', '襾']"
酧,"['宀', '寸', '酉']"
酪,"['口', '酉', '夂']"
醌,"['日', '比', '酉']"
醇,"['子', '亠', '酉', '口']"
醝,"['羊', '酉', '工']"
醛,"['人', '艸', '玉', '酉']"
醩,"['二', '凵', '酉', '日', '艸']"
酎,"['寸', '酉']"
醄,"['勹', '酉', '缶']"
醢,"['丿', '酉', '皿', '一', '口']"
酬,"['川', '酉', '丶']"
酮,"['一', '口', '酉', '冂']"
酔,"['丿', '十', '酉']"
醂,"['木', '酉']"
醴,"['二', '凵', '豆', '酉']"
酐,"['干', '酉']"
醅,"['立', '酉', '口']"
醻,"['士', '乙', '酉', '寸', '工', '一', '口']"
酷,"['牛', '酉', '口']"
酋,"['八', '酉']"
醪,"['人', '羽', '彡', '酉']"
醃,"['丨', '大', '酉', '日', '乙']"
配,"['己', '酉']"
酯,"['日', '匕', '酉']"
醍,"['日', '一', '酉', '止']"
疃,"['里', '田', '立']"
畆,"['厶', '亠', '田']"
甿,"['丶', '匸', '田']"
番,"['田', '釆']"
畽,"['十', '里', '田']"
畛,"['人', '田', '彡']"
當,"['冖', '小', '田', '口']"
畳,"['冖', '一', '田', '月']"
电,"['日', '丨', '乙']"
申,"['日', '丨']"
甾,"['川', '田']"
畈,"['又', '田', '⺁']"
疆,"['土', '二', '弓', '田', '一']"
甼,"['一', '田', '亅']"
画,"['一', '凵', '田']"
疂,"['冖', '田', '冫', '月', '一']"
略,"['口', '田', '夂']"
町,"['一', '田', '亅']"
由,"['二', '丨', '凵']"
畄,"['田', '小']"
毗,"['比', '田']"
畜,"['玄', '田']"
畤,"['土', '田', '寸']"
畝,"['勹', '亠', '田']"
留,"['田', '卩']"
畀,"['一', '田']"
畁,"['一', '二', '丨', '凵']"
畇,"['勹', '亠', '田']"
畸,"['亅', '大', '田', '一', '口']"
畷,"['又', '田']"
畟,"['田', '八', '夂']"
甲,"['二', '丨', '冂']"
畬,"['干', '人', '田', '小']"
疉,"['冖', '田', '彐']"
畯,"['厶', '田', '八', '夂']"
疊,"['冖', '一', '月', '田']"
甽,"['川', '田']"
畫,"['一', '聿', '田']"
畎,"['田', '犬']"
畿,"['幺', '戈', '田']"
畴,"['二', '丨', '寸', '田', '一']"
疇,"['士', '乙', '寸', '田', '工', '一', '口']"
畵,"['凵', '聿', '田']"
畹,"['宀', '田', '乙', '夕']"
畋,"['田', '攴']"
田,['田']
畚,"['厶', '大', '田']"
畔,"['二', '丨', '田', '八']"
畱,"['一', '田']"
畺,"['一', '田', '二']"
畢,"['二', '丨', '田', '一', '艸']"
畐,"['一', '田', '口']"
畦,"['土', '田']"
界,"['人', '田']"
男,"['田', '力']"
畏,"['一', '田', '乙']"
畾,['田']
甸,"['勹', '田']"
畲,"['人', '田', '示']"
異,"['一', '艸', '田', '八']"
畧,"['口', '田', '夂']"
畒,"['人', '亠', '田']"
畅,"['日', '丨']"
畊,"['二', '田']"
鞆,"['一', '革', '冂', '人']"
鞵,"['幺', '大', '革', '爪']"
鞸,"['二', '丨', '田', '革', '一', '艸']"
鞒,"['大', '革']"
鞾,"['二', '丨', '革', '一', '艸']"
鞣,"['矛', '木', '革']"
鞫,"['勹', '革', '言']"
鞏,"['革', '几', '丶', '工']"
鞲,"['二', '土', '革', '一', '冂']"
鞗,"['人', '丨', '革', '夂']"
鞨,"['勹', '人', '曰', '革']"
鞀,"['刀', '革', '口']"
韈,"['丶', '厂', '戈', '革', '网', '艸']"
鞘,"['月', '革', '小']"
鞶,"['舟', '殳', '革']"
靱,"['刀', '革']"
鞙,"['月', '革', '口']"
靮,"['勹', '丶', '革']"
靳,"['斤', '革']"
鞚,"['穴', '革', '工']"
韂,"['八', '刀', '厂', '革', '言']"
韉,"['火', '广', '革', '襾', '艸']"
鞍,"['宀', '革', '女']"
鞥,"['人', '廾', '革', '一', '口']"
鞹,"['子', '亠', '革', '阝', '口']"
鞟,"['子', '亠', '革', '口']"
鞭,"['人', '丿', '丨', '革', '日', '一']"
鞓,"['玉', '革', '口']"
鞡,"['立', '革', '手']"
靪,"['一', '革', '亅']"
鞅,"['大', '革', '冂']"
鞌,"['宀', '革', '女']"
鞺,"['土', '冖', '革', '小', '口']"
靭,"['刀', '革', '丶']"
鞞,"['二', '丶', '丨', '十', '革', '冂']"
韅,"['日', '幺', '火', '革']"
靽,"['二', '丨', '八', '革']"
韊,"['門', '八', '丨', '木', '革', '艸', '口']"
鞠,"['勹', '米', '革']"
靫,"['丶', '又', '革']"
韆,"['大', '革', '襾', '己', '辵']"
鞃,"['厶', '弓', '革']"
鞑,"['大', '革', '辵']"
韀,"['广', '火', '革', '襾']"
鞁,"['皮', '革']"
鞝,"['小', '口', '革', '冂']"
鞮,"['日', '一', '革', '止']"
韃,"['羊', '土', '革', '辵']"
鞴,"['丿', '用', '革', '一', '艸']"
鞯,"['丿', '子', '人', '革', '一', '艸']"
靶,"['丨', '革', '乙']"
鞽,"['冂', '大', '革', '口']"
鞋,"['土', '革']"
靿,"['幺', '革', '力']"
鞜,"['日', '水', '革']"
靺,"['一', '木', '革']"
韁,"['一', '田', '革', '二']"
鞬,"['聿', '廴', '革']"
靰,"['一', '革', '儿']"
靼,"['日', '一', '革']"
鞄,"['勹', '己', '革']"
鞉,"['冫', '革', '儿']"
鞦,"['禾', '火', '革']"
靷,"['丨', '弓', '革']"
靸,"['丿', '革']"
鞧,"['八', '酉', '革']"
靴,"['人', '匕', '革']"
起,"['己', '走']"
趡,"['隹', '走']"
趦,"['口', '欠', '走', '冫']"
赴,"['卜', '走']"
赶,"['干', '走']"
赿,"['氏', '走']"
赸,"['山', '走']"
超,"['刀', '口', '走']"
趁,"['人', '彡', '走']"
趟,"['冂', '小', '口', '走']"
趮,"['口', '木', '走']"
越,"['匚', '戈', '走']"
趂,"['小', '刀', '走']"
趲,"['貝', '走', '牛', '儿']"
趱,"['贝', '走', '牛', '儿']"
趔,"['刀', '歹', '走']"
趙,"['月', '小', '走']"
趋,"['刀', '彐', '走']"
趝,"['心', '人', '丶', '走']"
趕,"['日', '干', '走']"
赵,"['丿', '走']"
趣,"['耳', '又', '走']"
趒,"['冫', '走', '儿']"
趄,"['月', '一', '走']"
赳,"['丨', '走']"
趑,"['欠', '走', '冫']"
趫,"['冂', '口', '大', '走']"
赱,['走']
趖,"['土', '人', '走']"
趨,"['勹', '艸', '走']"
趯,"['隹', '羽', '走']"
